trace_env,route_kind,time_s,x_m,y_m,target_height_m,actual_height_m,requested_speed_mps,tangent_speed_mps,cross_track_m,residual_rms
0,straight,0.0,0.0,0.0,0.1704999953508377,0.3499999940395355,0.34855663776397705,0.0,0.0,0.0
0,straight,0.02,-0.0005934732034802437,3.7217796489130706e-06,0.1704999953508377,0.34453245997428894,0.34855663776397705,-0.04484175890684128,3.7217796489130706e-06,0.5102805495262146
0,straight,0.04,-0.0006013140082359314,-0.00026463213725946844,0.1704999953508377,0.3347441554069519,0.34855663776397705,0.027234192937612534,-0.00026463213725946844,0.28944939374923706
0,straight,0.06,2.8983689844608307e-05,-0.00043556539458222687,0.1704999953508377,0.3227691948413849,0.34855663776397705,0.026400040835142136,-0.00043556539458222687,0.3940105438232422
0,straight,0.08,0.0002189595252275467,-0.00017700286116451025,0.1704999953508377,0.30786406993865967,0.34855663776397705,0.0008848535362631083,-0.00017700286116451025,0.4512200653553009
0,straight,0.1,0.00013876520097255707,-0.00011616035044426098,0.1704999953508377,0.28925108909606934,0.34855663776397705,-0.006078071892261505,-0.00011616035044426098,0.5137777924537659
0,straight,0.12,0.000420975498855114,-0.0005716874147765338,0.1704999953508377,0.266928493976593,0.34855663776397705,0.02014096826314926,-0.0005716874147765338,0.49482935667037964
0,straight,0.14,0.00024405308067798615,-0.00045499150292016566,0.1704999953508377,0.24035809934139252,0.34855663776397705,-0.019324561581015587,-0.00045499150292016566,0.5285994410514832
0,straight,0.16,4.880689084529877e-05,2.518597466405481e-05,0.1704999953508377,0.21015003323554993,0.34855663776397705,-0.005402198527008295,2.518597466405481e-05,0.49705439805984497
0,straight,0.18,0.0012537939473986626,-0.00026841991348192096,0.1704999953508377,0.17898547649383545,0.34855663776397705,0.11090943217277527,-0.00026841991348192096,0.524167537689209
0,straight,0.2,0.0047882371582090855,-0.0008785561076365411,0.1704999953508377,0.15457254648208618,0.34855663776397705,0.22722232341766357,-0.0008785561076365411,0.5761744379997253
0,straight,0.22,0.010568642057478428,-0.0016746886540204287,0.1704999953508377,0.13960710167884827,0.34855663776397705,0.33131566643714905,-0.0016746886540204287,0.6446486711502075
0,straight,0.24,0.018196076154708862,-0.003063839627429843,0.1704999953508377,0.1337219625711441,0.34855663776397705,0.41204163432121277,-0.003063839627429843,0.6394401788711548
0,straight,0.26,0.02826564945280552,-0.00517208082601428,0.1704999953508377,0.13537180423736572,0.34855663776397705,0.5745773315429688,-0.00517208082601428,0.6625205278396606
0,straight,0.28,0.0407484769821167,-0.007306201383471489,0.1704999953508377,0.14125847816467285,0.34855663776397705,0.6717368960380554,-0.007306201383471489,0.6271425485610962
0,straight,0.3,0.05466238409280777,-0.009307369589805603,0.1704999953508377,0.14829523861408234,0.34855663776397705,0.7219734787940979,-0.009307369589805603,0.6184266209602356
0,straight,0.32,0.06960632652044296,-0.011152207851409912,0.1704999953508377,0.15455347299575806,0.34855663776397705,0.7791872024536133,-0.011152207851409912,0.6531878113746643
0,straight,0.34,0.08637925237417221,-0.012848606333136559,0.1704999953508377,0.16061672568321228,0.34855663776397705,0.9078307747840881,-0.012848606333136559,0.6808292865753174
0,straight,0.36,0.10601047426462173,-0.014974786899983883,0.1704999953508377,0.16631485521793365,0.34855663776397705,1.0247493982315063,-0.014974786899983883,0.6802135705947876
0,straight,0.38,0.12663674354553223,-0.017574507743120193,0.1704999953508377,0.16928927600383759,0.34855663776397705,1.016602635383606,-0.017574507743120193,0.547088623046875
0,straight,0.4,0.1468593180179596,-0.019218076020479202,0.1704999953508377,0.17025986313819885,0.34855663776397705,1.0061042308807373,-0.019218076020479202,0.4718690514564514
0,straight,0.42,0.16786737740039825,-0.020337924361228943,0.1704999953508377,0.1713409572839737,0.34855663776397705,1.0928430557250977,-0.020337924361228943,0.5335217118263245
0,straight,0.44,0.19047507643699646,-0.021383782848715782,0.1704999953508377,0.17289066314697266,0.34855663776397705,1.1685116291046143,-0.021383782848715782,0.5701591372489929
0,straight,0.46,0.21413737535476685,-0.022452663630247116,0.1704999953508377,0.1740863025188446,0.34855663776397705,1.201106309890747,-0.022452663630247116,0.6267845034599304
0,straight,0.48,0.23781614005565643,-0.02288440428674221,0.1704999953508377,0.17391693592071533,0.34855663776397705,1.165852427482605,-0.02288440428674221,0.6614646911621094
0,straight,0.5,0.26215797662734985,-0.023154355585575104,0.1704999953508377,0.17265678942203522,0.34855663776397705,1.2528973817825317,-0.023154355585575104,0.6779059767723083
0,straight,0.52,0.2874736189842224,-0.022988446056842804,0.1704999953508377,0.16988033056259155,0.34855663776397705,1.2545870542526245,-0.022988446056842804,0.6550936698913574
0,straight,0.54,0.3119508922100067,-0.022797569632530212,0.1704999953508377,0.16512364149093628,0.34855663776397705,1.2024168968200684,-0.022797569632530212,0.5590004920959473
0,straight,0.56,0.3360150456428528,-0.023202970623970032,0.1704999953508377,0.1613164246082306,0.34855663776397705,1.2158043384552002,-0.023202970623970032,0.5888746380805969
0,straight,0.58,0.36011797189712524,-0.02338491939008236,0.1704999953508377,0.15948675572872162,0.34855663776397705,1.223241925239563,-0.02338491939008236,0.6034316420555115
0,straight,0.6,0.38532373309135437,-0.023279858753085136,0.1704999953508377,0.15929478406906128,0.34855663776397705,1.3109544515609741,-0.023279858753085136,0.6430550217628479
0,straight,0.62,0.41281625628471375,-0.022524239495396614,0.1704999953508377,0.159614697098732,0.34855663776397705,1.4367611408233643,-0.022524239495396614,0.653570294380188
0,straight,0.64,0.44266703724861145,-0.0216574277728796,0.1704999953508377,0.15969617664813995,0.34855663776397705,1.5310176610946655,-0.0216574277728796,0.626356303691864
0,straight,0.66,0.47465410828590393,-0.020181480795145035,0.1704999953508377,0.15943773090839386,0.34855663776397705,1.6510213613510132,-0.020181480795145035,0.5785616636276245
0,straight,0.68,0.5074644088745117,-0.018597617745399475,0.1704999953508377,0.15752756595611572,0.34855663776397705,1.6038776636123657,-0.018597617745399475,0.4399488568305969
0,straight,0.7000000000000001,0.5390514135360718,-0.016293087974190712,0.1704999953508377,0.15573929250240326,0.34855663776397705,1.578601360321045,-0.016293087974190712,0.5179145336151123
0,straight,0.72,0.5710120797157288,-0.013721768744289875,0.1704999953508377,0.15472710132598877,0.34855663776397705,1.6268715858459473,-0.013721768744289875,0.5686078071594238
0,straight,0.74,0.604202389717102,-0.011830470524728298,0.1704999953508377,0.1549202799797058,0.34855663776397705,1.7052446603775024,-0.011830470524728298,0.6333386301994324
0,straight,0.76,0.6388034224510193,-0.011022178456187248,0.1704999953508377,0.15549516677856445,0.34855663776397705,1.7538210153579712,-0.011022178456187248,0.6700595617294312
0,straight,0.78,0.6734957098960876,-0.00993688777089119,0.1704999953508377,0.154490664601326,0.34855663776397705,1.712532877922058,-0.00993688777089119,0.691562294960022
0,straight,0.8,0.7073429822921753,-0.00831274501979351,0.1704999953508377,0.15152423083782196,0.34855663776397705,1.6571213006973267,-0.00831274501979351,0.6682133674621582
0,straight,0.8200000000000001,0.7402505874633789,-0.007219452876597643,0.1704999953508377,0.14773203432559967,0.34855663776397705,1.6228612661361694,-0.007219452876597643,0.5520880818367004
0,straight,0.84,0.771942138671875,-0.006588190793991089,0.1704999953508377,0.14411960542201996,0.34855663776397705,1.567814826965332,-0.006588190793991089,0.5435077548027039
0,straight,0.86,0.8030031323432922,-0.007358323782682419,0.1704999953508377,0.14157113432884216,0.34855663776397705,1.550671100616455,-0.007358323782682419,0.5910656452178955
0,straight,0.88,0.8339541554450989,-0.00938176829367876,0.1704999953508377,0.13950030505657196,0.34855663776397705,1.544912338256836,-0.00938176829367876,0.6101465821266174
0,straight,0.9,0.8648194074630737,-0.011933771893382072,0.1704999953508377,0.13833843171596527,0.34855663776397705,1.5717499256134033,-0.011933771893382072,0.6015827655792236
0,straight,0.92,0.8974681496620178,-0.0147720817476511,0.1704999953508377,0.13782496750354767,0.34855663776397705,1.6832313537597656,-0.0147720817476511,0.6495153903961182
0,straight,0.9400000000000001,0.9318066835403442,-0.017627432942390442,0.1704999953508377,0.13707789778709412,0.34855663776397705,1.7151719331741333,-0.017627432942390442,0.6160743236541748
0,straight,0.96,0.9650532007217407,-0.020113972947001457,0.1704999953508377,0.13577143847942352,0.34855663776397705,1.6071391105651855,-0.020113972947001457,0.5165442228317261
0,straight,0.98,0.996936559677124,-0.02113194204866886,0.1704999953508377,0.13404352962970734,0.34855663776397705,1.5692169666290283,-0.02113194204866886,0.41149991750717163
0,straight,1.0,1.0278542041778564,-0.020219335332512856,0.1704999953508377,0.13287997245788574,0.34855663776397705,1.5457931756973267,-0.020219335332512856,0.5488558411598206
0,straight,1.02,1.0590827465057373,-0.017979711294174194,0.1704999953508377,0.13168317079544067,0.34855663776397705,1.582561731338501,-0.017979711294174194,0.5557013750076294
0,straight,1.04,1.090620756149292,-0.015269686467945576,0.1704999953508377,0.1294403225183487,0.34855663776397705,1.573233723640442,-0.015269686467945576,0.5884455442428589
0,straight,1.06,1.1223605871200562,-0.013160215690732002,0.1704999953508377,0.12718303501605988,0.34855663776397705,1.5947693586349487,-0.013160215690732002,0.6857170462608337
0,straight,1.08,1.154836654663086,-0.011883167549967766,0.1704999953508377,0.12574544548988342,0.34855663776397705,1.6210039854049683,-0.011883167549967766,0.6310007572174072
0,straight,1.1,1.186754822731018,-0.0106819998472929,0.1704999953508377,0.12408590316772461,0.34855663776397705,1.569003701210022,-0.0106819998472929,0.5621182918548584
0,straight,1.12,1.2174526453018188,-0.010775581002235413,0.1704999953508377,0.12215983122587204,0.34855663776397705,1.5165386199951172,-0.010775581002235413,0.6007002592086792
0,straight,1.1400000000000001,1.2471038103103638,-0.012568426318466663,0.1704999953508377,0.11991403996944427,0.34855663776397705,1.463423252105713,-0.012568426318466663,0.6555355191230774
0,straight,1.16,1.2761975526809692,-0.015390418469905853,0.1704999953508377,0.11667129397392273,0.34855663776397705,1.444840908050537,-0.015390418469905853,0.6319621205329895
0,straight,1.18,1.3049484491348267,-0.019430536776781082,0.1704999953508377,0.11296037584543228,0.34855663776397705,1.435309886932373,-0.019430536776781082,0.6502038240432739
0,straight,1.2,1.3322029113769531,-0.024277208372950554,0.1704999953508377,0.108583003282547,0.34855663776397705,1.3117176294326782,-0.024277208372950554,0.6146482229232788
0,straight,1.22,1.357617735862732,-0.027799244970083237,0.1704999953508377,0.10389003157615662,0.34855663776397705,1.255234956741333,-0.027799244970083237,0.5453673601150513
0,straight,1.24,1.3823161125183105,-0.028819490224123,0.1704999953508377,0.09890355914831161,0.34855663776397705,1.2340606451034546,-0.028819490224123,0.5371332168579102
1,straight,0.0,0.0,0.0,0.1704999953508377,0.3499999940395355,0.375761479139328,0.0,0.0,0.0
1,straight,0.02,-0.0002738209441304207,-0.0001431550335837528,0.1704999953508377,0.34460797905921936,0.375761479139328,-0.022705301642417908,-0.0001431550335837528,0.5278945565223694
1,straight,0.04,-0.0004494953900575638,-0.0005171942757442594,0.1704999953508377,0.3344699442386627,0.375761479139328,0.0025289871264249086,-0.0005171942757442594,0.394857257604599
1,straight,0.06,-0.00012931693345308304,-0.0002922703279182315,0.1704999953508377,0.3217303156852722,0.375761479139328,0.018011923879384995,-0.0002922703279182315,0.4497850239276886
1,straight,0.08,0.0004370426759123802,-0.0004037150356452912,0.1704999953508377,0.3065045475959778,0.375761479139328,0.028902333229780197,-0.0004037150356452912,0.4515969753265381
1,straight,0.1,0.0008142124861478806,-0.0001328737271251157,0.1704999953508377,0.2879183888435364,0.375761479139328,0.011945242062211037,-0.0001328737271251157,0.5466713905334473
1,straight,0.12,0.000845072790980339,-0.00037292600609362125,0.1704999953508377,0.2656240463256836,0.375761479139328,-0.0025754407979547977,-0.00037292600609362125,0.6034883260726929
1,straight,0.14,0.001040920615196228,0.00012625812087208033,0.1704999953508377,0.23940660059452057,0.375761479139328,0.013206600211560726,0.00012625812087208033,0.5549025535583496
1,straight,0.16,0.001262366771697998,0.0006245139520615339,0.1704999953508377,0.21034018695354462,0.375761479139328,0.013373239897191525,0.0006245139520615339,0.5305153131484985
1,straight,0.18,0.0027943598106503487,0.0007696239044889808,0.1704999953508377,0.18077099323272705,0.375761479139328,0.13911214470863342,0.0007696239044889808,0.5400454998016357
1,straight,0.2,0.006891200318932533,-0.00013934847083874047,0.1704999953508377,0.15682865679264069,0.375761479139328,0.2578035593032837,-0.00013934847083874047,0.6313298940658569
1,straight,0.22,0.013423660770058632,-0.0021947200875729322,0.1704999953508377,0.14211691915988922,0.375761479139328,0.37906375527381897,-0.0021947200875729322,0.6529449820518494
1,straight,0.24,0.021962374448776245,-0.005097471177577972,0.1704999953508377,0.1361873894929886,0.375761479139328,0.4491213858127594,-0.005097471177577972,0.6210545897483826
1,straight,0.26,0.032712630927562714,-0.007065702695399523,0.1704999953508377,0.13695384562015533,0.375761479139328,0.5791747570037842,-0.007065702695399523,0.5848036408424377
1,straight,0.28,0.044946614652872086,-0.007106846664100885,0.1704999953508377,0.14205864071846008,0.375761479139328,0.6201291084289551,-0.007106846664100885,0.5404400825500488
1,straight,0.3,0.05743124708533287,-0.005935812368988991,0.1704999953508377,0.14941617846488953,0.375761479139328,0.6204230189323425,-0.005935812368988991,0.534104585647583
1,straight,0.32,0.06962374597787857,-0.004582504276186228,0.1704999953508377,0.1552584320306778,0.375761479139328,0.5965245962142944,-0.004582504276186228,0.512226402759552
1,straight,0.34,0.08171065896749496,-0.0036409911699593067,0.1704999953508377,0.15887661278247833,0.375761479139328,0.5921282172203064,-0.0036409911699593067,0.4511854350566864
1,straight,0.36,0.09311225265264511,-0.0023217201232910156,0.1704999953508377,0.16047973930835724,0.375761479139328,0.5450847148895264,-0.0023217201232910156,0.39529550075531006
1,straight,0.38,0.10357780754566193,-0.000362262042472139,0.1704999953508377,0.16022929549217224,0.375761479139328,0.5098044276237488,-0.000362262042472139,0.4435575306415558
1,straight,0.4,0.11336010694503784,0.0016107199480757117,0.1704999953508377,0.15889872610569,0.375761479139328,0.48034247756004333,0.0016107199480757117,0.4891801178455353
1,straight,0.42,0.12382164597511292,0.003203228348866105,0.1704999953508377,0.15747202932834625,0.375761479139328,0.5585983395576477,0.003203228348866105,0.5628202557563782
1,straight,0.44,0.13523522019386292,0.005049549508839846,0.1704999953508377,0.1557137370109558,0.375761479139328,0.5781108736991882,0.005049549508839846,0.5737029910087585
1,straight,0.46,0.14693376421928406,0.00708802230656147,0.1704999953508377,0.15370872616767883,0.375761479139328,0.5769829750061035,0.00708802230656147,0.5251625180244446
1,straight,0.48,0.1583780199289322,0.008409179747104645,0.1704999953508377,0.15188813209533691,0.375761479139328,0.581360399723053,0.008409179747104645,0.5355181097984314
1,straight,0.5,0.17061106860637665,0.009172424674034119,0.1704999953508377,0.15041173994541168,0.375761479139328,0.6593130826950073,0.009172424674034119,0.5862637162208557
1,straight,0.52,0.18460828065872192,0.009507211856544018,0.1704999953508377,0.14953584969043732,0.375761479139328,0.7572298049926758,0.009507211856544018,0.6655247211456299
1,straight,0.54,0.20107662677764893,0.010058391839265823,0.1704999953508377,0.14818499982357025,0.375761479139328,0.8846514225006104,0.010058391839265823,0.7022929787635803
1,straight,0.56,0.22011798620224,0.01051894947886467,0.1704999953508377,0.14660516381263733,0.375761479139328,0.9871433973312378,0.01051894947886467,0.6846243739128113
1,straight,0.58,0.24057821929454803,0.011522245593369007,0.1704999953508377,0.1455187201499939,0.375761479139328,1.051958680152893,0.011522245593369007,0.6545584201812744
1,straight,0.6,0.2610630691051483,0.01323685422539711,0.1704999953508377,0.14474642276763916,0.375761479139328,0.9788224697113037,0.01323685422539711,0.4770301580429077
1,straight,0.62,0.28051286935806274,0.01571781188249588,0.1704999953508377,0.14427566528320312,0.375761479139328,0.9720458984375,0.01571781188249588,0.4730508029460907
1,straight,0.64,0.300060898065567,0.018662206828594208,0.1704999953508377,0.1446388214826584,0.375761479139328,0.9991995692253113,0.018662206828594208,0.5187994241714478
1,straight,0.66,0.32114237546920776,0.021259071305394173,0.1704999953508377,0.1463838368654251,0.375761479139328,1.1155961751937866,0.021259071305394173,0.5703285336494446
1,straight,0.68,0.3444676995277405,0.022792058065533638,0.1704999953508377,0.1495852917432785,0.375761479139328,1.2131083011627197,0.022792058065533638,0.6414508819580078
1,straight,0.7000000000000001,0.3689330220222473,0.023810502141714096,0.1704999953508377,0.15255939960479736,0.375761479139328,1.235479474067688,0.023810502141714096,0.707853376865387
1,straight,0.72,0.39298874139785767,0.025780560448765755,0.1704999953508377,0.15433524549007416,0.375761479139328,1.169568419456482,0.025780560448765755,0.7332364320755005
1,straight,0.74,0.41724005341529846,0.02808297425508499,0.1704999953508377,0.15509159862995148,0.375761479139328,1.2212228775024414,0.02808297425508499,0.6955922842025757
1,straight,0.76,0.4413394331932068,0.030420681461691856,0.1704999953508377,0.1541212797164917,0.375761479139328,1.165929913520813,0.030420681461691856,0.621412992477417
1,straight,0.78,0.4641098976135254,0.03148149698972702,0.1704999953508377,0.15278108417987823,0.375761479139328,1.1249138116836548,0.03148149698972702,0.5599709749221802
1,straight,0.8,0.4865168035030365,0.031678810715675354,0.1704999953508377,0.15196584165096283,0.375761479139328,1.1269608736038208,0.031678810715675354,0.5785349607467651
1,straight,0.8200000000000001,0.5089436173439026,0.03132183104753494,0.1704999953508377,0.15228603780269623,0.375761479139328,1.1398738622665405,0.03132183104753494,0.5700474977493286
1,straight,0.84,0.5324143767356873,0.030842207372188568,0.1704999953508377,0.15358619391918182,0.375761479139328,1.2163454294204712,0.030842207372188568,0.6016619801521301
1,straight,0.86,0.5578653216362,0.030966943129897118,0.1704999953508377,0.1552429497241974,0.375761479139328,1.3265060186386108,0.030966943129897118,0.6187660694122314
1,straight,0.88,0.5849883556365967,0.031721096485853195,0.1704999953508377,0.15643247961997986,0.375761479139328,1.382577896118164,0.031721096485853195,0.6181296706199646
1,straight,0.9,0.6138899326324463,0.033098116517066956,0.1704999953508377,0.15739870071411133,0.375761479139328,1.5033020973205566,0.033098116517066956,0.6116327047348022
1,straight,0.92,0.6443123817443848,0.03438091650605202,0.1704999953508377,0.1572820544242859,0.375761479139328,1.503823161125183,0.03438091650605202,0.5062748789787292
1,straight,0.9400000000000001,0.6736816167831421,0.0363682359457016,0.1704999953508377,0.15640327334403992,0.375761479139328,1.438770055770874,0.0363682359457016,0.43146711587905884
1,straight,0.96,0.7022226452827454,0.038928743451833725,0.1704999953508377,0.15540291368961334,0.375761479139328,1.4335089921951294,0.038928743451833725,0.4945215582847595
1,straight,0.98,0.7311298847198486,0.04094386473298073,0.1704999953508377,0.15502142906188965,0.375761479139328,1.4747443199157715,0.04094386473298073,0.5726436376571655
1,straight,1.0,0.7610848546028137,0.042015191167593,0.1704999953508377,0.1546277403831482,0.375761479139328,1.5228345394134521,0.042015191167593,0.6096160411834717
1,straight,1.02,0.7914654016494751,0.04299289360642433,0.1704999953508377,0.15290935337543488,0.375761479139328,1.5044764280319214,0.04299289360642433,0.6481453776359558
1,straight,1.04,0.8210083246231079,0.04465319961309433,0.1704999953508377,0.14959941804409027,0.375761479139328,1.4469150304794312,0.04465319961309433,0.6831102967262268
1,straight,1.06,0.8498710989952087,0.046025924384593964,0.1704999953508377,0.14548325538635254,0.375761479139328,1.4050146341323853,0.046025924384593964,0.6727117300033569
1,straight,1.08,0.8772935271263123,0.04686947539448738,0.1704999953508377,0.14082613587379456,0.375761479139328,1.3391075134277344,0.04686947539448738,0.5840706825256348
1,straight,1.1,0.9035528898239136,0.046777836978435516,0.1704999953508377,0.13660399615764618,0.375761479139328,1.3127291202545166,0.046777836978435516,0.5605589747428894
1,straight,1.12,0.9299536943435669,0.04589613527059555,0.1704999953508377,0.13351760804653168,0.375761479139328,1.338434100151062,0.04589613527059555,0.5665811896324158
1,straight,1.1400000000000001,0.9569529294967651,0.044685736298561096,0.1704999953508377,0.1312309056520462,0.375761479139328,1.3710060119628906,0.044685736298561096,0.5777197480201721
1,straight,1.16,0.9846776127815247,0.0433855801820755,0.1704999953508377,0.12926118075847626,0.375761479139328,1.3975274562835693,0.0433855801820755,0.5963489413261414
1,straight,1.18,1.0132620334625244,0.04219209402799606,0.1704999953508377,0.12850797176361084,0.375761479139328,1.4696332216262817,0.04219209402799606,0.5963494181632996
1,straight,1.2,1.0430889129638672,0.04117119312286377,0.1704999953508377,0.12862102687358856,0.375761479139328,1.5011162757873535,0.04117119312286377,0.6048879623413086
1,straight,1.22,1.0724104642868042,0.04007264971733093,0.1704999953508377,0.12859033048152924,0.375761479139328,1.4122793674468994,0.04007264971733093,0.5545787811279297
1,straight,1.24,1.0996381044387817,0.040043510496616364,0.1704999953508377,0.12873299419879913,0.375761479139328,1.3070337772369385,0.040043510496616364,0.49160972237586975
1,straight,1.26,1.1254361867904663,0.04134950414299965,0.1704999953508377,0.12907329201698303,0.375761479139328,1.2834224700927734,0.04134950414299965,0.4410797357559204
1,straight,1.28,1.15087890625,0.0426902212202549,0.1704999953508377,0.12960055470466614,0.375761479139328,1.2855229377746582,0.0426902212202549,0.5459449887275696
1,straight,1.3,1.1772669553756714,0.043967533856630325,0.1704999953508377,0.12970565259456635,0.375761479139328,1.3504443168640137,0.043967533856630325,0.6198740601539612
1,straight,1.32,1.2045984268188477,0.04523080959916115,0.1704999953508377,0.1282065361738205,0.375761479139328,1.3707542419433594,0.04523080959916115,0.6510543823242188
1,straight,1.34,1.2324907779693604,0.04584641009569168,0.1704999953508377,0.12607328593730927,0.375761479139328,1.3970166444778442,0.04584641009569168,0.635684609413147
1,straight,1.36,1.2605769634246826,0.04579395055770874,0.1704999953508377,0.12362422794103622,0.375761479139328,1.3917087316513062,0.04579395055770874,0.5611539483070374
1,straight,1.3800000000000001,1.2876418828964233,0.04516219347715378,0.1704999953508377,0.12078173458576202,0.375761479139328,1.3249791860580444,0.04516219347715378,0.5556352734565735
1,straight,1.4000000000000001,1.3130162954330444,0.04309365525841713,0.1704999953508377,0.11760954558849335,0.375761479139328,1.2397691011428833,0.04309365525841713,0.6176388263702393
1,straight,1.42,1.3377660512924194,0.038615286350250244,0.1704999953508377,0.11434165388345718,0.375761479139328,1.2418527603149414,0.038615286350250244,0.6726983189582825
1,straight,1.44,1.3623274564743042,0.03206866234540939,0.1704999953508377,0.11090721189975739,0.375761479139328,1.2142469882965088,0.03206866234540939,0.7086584568023682
1,straight,1.46,1.3855398893356323,0.02635934390127659,0.1704999953508377,0.107488714158535,0.375761479139328,1.128065824508667,0.02635934390127659,0.6321703195571899
1,straight,1.48,1.4077255725860596,0.022773820906877518,0.1704999953508377,0.10434779524803162,0.375761479139328,1.0914514064788818,0.022773820906877518,0.5835264921188354
1,straight,1.5,1.429521918296814,0.021481851115822792,0.1704999953508377,0.10135552287101746,0.375761479139328,1.0860520601272583,0.021481851115822792,0.46288248896598816
1,straight,1.52,1.4506723880767822,0.021836046129465103,0.1704999953508377,0.09878452867269516,0.375761479139328,1.0542367696762085,0.021836046129465103,0.5289134383201599
2,straight,0.0,0.0,0.0,0.1704999953508377,0.3499999940395355,0.20506173372268677,0.0,0.0,0.0
2,straight,0.02,-0.000422503799200058,-0.00029595891828648746,0.1704999953508377,0.3446376323699951,0.20506173372268677,-0.03480716794729233,-0.00029595891828648746,0.5397291779518127
2,straight,0.04,-0.00036014895886182785,-0.0004313783720135689,0.1704999953508377,0.3352765440940857,0.20506173372268677,0.022631481289863586,-0.0004313783720135689,0.33436599373817444
2,straight,0.06,-0.00015265773981809616,-0.0002446909202262759,0.1704999953508377,0.32256990671157837,0.20506173372268677,0.007312820293009281,-0.0002446909202262759,0.4802488386631012
2,straight,0.08,0.0003950446844100952,-0.00023682595929130912,0.1704999953508377,0.3073892891407013,0.20506173372268677,0.02772171050310135,-0.00023682595929130912,0.467216819524765
2,straight,0.1,0.00033161044120788574,-0.0003479279112070799,0.1704999953508377,0.2893851101398468,0.20506173372268677,-0.015249683521687984,-0.0003479279112070799,0.5060329437255859
2,straight,0.12,0.00019333697855472565,-0.00039837509393692017,0.1704999953508377,0.26722532510757446,0.20506173372268677,-0.0006698056822642684,-0.00039837509393692017,0.5544278621673584
2,straight,0.14,0.0004562521353363991,-0.0004465712117962539,0.1704999953508377,0.2406536191701889,0.20506173372268677,0.01617385260760784,-0.0004465712117962539,0.511747419834137
2,straight,0.16,0.0011731572449207306,-0.0002760492207016796,0.1704999953508377,0.21064740419387817,0.20506173372268677,0.05453626438975334,-0.0002760492207016796,0.5248231887817383
2,straight,0.18,0.004156732931733131,-6.91531749907881e-06,0.1704999953508377,0.18136462569236755,0.20506173372268677,0.22282953560352325,-6.91531749907881e-06,0.4873078763484955
2,straight,0.2,0.010358834639191628,0.0004580948152579367,0.1704999953508377,0.15994250774383545,0.20506173372268677,0.38443130254745483,0.0004580948152579367,0.5470116138458252
2,straight,0.22,0.01933826133608818,0.00116341735702008,0.1704999953508377,0.1480347067117691,0.20506173372268677,0.505163311958313,0.00116341735702008,0.6428244113922119
2,straight,0.24,0.030185945332050323,0.0019043243955820799,0.1704999953508377,0.14494317770004272,0.20506173372268677,0.5740974545478821,0.0019043243955820799,0.6753882169723511
2,straight,0.26,0.04355333372950554,0.002432991750538349,0.1704999953508377,0.14816142618656158,0.20506173372268677,0.7264639139175415,0.002432991750538349,0.6200080513954163
2,straight,0.28,0.05842620134353638,0.0032578229438513517,0.1704999953508377,0.15372532606124878,0.20506173372268677,0.7551831603050232,0.0032578229438513517,0.5656595230102539
2,straight,0.3,0.07317471504211426,0.0036359750665724277,0.1704999953508377,0.15884214639663696,0.20506173372268677,0.7210832834243774,0.0036359750665724277,0.5696907043457031
2,straight,0.32,0.08738140016794205,0.0024110605008900166,0.1704999953508377,0.16236521303653717,0.20506173372268677,0.7015204429626465,0.0024110605008900166,0.541102945804596
2,straight,0.34,0.1020440012216568,0.00035149804898537695,0.1704999953508377,0.1638192981481552,0.20506173372268677,0.7464244365692139,0.00035149804898537695,0.49337783455848694
2,straight,0.36,0.11651690304279327,-0.001975810853764415,0.1704999953508377,0.16355574131011963,0.20506173372268677,0.6958069205284119,-0.001975810853764415,0.4412931203842163
2,straight,0.38,0.12975916266441345,-0.002698688069358468,0.1704999953508377,0.16228623688220978,0.20506173372268677,0.6327827572822571,-0.002698688069358468,0.48927173018455505
2,straight,0.4,0.14210624992847443,-0.001672522397711873,0.1704999953508377,0.1598244309425354,0.20506173372268677,0.6062901616096497,-0.001672522397711873,0.5330155491828918
2,straight,0.42,0.1552504450082779,8.46058246679604e-05,0.1704999953508377,0.15741224586963654,0.20506173372268677,0.7108877301216125,8.46058246679604e-05,0.5783712267875671
2,straight,0.44,0.170236736536026,0.001667987322434783,0.1704999953508377,0.1560203731060028,0.20506173372268677,0.7725706696510315,0.001667987322434783,0.6327143907546997
2,straight,0.46,0.18593129515647888,0.0027813632041215897,0.1704999953508377,0.1555989384651184,0.20506173372268677,0.7910832166671753,0.0027813632041215897,0.5973256826400757
2,straight,0.48,0.20129649341106415,0.004346209112554789,0.1704999953508377,0.15503422915935516,0.20506173372268677,0.7438530325889587,0.004346209112554789,0.5347976684570312
2,straight,0.5,0.21648357808589935,0.005736023653298616,0.1704999953508377,0.1542651355266571,0.20506173372268677,0.7607701420783997,0.005736023653298616,0.4720318615436554
2,straight,0.52,0.23157472908496857,0.006013577803969383,0.1704999953508377,0.15280374884605408,0.20506173372268677,0.7666673064231873,0.006013577803969383,0.47653141617774963
2,straight,0.54,0.24748872220516205,0.005224954802542925,0.1704999953508377,0.15119345486164093,0.20506173372268677,0.8281452655792236,0.005224954802542925,0.5646209716796875
2,straight,0.56,0.2644588053226471,0.003363377647474408,0.1704999953508377,0.14975619316101074,0.20506173372268677,0.8817498087882996,0.003363377647474408,0.6317110657691956
2,straight,0.58,0.28300124406814575,0.0009357419330626726,0.1704999953508377,0.14950376749038696,0.20506173372268677,0.9954217076301575,0.0009357419330626726,0.6929252743721008
2,straight,0.6,0.3045077919960022,-0.002177415182814002,0.1704999953508377,0.1504698544740677,0.20506173372268677,1.1493221521377563,-0.002177415182814002,0.7089667320251465
2,straight,0.62,0.3280627131462097,-0.005755320657044649,0.1704999953508377,0.15133430063724518,0.20506173372268677,1.1816964149475098,-0.005755320657044649,0.6369965076446533
2,straight,0.64,0.35119983553886414,-0.00873612891882658,0.1704999953508377,0.15176747739315033,0.20506173372268677,1.1268352270126343,-0.00873612891882658,0.5282501578330994
2,straight,0.66,0.3735920786857605,-0.01095553208142519,0.1704999953508377,0.15245018899440765,0.20506173372268677,1.1208549737930298,-0.01095553208142519,0.5074313282966614
2,straight,0.68,0.39618974924087524,-0.012507765553891659,0.1704999953508377,0.15370327234268188,0.20506173372268677,1.1513956785202026,-0.012507765553891659,0.5470818877220154
2,straight,0.7000000000000001,0.4197210669517517,-0.013055936433374882,0.1704999953508377,0.15609431266784668,0.20506173372268677,1.2015336751937866,-0.013055936433374882,0.5281270742416382
2,straight,0.72,0.44379183650016785,-0.012920459732413292,0.1704999953508377,0.1595282256603241,0.20506173372268677,1.2090301513671875,-0.012920459732413292,0.5652097463607788
2,straight,0.74,0.46796971559524536,-0.012786698527634144,0.1704999953508377,0.16372624039649963,0.20506173372268677,1.218313455581665,-0.012786698527634144,0.6086159944534302
2,straight,0.76,0.4926789700984955,-0.013466618955135345,0.1704999953508377,0.16792511940002441,0.20506173372268677,1.2506057024002075,-0.013466618955135345,0.6802051663398743
2,straight,0.78,0.5178850293159485,-0.014034473337233067,0.1704999953508377,0.1712934821844101,0.20506173372268677,1.2560197114944458,-0.014034473337233067,0.6988472938537598
2,straight,0.8,0.5422496795654297,-0.01354678999632597,0.1704999953508377,0.17256613075733185,0.20506173372268677,1.1865012645721436,-0.01354678999632597,0.6875467896461487
2,straight,0.8200000000000001,0.5660244822502136,-0.013014460913836956,0.1704999953508377,0.17110612988471985,0.20506173372268677,1.167876124382019,-0.013014460913836956,0.5796242356300354
2,straight,0.84,0.5884778499603271,-0.01327425241470337,0.1704999953508377,0.1682014763355255,0.20506173372268677,1.089943528175354,-0.01327425241470337,0.5275042057037354
2,straight,0.86,0.6096650958061218,-0.014851453714072704,0.1704999953508377,0.16515836119651794,0.20506173372268677,1.034764051437378,-0.014851453714072704,0.5062990188598633
2,straight,0.88,0.6295072436332703,-0.017872681841254234,0.1704999953508377,0.16265282034873962,0.20506173372268677,0.9561441540718079,-0.017872681841254234,0.5452499389648438
2,straight,0.9,0.648686945438385,-0.021660758182406425,0.1704999953508377,0.1607642024755478,0.20506173372268677,0.9795480966567993,-0.021660758182406425,0.485181599855423
2,straight,0.92,0.6687726378440857,-0.025679774582386017,0.1704999953508377,0.15982122719287872,0.20506173372268677,1.0314159393310547,-0.025679774582386017,0.506684422492981
2,straight,0.9400000000000001,0.6900147199630737,-0.030121374875307083,0.1704999953508377,0.15927617251873016,0.20506173372268677,1.0874731540679932,-0.030121374875307083,0.5475820899009705
2,straight,0.96,0.7119190096855164,-0.03524746745824814,0.1704999953508377,0.15784265100955963,0.20506173372268677,1.0893491506576538,-0.03524746745824814,0.551764726638794
2,straight,0.98,0.7341667413711548,-0.03986334055662155,0.1704999953508377,0.1562311202287674,0.20506173372268677,1.1121361255645752,-0.03986334055662155,0.4885522723197937
2,straight,1.0,0.7558562159538269,-0.04264445975422859,0.1704999953508377,0.15497612953186035,0.20506173372268677,1.0506987571716309,-0.04264445975422859,0.4642706513404846
2,straight,1.02,0.776167631149292,-0.04347503185272217,0.1704999953508377,0.15317225456237793,0.20506173372268677,0.9908182621002197,-0.04347503185272217,0.48238879442214966
2,straight,1.04,0.7958322763442993,-0.04260028898715973,0.1704999953508377,0.15069237351417542,0.20506173372268677,0.985322117805481,-0.04260028898715973,0.49394914507865906
2,straight,1.06,0.81633061170578,-0.04057332128286362,0.1704999953508377,0.14880813658237457,0.20506173372268677,1.0790842771530151,-0.04057332128286362,0.5882648825645447
2,straight,1.08,0.839462161064148,-0.03848811611533165,0.1704999953508377,0.1479364037513733,0.20506173372268677,1.223915696144104,-0.03848811611533165,0.6448642611503601
2,straight,1.1,0.865007221698761,-0.03634747862815857,0.1704999953508377,0.14708653092384338,0.20506173372268677,1.2960963249206543,-0.03634747862815857,0.6295430064201355
2,straight,1.12,0.8902580142021179,-0.03386049345135689,0.1704999953508377,0.14568263292312622,0.20506173372268677,1.2347742319107056,-0.03386049345135689,0.5530857443809509
2,straight,1.1400000000000001,0.9146472811698914,-0.03294272720813751,0.1704999953508377,0.14449521899223328,0.20506173372268677,1.2191035747528076,-0.03294272720813751,0.5195363759994507
2,straight,1.16,0.9389455914497375,-0.033787183463573456,0.1704999953508377,0.14465293288230896,0.20506173372268677,1.223696231842041,-0.033787183463573456,0.5564186573028564
2,straight,1.18,0.9637070894241333,-0.03546806424856186,0.1704999953508377,0.14672164618968964,0.20506173372268677,1.2813559770584106,-0.03546806424856186,0.5783921480178833
2,straight,1.2,0.990938127040863,-0.037101052701473236,0.1704999953508377,0.14953532814979553,0.20506173372268677,1.4313979148864746,-0.037101052701473236,0.6675441265106201
2,straight,1.22,1.0207267999649048,-0.0388239361345768,0.1704999953508377,0.15149079263210297,0.20506173372268677,1.5222867727279663,-0.0388239361345768,0.6695722937583923
2,straight,1.24,1.0504255294799805,-0.04109938442707062,0.1704999953508377,0.15126222372055054,0.20506173372268677,1.4472033977508545,-0.04109938442707062,0.6204451322555542
2,straight,1.26,1.079502820968628,-0.04267171397805214,0.1704999953508377,0.15019063651561737,0.20506173372268677,1.428478717803955,-0.04267171397805214,0.45014360547065735
2,straight,1.28,1.1071072816848755,-0.043040938675403595,0.1704999953508377,0.1497851461172104,0.20506173372268677,1.3640038967132568,-0.043040938675403595,0.46656256914138794
2,straight,1.3,1.1345045566558838,-0.04248325899243355,0.1704999953508377,0.1506512612104416,0.20506173372268677,1.3928024768829346,-0.04248325899243355,0.5261087417602539
2,straight,1.32,1.162925124168396,-0.041875600814819336,0.1704999953508377,0.15176154673099518,0.20506173372268677,1.4540716409683228,-0.041875600814819336,0.5408889055252075
2,straight,1.34,1.1925820112228394,-0.04144711792469025,0.1704999953508377,0.1533922255039215,0.20506173372268677,1.5192433595657349,-0.04144711792469025,0.5764892101287842
2,straight,1.36,1.2242097854614258,-0.041270725429058075,0.1704999953508377,0.15609689056873322,0.20506173372268677,1.6288889646530151,-0.041270725429058075,0.6452692151069641
2,straight,1.3800000000000001,1.2571066617965698,-0.04115339368581772,0.1704999953508377,0.15821656584739685,0.20506173372268677,1.6419466733932495,-0.04115339368581772,0.6380294561386108
2,straight,1.4000000000000001,1.2893306016921997,-0.04033949598670006,0.1704999953508377,0.1580975204706192,0.20506173372268677,1.5673155784606934,-0.04033949598670006,0.5760196447372437
2,straight,1.42,1.3204151391983032,-0.03998924046754837,0.1704999953508377,0.15681444108486176,0.20506173372268677,1.532187819480896,-0.03998924046754837,0.5457624793052673
2,straight,1.44,1.3506206274032593,-0.0408950038254261,0.1704999953508377,0.1564416140317917,0.20506173372268677,1.5056953430175781,-0.0408950038254261,0.5635941624641418
2,straight,1.46,1.381096601486206,-0.0430915541946888,0.1704999953508377,0.15695832669734955,0.20506173372268677,1.5443304777145386,-0.0430915541946888,0.5930516123771667
2,straight,1.48,1.4120213985443115,-0.04596263915300369,0.1704999953508377,0.15729889273643494,0.20506173372268677,1.547980546951294,-0.04596263915300369,0.6231107711791992
2,straight,1.5,1.4435096979141235,-0.048782702535390854,0.1704999953508377,0.15779942274093628,0.20506173372268677,1.6193914413452148,-0.048782702535390854,0.6727443337440491
2,straight,1.52,1.4775513410568237,-0.050878122448921204,0.1704999953508377,0.15831652283668518,0.20506173372268677,1.7643331289291382,-0.050878122448921204,0.6598049998283386
2,straight,1.54,1.5131444931030273,-0.05389580503106117,0.1704999953508377,0.15714570879936218,0.20506173372268677,1.7751185894012451,-0.05389580503106117,0.5394610166549683
2,straight,1.56,1.5478159189224243,-0.056805320084095,0.1704999953508377,0.1546778529882431,0.20506173372268677,1.7098798751831055,-0.056805320084095,0.4632143974304199
2,straight,1.58,1.5818291902542114,-0.05825673043727875,0.1704999953508377,0.15253397822380066,0.20506173372268677,1.7076416015625,-0.05825673043727875,0.5657351613044739
2,straight,1.6,1.6160943508148193,-0.05837007611989975,0.1704999953508377,0.15177206695079803,0.20506173372268677,1.7234469652175903,-0.05837007611989975,0.5699416995048523
2,straight,1.62,1.6503593921661377,-0.05745053291320801,0.1704999953508377,0.15175621211528778,0.20506173372268677,1.7106952667236328,-0.05745053291320801,0.5730307102203369
2,straight,1.6400000000000001,1.684535026550293,-0.05603628233075142,0.1704999953508377,0.15225203335285187,0.20506173372268677,1.7289650440216064,-0.05603628233075142,0.6461305618286133
2,straight,1.6600000000000001,1.7195196151733398,-0.05384422838687897,0.1704999953508377,0.15323026478290558,0.20506173372268677,1.76339590549469,-0.05384422838687897,0.6872757077217102
2,straight,1.68,1.7546508312225342,-0.05061017721891403,0.1704999953508377,0.1529759019613266,0.20506173372268677,1.7311378717422485,-0.05061017721891403,0.7077745199203491
2,straight,1.7,1.7885699272155762,-0.04674374684691429,0.1704999953508377,0.1512940526008606,0.20506173372268677,1.6359103918075562,-0.04674374684691429,0.5909177660942078
2,straight,1.72,1.8208973407745361,-0.04433870688080788,0.1704999953508377,0.1498984396457672,0.20506173372268677,1.5902657508850098,-0.04433870688080788,0.5108734369277954
2,straight,1.74,1.851996660232544,-0.04227106645703316,0.1704999953508377,0.15026220679283142,0.20506173372268677,1.5403059720993042,-0.04227106645703316,0.5371977686882019
2,straight,1.76,1.8825970888137817,-0.040490586310625076,0.1704999953508377,0.15181931853294373,0.20506173372268677,1.5308064222335815,-0.040490586310625076,0.505495548248291
2,straight,1.78,1.913041114807129,-0.03993930667638779,0.1704999953508377,0.1531193107366562,0.20506173372268677,1.529638648033142,-0.03993930667638779,0.5935766100883484
2,straight,1.8,1.9438960552215576,-0.03996821120381355,0.1704999953508377,0.15569356083869934,0.20506173372268677,1.5842808485031128,-0.03996821120381355,0.6318638920783997
2,straight,1.82,1.9765608310699463,-0.03970189392566681,0.1704999953508377,0.15875515341758728,0.20506173372268677,1.6798304319381714,-0.03970189392566681,0.6591461300849915
2,straight,1.84,2.0106873512268066,-0.039420630782842636,0.1704999953508377,0.1604386270046234,0.20506173372268677,1.717861294746399,-0.039420630782842636,0.5772016048431396
2,straight,1.86,2.0460500717163086,-0.03967071697115898,0.1704999953508377,0.16046932339668274,0.20506173372268677,1.7774120569229126,-0.03967071697115898,0.43974122405052185
2,straight,1.8800000000000001,2.0799577236175537,-0.03926944360136986,0.1704999953508377,0.15975402295589447,0.20506173372268677,1.6570745706558228,-0.03926944360136986,0.4839974343776703
2,straight,1.9000000000000001,2.1123130321502686,-0.0376795157790184,0.1704999953508377,0.16003289818763733,0.20506173372268677,1.6147273778915405,-0.0376795157790184,0.5717406272888184
2,straight,1.92,2.1445977687835693,-0.03588392958045006,0.1704999953508377,0.1620897650718689,0.20506173372268677,1.6438056230545044,-0.03588392958045006,0.6563505530357361
2,straight,1.94,2.1781177520751953,-0.034356795251369476,0.1704999953508377,0.16507293283939362,0.20506173372268677,1.711795687675476,-0.034356795251369476,0.6627960801124573
2,straight,1.96,2.2126927375793457,-0.03230319544672966,0.1704999953508377,0.16767282783985138,0.20506173372268677,1.732010841369629,-0.03230319544672966,0.6642823815345764
2,straight,1.98,2.2470877170562744,-0.02894473820924759,0.1704999953508377,0.16865411400794983,0.20506173372268677,1.6944539546966553,-0.02894473820924759,0.6701401472091675
2,straight,2.0,2.2813897132873535,-0.025022704154253006,0.1704999953508377,0.16756519675254822,0.20506173372268677,1.7079840898513794,-0.025022704154253006,0.6092590093612671
2,straight,2.02,2.315044641494751,-0.020964505150914192,0.1704999953508377,0.16386595368385315,0.20506173372268677,1.6483731269836426,-0.020964505150914192,0.5588451027870178
2,straight,2.04,2.3471713066101074,-0.018346501514315605,0.1704999953508377,0.15990912914276123,0.20506173372268677,1.580384373664856,-0.018346501514315605,0.5847294330596924
2,straight,2.06,2.3785407543182373,-0.0168421883136034,0.1704999953508377,0.15776002407073975,0.20506173372268677,1.562591552734375,-0.0168421883136034,0.6353930830955505
2,straight,2.08,2.4092915058135986,-0.015862049534916878,0.1704999953508377,0.15771321952342987,0.20506173372268677,1.5508288145065308,-0.015862049534916878,0.6346338987350464
2,straight,2.1,2.441361427307129,-0.014228343963623047,0.1704999953508377,0.15947037935256958,0.20506173372268677,1.677750825881958,-0.014228343963623047,0.6983418464660645
2,straight,2.12,2.476621627807617,-0.013182906433939934,0.1704999953508377,0.16202372312545776,0.20506173372268677,1.8276292085647583,-0.013182906433939934,0.6970239281654358
2,straight,2.14,2.51334285736084,-0.013371894136071205,0.1704999953508377,0.1633291095495224,0.20506173372268677,1.8281160593032837,-0.013371894136071205,0.6282843947410583
2,straight,2.16,2.549480676651001,-0.014774970710277557,0.1704999953508377,0.16234159469604492,0.20506173372268677,1.7685601711273193,-0.014774970710277557,0.5337163209915161
2,straight,2.18,2.5844368934631348,-0.016065020114183426,0.1704999953508377,0.1600082963705063,0.20506173372268677,1.7227205038070679,-0.016065020114183426,0.3758825361728668
2,straight,2.2,2.618109703063965,-0.016949087381362915,0.1704999953508377,0.15738265216350555,0.20506173372268677,1.6820180416107178,-0.016949087381362915,0.4942604899406433
2,straight,2.22,2.6521029472351074,-0.01732896827161312,0.1704999953508377,0.15570954978466034,0.20506173372268677,1.7314081192016602,-0.01732896827161312,0.5311242938041687
2,straight,2.24,2.6870501041412354,-0.017831144854426384,0.1704999953508377,0.15459178388118744,0.20506173372268677,1.7729732990264893,-0.017831144854426384,0.5335588455200195
2,straight,2.2600000000000002,2.7231318950653076,-0.018818307667970657,0.1704999953508377,0.15344849228858948,0.20506173372268677,1.835724115371704,-0.018818307667970657,0.6109089255332947
2,straight,2.2800000000000002,2.7599854469299316,-0.019400235265493393,0.1704999953508377,0.15186922252178192,0.20506173372268677,1.8373289108276367,-0.019400235265493393,0.6474398970603943
2,straight,2.3000000000000003,2.7961106300354004,-0.017984533682465553,0.1704999953508377,0.1495881974697113,0.20506173372268677,1.76337730884552,-0.017984533682465553,0.6417974829673767
2,straight,2.32,2.8312430381774902,-0.015483943745493889,0.1704999953508377,0.1461327075958252,0.20506173372268677,1.712875485420227,-0.015483943745493889,0.5750390291213989
2,straight,2.34,2.8641231060028076,-0.01390219945460558,0.1704999953508377,0.14221587777137756,0.20506173372268677,1.5968897342681885,-0.01390219945460558,0.5560732483863831
2,straight,2.36,2.89534592628479,-0.013641322031617165,0.1704999953508377,0.1394946128129959,0.20506173372268677,1.5525928735733032,-0.013641322031617165,0.5582894682884216
2,straight,2.38,2.9265527725219727,-0.014360995031893253,0.1704999953508377,0.1385287493467331,0.20506173372268677,1.5820496082305908,-0.014360995031893253,0.6134927272796631
2,straight,2.4,2.9585700035095215,-0.015606831759214401,0.1704999953508377,0.1394932121038437,0.20506173372268677,1.6434131860733032,-0.015606831759214401,0.6363738179206848
2,straight,2.42,2.992929220199585,-0.017081214115023613,0.1704999953508377,0.1416340470314026,0.20506173372268677,1.790462851524353,-0.017081214115023613,0.6398930549621582
2,straight,2.44,3.030243158340454,-0.01787034422159195,0.1704999953508377,0.14364294707775116,0.20506173372268677,1.922623872756958,-0.01787034422159195,0.5926686525344849
2,straight,2.46,3.0680038928985596,-0.018183043226599693,0.1704999953508377,0.14534057676792145,0.20506173372268677,1.827370524406433,-0.018183043226599693,0.4177337884902954
2,straight,2.48,3.1030468940734863,-0.01704508066177368,0.1704999953508377,0.14749285578727722,0.20506173372268677,1.7062195539474487,-0.01704508066177368,0.44224968552589417
2,straight,2.5,3.136547088623047,-0.013819627463817596,0.1704999953508377,0.15037056803703308,0.20506173372268677,1.663940191268921,-0.013819627463817596,0.5403847098350525
2,straight,2.52,3.16981840133667,-0.010182472877204418,0.1704999953508377,0.1531294733285904,0.20506173372268677,1.6907291412353516,-0.010182472877204418,0.6182452440261841
2,straight,2.54,3.2042593955993652,-0.007155898958444595,0.1704999953508377,0.1550317257642746,0.20506173372268677,1.7534778118133545,-0.007155898958444595,0.6404790878295898
2,straight,2.56,3.239344358444214,-0.00378983817063272,0.1704999953508377,0.1552678644657135,0.20506173372268677,1.7405734062194824,-0.00378983817063272,0.6740120053291321
2,straight,2.58,3.273953676223755,0.0012957085855305195,0.1704999953508377,0.1543162614107132,0.20506173372268677,1.7045878171920776,0.0012957085855305195,0.6490137577056885
2,straight,2.6,3.3080880641937256,0.007341343909502029,0.1704999953508377,0.15168051421642303,0.20506173372268677,1.6760878562927246,0.007341343909502029,0.5998327732086182
2,straight,2.62,3.3404407501220703,0.012089845724403858,0.1704999953508377,0.14874055981636047,0.20506173372268677,1.57369065284729,0.012089845724403858,0.5673458576202393
2,straight,2.64,3.371358871459961,0.014959167689085007,0.1704999953508377,0.1472609043121338,0.20506173372268677,1.5388572216033936,0.014959167689085007,0.5852619409561157
2,straight,2.66,3.4018797874450684,0.015482819639146328,0.1704999953508377,0.14713861048221588,0.20506173372268677,1.5301363468170166,0.015482819639146328,0.5932688117027283
2,straight,2.68,3.432520627975464,0.013955560512840748,0.1704999953508377,0.14818175137043,0.20506173372268677,1.5620681047439575,0.013955560512840748,0.6553941965103149
2,straight,2.7,3.464594841003418,0.010610110126435757,0.1704999953508377,0.1504799723625183,0.20506173372268677,1.6544520854949951,0.010610110126435757,0.6744974255561829
2,straight,2.72,3.498208999633789,0.0050879050977528095,0.1704999953508377,0.1526736617088318,0.20506173372268677,1.6896331310272217,0.0050879050977528095,0.6551361680030823
2,straight,2.74,3.531404972076416,-0.0018501885933801532,0.1704999953508377,0.15293024480342865,0.20506173372268677,1.6323597431182861,-0.0018501885933801532,0.5966492891311646
2,straight,2.7600000000000002,3.5643811225891113,-0.009311015717685223,0.1704999953508377,0.15130478143692017,0.20506173372268677,1.6160601377487183,-0.009311015717685223,0.4990571141242981
2,straight,2.7800000000000002,3.595991373062134,-0.015127710066735744,0.1704999953508377,0.14889921247959137,0.20506173372268677,1.5616981983184814,-0.015127710066735744,0.5469412207603455
2,straight,2.8000000000000003,3.6270596981048584,-0.019183611497282982,0.1704999953508377,0.1469174474477768,0.20506173372268677,1.5673657655715942,-0.019183611497282982,0.566721498966217
2,straight,2.82,3.6584300994873047,-0.022044256329536438,0.1704999953508377,0.14583919942378998,0.20506173372268677,1.5826539993286133,-0.022044256329536438,0.5670986771583557
2,straight,2.84,3.690062999725342,-0.02388031966984272,0.1704999953508377,0.1461164802312851,0.20506173372268677,1.6022571325302124,-0.02388031966984272,0.5879332423210144
2,straight,2.86,3.722423553466797,-0.024916840717196465,0.1704999953508377,0.14660121500492096,0.20506173372268677,1.638753890991211,-0.024916840717196465,0.6125211119651794
2,straight,2.88,3.7544612884521484,-0.024606158956885338,0.1704999953508377,0.1460113674402237,0.20506173372268677,1.5721161365509033,-0.024606158956885338,0.6193788051605225
2,straight,2.9,3.7852604389190674,-0.022777089849114418,0.1704999953508377,0.14388100802898407,0.20506173372268677,1.4955841302871704,-0.022777089849114418,0.6107250452041626
2,straight,2.92,3.815310478210449,-0.020297637209296227,0.1704999953508377,0.14131322503089905,0.20506173372268677,1.4814670085906982,-0.020297637209296227,0.5402902364730835
2,straight,2.94,3.84376859664917,-0.017769688740372658,0.1704999953508377,0.13854603469371796,0.20506173372268677,1.369158387184143,-0.017769688740372658,0.508457362651825
3,straight,0.0,0.0,0.0,0.29319998621940613,0.3499999940395355,0.22040008008480072,0.0,0.0,0.0
3,straight,0.02,-0.0005006454885005951,-0.00024395665968768299,0.29319998621940613,0.3448486030101776,0.22040008008480072,-0.041077397763729095,-0.00024395665968768299,0.39018547534942627
3,straight,0.04,-0.00071006640791893,-2.327775291632861e-06,0.29319998621940613,0.33525073528289795,0.22040008008480072,0.007691628765314817,-2.327775291632861e-06,0.2846229672431946
3,straight,0.06,-0.00010863412171602249,9.716103522805497e-05,0.29319998621940613,0.3235626816749573,0.22040008008480072,0.037483781576156616,9.716103522805497e-05,0.4755581021308899
3,straight,0.08,0.0006259195506572723,-9.483061148785055e-05,0.29319998621940613,0.30832210183143616,0.22040008008480072,0.03155623748898506,-9.483061148785055e-05,0.48050782084465027
3,straight,0.1,0.0008936319500207901,-0.0002292429271619767,0.29319998621940613,0.28958213329315186,0.22040008008480072,0.003322779666632414,-0.0002292429271619767,0.46819639205932617
3,straight,0.12,0.0016114870086312294,-9.339223470306024e-05,0.29319998621940613,0.2677469551563263,0.22040008008480072,0.04586317762732506,-9.339223470306024e-05,0.4579104483127594
3,straight,0.14,0.0023943372070789337,0.00011862036626553163,0.29319998621940613,0.2420186549425125,0.22040008008480072,0.030123187229037285,0.00011862036626553163,0.5836390852928162
3,straight,0.16,0.0035612848587334156,5.284011422190815e-05,0.29319998621940613,0.21390555799007416,0.22040008008480072,0.09903459250926971,5.284011422190815e-05,0.5758265256881714
3,straight,0.18,0.007370500825345516,0.0008760447963140905,0.29319998621940613,0.190516859292984,0.22040008008480072,0.26648643612861633,0.0008760447963140905,0.5853022933006287
3,straight,0.2,0.014102602377533913,0.0007714685634709895,0.29319998621940613,0.17502911388874054,0.22040008008480072,0.39597564935684204,0.0007714685634709895,0.621874988079071
3,straight,0.22,0.023048967123031616,-0.0006622978253290057,0.29319998621940613,0.1682475507259369,0.22040008008480072,0.4912216067314148,-0.0006622978253290057,0.599670946598053
3,straight,0.24,0.033962003886699677,-0.003327195532619953,0.29319998621940613,0.1685226708650589,0.22040008008480072,0.5835339426994324,-0.003327195532619953,0.6206085085868835
3,straight,0.26,0.04752427339553833,-0.006733056157827377,0.29319998621940613,0.17435234785079956,0.22040008008480072,0.7398000955581665,-0.006733056157827377,0.597945511341095
3,straight,0.28,0.06303846091032028,-0.010121426545083523,0.29319998621940613,0.1834661215543747,0.22040008008480072,0.7894910573959351,-0.010121426545083523,0.6246024370193481
3,straight,0.3,0.07867849618196487,-0.012585055083036423,0.29319998621940613,0.19220028817653656,0.22040008008480072,0.7615313529968262,-0.012585055083036423,0.5378531813621521
3,straight,0.32,0.09325277805328369,-0.013712693937122822,0.29319998621940613,0.19891969859600067,0.22040008008480072,0.6951557397842407,-0.013712693937122822,0.47716113924980164
3,straight,0.34,0.10665931552648544,-0.013655044138431549,0.29319998621940613,0.20320047438144684,0.22040008008480072,0.6600564122200012,-0.013655044138431549,0.4620780050754547
3,straight,0.36,0.11906085908412933,-0.013055695220828056,0.29319998621940613,0.20435817539691925,0.22040008008480072,0.5853974223136902,-0.013055695220828056,0.4649859070777893
3,straight,0.38,0.13023538887500763,-0.011834557168185711,0.29319998621940613,0.20358197391033173,0.22040008008480072,0.5444365739822388,-0.011834557168185711,0.4427269995212555
3,straight,0.4,0.14096131920814514,-0.009775226935744286,0.29319998621940613,0.20144400000572205,0.22040008008480072,0.5284414291381836,-0.009775226935744286,0.44105055928230286
3,straight,0.42,0.15119312703609467,-0.006278403103351593,0.29319998621940613,0.1981547474861145,0.22040008008480072,0.49737870693206787,-0.006278403103351593,0.4171135127544403
3,straight,0.44,0.16046790778636932,-0.0027846628800034523,0.29319998621940613,0.1937102973461151,0.22040008008480072,0.44854772090911865,-0.0027846628800034523,0.3831009566783905
3,straight,0.46,0.16908308863639832,0.0013565077679231763,0.29319998621940613,0.18790067732334137,0.22040008008480072,0.41939643025398254,0.0013565077679231763,0.41638293862342834
3,straight,0.48,0.17700502276420593,0.005775016732513905,0.29319998621940613,0.18014056980609894,0.22040008008480072,0.3766941428184509,0.005775016732513905,0.4269675016403198
3,straight,0.5,0.18410727381706238,0.009708178229629993,0.29319998621940613,0.17092305421829224,0.22040008008480072,0.33149492740631104,0.009708178229629993,0.4508191645145416
3,straight,0.52,0.1907328963279724,0.012503761798143387,0.29319998621940613,0.16418208181858063,0.22040008008480072,0.3501601219177246,0.012503761798143387,0.5177693367004395
3,straight,0.54,0.19765423238277435,0.010299050249159336,0.29319998621940613,0.16322560608386993,0.22040008008480072,0.3421708345413208,0.010299050249159336,0.5500310659408569
3,straight,0.56,0.20457439124584198,0.0043227775022387505,0.29319998621940613,0.16406099498271942,0.22040008008480072,0.33370208740234375,0.0043227775022387505,0.5412039160728455
3,straight,0.58,0.2114856243133545,-0.0035842875950038433,0.29319998621940613,0.16491660475730896,0.22040008008480072,0.35675284266471863,-0.0035842875950038433,0.6524023413658142
3,straight,0.6,0.21868254244327545,-0.013886027038097382,0.29319998621940613,0.16597333550453186,0.22040008008480072,0.3404308557510376,-0.013886027038097382,0.6750373840332031
3,straight,0.62,0.2251368910074234,-0.023897888138890266,0.29319998621940613,0.16973906755447388,0.22040008008480072,0.34450000524520874,-0.023897888138890266,0.5676677227020264
3,straight,0.64,0.23129476606845856,-0.033730797469615936,0.29319998621940613,0.17244617640972137,0.22040008008480072,0.28659164905548096,-0.033730797469615936,0.5360918045043945
3,straight,0.66,0.2381523698568344,-0.04140438511967659,0.29319998621940613,0.17528563737869263,0.22040008008480072,0.380237877368927,-0.04140438511967659,0.5783483982086182
3,straight,0.68,0.24530258774757385,-0.04736306518316269,0.29319998621940613,0.17762288451194763,0.22040008008480072,0.34055209159851074,-0.04736306518316269,0.5261685252189636
3,straight,0.7000000000000001,0.2526854872703552,-0.052317649126052856,0.29319998621940613,0.18026511371135712,0.22040008008480072,0.3938818871974945,-0.052317649126052856,0.5934674143791199
3,straight,0.72,0.26108595728874207,-0.056507959961891174,0.29319998621940613,0.18380771577358246,0.22040008008480072,0.44848746061325073,-0.056507959961891174,0.6374891400337219
3,straight,0.74,0.27153414487838745,-0.06222908943891525,0.29319998621940613,0.19044962525367737,0.22040008008480072,0.5910437703132629,-0.06222908943891525,0.7261064648628235
3,straight,0.76,0.28403839468955994,-0.06816786527633667,0.29319998621940613,0.19955988228321075,0.22040008008480072,0.6430818438529968,-0.06816786527633667,0.7220849394798279
3,straight,0.78,0.2970786392688751,-0.07225020974874496,0.29319998621940613,0.20909862220287323,0.22040008008480072,0.6634121537208557,-0.07225020974874496,0.686328113079071
3,straight,0.8,0.31112799048423767,-0.07446406036615372,0.29319998621940613,0.2178346812725067,0.22040008008480072,0.7262237668037415,-0.07446406036615372,0.6101188659667969
3,straight,0.8200000000000001,0.32599756121635437,-0.07541690766811371,0.29319998621940613,0.2245309054851532,0.22040008008480072,0.7507702708244324,-0.07541690766811371,0.44099223613739014
3,straight,0.84,0.3411389887332916,-0.07602325826883316,0.29319998621940613,0.23138022422790527,0.22040008008480072,0.7769586443901062,-0.07602325826883316,0.4291793406009674
3,straight,0.86,0.35688748955726624,-0.07647490501403809,0.29319998621940613,0.23993679881095886,0.22040008008480072,0.8163855671882629,-0.07647490501403809,0.4940091371536255
3,straight,0.88,0.37364572286605835,-0.07694532722234726,0.29319998621940613,0.25002577900886536,0.22040008008480072,0.8757617473602295,-0.07694532722234726,0.5494071841239929
3,straight,0.9,0.39294376969337463,-0.07630929350852966,0.29319998621940613,0.26080748438835144,0.22040008008480072,1.0443795919418335,-0.07630929350852966,0.568305492401123
3,straight,0.92,0.4150024950504303,-0.07531753927469254,0.29319998621940613,0.270234078168869,0.22040008008480072,1.1366406679153442,-0.07531753927469254,0.46128880977630615
3,straight,0.9400000000000001,0.43756309151649475,-0.07510550320148468,0.29319998621940613,0.27623894810676575,0.22040008008480072,1.0983777046203613,-0.07510550320148468,0.46033474802970886
3,straight,0.96,0.45892858505249023,-0.07395156472921371,0.29319998621940613,0.28172534704208374,0.22040008008480072,1.0659306049346924,-0.07395156472921371,0.5261037349700928
3,straight,0.98,0.4803289473056793,-0.07325730472803116,0.29319998621940613,0.287492573261261,0.22040008008480072,1.1040678024291992,-0.07325730472803116,0.507179319858551
3,straight,1.0,0.503788948059082,-0.07308485358953476,0.29319998621940613,0.2917770743370056,0.22040008008480072,1.2278777360916138,-0.07308485358953476,0.5111543536186218
3,straight,1.02,0.5291789174079895,-0.07307165116071701,0.29319998621940613,0.29320228099823,0.22040008008480072,1.2937180995941162,-0.07307165116071701,0.4618983566761017
3,straight,1.04,0.5552629232406616,-0.07272424548864365,0.29319998621940613,0.2913319766521454,0.22040008008480072,1.3031139373779297,-0.07272424548864365,0.4491555690765381
3,straight,1.06,0.5811684727668762,-0.07224469631910324,0.29319998621940613,0.285925954580307,0.22040008008480072,1.2846705913543701,-0.07224469631910324,0.45487838983535767
3,straight,1.08,0.606182336807251,-0.0713307335972786,0.29319998621940613,0.27910032868385315,0.22040008008480072,1.2362607717514038,-0.0713307335972786,0.5729480385780334
3,straight,1.1,0.631318211555481,-0.0699029415845871,0.29319998621940613,0.2716585397720337,0.22040008008480072,1.313783049583435,-0.0699029415845871,0.613241970539093
3,straight,1.12,0.6591257452964783,-0.06805944442749023,0.29319998621940613,0.2652739882469177,0.22040008008480072,1.4311705827713013,-0.06805944442749023,0.5847718715667725
3,straight,1.1400000000000001,0.6877230405807495,-0.06652526557445526,0.29319998621940613,0.25748562812805176,0.22040008008480072,1.410700798034668,-0.06652526557445526,0.4882752597332001
3,straight,1.16,0.7149990200996399,-0.06507322937250137,0.29319998621940613,0.24773505330085754,0.22040008008480072,1.3081824779510498,-0.06507322937250137,0.46817851066589355
3,straight,1.18,0.7406837344169617,-0.0638623908162117,0.29319998621940613,0.23745763301849365,0.22040008008480072,1.2816376686096191,-0.0638623908162117,0.4575941860675812
3,straight,1.2,0.7666746377944946,-0.06228494644165039,0.29319998621940613,0.22829517722129822,0.22040008008480072,1.3169474601745605,-0.06228494644165039,0.590674877166748
3,straight,1.22,0.7933658957481384,-0.060524631291627884,0.29319998621940613,0.22019657492637634,0.22040008008480072,1.3516035079956055,-0.060524631291627884,0.5895426273345947
3,straight,1.24,0.8201997876167297,-0.05892273038625717,0.29319998621940613,0.21228142082691193,0.22040008008480072,1.3221675157546997,-0.05892273038625717,0.541077733039856
3,straight,1.26,0.846870481967926,-0.058067020028829575,0.29319998621940613,0.20434565842151642,0.22040008008480072,1.3619753122329712,-0.058067020028829575,0.5670969486236572
3,straight,1.28,0.8746606111526489,-0.05762959271669388,0.29319998621940613,0.19841204583644867,0.22040008008480072,1.3997646570205688,-0.05762959271669388,0.6118438243865967
3,straight,1.3,0.9021018147468567,-0.05663444474339485,0.29319998621940613,0.19202059507369995,0.22040008008480072,1.3628960847854614,-0.05663444474339485,0.47911661863327026
3,straight,1.32,0.9293046593666077,-0.05555455759167671,0.29319998621940613,0.18633584678173065,0.22040008008480072,1.3655503988265991,-0.05555455759167671,0.5723263621330261
3,straight,1.34,0.957165539264679,-0.05427435040473938,0.29319998621940613,0.1829402893781662,0.22040008008480072,1.4530792236328125,-0.05427435040473938,0.6838951110839844
3,straight,1.36,0.9874325394630432,-0.05238071456551552,0.29319998621940613,0.1828041821718216,0.22040008008480072,1.5828778743743896,-0.05238071456551552,0.7154638171195984
3,straight,1.3800000000000001,1.0201404094696045,-0.04983501881361008,0.29319998621940613,0.18306277692317963,0.22040008008480072,1.6312963962554932,-0.04983501881361008,0.6470465064048767
3,straight,1.4000000000000001,1.051472544670105,-0.04683476686477661,0.29319998621940613,0.18276885151863098,0.22040008008480072,1.512465000152588,-0.04683476686477661,0.544346809387207
3,straight,1.42,1.0805553197860718,-0.04253044351935387,0.29319998621940613,0.18231546878814697,0.22040008008480072,1.4125807285308838,-0.04253044351935387,0.4732532501220703
3,straight,1.44,1.1082695722579956,-0.03577253222465515,0.29319998621940613,0.18296048045158386,0.22040008008480072,1.37408447265625,-0.03577253222465515,0.43477535247802734
3,straight,1.46,1.1355961561203003,-0.026938000693917274,0.29319998621940613,0.18464650213718414,0.22040008008480072,1.3597710132598877,-0.026938000693917274,0.4751991927623749
3,straight,1.48,1.1618068218231201,-0.017874719575047493,0.29319998621940613,0.18514400720596313,0.22040008008480072,1.2737339735031128,-0.017874719575047493,0.5494998693466187
3,straight,1.5,1.1876293420791626,-0.009716791100800037,0.29319998621940613,0.18516689538955688,0.22040008008480072,1.2868918180465698,-0.009716791100800037,0.6566137075424194
3,straight,1.52,1.2127740383148193,-0.0009865047177299857,0.29319998621940613,0.18366707861423492,0.22040008008480072,1.2264485359191895,-0.0009865047177299857,0.6116053462028503
3,straight,1.54,1.2373384237289429,0.007045585662126541,0.29319998621940613,0.18132750689983368,0.22040008008480072,1.237339973449707,0.007045585662126541,0.555168628692627
3,straight,1.56,1.2621514797210693,0.013366438448429108,0.29319998621940613,0.17993634939193726,0.22040008008480072,1.2699599266052246,0.013366438448429108,0.6008486151695251
3,straight,1.58,1.2884557247161865,0.0183582603931427,0.29319998621940613,0.1819412112236023,0.22040008008480072,1.3835792541503906,0.0183582603931427,0.6049720048904419
3,straight,1.6,1.3171242475509644,0.02272696979343891,0.29319998621940613,0.18513192236423492,0.22040008008480072,1.4646767377853394,0.02272696979343891,0.6175641417503357
3,straight,1.62,1.3475987911224365,0.027749544009566307,0.29319998621940613,0.18605183064937592,0.22040008008480072,1.5865557193756104,0.027749544009566307,0.6356980204582214
3,straight,1.6400000000000001,1.3796778917312622,0.03371269255876541,0.29319998621940613,0.1864679455757141,0.22040008008480072,1.5938634872436523,0.03371269255876541,0.5295100212097168
3,straight,1.6600000000000001,1.4111140966415405,0.03977664187550545,0.29319998621940613,0.18785671889781952,0.22040008008480072,1.5363105535507202,0.03977664187550545,0.5527032017707825
3,straight,1.68,1.441626787185669,0.045904889702796936,0.29319998621940613,0.19034241139888763,0.22040008008480072,1.5101724863052368,0.045904889702796936,0.5462112426757812
3,straight,1.7,1.4709900617599487,0.05335395410656929,0.29319998621940613,0.1949014514684677,0.22040008008480072,1.4367425441741943,0.05335395410656929,0.5884755849838257
3,straight,1.72,1.5005297660827637,0.061312586069107056,0.29319998621940613,0.20230594277381897,0.22040008008480072,1.502542495727539,0.061312586069107056,0.6453843712806702
3,straight,1.74,1.5323116779327393,0.06929311156272888,0.29319998621940613,0.21344107389450073,0.22040008008480072,1.634716272354126,0.06929311156272888,0.599229097366333
3,straight,1.76,1.5638325214385986,0.07740870863199234,0.29319998621940613,0.2221822738647461,0.22040008008480072,1.5316659212112427,0.07740870863199234,0.5257059931755066
3,straight,1.78,1.5940310955047607,0.08489784598350525,0.29319998621940613,0.23040072619915009,0.22040008008480072,1.4776287078857422,0.08489784598350525,0.4320572316646576
3,straight,1.8,1.6221665143966675,0.09076587855815887,0.29319998621940613,0.23879173398017883,0.22040008008480072,1.3793904781341553,0.09076587855815887,0.5207341313362122
3,straight,1.82,1.649784803390503,0.09421004354953766,0.29319998621940613,0.24875548481941223,0.22040008008480072,1.405211329460144,0.09421004354953766,0.5586339831352234
3,straight,1.84,1.6780853271484375,0.09593664109706879,0.29319998621940613,0.25891023874282837,0.22040008008480072,1.4396562576293945,0.09593664109706879,0.6011984944343567
3,straight,1.86,1.7074897289276123,0.09790199995040894,0.29319998621940613,0.26637887954711914,0.22040008008480072,1.4987388849258423,0.09790199995040894,0.5634009838104248
3,straight,1.8800000000000001,1.7380625009536743,0.09917352348566055,0.29319998621940613,0.2704569101333618,0.22040008008480072,1.5376931428909302,0.09917352348566055,0.4589310884475708
3,straight,1.9000000000000001,1.7685707807540894,0.10020754486322403,0.29319998621940613,0.2705191671848297,0.22040008008480072,1.514796495437622,0.10020754486322403,0.4787691533565521
3,straight,1.92,1.7985872030258179,0.1010802835226059,0.29319998621940613,0.26898324489593506,0.22040008008480072,1.5137577056884766,0.1010802835226059,0.5766982436180115
3,straight,1.94,1.8293572664260864,0.10084465891122818,0.29319998621940613,0.2672386169433594,0.22040008008480072,1.565133810043335,0.10084465891122818,0.6518351435661316
3,straight,1.96,1.8616667985916138,0.09949324280023575,0.29319998621940613,0.26350152492523193,0.22040008008480072,1.6508057117462158,0.09949324280023575,0.6414681673049927
3,straight,1.98,1.8944660425186157,0.09825818240642548,0.29319998621940613,0.25617045164108276,0.22040008008480072,1.6274964809417725,0.09825818240642548,0.5947457551956177
3,straight,2.0,1.9271984100341797,0.0970093384385109,0.29319998621940613,0.24566012620925903,0.22040008008480072,1.62405264377594,0.0970093384385109,0.48318222165107727
3,straight,2.02,1.9591050148010254,0.09449948370456696,0.29319998621940613,0.23470383882522583,0.22040008008480072,1.5665887594223022,0.09449948370456696,0.49631860852241516
3,straight,2.04,1.9900057315826416,0.09090881049633026,0.29319998621940613,0.2255534678697586,0.22040008008480072,1.5412099361419678,0.09090881049633026,0.509164035320282
3,straight,2.06,2.020066022872925,0.08660897612571716,0.29319998621940613,0.21998311579227448,0.22040008008480072,1.4794560670852661,0.08660897612571716,0.5814829468727112
3,straight,2.08,2.0497751235961914,0.08195552974939346,0.29319998621940613,0.21823832392692566,0.22040008008480072,1.5175490379333496,0.08195552974939346,0.6746585965156555
3,straight,2.1,2.081148386001587,0.07646095752716064,0.29319998621940613,0.21982507407665253,0.22040008008480072,1.6187214851379395,0.07646095752716064,0.6947709918022156
3,straight,2.12,2.1143085956573486,0.07081799954175949,0.29319998621940613,0.21998898684978485,0.22040008008480072,1.6736778020858765,0.07081799954175949,0.6428067088127136
3,straight,2.14,2.147109270095825,0.06557849794626236,0.29319998621940613,0.21953539550304413,0.22040008008480072,1.604087233543396,0.06557849794626236,0.5896528363227844
3,straight,2.16,2.178131341934204,0.061418548226356506,0.29319998621940613,0.2204323709011078,0.22040008008480072,1.5291653871536255,0.061418548226356506,0.5430543422698975
3,straight,2.18,2.208728075027466,0.05728054419159889,0.29319998621940613,0.22392161190509796,0.22040008008480072,1.558801531791687,0.05728054419159889,0.6536985039710999
3,straight,2.2,2.2414498329162598,0.05213109776377678,0.29319998621940613,0.23069840669631958,0.22040008008480072,1.7207410335540771,0.05213109776377678,0.7247899770736694
3,straight,2.22,2.278010845184326,0.04656492546200752,0.29319998621940613,0.240383118391037,0.22040008008480072,1.901670217514038,0.04656492546200752,0.6743050217628479
3,straight,2.24,2.316819190979004,0.04122278094291687,0.29319998621940613,0.2481817603111267,0.22040008008480072,1.9499642848968506,0.04122278094291687,0.5500380396842957
3,straight,2.2600000000000002,2.3554911613464355,0.03639780357480049,0.29319998621940613,0.25273042917251587,0.22040008008480072,1.906211495399475,0.03639780357480049,0.380073606967926
3,straight,2.2800000000000002,2.392854928970337,0.03136918321251869,0.29319998621940613,0.25617003440856934,0.22040008008480072,1.8673419952392578,0.03136918321251869,0.3999679982662201
3,straight,2.3000000000000003,2.4299473762512207,0.026271572336554527,0.29319998621940613,0.2602793872356415,0.22040008008480072,1.864311695098877,0.026271572336554527,0.5619413256645203
3,straight,2.32,2.4684958457946777,0.022108931094408035,0.29319998621940613,0.2649732530117035,0.22040008008480072,1.989883303642273,0.022108931094408035,0.6629519462585449
3,straight,2.34,2.509077548980713,0.01773959957063198,0.29319998621940613,0.2679238021373749,0.22040008008480072,2.0441699028015137,0.01773959957063198,0.6071434020996094
3,straight,2.36,2.5501341819763184,0.012802855111658573,0.29319998621940613,0.2679487466812134,0.22040008008480072,2.0287888050079346,0.012802855111658573,0.5839430093765259
3,straight,2.38,2.5900967121124268,0.009318363852798939,0.29319998621940613,0.2668900489807129,0.22040008008480072,1.9770402908325195,0.009318363852798939,0.5221859812736511
3,straight,2.4,2.6292595863342285,0.00643144128844142,0.29319998621940613,0.2697165012359619,0.22040008008480072,1.9870461225509644,0.00643144128844142,0.5576919317245483
3,straight,2.42,2.6705563068389893,0.0028918939642608166,0.29319998621940613,0.2742942273616791,0.22040008008480072,2.1124653816223145,0.0028918939642608166,0.5421645641326904
3,straight,2.44,2.7129392623901367,-0.001066424883902073,0.29319998621940613,0.2755604088306427,0.22040008008480072,2.089799642562866,-0.001066424883902073,0.3675355315208435
3,straight,2.46,2.75372576713562,-0.005300612188875675,0.29319998621940613,0.27672863006591797,0.22040008008480072,2.0051746368408203,-0.005300612188875675,0.4035523533821106
3,straight,2.48,2.7932865619659424,-0.009355454705655575,0.29319998621940613,0.2778943181037903,0.22040008008480072,1.970137357711792,-0.009355454705655575,0.5165123343467712
3,straight,2.5,2.8326308727264404,-0.013025900349020958,0.29319998621940613,0.27646493911743164,0.22040008008480072,1.9654158353805542,-0.013025900349020958,0.6385897397994995
3,straight,2.52,2.8726065158843994,-0.016358958557248116,0.29319998621940613,0.27225372195243835,0.22040008008480072,2.0118234157562256,-0.016358958557248116,0.5983923077583313
3,straight,2.54,2.9123520851135254,-0.02002355456352234,0.29319998621940613,0.2654385268688202,0.22040008008480072,1.9471627473831177,-0.02002355456352234,0.5364183187484741
3,straight,2.56,2.9504823684692383,-0.0219785887748003,0.29319998621940613,0.25978970527648926,0.22040008008480072,1.877981424331665,-0.0219785887748003,0.5113866925239563
3,straight,2.58,2.987440347671509,-0.021858058869838715,0.29319998621940613,0.2546329200267792,0.22040008008480072,1.8386609554290771,-0.021858058869838715,0.48218271136283875
3,straight,2.6,3.0237984657287598,-0.021447284147143364,0.29319998621940613,0.25268256664276123,0.22040008008480072,1.8270399570465088,-0.021447284147143364,0.6018098592758179
3,straight,2.62,3.0618598461151123,-0.021161507815122604,0.29319998621940613,0.2546086311340332,0.22040008008480072,1.9736050367355347,-0.021161507815122604,0.6556675434112549
3,straight,2.64,3.102747678756714,-0.022053701803088188,0.29319998621940613,0.25585925579071045,0.22040008008480072,2.0798795223236084,-0.022053701803088188,0.5880208015441895
3,straight,2.66,3.143895387649536,-0.023687150329351425,0.29319998621940613,0.2567523717880249,0.22040008008480072,2.017096996307373,-0.023687150329351425,0.5083832144737244
3,straight,2.68,3.1835179328918457,-0.025497369468212128,0.29319998621940613,0.25729963183403015,0.22040008008480072,1.9527404308319092,-0.025497369468212128,0.42421191930770874
3,straight,2.7,3.2222397327423096,-0.027188211679458618,0.29319998621940613,0.2587715983390808,0.22040008008480072,1.9491580724716187,-0.027188211679458618,0.5524783134460449
3,straight,2.72,3.2614598274230957,-0.02869870327413082,0.29319998621940613,0.2605750262737274,0.22040008008480072,1.9720174074172974,-0.02869870327413082,0.6190606355667114
3,straight,2.74,3.3011579513549805,-0.02917368896305561,0.29319998621940613,0.26037079095840454,0.22040008008480072,1.9901753664016724,-0.02917368896305561,0.654857873916626
3,straight,2.7600000000000002,3.3418335914611816,-0.029364336282014847,0.29319998621940613,0.25874564051628113,0.22040008008480072,2.0609164237976074,-0.029364336282014847,0.49528735876083374
3,straight,2.7800000000000002,3.382633686065674,-0.029115501791238785,0.29319998621940613,0.2557940185070038,0.22040008008480072,1.9962717294692993,-0.029115501791238785,0.4859875738620758
3,straight,2.8000000000000003,3.4217007160186768,-0.028358219191432,0.29319998621940613,0.25408458709716797,0.22040008008480072,1.9403176307678223,-0.028358219191432,0.5315080285072327
3,straight,2.82,3.460848569869995,-0.026782987639307976,0.29319998621940613,0.2558903396129608,0.22040008008480072,1.987851619720459,-0.026782987639307976,0.5802545547485352
3,straight,2.84,3.5015358924865723,-0.025098450481891632,0.29319998621940613,0.2623410224914551,0.22040008008480072,2.08949875831604,-0.025098450481891632,0.5776726007461548
3,straight,2.86,3.54483699798584,-0.023877939209342003,0.29319998621940613,0.26865556836128235,0.22040008008480072,2.212815523147583,-0.023877939209342003,0.5142699480056763
3,straight,2.88,3.588155746459961,-0.023692084476351738,0.29319998621940613,0.2730864882469177,0.22040008008480072,2.1237800121307373,-0.023692084476351738,0.388054221868515
3,straight,2.9,3.630011558532715,-0.023629173636436462,0.29319998621940613,0.27814748883247375,0.22040008008480072,2.0826799869537354,-0.023629173636436462,0.39415910840034485
3,straight,2.92,3.671196222305298,-0.021947652101516724,0.29319998621940613,0.28333374857902527,0.22040008008480072,2.074939012527466,-0.021947652101516724,0.559638261795044
3,straight,2.94,3.7133607864379883,-0.019268443807959557,0.29319998621940613,0.2858431339263916,0.22040008008480072,2.132262706756592,-0.019268443807959557,0.6655428409576416
3,straight,2.96,3.7561521530151367,-0.01729443483054638,0.29319998621940613,0.2845900058746338,0.22040008008480072,2.1395840644836426,-0.01729443483054638,0.6317991018295288
3,straight,2.98,3.7989003658294678,-0.016007084399461746,0.29319998621940613,0.280634343624115,0.22040008008480072,2.101848840713501,-0.016007084399461746,0.5648850798606873
3,straight,3.0,3.8401296138763428,-0.014093318022787571,0.29319998621940613,0.2765870690345764,0.22040008008480072,2.0281238555908203,-0.014093318022787571,0.47784921526908875
4,straight,0.0,0.0,0.0,0.29319998621940613,0.3499999940395355,0.21058516204357147,0.0,0.0,0.0
4,straight,0.02,0.00010707508772611618,0.00015331117901951075,0.29319998621940613,0.3449722230434418,0.21058516204357147,0.004107974935323,0.00015331117901951075,0.41104656457901
4,straight,0.04,1.1056661605834961e-05,-0.00031574477907270193,0.29319998621940613,0.3358086347579956,0.21058516204357147,-0.0042040166445076466,-0.00031574477907270193,0.20878763496875763
4,straight,0.06,0.00044184084981679916,-9.12771520233946e-06,0.29319998621940613,0.32394322752952576,0.21058516204357147,0.029993800446391106,-9.12771520233946e-06,0.39512208104133606
4,straight,0.08,0.000990704633295536,9.264886466553435e-05,0.29319998621940613,0.30927756428718567,0.21058516204357147,0.024705400690436363,9.264886466553435e-05,0.40409141778945923
4,straight,0.1,0.0018708296120166779,0.00011672981781885028,0.29319998621940613,0.29102104902267456,0.21058516204357147,0.04515082389116287,0.00011672981781885028,0.4656743109226227
4,straight,0.12,0.0021708281710743904,0.0002633403055369854,0.29319998621940613,0.26759204268455505,0.21058516204357147,-0.004078776575624943,0.0002633403055369854,0.5028777718544006
4,straight,0.14,0.0019498132169246674,-0.00029110320610925555,0.29319998621940613,0.24127499759197235,0.21058516204357147,-0.012745866551995277,-0.00029110320610925555,0.5201497077941895
4,straight,0.16,0.0028942283242940903,-0.0016485410742461681,0.29319998621940613,0.2144138216972351,0.21058516204357147,0.11946768313646317,-0.0016485410742461681,0.6028615236282349
4,straight,0.18,0.007013323716819286,-0.0034111468121409416,0.29319998621940613,0.1934376209974289,0.21058516204357147,0.2655017375946045,-0.0034111468121409416,0.5947091579437256
4,straight,0.2,0.014114415273070335,-0.005803787615150213,0.29319998621940613,0.1808062493801117,0.21058516204357147,0.431911826133728,-0.005803787615150213,0.5697342157363892
4,straight,0.22,0.0245121531188488,-0.008638831786811352,0.29319998621940613,0.17645439505577087,0.21058516204357147,0.59324049949646,-0.008638831786811352,0.6116555333137512
4,straight,0.24,0.037644919008016586,-0.011149328202009201,0.29319998621940613,0.17878225445747375,0.21058516204357147,0.7024252414703369,-0.011149328202009201,0.6081594228744507
4,straight,0.26,0.05378233641386032,-0.01365608163177967,0.29319998621940613,0.18573597073554993,0.21058516204357147,0.8744728565216064,-0.01365608163177967,0.6065961122512817
4,straight,0.28,0.07145529985427856,-0.015563717111945152,0.29319998621940613,0.19346576929092407,0.21058516204357147,0.8763728141784668,-0.015563717111945152,0.5669142603874207
4,straight,0.3,0.0890187993645668,-0.016561424359679222,0.29319998621940613,0.19985979795455933,0.21058516204357147,0.8792010545730591,-0.016561424359679222,0.5735622644424438
4,straight,0.32,0.10665445774793625,-0.016688039526343346,0.29319998621940613,0.20367591083049774,0.21058516204357147,0.8760905861854553,-0.016688039526343346,0.5657588839530945
4,straight,0.34,0.12428990006446838,-0.01610308513045311,0.29319998621940613,0.20465759932994843,0.21058516204357147,0.8928225040435791,-0.01610308513045311,0.5280886888504028
4,straight,0.36,0.14236114919185638,-0.015280370600521564,0.29319998621940613,0.203343003988266,0.21058516204357147,0.9023326635360718,-0.015280370600521564,0.5123664140701294
4,straight,0.38,0.1599566638469696,-0.01356063224375248,0.29319998621940613,0.2011052519083023,0.21058516204357147,0.859353244304657,-0.01356063224375248,0.429522842168808
4,straight,0.4,0.1767217516899109,-0.01103288121521473,0.29319998621940613,0.1989251971244812,0.21058516204357147,0.8485137224197388,-0.01103288121521473,0.4874064028263092
4,straight,0.42,0.19555798172950745,-0.008372306823730469,0.29319998621940613,0.1986720710992813,0.21058516204357147,1.0399680137634277,-0.008372306823730469,0.6824039220809937
4,straight,0.44,0.21874117851257324,-0.005596657749265432,0.29319998621940613,0.1997281312942505,0.21058516204357147,1.243341326713562,-0.005596657749265432,0.6667444705963135
4,straight,0.46,0.2446049600839615,-0.0031736865639686584,0.29319998621940613,0.2001783549785614,0.21058516204357147,1.3098961114883423,-0.0031736865639686584,0.5036932229995728
4,straight,0.48,0.26987212896347046,-0.0016074974555522203,0.29319998621940613,0.20080986618995667,0.21058516204357147,1.2235463857650757,-0.0016074974555522203,0.48020878434181213
4,straight,0.5,0.2942637503147125,-0.0008531343773938715,0.29319998621940613,0.20341669023036957,0.21058516204357147,1.246732234954834,-0.0008531343773938715,0.6003026366233826
4,straight,0.52,0.32038936018943787,-0.000334867654601112,0.29319998621940613,0.20866724848747253,0.21058516204357147,1.377101182937622,-0.000334867654601112,0.691000759601593
4,straight,0.54,0.34999150037765503,-0.0008325030794367194,0.29319998621940613,0.21514704823493958,0.21058516204357147,1.5590384006500244,-0.0008325030794367194,0.7318156957626343
4,straight,0.56,0.3813149631023407,-0.0018497060518711805,0.29319998621940613,0.22020776569843292,0.21058516204357147,1.5762732028961182,-0.0018497060518711805,0.629939079284668
4,straight,0.58,0.41384974122047424,-0.003302535507827997,0.29319998621940613,0.22266805171966553,0.21058516204357147,1.617940068244934,-0.003302535507827997,0.5559592843055725
4,straight,0.6,0.44526785612106323,-0.004698270931839943,0.29319998621940613,0.22574175894260406,0.21058516204357147,1.5394843816757202,-0.004698270931839943,0.527586042881012
4,straight,0.62,0.47497767210006714,-0.005910937674343586,0.29319998621940613,0.23264159262180328,0.21058516204357147,1.4655479192733765,-0.005910937674343586,0.6345430612564087
4,straight,0.64,0.5044909119606018,-0.006605109665542841,0.29319998621940613,0.24423448741436005,0.21058516204357147,1.4893252849578857,-0.006605109665542841,0.6453015208244324
4,straight,0.66,0.535163402557373,-0.006981023121625185,0.29319998621940613,0.2609429955482483,0.21058516204357147,1.59502112865448,-0.006981023121625185,0.5972533226013184
4,straight,0.68,0.5685319900512695,-0.006898315157741308,0.29319998621940613,0.27681076526641846,0.21058516204357147,1.7111753225326538,-0.006898315157741308,0.5047846436500549
4,straight,0.7000000000000001,0.6024168729782104,-0.006178967654705048,0.29319998621940613,0.2883862257003784,0.21058516204357147,1.6764098405838013,-0.006178967654705048,0.3428817391395569
4,straight,0.72,0.6353532671928406,-0.005375616252422333,0.29319998621940613,0.2985358238220215,0.21058516204357147,1.63703453540802,-0.005375616252422333,0.31105080246925354
4,straight,0.74,0.6673846244812012,-0.003862793790176511,0.29319998621940613,0.30550840497016907,0.21058516204357147,1.5950419902801514,-0.003862793790176511,0.3971571922302246
4,straight,0.76,0.6993048787117004,-0.0027360348030924797,0.29319998621940613,0.3080815076828003,0.21058516204357147,1.608922004699707,-0.0027360348030924797,0.5416913032531738
4,straight,0.78,0.7316970825195312,-0.002364368876442313,0.29319998621940613,0.30675745010375977,0.21058516204357147,1.631849765777588,-0.002364368876442313,0.5369709134101868
4,straight,0.8,0.7646508812904358,-0.0027668545953929424,0.29319998621940613,0.30176907777786255,0.21058516204357147,1.661108136177063,-0.0027668545953929424,0.4375099837779999
4,straight,0.8200000000000001,0.7979026436805725,-0.002981900703161955,0.29319998621940613,0.29333359003067017,0.21058516204357147,1.6656746864318848,-0.002981900703161955,0.4582687020301819
4,straight,0.84,0.8308663368225098,-0.003654097206890583,0.29319998621940613,0.2811340391635895,0.21058516204357147,1.6309874057769775,-0.003654097206890583,0.5068955421447754
4,straight,0.86,0.8636884093284607,-0.004958265461027622,0.29319998621940613,0.26740241050720215,0.21058516204357147,1.6451654434204102,-0.004958265461027622,0.5887417197227478
4,straight,0.88,0.8963941335678101,-0.0066336398012936115,0.29319998621940613,0.25214633345603943,0.21058516204357147,1.62822687625885,-0.0066336398012936115,0.5903000235557556
4,straight,0.9,0.9297397136688232,-0.007940555922687054,0.29319998621940613,0.2384704351425171,0.21058516204357147,1.7001556158065796,-0.007940555922687054,0.5938261151313782
4,straight,0.92,0.9645090699195862,-0.010211360640823841,0.29319998621940613,0.2281920611858368,0.21058516204357147,1.7492612600326538,-0.010211360640823841,0.6222219467163086
4,straight,0.9400000000000001,0.9988150596618652,-0.013664601370692253,0.29319998621940613,0.22105787694454193,0.21058516204357147,1.6709531545639038,-0.013664601370692253,0.565453827381134
4,straight,0.96,1.0311545133590698,-0.018056869506835938,0.29319998621940613,0.21564140915870667,0.21058516204357147,1.5680947303771973,-0.018056869506835938,0.47164908051490784
4,straight,0.98,1.0624301433563232,-0.023040272295475006,0.29319998621940613,0.21239814162254333,0.21058516204357147,1.5627015829086304,-0.023040272295475006,0.5630236268043518
4,straight,1.0,1.0933961868286133,-0.028322812169790268,0.29319998621940613,0.2117629200220108,0.21058516204357147,1.5452226400375366,-0.028322812169790268,0.6743272542953491
4,straight,1.02,1.1244992017745972,-0.03418968990445137,0.29319998621940613,0.2121722400188446,0.21058516204357147,1.561270833015442,-0.03418968990445137,0.712695300579071
4,straight,1.04,1.1549334526062012,-0.04051573947072029,0.29319998621940613,0.2104146033525467,0.21058516204357147,1.4811030626296997,-0.04051573947072029,0.6760916113853455
4,straight,1.06,1.1840404272079468,-0.0458754263818264,0.29319998621940613,0.2076636403799057,0.21058516204357147,1.4173274040222168,-0.0458754263818264,0.5621095299720764
4,straight,1.08,1.211787223815918,-0.05019695684313774,0.29319998621940613,0.2057807296514511,0.21058516204357147,1.3475003242492676,-0.05019695684313774,0.546223521232605
4,straight,1.1,1.2379810810089111,-0.054212719202041626,0.29319998621940613,0.2058272659778595,0.21058516204357147,1.3082700967788696,-0.054212719202041626,0.5700187087059021
4,straight,1.12,1.2652467489242554,-0.057596683502197266,0.29319998621940613,0.20833365619182587,0.21058516204357147,1.4196767807006836,-0.057596683502197266,0.6489606499671936
4,straight,1.1400000000000001,1.2950632572174072,-0.059415318071842194,0.29319998621940613,0.2134017050266266,0.21058516204357147,1.564309000968933,-0.059415318071842194,0.6614341139793396
4,straight,1.16,1.32759690284729,-0.05929204076528549,0.29319998621940613,0.22009557485580444,0.21058516204357147,1.6579164266586304,-0.05929204076528549,0.6349756121635437
4,straight,1.18,1.3618948459625244,-0.05749954655766487,0.29319998621940613,0.22612756490707397,0.21058516204357147,1.7361884117126465,-0.05749954655766487,0.5248808264732361
4,straight,1.2,1.3954194784164429,-0.05570808798074722,0.29319998621940613,0.23145714402198792,0.21058516204357147,1.6563966274261475,-0.05570808798074722,0.3863489627838135
4,straight,1.22,1.42898428440094,-0.054625339806079865,0.29319998621940613,0.23945410549640656,0.21058516204357147,1.7114514112472534,-0.054625339806079865,0.5060412883758545
4,straight,1.24,1.4637306928634644,-0.05349873751401901,0.29319998621940613,0.2487144023180008,0.21058516204357147,1.7776271104812622,-0.05349873751401901,0.6875891089439392
4,straight,1.26,1.5005383491516113,-0.050963521003723145,0.29319998621940613,0.25756555795669556,0.21058516204357147,1.9025379419326782,-0.050963521003723145,0.57637619972229
4,straight,1.28,1.5387521982192993,-0.0488940104842186,0.29319998621940613,0.26329997181892395,0.21058516204357147,1.8936755657196045,-0.0488940104842186,0.4580475986003876
4,straight,1.3,1.5758728981018066,-0.046723417937755585,0.29319998621940613,0.26859912276268005,0.21058516204357147,1.836016297340393,-0.046723417937755585,0.4956376552581787
4,straight,1.32,1.6122848987579346,-0.044284626841545105,0.29319998621940613,0.27680709958076477,0.21058516204357147,1.8367637395858765,-0.044284626841545105,0.5450659394264221
4,straight,1.34,1.6499228477478027,-0.04253819212317467,0.29319998621940613,0.28642311692237854,0.21058516204357147,1.9318904876708984,-0.04253819212317467,0.5031460523605347
4,straight,1.36,1.6893293857574463,-0.04023446887731552,0.29319998621940613,0.2930203676223755,0.21058516204357147,1.98014497756958,-0.04023446887731552,0.38737952709198
4,straight,1.3800000000000001,1.7283241748809814,-0.037443507462739944,0.29319998621940613,0.29536572098731995,0.21058516204357147,1.9211467504501343,-0.037443507462739944,0.39486539363861084
4,straight,1.4000000000000001,1.7662349939346313,-0.03468647971749306,0.29319998621940613,0.295368492603302,0.21058516204357147,1.8804535865783691,-0.03468647971749306,0.4597030282020569
4,straight,1.42,1.803155541419983,-0.030873630195856094,0.29319998621940613,0.29273462295532227,0.21058516204357147,1.8404844999313354,-0.030873630195856094,0.5888276100158691
4,straight,1.44,1.8401802778244019,-0.027194010093808174,0.29319998621940613,0.286619633436203,0.21058516204357147,1.8745518922805786,-0.027194010093808174,0.6278795599937439
4,straight,1.46,1.8780620098114014,-0.023654527962207794,0.29319998621940613,0.2777973711490631,0.21058516204357147,1.9039236307144165,-0.023654527962207794,0.5669658780097961
4,straight,1.48,1.9159469604492188,-0.02081502601504326,0.29319998621940613,0.26595810055732727,0.21058516204357147,1.8873440027236938,-0.02081502601504326,0.5191498398780823
4,straight,1.5,1.9540046453475952,-0.018174882978200912,0.29319998621940613,0.25243276357650757,0.21058516204357147,1.8563191890716553,-0.018174882978200912,0.4455503225326538
4,straight,1.52,1.9896491765975952,-0.015860727056860924,0.29319998621940613,0.2401236742734909,0.21058516204357147,1.7383369207382202,-0.015860727056860924,0.5681949257850647
4,straight,1.54,2.0244314670562744,-0.012675999663770199,0.29319998621940613,0.22944287955760956,0.21058516204357147,1.7481591701507568,-0.012675999663770199,0.6695586442947388
4,straight,1.56,2.059931755065918,-0.008885852992534637,0.29319998621940613,0.22152765095233917,0.21058516204357147,1.8145852088928223,-0.008885852992534637,0.7389824986457825
4,straight,1.58,2.097224235534668,-0.004289157688617706,0.29319998621940613,0.21570323407649994,0.21058516204357147,1.878021001815796,-0.004289157688617706,0.7226555347442627
4,straight,1.6,2.1336793899536133,0.0005202234024181962,0.29319998621940613,0.211408793926239,0.21058516204357147,1.7638728618621826,0.0005202234024181962,0.6125649809837341
4,straight,1.62,2.1671841144561768,0.004553495906293392,0.29319998621940613,0.20929794013500214,0.21058516204357147,1.6096090078353882,0.004553495906293392,0.5333398580551147
4,straight,1.6400000000000001,2.198336362838745,0.006744718179106712,0.29319998621940613,0.2087048590183258,0.21058516204357147,1.5296845436096191,0.006744718179106712,0.5569050312042236
4,straight,1.6600000000000001,2.228379726409912,0.007120081689208746,0.29319998621940613,0.20972518622875214,0.21058516204357147,1.4948431253433228,0.007120081689208746,0.5998581051826477
4,straight,1.68,2.2578954696655273,0.005248832516372204,0.29319998621940613,0.21143682301044464,0.21058516204357147,1.4688694477081299,0.005248832516372204,0.6368059515953064
4,straight,1.7,2.2873916625976562,0.0018547154031693935,0.29319998621940613,0.21215856075286865,0.21058516204357147,1.4750590324401855,0.0018547154031693935,0.6510892510414124
4,straight,1.72,2.3170855045318604,-0.0018984831403940916,0.29319998621940613,0.21383941173553467,0.21058516204357147,1.452231764793396,-0.0018984831403940916,0.5854583978652954
4,straight,1.74,2.344968557357788,-0.005628047976642847,0.29319998621940613,0.2174694985151291,0.21058516204357147,1.3362046480178833,-0.005628047976642847,0.49176424741744995
4,straight,1.76,2.370467185974121,-0.008714529685676098,0.29319998621940613,0.22186806797981262,0.21058516204357147,1.23664391040802,-0.008714529685676098,0.5138744711875916
4,straight,1.78,2.394697904586792,-0.009791591204702854,0.29319998621940613,0.22668509185314178,0.21058516204357147,1.205776572227478,-0.009791591204702854,0.5674468874931335
4,straight,1.8,2.4197418689727783,-0.009970631450414658,0.29319998621940613,0.23483969271183014,0.21058516204357147,1.3175584077835083,-0.009970631450414658,0.6438649892807007
4,straight,1.82,2.447636365890503,-0.009361566044390202,0.29319998621940613,0.24566686153411865,0.21058516204357147,1.4549026489257812,-0.009361566044390202,0.6426054835319519
4,straight,1.84,2.477118968963623,-0.007563835009932518,0.29319998621940613,0.253771036863327,0.21058516204357147,1.4874708652496338,-0.007563835009932518,0.5383776426315308
4,straight,1.86,2.50657057762146,-0.004844197537750006,0.29319998621940613,0.25909024477005005,0.21058516204357147,1.465258240699768,-0.004844197537750006,0.3670997619628906
4,straight,1.8800000000000001,2.5351879596710205,-0.002973521826788783,0.29319998621940613,0.26447048783302307,0.21058516204357147,1.4143633842468262,-0.002973521826788783,0.36251378059387207
4,straight,1.9000000000000001,2.5628678798675537,-0.0015103027690201998,0.29319998621940613,0.2702160179615021,0.21058516204357147,1.385568618774414,-0.0015103027690201998,0.4721021056175232
4,straight,1.92,2.591096878051758,0.0007815125863999128,0.29319998621940613,0.2765471339225769,0.21058516204357147,1.4615778923034668,0.0007815125863999128,0.488311231136322
4,straight,1.94,2.6213808059692383,0.0033149102237075567,0.29319998621940613,0.2810652554035187,0.21058516204357147,1.5533490180969238,0.0033149102237075567,0.47916197776794434
4,straight,1.96,2.6532435417175293,0.005201749037951231,0.29319998621940613,0.28221625089645386,0.21058516204357147,1.6050503253936768,0.005201749037951231,0.46889424324035645
4,straight,1.98,2.685136556625366,0.006956454832106829,0.29319998621940613,0.2814520597457886,0.21058516204357147,1.5606396198272705,0.006956454832106829,0.4549561142921448
4,straight,2.0,2.7155938148498535,0.008743232116103172,0.29319998621940613,0.28100085258483887,0.21058516204357147,1.500063419342041,0.008743232116103172,0.513676106929779
4,straight,2.02,2.7458202838897705,0.011024660430848598,0.29319998621940613,0.28031808137893677,0.21058516204357147,1.559357762336731,0.011024660430848598,0.6276832818984985
4,straight,2.04,2.7779088020324707,0.012880557216703892,0.29319998621940613,0.27780774235725403,0.21058516204357147,1.6374539136886597,0.012880557216703892,0.5712689161300659
4,straight,2.06,2.811518430709839,0.015084817074239254,0.29319998621940613,0.2720974385738373,0.21058516204357147,1.691744089126587,0.015084817074239254,0.45795539021492004
4,straight,2.08,2.8446764945983887,0.01685713790357113,0.29319998621940613,0.26391106843948364,0.21058516204357147,1.6165812015533447,0.01685713790357113,0.43433040380477905
4,straight,2.1,2.8762130737304688,0.01764528825879097,0.29319998621940613,0.2580140233039856,0.21058516204357147,1.5794304609298706,0.01764528825879097,0.5442497730255127
4,straight,2.12,2.9079673290252686,0.017955975607037544,0.29319998621940613,0.25556907057762146,0.21058516204357147,1.6144509315490723,0.017955975607037544,0.6164757013320923
4,straight,2.14,2.941309690475464,0.0177994966506958,0.29319998621940613,0.2552410662174225,0.21058516204357147,1.7087531089782715,0.0177994966506958,0.6437146067619324
4,straight,2.16,2.9757306575775146,0.017964771017432213,0.29319998621940613,0.2531372904777527,0.21058516204357147,1.7273635864257812,0.017964771017432213,0.6360199451446533
4,straight,2.18,3.0116260051727295,0.01827244460582733,0.29319998621940613,0.24978961050510406,0.21058516204357147,1.8157292604446411,0.01827244460582733,0.5636908411979675
4,straight,2.2,3.0470457077026367,0.01920853741466999,0.29319998621940613,0.24670933187007904,0.21058516204357147,1.7439910173416138,0.01920853741466999,0.5321053862571716
4,straight,2.22,3.081608295440674,0.01996334083378315,0.29319998621940613,0.24573127925395966,0.21058516204357147,1.750150203704834,0.01996334083378315,0.6173244714736938
4,straight,2.24,3.117866277694702,0.020628513768315315,0.29319998621940613,0.2485160231590271,0.21058516204357147,1.8860267400741577,0.020628513768315315,0.6608030796051025
4,straight,2.2600000000000002,3.158048391342163,0.021149296313524246,0.29319998621940613,0.25603049993515015,0.21058516204357147,2.1151134967803955,0.021149296313524246,0.6204435229301453
4,straight,2.2800000000000002,3.2014827728271484,0.021620292216539383,0.29319998621940613,0.2640811800956726,0.21058516204357147,2.1697256565093994,0.021620292216539383,0.49503618478775024
4,straight,2.3000000000000003,3.2435872554779053,0.02140355482697487,0.29319998621940613,0.270705908536911,0.21058516204357147,2.067779541015625,0.02140355482697487,0.3617039918899536
4,straight,2.32,3.2840895652770996,0.021303897723555565,0.29319998621940613,0.27665016055107117,0.21058516204357147,2.020211935043335,0.021303897723555565,0.34323933720588684
4,straight,2.34,3.3242573738098145,0.021853342652320862,0.29319998621940613,0.2812331020832062,0.21058516204357147,2.0295839309692383,0.021853342652320862,0.5278939008712769
4,straight,2.36,3.366022825241089,0.023252353072166443,0.29319998621940613,0.28374695777893066,0.21058516204357147,2.1446030139923096,0.023252353072166443,0.6187750697135925
4,straight,2.38,3.4098191261291504,0.024394797161221504,0.29319998621940613,0.2840389311313629,0.21058516204357147,2.204524040222168,0.024394797161221504,0.5950120091438293
4,straight,2.4,3.453916311264038,0.024810468778014183,0.29319998621940613,0.2814515233039856,0.21058516204357147,2.1708946228027344,0.024810468778014183,0.5371819734573364
4,straight,2.42,3.4964599609375,0.025876613333821297,0.29319998621940613,0.2794819474220276,0.21058516204357147,2.106558322906494,0.025876613333821297,0.5809910297393799
4,straight,2.44,3.53808856010437,0.027310891076922417,0.29319998621940613,0.2802509665489197,0.21058516204357147,2.11159348487854,0.027310891076922417,0.6614615321159363
4,straight,2.46,3.581211566925049,0.02823210507631302,0.29319998621940613,0.28288978338241577,0.21058516204357147,2.1999688148498535,0.02823210507631302,0.6202241778373718
4,straight,2.48,3.625946044921875,0.028848551213741302,0.29319998621940613,0.2824876308441162,0.21058516204357147,2.249307632446289,0.028848551213741302,0.5250062346458435
4,straight,2.5,3.671046495437622,0.02974862977862358,0.29319998621940613,0.27868813276290894,0.21058516204357147,2.2296676635742188,0.02974862977862358,0.43097466230392456
4,straight,2.52,3.7145919799804688,0.029857471585273743,0.29319998621940613,0.2756478190422058,0.21058516204357147,2.130796432495117,0.029857471585273743,0.4930202066898346
4,straight,2.54,3.7562508583068848,0.029523633420467377,0.29319998621940613,0.27449485659599304,0.21058516204357147,2.0797324180603027,0.029523633420467377,0.5549021363258362
4,straight,2.56,3.797999143600464,0.029512330889701843,0.29319998621940613,0.27349725365638733,0.21058516204357147,2.1105144023895264,0.029512330889701843,0.6701658964157104
4,straight,2.58,3.840970754623413,0.029789792373776436,0.29319998621940613,0.2704741060733795,0.21058516204357147,2.1679112911224365,0.029789792373776436,0.6860373616218567
5,straight,0.0,0.0,0.0,0.29319998621940613,0.3499999940395355,0.39939090609550476,0.0,0.0,0.0
5,straight,0.02,-0.0002672979608178139,-0.00017206801567226648,0.29319998621940613,0.34510311484336853,0.39939090609550476,-0.021606741473078728,-0.00017206801567226648,0.4217408001422882
5,straight,0.04,-0.0004439251497387886,-0.0003846659092232585,0.29319998621940613,0.33582252264022827,0.39939090609550476,0.004759646952152252,-0.0003846659092232585,0.2059156745672226
5,straight,0.06,-7.319357246160507e-05,-0.0002571220393292606,0.29319998621940613,0.32410770654678345,0.39939090609550476,0.022909540683031082,-0.0002571220393292606,0.26613304018974304
5,straight,0.08,0.0007465649396181107,-0.000473299587611109,0.29319998621940613,0.30905115604400635,0.39939090609550476,0.04118768498301506,-0.000473299587611109,0.43096011877059937
5,straight,0.1,0.0015043430030345917,-0.0004548458964563906,0.29319998621940613,0.29015034437179565,0.39939090609550476,0.027367135509848595,-0.0004548458964563906,0.531234622001648
5,straight,0.12,0.0014232415705919266,-0.0004427576204761863,0.29319998621940613,0.26773208379745483,0.39939090609550476,-0.018650392070412636,-0.0004427576204761863,0.5482107996940613
5,straight,0.14,0.0015553254634141922,-0.0003469629446044564,0.29319998621940613,0.24137334525585175,0.39939090609550476,0.018911955878138542,-0.0003469629446044564,0.5348671674728394
5,straight,0.16,0.002828523050993681,-0.0004108952998649329,0.29319998621940613,0.212849423289299,0.39939090609550476,0.1415742039680481,-0.0004108952998649329,0.4933665692806244
5,straight,0.18,0.007325444370508194,-0.0024934527464210987,0.29319998621940613,0.19009068608283997,0.39939090609550476,0.28056952357292175,-0.0024934527464210987,0.539122462272644
5,straight,0.2,0.014432625845074654,-0.005221146624535322,0.29319998621940613,0.17673783004283905,0.39939090609550476,0.41756942868232727,-0.005221146624535322,0.6098494529724121
5,straight,0.22,0.024866705760359764,-0.008011785335838795,0.29319998621940613,0.17337673902511597,0.39939090609550476,0.6085482239723206,-0.008011785335838795,0.6326146125793457
5,straight,0.24,0.038056984543800354,-0.010439925827085972,0.29319998621940613,0.1769787073135376,0.39939090609550476,0.6961239576339722,-0.010439925827085972,0.6319630742073059
5,straight,0.26,0.053214624524116516,-0.012358349747955799,0.29319998621940613,0.18310268223285675,0.39939090609550476,0.7913573980331421,-0.012358349747955799,0.573564350605011
5,straight,0.28,0.06964783370494843,-0.013739979825913906,0.29319998621940613,0.18788838386535645,0.39939090609550476,0.8185173869132996,-0.013739979825913906,0.5101417899131775
5,straight,0.3,0.0854489728808403,-0.013333101756870747,0.29319998621940613,0.1913953423500061,0.39939090609550476,0.7653733491897583,-0.013333101756870747,0.43814224004745483
5,straight,0.32,0.100230872631073,-0.011661672033369541,0.29319998621940613,0.19368436932563782,0.39939090609550476,0.714742124080658,-0.011661672033369541,0.4484042525291443
5,straight,0.34,0.11448591947555542,-0.010102364234626293,0.29319998621940613,0.19408975541591644,0.39939090609550476,0.7071895599365234,-0.010102364234626293,0.33303114771842957
5,straight,0.36,0.12889991700649261,-0.008500981144607067,0.29319998621940613,0.1925051510334015,0.39939090609550476,0.7338663339614868,-0.008500981144607067,0.4649176001548767
5,straight,0.38,0.14310598373413086,-0.005976137239485979,0.29319998621940613,0.1888340562582016,0.39939090609550476,0.6973979473114014,-0.005976137239485979,0.46148428320884705
5,straight,0.4,0.15699820220470428,-0.003985758870840073,0.29319998621940613,0.18604663014411926,0.39939090609550476,0.7081142663955688,-0.003985758870840073,0.5360471606254578
5,straight,0.42,0.1720637083053589,-0.0022382421884685755,0.29319998621940613,0.18307310342788696,0.39939090609550476,0.7709829807281494,-0.0022382421884685755,0.5616830587387085
5,straight,0.44,0.18730519711971283,-0.0008844058611430228,0.29319998621940613,0.1801159679889679,0.39939090609550476,0.7565678954124451,-0.0008844058611430228,0.5385419726371765
5,straight,0.46,0.20244118571281433,-0.0002611313830129802,0.29319998621940613,0.17841704189777374,0.39939090609550476,0.7706403136253357,-0.0002611313830129802,0.5805380344390869
5,straight,0.48,0.21878652274608612,-0.00036833289777860045,0.29319998621940613,0.1790245920419693,0.39939090609550476,0.8668964505195618,-0.00036833289777860045,0.6575155854225159
5,straight,0.5,0.237622931599617,-0.0009989587124437094,0.29319998621940613,0.1822585016489029,0.39939090609550476,1.041160225868225,-0.0009989587124437094,0.7414189577102661
5,straight,0.52,0.26117557287216187,-0.0027045172173529863,0.29319998621940613,0.18897846341133118,0.39939090609550476,1.2628116607666016,-0.0027045172173529863,0.7381004095077515
5,straight,0.54,0.2873729467391968,-0.0051908367313444614,0.29319998621940613,0.1965593695640564,0.39939090609550476,1.3307557106018066,-0.0051908367313444614,0.684783399105072
5,straight,0.56,0.3135688602924347,-0.008418767713010311,0.29319998621940613,0.2014799863100052,0.39939090609550476,1.2720184326171875,-0.008418767713010311,0.6195456981658936
5,straight,0.58,0.33915412425994873,-0.011517198756337166,0.29319998621940613,0.20581352710723877,0.39939090609550476,1.2910712957382202,-0.011517198756337166,0.5203268527984619
5,straight,0.6,0.3647986352443695,-0.0146016301587224,0.29319998621940613,0.20953741669654846,0.39939090609550476,1.302213430404663,-0.0146016301587224,0.5293527841567993
5,straight,0.62,0.3917424976825714,-0.017905332148075104,0.29319998621940613,0.2146405577659607,0.39939090609550476,1.3836727142333984,-0.017905332148075104,0.5743003487586975
5,straight,0.64,0.41951504349708557,-0.02074282616376877,0.29319998621940613,0.22178249061107635,0.39939090609550476,1.4033985137939453,-0.02074282616376877,0.6284705996513367
5,straight,0.66,0.44810861349105835,-0.023150453343987465,0.29319998621940613,0.2331548035144806,0.39939090609550476,1.470555067062378,-0.023150453343987465,0.6510055065155029
5,straight,0.68,0.4787679612636566,-0.024988511577248573,0.29319998621940613,0.2462838590145111,0.39939090609550476,1.5748963356018066,-0.024988511577248573,0.6633846163749695
5,straight,0.7000000000000001,0.5103746652603149,-0.026321489363908768,0.29319998621940613,0.2562158703804016,0.39939090609550476,1.5752259492874146,-0.026321489363908768,0.5610920786857605
5,straight,0.72,0.5416775941848755,-0.02673875354230404,0.29319998621940613,0.26246270537376404,0.39939090609550476,1.55762779712677,-0.02673875354230404,0.4641985595226288
5,straight,0.74,0.5721467733383179,-0.026370085775852203,0.29319998621940613,0.26793572306632996,0.39939090609550476,1.5129508972167969,-0.026370085775852203,0.454006165266037
5,straight,0.76,0.602235734462738,-0.024651626124978065,0.29319998621940613,0.27375224232673645,0.39939090609550476,1.5306603908538818,-0.024651626124978065,0.5837228894233704
5,straight,0.78,0.634270191192627,-0.021843357011675835,0.29319998621940613,0.2782351076602936,0.39939090609550476,1.6654620170593262,-0.021843357011675835,0.6750037670135498
5,straight,0.8,0.6686170697212219,-0.018648581579327583,0.29319998621940613,0.2808662950992584,0.39939090609550476,1.7527248859405518,-0.018648581579327583,0.6011083126068115
5,straight,0.8200000000000001,0.70433509349823,-0.015631919726729393,0.29319998621940613,0.2809932231903076,0.39939090609550476,1.7999141216278076,-0.015631919726729393,0.4430609941482544
5,straight,0.84,0.7399867177009583,-0.013264721259474754,0.29319998621940613,0.276999294757843,0.39939090609550476,1.7570278644561768,-0.013264721259474754,0.4766892194747925
5,straight,0.86,0.7747122645378113,-0.009500966407358646,0.29319998621940613,0.2724858522415161,0.39939090609550476,1.724058985710144,-0.009500966407358646,0.5897955298423767
5,straight,0.88,0.8093062043190002,-0.005337829701602459,0.29319998621940613,0.2668556869029999,0.39939090609550476,1.747189998626709,-0.005337829701602459,0.6138588786125183
5,straight,0.9,0.8451186418533325,-0.002642664359882474,0.29319998621940613,0.26179996132850647,0.39939090609550476,1.8305047750473022,-0.002642664359882474,0.5821150541305542
5,straight,0.92,0.8827253580093384,-0.00116391247138381,0.29319998621940613,0.25639915466308594,0.39939090609550476,1.9087674617767334,-0.00116391247138381,0.526258111000061
5,straight,0.9400000000000001,0.9205166101455688,0.0004865812952630222,0.29319998621940613,0.24854500591754913,0.39939090609550476,1.8509658575057983,0.0004865812952630222,0.5135357975959778
5,straight,0.96,0.9571012854576111,0.0013451261911541224,0.29319998621940613,0.2422671765089035,0.39939090609550476,1.821174144744873,0.0013451261911541224,0.558059811592102
5,straight,0.98,0.9932059049606323,0.0018916332628577948,0.29319998621940613,0.23986473679542542,0.39939090609550476,1.8239450454711914,0.0018916332628577948,0.6349242329597473
5,straight,1.0,1.0309122800827026,0.0021282436791807413,0.29319998621940613,0.24087686836719513,0.39939090609550476,1.9429365396499634,0.0021282436791807413,0.67902672290802
5,straight,1.02,1.0711772441864014,0.002507622819393873,0.29319998621940613,0.2415323406457901,0.39939090609550476,2.0650272369384766,0.002507622819393873,0.6836183667182922
5,straight,1.04,1.1125411987304688,0.0024437513202428818,0.29319998621940613,0.23997466266155243,0.39939090609550476,2.027303457260132,0.0024437513202428818,0.5826904773712158
5,straight,1.06,1.1523878574371338,0.0021669717971235514,0.29319998621940613,0.238228902220726,0.39939090609550476,1.959798812866211,0.0021669717971235514,0.5198047161102295
5,straight,1.08,1.1912248134613037,0.0019410636741667986,0.29319998621940613,0.2362091839313507,0.39939090609550476,1.9486571550369263,0.0019410636741667986,0.5737876296043396
5,straight,1.1,1.23054838180542,0.0014879070222377777,0.29319998621940613,0.23678046464920044,0.39939090609550476,2.0123138427734375,0.0014879070222377777,0.6706822514533997
5,straight,1.12,1.2724440097808838,0.0007789549417793751,0.29319998621940613,0.24051012098789215,0.39939090609550476,2.1651077270507812,0.0007789549417793751,0.711494505405426
5,straight,1.1400000000000001,1.3160438537597656,-0.0002238750457763672,0.29319998621940613,0.24270455539226532,0.39939090609550476,2.189528703689575,-0.0002238750457763672,0.6848139762878418
5,straight,1.16,1.3601608276367188,-0.0004658240359276533,0.29319998621940613,0.2408968210220337,0.39939090609550476,2.2083163261413574,-0.0004658240359276533,0.5659507513046265
5,straight,1.18,1.4038405418395996,-0.0005943845608271658,0.29319998621940613,0.23765049874782562,0.39939090609550476,2.1624417304992676,-0.0005943845608271658,0.47487667202949524
5,straight,1.2,1.4461266994476318,-0.0013087393017485738,0.29319998621940613,0.23624062538146973,0.39939090609550476,2.0814924240112305,-0.0013087393017485738,0.4561983346939087
5,straight,1.22,1.487489104270935,-0.002126498846337199,0.29319998621940613,0.2391689121723175,0.39939090609550476,2.078202962875366,-0.002126498846337199,0.6027334928512573
5,straight,1.24,1.52936851978302,-0.00316027645021677,0.29319998621940613,0.24637973308563232,0.39939090609550476,2.1203973293304443,-0.00316027645021677,0.7044650316238403
5,straight,1.26,1.5733954906463623,-0.003478198079392314,0.29319998621940613,0.2555275559425354,0.39939090609550476,2.276353359222412,-0.003478198079392314,0.6095693707466125
5,straight,1.28,1.6198394298553467,-0.0037421875167638063,0.29319998621940613,0.26286688446998596,0.39939090609550476,2.3139758110046387,-0.0037421875167638063,0.4787216782569885
5,straight,1.3,1.6650632619857788,-0.0033587743528187275,0.29319998621940613,0.2695516049861908,0.39939090609550476,2.226734161376953,-0.0033587743528187275,0.4984170198440552
5,straight,1.32,1.7090874910354614,-0.002584358211606741,0.29319998621940613,0.27757856249809265,0.39939090609550476,2.2045655250549316,-0.002584358211606741,0.5213167667388916
5,straight,1.34,1.7533997297286987,-0.002980373566970229,0.29319998621940613,0.2858288586139679,0.39939090609550476,2.254255771636963,-0.002980373566970229,0.5031974911689758
5,straight,1.36,1.7991037368774414,-0.0030517172999680042,0.29319998621940613,0.2908696234226227,0.39939090609550476,2.2959251403808594,-0.0030517172999680042,0.37537646293640137
5,straight,1.3800000000000001,1.844575047492981,-0.0022334097884595394,0.29319998621940613,0.291657418012619,0.39939090609550476,2.249504804611206,-0.0022334097884595394,0.3459550142288208
5,straight,1.4000000000000001,1.8885302543640137,-0.0023059630766510963,0.29319998621940613,0.29271113872528076,0.39939090609550476,2.1779749393463135,-0.0023059630766510963,0.4730328619480133
5,straight,1.42,1.931674838066101,-0.0016506348038092256,0.29319998621940613,0.29246601462364197,0.39939090609550476,2.1646769046783447,-0.0016506348038092256,0.6082255840301514
5,straight,1.44,1.9753557443618774,-0.0006314261700026691,0.29319998621940613,0.2891279458999634,0.39939090609550476,2.1970620155334473,-0.0006314261700026691,0.6497519016265869
5,straight,1.46,2.019806385040283,5.624120240099728e-05,0.29319998621940613,0.28216633200645447,0.39939090609550476,2.227334499359131,5.624120240099728e-05,0.6057626605033875
5,straight,1.48,2.064349412918091,0.00019269631593488157,0.29319998621940613,0.27212661504745483,0.39939090609550476,2.219966173171997,0.00019269631593488157,0.513092577457428
5,straight,1.5,2.1076202392578125,0.001253973925486207,0.29319998621940613,0.2613658308982849,0.39939090609550476,2.113569736480713,0.001253973925486207,0.4724641442298889
5,straight,1.52,2.1495606899261475,0.00304693216457963,0.29319998621940613,0.25186556577682495,0.39939090609550476,2.108262538909912,0.00304693216457963,0.6167668700218201
5,straight,1.54,2.1925175189971924,0.004593706224113703,0.29319998621940613,0.245191752910614,0.39939090609550476,2.1897432804107666,0.004593706224113703,0.7409098744392395
5,straight,1.56,2.2378664016723633,0.0062091294676065445,0.29319998621940613,0.2404327243566513,0.39939090609550476,2.316023588180542,0.0062091294676065445,0.7205753922462463
5,straight,1.58,2.283036470413208,0.007839804515242577,0.29319998621940613,0.23544380068778992,0.39939090609550476,2.196810007095337,0.007839804515242577,0.627600908279419
5,straight,1.6,2.3256468772888184,0.008789214305579662,0.29319998621940613,0.23108582198619843,0.39939090609550476,2.0778446197509766,0.008789214305579662,0.508090078830719
5,straight,1.62,2.366229772567749,0.008884903974831104,0.29319998621940613,0.23048704862594604,0.39939090609550476,1.9977413415908813,0.008884903974831104,0.504217267036438
5,straight,1.6400000000000001,2.406055212020874,0.00899407360702753,0.29319998621940613,0.23401209712028503,0.39939090609550476,2.017155170440674,0.00899407360702753,0.6257571578025818
5,straight,1.6600000000000001,2.44698429107666,0.009761765599250793,0.29319998621940613,0.23889322578907013,0.39939090609550476,2.0777499675750732,0.009761765599250793,0.6528022885322571
5,straight,1.68,2.4889614582061768,0.010248437523841858,0.29319998621940613,0.24076390266418457,0.39939090609550476,2.111280918121338,0.010248437523841858,0.67209792137146
5,straight,1.7,2.5311412811279297,0.009997966699302197,0.29319998621940613,0.23874984681606293,0.39939090609550476,2.1067614555358887,0.009997966699302197,0.6382977962493896
5,straight,1.72,2.572754383087158,0.009643297642469406,0.29319998621940613,0.2348790168762207,0.39939090609550476,2.0240252017974854,0.009643297642469406,0.5281453728675842
5,straight,1.74,2.6123881340026855,0.009617399424314499,0.29319998621940613,0.23179444670677185,0.39939090609550476,1.9652670621871948,0.009617399424314499,0.5032014846801758
5,straight,1.76,2.6517605781555176,0.009671431966125965,0.29319998621940613,0.23114433884620667,0.39939090609550476,2.000263214111328,0.009671431966125965,0.6093311905860901
5,straight,1.78,2.6925013065338135,0.01015238557010889,0.29319998621940613,0.23358620703220367,0.39939090609550476,2.0785720348358154,0.01015238557010889,0.6553351283073425
5,straight,1.8,2.735313653945923,0.010162538848817348,0.29319998621940613,0.23826228082180023,0.39939090609550476,2.196552038192749,0.010162538848817348,0.6431816816329956
5,straight,1.82,2.7803471088409424,0.010174681432545185,0.29319998621940613,0.24177531898021698,0.39939090609550476,2.268867015838623,0.010174681432545185,0.5623274445533752
5,straight,1.84,2.8254780769348145,0.010372857563197613,0.29319998621940613,0.24281121790409088,0.39939090609550476,2.2241058349609375,0.010372857563197613,0.455769419670105
5,straight,1.86,2.8685598373413086,0.010520725511014462,0.29319998621940613,0.24592016637325287,0.39939090609550476,2.136800527572632,0.010520725511014462,0.46717163920402527
5,straight,1.8800000000000001,2.911531448364258,0.010837574489414692,0.29319998621940613,0.25187939405441284,0.39939090609550476,2.184936285018921,0.010837574489414692,0.6212717890739441
5,straight,1.9000000000000001,2.9562551975250244,0.0120376106351614,0.29319998621940613,0.25727707147598267,0.39939090609550476,2.28147292137146,0.0120376106351614,0.7191996574401855
5,straight,1.92,3.003286123275757,0.014026947319507599,0.29319998621940613,0.26161080598831177,0.39939090609550476,2.410658597946167,0.014026947319507599,0.624741792678833
5,straight,1.94,3.0518925189971924,0.015486365184187889,0.29319998621940613,0.26346930861473083,0.39939090609550476,2.402195930480957,0.015486365184187889,0.5297431349754333
5,straight,1.96,3.0989649295806885,0.016863584518432617,0.29319998621940613,0.2647627890110016,0.39939090609550476,2.3168575763702393,0.016863584518432617,0.5138551592826843
5,straight,1.98,3.1444833278656006,0.01916680485010147,0.29319998621940613,0.2677190899848938,0.39939090609550476,2.2766056060791016,0.01916680485010147,0.5496201515197754
5,straight,2.0,3.190072536468506,0.02068915031850338,0.29319998621940613,0.2749631404876709,0.39939090609550476,2.3158793449401855,0.02068915031850338,0.5732349753379822
5,straight,2.02,3.237508535385132,0.021336914971470833,0.29319998621940613,0.28131550550460815,0.39939090609550476,2.4200284481048584,0.021336914971470833,0.5445992350578308
5,straight,2.04,3.2865822315216064,0.02221151813864708,0.29319998621940613,0.283477246761322,0.39939090609550476,2.467822551727295,0.02221151813864708,0.4137086272239685
5,straight,2.06,3.3346710205078125,0.02306218259036541,0.29319998621940613,0.28420358896255493,0.39939090609550476,2.338427782058716,0.02306218259036541,0.35982900857925415
5,straight,2.08,3.3796632289886475,0.02346564643085003,0.29319998621940613,0.28705722093582153,0.39939090609550476,2.2204995155334473,0.02346564643085003,0.49288859963417053
5,straight,2.1,3.424666166305542,0.024882197380065918,0.29319998621940613,0.29034623503685,0.39939090609550476,2.295917510986328,0.024882197380065918,0.6468414068222046
5,straight,2.12,3.4717307090759277,0.026605824008584023,0.29319998621940613,0.2917720377445221,0.39939090609550476,2.39416766166687,0.026605824008584023,0.6271335482597351
5,straight,2.14,3.520106315612793,0.028104586526751518,0.29319998621940613,0.2896971106529236,0.39939090609550476,2.423861026763916,0.028104586526751518,0.5867467522621155
5,straight,2.16,3.5685791969299316,0.028883468359708786,0.29319998621940613,0.284412682056427,0.39939090609550476,2.4169483184814453,0.028883468359708786,0.5476576685905457
5,straight,2.18,3.616032361984253,0.030222615227103233,0.29319998621940613,0.27795058488845825,0.39939090609550476,2.3162567615509033,0.030222615227103233,0.5168036222457886
5,straight,2.2,3.6616768836975098,0.033452510833740234,0.29319998621940613,0.2727374732494354,0.39939090609550476,2.264788866043091,0.033452510833740234,0.5944398045539856
5,straight,2.22,3.7070579528808594,0.03732352331280708,0.29319998621940613,0.26795247197151184,0.39939090609550476,2.288175582885742,0.03732352331280708,0.5796263217926025
5,straight,2.24,3.752629518508911,0.0413692481815815,0.29319998621940613,0.26078981161117554,0.39939090609550476,2.2762503623962402,0.0413692481815815,0.5008002519607544
5,straight,2.2600000000000002,3.7978508472442627,0.04595663771033287,0.29319998621940613,0.2516821026802063,0.39939090609550476,2.2135164737701416,0.04595663771033287,0.41852304339408875
5,straight,2.2800000000000002,3.840125560760498,0.04913119971752167,0.29319998621940613,0.24411121010780334,0.39939090609550476,2.038926601409912,0.04913119971752167,0.45841774344444275
5,straight,2.3000000000000003,3.87939715385437,0.05176233500242233,0.29319998621940613,0.24024131894111633,0.39939090609550476,1.8850685358047485,0.05176233500242233,0.4655473828315735
5,straight,2.32,3.9154303073883057,0.0548953153192997,0.29319998621940613,0.24158631265163422,0.39939090609550476,1.760550618171692,0.0548953153192997,0.593884289264679
5,straight,2.34,3.9502615928649902,0.057098399847745895,0.29319998621940613,0.24697256088256836,0.39939090609550476,1.7429245710372925,0.057098399847745895,0.567750096321106
5,straight,2.36,3.985445976257324,0.05830111354589462,0.29319998621940613,0.25271061062812805,0.39939090609550476,1.7805991172790527,0.05830111354589462,0.603356659412384
6,straight,0.0,0.0,0.0,0.29319998621940613,0.3499999940395355,0.37132856249809265,0.0,0.0,0.0
6,straight,0.02,-0.0006155213341116905,0.00016010136459954083,0.29319998621940613,0.3449413776397705,0.37132856249809265,-0.040114667266607285,0.00016010136459954083,0.42728015780448914
6,straight,0.04,-0.0008605225011706352,-0.000349967711372301,0.29319998621940613,0.3357764780521393,0.37132856249809265,0.001287536695599556,-0.000349967711372301,0.27955254912376404
6,straight,0.06,-0.0003941236063838005,-0.00032723965705372393,0.29319998621940613,0.3236894905567169,0.37132856249809265,0.029890011996030807,-0.00032723965705372393,0.4170450270175934
6,straight,0.08,6.712973117828369e-05,0.00019426968356128782,0.29319998621940613,0.3082447052001953,0.37132856249809265,0.01787012442946434,0.00019426968356128782,0.47644996643066406
6,straight,0.1,0.0005667377263307571,0.0002588461502455175,0.29319998621940613,0.289802223443985,0.37132856249809265,0.0248882919549942,0.0002588461502455175,0.47857365012168884
6,straight,0.12,0.001086357980966568,-0.00022455299040302634,0.29319998621940613,0.26764193177223206,0.37132856249809265,0.02198573760688305,-0.00022455299040302634,0.49080541729927063
6,straight,0.14,0.0020292215049266815,-0.00044907600386068225,0.29319998621940613,0.2415480613708496,0.37132856249809265,0.047356732189655304,-0.00044907600386068225,0.5547405481338501
6,straight,0.16,0.002695738337934017,-6.475984264397994e-05,0.29319998621940613,0.2127792090177536,0.37132856249809265,0.06137504801154137,-6.475984264397994e-05,0.6116246581077576
6,straight,0.18,0.005671767983585596,0.0010940920328721404,0.29319998621940613,0.18931721150875092,0.37132856249809265,0.2232857644557953,0.0010940920328721404,0.5777236819267273
6,straight,0.2,0.011969760991632938,0.0015927277272567153,0.29319998621940613,0.1756962388753891,0.37132856249809265,0.39390140771865845,0.0015927277272567153,0.5766208171844482
6,straight,0.22,0.021274659782648087,0.0013820849126204848,0.29319998621940613,0.1709441989660263,0.37132856249809265,0.5202277898788452,0.0013820849126204848,0.6145162582397461
6,straight,0.24,0.03255385160446167,0.0004889254923909903,0.29319998621940613,0.17333969473838806,0.37132856249809265,0.5927281379699707,0.0004889254923909903,0.65277099609375
6,straight,0.26,0.04606642574071884,-0.0003533462295308709,0.29319998621940613,0.18108168244361877,0.37132856249809265,0.719725489616394,-0.0003533462295308709,0.6030617356300354
6,straight,0.28,0.06068270653486252,-0.00041254679672420025,0.29319998621940613,0.19004395604133606,0.37132856249809265,0.7302725315093994,-0.00041254679672420025,0.5393961668014526
6,straight,0.3,0.0749344527721405,5.308513937052339e-05,0.29319998621940613,0.1971747726202011,0.37132856249809265,0.6831177473068237,5.308513937052339e-05,0.4841063916683197
6,straight,0.32,0.08783216029405594,0.0014681098982691765,0.29319998621940613,0.20233121514320374,0.37132856249809265,0.6104586720466614,0.0014681098982691765,0.4452691078186035
6,straight,0.34,0.09952891618013382,0.0031079931650310755,0.29319998621940613,0.20492693781852722,0.37132856249809265,0.5739971399307251,0.0031079931650310755,0.4585430324077606
6,straight,0.36,0.11080649495124817,0.004789532162249088,0.29319998621940613,0.20380480587482452,0.37132856249809265,0.5622392892837524,0.004789532162249088,0.4266003668308258
6,straight,0.38,0.1217140182852745,0.006512362975627184,0.29319998621940613,0.20002120733261108,0.37132856249809265,0.5340721011161804,0.006512362975627184,0.354323148727417
6,straight,0.4,0.13267703354358673,0.008278817869722843,0.29319998621940613,0.19473469257354736,0.37132856249809265,0.5475566983222961,0.008278817869722843,0.39473235607147217
6,straight,0.42,0.14355413615703583,0.00975128822028637,0.29319998621940613,0.18852566182613373,0.37132856249809265,0.5447528958320618,0.00975128822028637,0.4188847541809082
6,straight,0.44,0.15413561463356018,0.011304919607937336,0.29319998621940613,0.1815560758113861,0.37132856249809265,0.5075815916061401,0.011304919607937336,0.4549257755279541
6,straight,0.46,0.1644897311925888,0.012062571942806244,0.29319998621940613,0.17507128417491913,0.37132856249809265,0.5274736881256104,0.012062571942806244,0.5386596918106079
6,straight,0.48,0.17504489421844482,0.01206248253583908,0.29319998621940613,0.16941450536251068,0.37132856249809265,0.5342559218406677,0.01206248253583908,0.5826539397239685
6,straight,0.5,0.18633481860160828,0.012119718827307224,0.29319998621940613,0.16436609625816345,0.37132856249809265,0.5742887854576111,0.012119718827307224,0.6232138276100159
6,straight,0.52,0.19736647605895996,0.01211773045361042,0.29319998621940613,0.1616797149181366,0.37132856249809265,0.566114604473114,0.01211773045361042,0.6557474732398987
6,straight,0.54,0.20921552181243896,0.011747066862881184,0.29319998621940613,0.1606569141149521,0.37132856249809265,0.5907345414161682,0.011747066862881184,0.5847309231758118
6,straight,0.56,0.21993115544319153,0.01232666615396738,0.29319998621940613,0.1603098213672638,0.37132856249809265,0.4930066764354706,0.01232666615396738,0.5218559503555298
6,straight,0.58,0.22969265282154083,0.014573479071259499,0.29319998621940613,0.16105516254901886,0.37132856249809265,0.4822242558002472,0.014573479071259499,0.4393955171108246
6,straight,0.6,0.23933950066566467,0.01828046143054962,0.29319998621940613,0.1636773943901062,0.37132856249809265,0.5017123222351074,0.01828046143054962,0.5522368550300598
6,straight,0.62,0.24949395656585693,0.023317599669098854,0.29319998621940613,0.167793869972229,0.37132856249809265,0.5256220698356628,0.023317599669098854,0.6357665657997131
6,straight,0.64,0.26108095049858093,0.028286024928092957,0.29319998621940613,0.17310191690921783,0.37132856249809265,0.6243191957473755,0.028286024928092957,0.6609901189804077
6,straight,0.66,0.275073379278183,0.03318440541625023,0.29319998621940613,0.18048079311847687,0.37132856249809265,0.7525697350502014,0.03318440541625023,0.6466853618621826
6,straight,0.68,0.29017090797424316,0.03928326815366745,0.29319998621940613,0.18882185220718384,0.37132856249809265,0.7409543395042419,0.03928326815366745,0.6341238021850586
6,straight,0.7000000000000001,0.3046082556247711,0.04540175944566727,0.29319998621940613,0.19613298773765564,0.37132856249809265,0.6982361674308777,0.04540175944566727,0.6101886630058289
6,straight,0.72,0.3188243806362152,0.05033976957201958,0.29319998621940613,0.20284883677959442,0.37132856249809265,0.7261437177658081,0.05033976957201958,0.6189762949943542
6,straight,0.74,0.3332746922969818,0.0541069321334362,0.29319998621940613,0.21078172326087952,0.37132856249809265,0.7515418529510498,0.0541069321334362,0.5748084783554077
6,straight,0.76,0.34904801845550537,0.056727971881628036,0.29319998621940613,0.22133678197860718,0.37132856249809265,0.8470556735992432,0.056727971881628036,0.6048373579978943
6,straight,0.78,0.3667682111263275,0.05839363485574722,0.29319998621940613,0.23336100578308105,0.37132856249809265,0.9293918609619141,0.05839363485574722,0.6324761509895325
6,straight,0.8,0.3862742781639099,0.060103755444288254,0.29319998621940613,0.24350495636463165,0.37132856249809265,1.019715666770935,0.060103755444288254,0.6146926283836365
6,straight,0.8200000000000001,0.40793827176094055,0.061881329864263535,0.29319998621940613,0.25138261914253235,0.37132856249809265,1.1137654781341553,0.061881329864263535,0.4230770170688629
6,straight,0.84,0.4303852319717407,0.06331274658441544,0.29319998621940613,0.25584447383880615,0.37132856249809265,1.1128816604614258,0.06331274658441544,0.36747661232948303
6,straight,0.86,0.45235151052474976,0.06480046361684799,0.29319998621940613,0.25947555899620056,0.37132856249809265,1.0987128019332886,0.06480046361684799,0.4915439486503601
6,straight,0.88,0.47465279698371887,0.06528466194868088,0.29319998621940613,0.2643883228302002,0.37132856249809265,1.1409709453582764,0.06528466194868088,0.5683652758598328
6,straight,0.9,0.49808716773986816,0.06345624476671219,0.29319998621940613,0.2704178988933563,0.37132856249809265,1.2167606353759766,0.06345624476671219,0.5853976607322693
6,straight,0.92,0.5235974192619324,0.060485657304525375,0.29319998621940613,0.27511513233184814,0.37132856249809265,1.3175235986709595,0.060485657304525375,0.5458554029464722
6,straight,0.9400000000000001,0.5505544543266296,0.057355254888534546,0.29319998621940613,0.2762652039527893,0.37132856249809265,1.3608487844467163,0.057355254888534546,0.45626649260520935
6,straight,0.96,0.5776733160018921,0.05490027368068695,0.29319998621940613,0.27349549531936646,0.37132856249809265,1.3511533737182617,0.05490027368068695,0.43199530243873596
6,straight,0.98,0.6042512059211731,0.052760906517505646,0.29319998621940613,0.26865455508232117,0.37132856249809265,1.3076645135879517,0.052760906517505646,0.4721255302429199
6,straight,1.0,0.6300225257873535,0.05069033429026604,0.29319998621940613,0.2656346559524536,0.37132856249809265,1.311450719833374,0.05069033429026604,0.5539135336875916
6,straight,1.02,0.6570259928703308,0.04904506355524063,0.29319998621940613,0.26442986726760864,0.37132856249809265,1.3911672830581665,0.04904506355524063,0.6203132271766663
6,straight,1.04,0.6860252618789673,0.04769531637430191,0.29319998621940613,0.2628755569458008,0.37132856249809265,1.4890270233154297,0.04769531637430191,0.6094765663146973
6,straight,1.06,0.7167749404907227,0.04639299958944321,0.29319998621940613,0.2598717510700226,0.37132856249809265,1.5683778524398804,0.04639299958944321,0.5127106308937073
6,straight,1.08,0.7478818893432617,0.04510726034641266,0.29319998621940613,0.2546790838241577,0.37132856249809265,1.5445195436477661,0.04510726034641266,0.5240803360939026
6,straight,1.1,0.7787385582923889,0.04390890523791313,0.29319998621940613,0.25146961212158203,0.37132856249809265,1.568661093711853,0.04390890523791313,0.6434076428413391
6,straight,1.12,0.8112395405769348,0.042166173458099365,0.29319998621940613,0.2510353922843933,0.37132856249809265,1.684725284576416,0.042166173458099365,0.6808171272277832
6,straight,1.1400000000000001,0.846315860748291,0.03917091712355614,0.29319998621940613,0.2507571578025818,0.37132856249809265,1.8071606159210205,0.03917091712355614,0.6596221327781677
6,straight,1.16,0.8831775188446045,0.03585329279303551,0.29319998621940613,0.2486654669046402,0.37132856249809265,1.8545374870300293,0.03585329279303551,0.5921604633331299
6,straight,1.18,0.9198952317237854,0.0322839617729187,0.29319998621940613,0.24496056139469147,0.37132856249809265,1.8034963607788086,0.0322839617729187,0.4716085195541382
6,straight,1.2,0.955104410648346,0.02837650291621685,0.29319998621940613,0.24244074523448944,0.37132856249809265,1.737229824066162,0.02837650291621685,0.4724558889865875
6,straight,1.22,0.9896093010902405,0.024203136563301086,0.29319998621940613,0.243744358420372,0.37132856249809265,1.7299360036849976,0.024203136563301086,0.562566876411438
6,straight,1.24,1.0243102312088013,0.01961422711610794,0.29319998621940613,0.24784217774868011,0.37132856249809265,1.7498579025268555,0.01961422711610794,0.61698317527771
6,straight,1.26,1.0606764554977417,0.015529884025454521,0.29319998621940613,0.2541324198246002,0.37132856249809265,1.8892890214920044,0.015529884025454521,0.6284042000770569
6,straight,1.28,1.0998581647872925,0.011818083003163338,0.29319998621940613,0.26019617915153503,0.37132856249809265,1.974320888519287,0.011818083003163338,0.5207056999206543
6,straight,1.3,1.139139175415039,0.00851321779191494,0.29319998621940613,0.26565828919410706,0.37132856249809265,1.946729302406311,0.00851321779191494,0.49467581510543823
6,straight,1.32,1.1776790618896484,0.005294819828122854,0.29319998621940613,0.2720135748386383,0.37132856249809265,1.9366235733032227,0.005294819828122854,0.5293639302253723
6,straight,1.34,1.2167267799377441,0.0006734438939020038,0.29319998621940613,0.2783125042915344,0.37132856249809265,1.9976648092269897,0.0006734438939020038,0.529008150100708
6,straight,1.36,1.2577935457229614,-0.004095787648111582,0.29319998621940613,0.28218576312065125,0.37132856249809265,2.0829741954803467,-0.004095787648111582,0.42620623111724854
6,straight,1.3800000000000001,1.2993427515029907,-0.00770745100453496,0.29319998621940613,0.28213006258010864,0.37132856249809265,2.0769035816192627,-0.00770745100453496,0.3114442825317383
6,straight,1.4000000000000001,1.3396488428115845,-0.012018301524221897,0.29319998621940613,0.28088313341140747,0.37132856249809265,1.981770634651184,-0.012018301524221897,0.36447933316230774
6,straight,1.42,1.3783589601516724,-0.015561742708086967,0.29319998621940613,0.28030797839164734,0.37132856249809265,1.922789216041565,-0.015561742708086967,0.5511568784713745
6,straight,1.44,1.4169706106185913,-0.017737168818712234,0.29319998621940613,0.27865877747535706,0.37132856249809265,1.9568586349487305,-0.017737168818712234,0.6658723950386047
6,straight,1.46,1.457062840461731,-0.019329749047756195,0.29319998621940613,0.27422651648521423,0.37132856249809265,2.0309200286865234,-0.019329749047756195,0.6986910700798035
6,straight,1.48,1.497702717781067,-0.021111635491251945,0.29319998621940613,0.26667284965515137,0.37132856249809265,1.99855375289917,-0.021111635491251945,0.6104162931442261
6,straight,1.5,1.537134051322937,-0.02219459041953087,0.29319998621940613,0.2587841749191284,0.37132856249809265,1.9433099031448364,-0.02219459041953087,0.5539102554321289
6,straight,1.52,1.5751259326934814,-0.022977812215685844,0.29319998621940613,0.25077056884765625,0.37132856249809265,1.8712430000305176,-0.022977812215685844,0.5586439371109009
6,straight,1.54,1.6125754117965698,-0.023646127432584763,0.29319998621940613,0.24516120553016663,0.37132856249809265,1.900282859802246,-0.023646127432584763,0.6431518197059631
6,straight,1.56,1.6517456769943237,-0.024512628093361855,0.29319998621940613,0.2433748096227646,0.37132856249809265,2.0206058025360107,-0.024512628093361855,0.7015915513038635
6,straight,1.58,1.6937047243118286,-0.02507651038467884,0.29319998621940613,0.24376502633094788,0.37132856249809265,2.1443874835968018,-0.02507651038467884,0.7035282850265503
6,straight,1.6,1.736325979232788,-0.02523348666727543,0.29319998621940613,0.24255475401878357,0.37132856249809265,2.0773558616638184,-0.02523348666727543,0.6041595339775085
6,straight,1.62,1.7766146659851074,-0.02614245004951954,0.29319998621940613,0.24133601784706116,0.37132856249809265,1.9633104801177979,-0.02614245004951954,0.47553691267967224
6,straight,1.6400000000000001,1.8151397705078125,-0.027616817504167557,0.29319998621940613,0.2404192090034485,0.37132856249809265,1.9117026329040527,-0.027616817504167557,0.4385189116001129
6,straight,1.6600000000000001,1.8534914255142212,-0.02902892604470253,0.29319998621940613,0.24162587523460388,0.37132856249809265,1.940468668937683,-0.02902892604470253,0.6224026083946228
6,straight,1.68,1.8928951025009155,-0.030334526672959328,0.29319998621940613,0.2436973750591278,0.37132856249809265,1.9929804801940918,-0.030334526672959328,0.729465901851654
6,straight,1.7,1.9327764511108398,-0.03125685825943947,0.29319998621940613,0.24379995465278625,0.37132856249809265,1.9901753664016724,-0.03125685825943947,0.6958713531494141
6,straight,1.72,1.9737874269485474,-0.031979065388441086,0.29319998621940613,0.24222615361213684,0.37132856249809265,2.0558180809020996,-0.031979065388441086,0.5732912421226501
6,straight,1.74,2.0139682292938232,-0.032494429498910904,0.29319998621940613,0.24029205739498138,0.37132856249809265,1.972030758857727,-0.032494429498910904,0.5395330190658569
6,straight,1.76,2.0528347492218018,-0.03233400732278824,0.29319998621940613,0.23913869261741638,0.37132856249809265,1.934478998184204,-0.03233400732278824,0.5343793034553528
6,straight,1.78,2.091113567352295,-0.03100319765508175,0.29319998621940613,0.24005362391471863,0.37132856249809265,1.908333420753479,-0.03100319765508175,0.5963007807731628
6,straight,1.8,2.130357027053833,-0.029086561873555183,0.29319998621940613,0.24485455453395844,0.37132856249809265,2.024792194366455,-0.029086561873555183,0.6203791499137878
6,straight,1.82,2.1724817752838135,-0.027168231084942818,0.29319998621940613,0.2500539720058441,0.37132856249809265,2.1613049507141113,-0.027168231084942818,0.5845170021057129
6,straight,1.84,2.2146806716918945,-0.02599693462252617,0.29319998621940613,0.25394555926322937,0.37132856249809265,2.0635478496551514,-0.02599693462252617,0.4194980263710022
6,straight,1.86,2.2551817893981934,-0.025018276646733284,0.29319998621940613,0.25820496678352356,0.37132856249809265,2.007628917694092,-0.025018276646733284,0.44153356552124023
6,straight,1.8800000000000001,2.2955920696258545,-0.023795651271939278,0.29319998621940613,0.26197221875190735,0.37132856249809265,2.057156801223755,-0.023795651271939278,0.6292508840560913
6,straight,1.9000000000000001,2.3372018337249756,-0.022158343344926834,0.29319998621940613,0.2633614242076874,0.37132856249809265,2.092984676361084,-0.022158343344926834,0.726645827293396
6,straight,1.92,2.379685401916504,-0.020104795694351196,0.29319998621940613,0.2627393901348114,0.37132856249809265,2.149675130844116,-0.020104795694351196,0.6249468326568604
6,straight,1.94,2.422832489013672,-0.01866489090025425,0.29319998621940613,0.25922149419784546,0.37132856249809265,2.1542670726776123,-0.01866489090025425,0.552218496799469
6,straight,1.96,2.4646248817443848,-0.01682356558740139,0.29319998621940613,0.25452208518981934,0.37132856249809265,2.0467114448547363,-0.01682356558740139,0.5215418934822083
6,straight,1.98,2.5048670768737793,-0.014082325622439384,0.29319998621940613,0.25211432576179504,0.37132856249809265,2.0047082901000977,-0.014082325622439384,0.5188440680503845
6,straight,2.0,2.544755458831787,-0.011349416337907314,0.29319998621940613,0.2551823556423187,0.37132856249809265,2.0066354274749756,-0.011349416337907314,0.6586961150169373
6,straight,2.02,2.586336851119995,-0.0087427431717515,0.29319998621940613,0.2613038122653961,0.37132856249809265,2.1545302867889404,-0.0087427431717515,0.675990104675293
6,straight,2.04,2.630894422531128,-0.006277794484049082,0.29319998621940613,0.2659785747528076,0.37132856249809265,2.252267837524414,-0.006277794484049082,0.5738889575004578
6,straight,2.06,2.6754705905914307,-0.0042946189641952515,0.29319998621940613,0.2696850895881653,0.37132856249809265,2.2032358646392822,-0.0042946189641952515,0.4522515535354614
6,straight,2.08,2.719001293182373,-0.0018997155129909515,0.29319998621940613,0.27173733711242676,0.37132856249809265,2.166548728942871,-0.0018997155129909515,0.4074592888355255
6,straight,2.1,2.7618327140808105,0.001412017154507339,0.29319998621940613,0.2720598876476288,0.37132856249809265,2.162876605987549,0.001412017154507339,0.6466259956359863
6,straight,2.12,2.8061461448669434,0.006450978107750416,0.29319998621940613,0.2707403302192688,0.37132856249809265,2.2683095932006836,0.006450978107750416,0.7439666986465454
6,straight,2.14,2.8518500328063965,0.011820053681731224,0.29319998621940613,0.2673024535179138,0.37132856249809265,2.2941291332244873,0.011820053681731224,0.6800099611282349
6,straight,2.16,2.8982059955596924,0.016566410660743713,0.29319998621940613,0.26088854670524597,0.37132856249809265,2.3192098140716553,0.016566410660743713,0.6044336557388306
6,straight,2.18,2.9446628093719482,0.019441023468971252,0.29319998621940613,0.2511886656284332,0.37132856249809265,2.3084845542907715,0.019441023468971252,0.5637456178665161
6,straight,2.2,2.990541458129883,0.020747102797031403,0.29319998621940613,0.23893488943576813,0.37132856249809265,2.2995073795318604,0.020747102797031403,0.599321186542511
6,straight,2.22,3.037497043609619,0.022157547995448112,0.29319998621940613,0.22494211792945862,0.37132856249809265,2.371814727783203,0.022157547995448112,0.4566487967967987
6,straight,2.24,3.083706855773926,0.020405570045113564,0.29319998621940613,0.21084296703338623,0.37132856249809265,2.2495880126953125,0.020405570045113564,0.38861384987831116
6,straight,2.2600000000000002,3.127354145050049,0.015312188304960728,0.29319998621940613,0.1975690722465515,0.37132856249809265,2.12542724609375,0.015312188304960728,0.35011231899261475
6,straight,2.2800000000000002,3.168480634689331,0.00923923496156931,0.29319998621940613,0.18370820581912994,0.37132856249809265,2.0162832736968994,0.00923923496156931,0.44598671793937683
6,straight,2.3000000000000003,3.2045609951019287,0.003881388809531927,0.29319998621940613,0.17087608575820923,0.37132856249809265,1.2326849699020386,0.003881388809531927,0.44084155559539795
6,straight,2.32,3.228626251220703,0.004558493848890066,0.29319998621940613,0.17282424867153168,0.37132856249809265,1.21442449092865,0.004558493848890066,0.45629873871803284
7,straight,0.0,0.0,0.0,0.1704999953508377,0.3499999940395355,0.34167376160621643,0.0,0.0,0.0
7,straight,0.02,-0.0005959970876574516,-6.648248381679878e-05,0.1704999953508377,0.3444150686264038,0.34167376160621643,-0.04293866083025932,-6.648248381679878e-05,0.47802701592445374
7,straight,0.04,-0.0003574313595890999,-0.00014062381524126977,0.1704999953508377,0.33405211567878723,0.34167376160621643,0.03611436486244202,-0.00014062381524126977,0.2727116048336029
7,straight,0.06,0.0007125278934836388,-0.00018735488993115723,0.1704999953508377,0.321875661611557,0.34167376160621643,0.055764488875865936,-0.00018735488993115723,0.4135778546333313
7,straight,0.08,0.0007061883807182312,0.00016280892305076122,0.1704999953508377,0.3072318136692047,0.34167376160621643,-0.032667841762304306,0.00016280892305076122,0.6085807681083679
7,straight,0.1,0.0005480851978063583,8.22547372081317e-05,0.1704999953508377,0.2886829078197479,0.34167376160621643,0.008954470977187157,8.22547372081317e-05,0.5559126138687134
7,straight,0.12,0.0008529629558324814,0.00012710827286355197,0.1704999953508377,0.2670019268989563,0.34167376160621643,0.01670321263372898,0.00012710827286355197,0.6072001457214355
7,straight,0.14,0.0008640298619866371,0.0006635446334257722,0.1704999953508377,0.2414488047361374,0.34167376160621643,-0.006610420066863298,0.0006635446334257722,0.6098136901855469
7,straight,0.16,0.0006318371742963791,0.00046938765444792807,0.1704999953508377,0.21085983514785767,0.34167376160621643,-0.001171137671917677,0.00046938765444792807,0.4912092089653015
7,straight,0.18,0.0021540410816669464,0.0005919523537158966,0.1704999953508377,0.17936362326145172,0.34167376160621643,0.15051774680614471,0.0005919523537158966,0.45627570152282715
7,straight,0.2,0.006359033286571503,-0.0006263524992391467,0.1704999953508377,0.15367890894412994,0.34167376160621643,0.2685002386569977,-0.0006263524992391467,0.5650660991668701
7,straight,0.22,0.013009482994675636,-0.0028070490807294846,0.1704999953508377,0.13659335672855377,0.34167376160621643,0.37930887937545776,-0.0028070490807294846,0.6294316649436951
7,straight,0.24,0.021654902026057243,-0.005944292061030865,0.1704999953508377,0.12829606235027313,0.34167376160621643,0.45951762795448303,-0.005944292061030865,0.6393257975578308
7,straight,0.26,0.03282025828957558,-0.00928325392305851,0.1704999953508377,0.12772570550441742,0.34167376160621643,0.6248791813850403,-0.00928325392305851,0.6089102029800415
7,straight,0.28,0.04645288735628128,-0.011780830100178719,0.1704999953508377,0.13223940134048462,0.34167376160621643,0.7201260328292847,-0.011780830100178719,0.6058964133262634
7,straight,0.3,0.061072856187820435,-0.013025222346186638,0.1704999953508377,0.1391053944826126,0.34167376160621643,0.7307119369506836,-0.013025222346186638,0.5864772796630859
7,straight,0.32,0.07517468929290771,-0.01340482197701931,0.1704999953508377,0.14587268233299255,0.34167376160621643,0.6768312454223633,-0.01340482197701931,0.5711687803268433
7,straight,0.34,0.089270681142807,-0.013329791836440563,0.1704999953508377,0.15123724937438965,0.34167376160621643,0.7142952680587769,-0.013329791836440563,0.5365409851074219
7,straight,0.36,0.10321992635726929,-0.013410334475338459,0.1704999953508377,0.15436598658561707,0.34167376160621643,0.6683909893035889,-0.013410334475338459,0.4334026277065277
7,straight,0.38,0.1158943697810173,-0.012325999327003956,0.1704999953508377,0.15544284880161285,0.34167376160621643,0.601919949054718,-0.012325999327003956,0.41454288363456726
7,straight,0.4,0.12750723958015442,-0.010263580828905106,0.1704999953508377,0.15501047670841217,0.34167376160621643,0.5820945501327515,-0.010263580828905106,0.45900759100914
7,straight,0.42,0.14036254584789276,-0.008594751358032227,0.1704999953508377,0.15572240948677063,0.34167376160621643,0.7130652070045471,-0.008594751358032227,0.6204339861869812
7,straight,0.44,0.15609198808670044,-0.007287525571882725,0.1704999953508377,0.15697866678237915,0.34167376160621643,0.8422130942344666,-0.007287525571882725,0.676374077796936
7,straight,0.46,0.17335623502731323,-0.005917842965573072,0.1704999953508377,0.1577891707420349,0.34167376160621643,0.870464026927948,-0.005917842965573072,0.6430478692054749
7,straight,0.48,0.19066360592842102,-0.00462839100509882,0.1704999953508377,0.15776072442531586,0.34167376160621643,0.8587195873260498,-0.00462839100509882,0.5521796345710754
7,straight,0.5,0.2081354856491089,-0.003886817255988717,0.1704999953508377,0.1575276255607605,0.34167376160621643,0.8983347415924072,-0.003886817255988717,0.5183972716331482
7,straight,0.52,0.2264542132616043,-0.003232573624700308,0.1704999953508377,0.15746043622493744,0.34167376160621643,0.9498454332351685,-0.003232573624700308,0.5810447335243225
7,straight,0.54,0.24654433131217957,-0.003033698769286275,0.1704999953508377,0.15791288018226624,0.34167376160621643,1.0592639446258545,-0.003033698769286275,0.6400665640830994
7,straight,0.56,0.26848822832107544,-0.003038547234609723,0.1704999953508377,0.15863358974456787,0.34167376160621643,1.1363732814788818,-0.003038547234609723,0.6851629614830017
7,straight,0.58,0.29255858063697815,-0.0031427964568138123,0.1704999953508377,0.1604505181312561,0.34167376160621643,1.282997488975525,-0.0031427964568138123,0.7093234658241272
7,straight,0.6,0.3197866678237915,-0.003267589956521988,0.1704999953508377,0.1630854457616806,0.34167376160621643,1.4244587421417236,-0.003267589956521988,0.6678712964057922
7,straight,0.62,0.34892165660858154,-0.0037769244518131018,0.1704999953508377,0.1642661690711975,0.34167376160621643,1.4549838304519653,-0.0037769244518131018,0.5341993570327759
7,straight,0.64,0.3773709833621979,-0.003933542408049107,0.1704999953508377,0.1641840785741806,0.34167376160621643,1.4075074195861816,-0.003933542408049107,0.5090345144271851
7,straight,0.66,0.40529564023017883,-0.0039315298199653625,0.1704999953508377,0.16471515595912933,0.34167376160621643,1.4070532321929932,-0.0039315298199653625,0.5601269602775574
7,straight,0.68,0.4342232346534729,-0.004224537406116724,0.1704999953508377,0.1657560169696808,0.34167376160621643,1.4906553030014038,-0.004224537406116724,0.5826385021209717
7,straight,0.7000000000000001,0.4643281102180481,-0.004807787016034126,0.1704999953508377,0.1665441244840622,0.34167376160621643,1.521410346031189,-0.004807787016034126,0.6120536923408508
7,straight,0.72,0.4944550395011902,-0.005508203059434891,0.1704999953508377,0.16634701192378998,0.34167376160621643,1.497368335723877,-0.005508203059434891,0.6550289988517761
7,straight,0.74,0.5245963335037231,-0.006277855020016432,0.1704999953508377,0.16548240184783936,0.34167376160621643,1.5148481130599976,-0.006277855020016432,0.6950229406356812
7,straight,0.76,0.5551049113273621,-0.00643167644739151,0.1704999953508377,0.16370421648025513,0.34167376160621643,1.510777235031128,-0.00643167644739151,0.6902282238006592
7,straight,0.78,0.5844680070877075,-0.005856133531779051,0.1704999953508377,0.16003237664699554,0.34167376160621643,1.4178465604782104,-0.005856133531779051,0.610459566116333
7,straight,0.8,0.6120935082435608,-0.006255926564335823,0.1704999953508377,0.15607725083827972,0.34167376160621643,1.3629032373428345,-0.006255926564335823,0.5425873398780823
7,straight,0.8200000000000001,0.6393370628356934,-0.007478208746761084,0.1704999953508377,0.1530614048242569,0.34167376160621643,1.3741426467895508,-0.007478208746761084,0.5638993978500366
7,straight,0.84,0.6671710014343262,-0.008581135421991348,0.1704999953508377,0.15159426629543304,0.34167376160621643,1.4214699268341064,-0.008581135421991348,0.6077983975410461
7,straight,0.86,0.6963452696800232,-0.009191787801682949,0.1704999953508377,0.150791734457016,0.34167376160621643,1.4904565811157227,-0.009191787801682949,0.6386892795562744
7,straight,0.88,0.7265102863311768,-0.009967588819563389,0.1704999953508377,0.15039660036563873,0.34167376160621643,1.5216033458709717,-0.009967588819563389,0.6154982447624207
7,straight,0.9,0.7579784393310547,-0.010632093995809555,0.1704999953508377,0.15080375969409943,0.34167376160621643,1.6300835609436035,-0.010632093995809555,0.6277666091918945
7,straight,0.92,0.7915351986885071,-0.010901272296905518,0.1704999953508377,0.15123020112514496,0.34167376160621643,1.6938097476959229,-0.010901272296905518,0.5830607414245605
7,straight,0.9400000000000001,0.8246221542358398,-0.010726376436650753,0.1704999953508377,0.15112778544425964,0.34167376160621643,1.6015630960464478,-0.010726376436650753,0.4642978310585022
7,straight,0.96,0.8557462096214294,-0.009276055730879307,0.1704999953508377,0.1507430076599121,0.34167376160621643,1.5319679975509644,-0.009276055730879307,0.48758408427238464
7,straight,0.98,0.885908305644989,-0.007074557710438967,0.1704999953508377,0.15058010816574097,0.34167376160621643,1.5160789489746094,-0.007074557710438967,0.5676200985908508
7,straight,1.0,0.916645884513855,-0.004912763833999634,0.1704999953508377,0.15002939105033875,0.34167376160621643,1.5669045448303223,-0.004912763833999634,0.6040929555892944
7,straight,1.02,0.9478758573532104,-0.0030690666753798723,0.1704999953508377,0.147984579205513,0.34167376160621643,1.555180311203003,-0.0030690666753798723,0.6515828371047974
7,straight,1.04,0.9785163998603821,-0.0006769633037038147,0.1704999953508377,0.14432397484779358,0.34167376160621643,1.4942039251327515,-0.0006769633037038147,0.6902047395706177
7,straight,1.06,1.0083056688308716,0.0015163345960900187,0.1704999953508377,0.14081984758377075,0.34167376160621643,1.4698745012283325,0.0015163345960900187,0.6432241201400757
7,straight,1.08,1.0373109579086304,0.004278290551155806,0.1704999953508377,0.13725657761096954,0.34167376160621643,1.4230480194091797,0.004278290551155806,0.5817596912384033
7,straight,1.1,1.0653291940689087,0.006640915293246508,0.1704999953508377,0.13438215851783752,0.34167376160621643,1.3934800624847412,0.006640915293246508,0.5647218823432922
7,straight,1.12,1.0931133031845093,0.008249636739492416,0.1704999953508377,0.13304084539413452,0.34167376160621643,1.395639181137085,0.008249636739492416,0.5887834429740906
7,straight,1.1400000000000001,1.1210758686065674,0.009144498966634274,0.1704999953508377,0.1328340768814087,0.34167376160621643,1.4039896726608276,0.009144498966634274,0.6081969738006592
7,straight,1.16,1.1489224433898926,0.009243732318282127,0.1704999953508377,0.13332733511924744,0.34167376160621643,1.3811956644058228,0.009243732318282127,0.6082611680030823
7,straight,1.18,1.1768280267715454,0.009152241982519627,0.1704999953508377,0.13527387380599976,0.34167376160621643,1.4281452894210815,0.009152241982519627,0.6398687958717346
7,straight,1.2,1.2060304880142212,0.009151160717010498,0.1704999953508377,0.13776716589927673,0.34167376160621643,1.4830536842346191,0.009151160717010498,0.6511732935905457
7,straight,1.22,1.2355146408081055,0.009155423380434513,0.1704999953508377,0.1389559656381607,0.34167376160621643,1.4511770009994507,0.009155423380434513,0.6198856830596924
7,straight,1.24,1.263707160949707,0.009344711899757385,0.1704999953508377,0.13880150020122528,0.34167376160621643,1.3585560321807861,0.009344711899757385,0.5278670787811279
7,straight,1.26,1.2905062437057495,0.010109337978065014,0.1704999953508377,0.13811255991458893,0.34167376160621643,1.328640103340149,0.010109337978065014,0.3649798631668091
7,straight,1.28,1.3167860507965088,0.01126109343022108,0.1704999953508377,0.13729335367679596,0.34167376160621643,1.321743130683899,0.01126109343022108,0.4928772747516632
7,straight,1.3,1.3437365293502808,0.012683236040174961,0.1704999953508377,0.13571494817733765,0.34167376160621643,1.377701997756958,0.012683236040174961,0.561143159866333
7,straight,1.32,1.3716633319854736,0.013649200089275837,0.1704999953508377,0.1332620084285736,0.34167376160621643,1.4147249460220337,0.013649200089275837,0.6050444841384888
7,straight,1.34,1.4004895687103271,0.013793807476758957,0.1704999953508377,0.13120755553245544,0.34167376160621643,1.461206078529358,0.013793807476758957,0.6469182968139648
7,straight,1.36,1.4303381443023682,0.013219944201409817,0.1704999953508377,0.129912331700325,0.34167376160621643,1.490010142326355,0.013219944201409817,0.6009153127670288
7,straight,1.3800000000000001,1.4595141410827637,0.011940935626626015,0.1704999953508377,0.12869125604629517,0.34167376160621643,1.4258164167404175,0.011940935626626015,0.5526992678642273
7,straight,1.4000000000000001,1.4871571063995361,0.00938293244689703,0.1704999953508377,0.12709742784500122,0.34167376160621643,1.352726697921753,0.00938293244689703,0.550356924533844
7,straight,1.42,1.5138691663742065,0.005224998574703932,0.1704999953508377,0.1254805475473404,0.34167376160621643,1.3497332334518433,0.005224998574703932,0.5926205515861511
7,straight,1.44,1.5410822629928589,-0.00047606241423636675,0.1704999953508377,0.12405186146497726,0.34167376160621643,1.3789079189300537,-0.00047606241423636675,0.6646998524665833
7,straight,1.46,1.568544864654541,-0.0073204003274440765,0.1704999953508377,0.12170108407735825,0.34167376160621643,1.3705042600631714,-0.0073204003274440765,0.6775799989700317
7,straight,1.48,1.5948567390441895,-0.013545546680688858,0.1704999953508377,0.11815379559993744,0.34167376160621643,1.2781567573547363,-0.013545546680688858,0.6446171998977661
7,straight,1.5,1.6206989288330078,-0.019070345908403397,0.1704999953508377,0.11457737535238266,0.34167376160621643,1.2729684114456177,-0.019070345908403397,0.5709330439567566
7,straight,1.52,1.6459989547729492,-0.024393897503614426,0.1704999953508377,0.11003268510103226,0.34167376160621643,1.2583959102630615,-0.024393897503614426,0.5582789182662964
7,straight,1.54,1.67094886302948,-0.028271233662962914,0.1704999953508377,0.1045730710029602,0.34167376160621643,1.2480878829956055,-0.028271233662962914,0.5907272696495056
7,straight,1.56,1.6959035396575928,-0.03181174024939537,0.1704999953508377,0.10008807480335236,0.34167376160621643,1.2727677822113037,-0.03181174024939537,0.6086431741714478
7,straight,1.58,1.7221565246582031,-0.03540287911891937,0.1704999953508377,0.0963921919465065,0.34167376160621643,1.3378260135650635,-0.03540287911891937,0.6137251853942871
7,straight,1.6,1.7486329078674316,-0.03817317634820938,0.1704999953508377,0.09243463724851608,0.34167376160621643,1.3069185018539429,-0.03817317634820938,0.6595633029937744
