trace_env,route_kind,time_s,x_m,y_m,target_height_m,actual_height_m,requested_speed_mps,tangent_speed_mps,cross_track_m,residual_rms
0,s_curve,0.0,0.0,0.0,0.29319998621940613,0.3499999940395355,0.2386624813079834,0.0,0.0,0.0
0,s_curve,0.02,-0.0005518188700079918,-0.0001697274565231055,0.29319998621940613,0.34476563334465027,0.2386624813079834,-0.03957737609744072,0.00016203889390453696,0.30808067321777344
0,s_curve,0.04,-0.0005404800176620483,-0.00022259322577156126,0.29319998621940613,0.3355724811553955,0.2386624813079834,0.02141524851322174,0.00011166115291416645,0.2605024576187134
0,s_curve,0.06,-7.150694727897644e-05,-0.00013150079757906497,0.29319998621940613,0.32398363947868347,0.2386624813079834,0.024844631552696228,-7.042714423732832e-05,0.3721544146537781
0,s_curve,0.08,0.0005156807601451874,0.0001756212441250682,0.29319998621940613,0.30929437279701233,0.2386624813079834,0.035300955176353455,-0.00013722662697546184,0.4011809229850769
0,s_curve,0.1,0.0007514422759413719,0.0003997673047706485,0.29319998621940613,0.29105448722839355,0.2386624813079834,0.0033298302441835403,-7.986350101418793e-05,0.42066293954849243
0,s_curve,0.12,0.0009498484432697296,0.0002628008078318089,0.29319998621940613,0.268769234418869,0.2386624813079834,-0.0009075137786567211,-0.0003034235560335219,0.4017506241798401
0,s_curve,0.14,0.001044691540300846,-0.00012495981354732066,0.29319998621940613,0.24321140348911285,0.2386624813079834,-0.0014337673783302307,-0.0006793612847104669,0.4135446846485138
0,s_curve,0.16,0.0019095316529273987,-5.330092244548723e-05,0.29319998621940613,0.21311543881893158,0.2386624813079834,0.041995927691459656,-0.0010955734178423882,0.42606455087661743
0,s_curve,0.18,0.002811336424201727,-0.0011329849949106574,0.29319998621940613,0.18471339344978333,0.2386624813079834,0.004616796970367432,-0.0024933628737926483,0.46384096145629883
0,s_curve,0.2,0.004944608546793461,-0.0025546865072101355,0.29319998621940613,0.16360816359519958,0.2386624813079834,0.08395253121852875,-0.004854538012295961,0.549822986125946
0,s_curve,0.22,0.00808674842119217,-0.0031514279544353485,0.29319998621940613,0.15143878757953644,0.2386624813079834,0.09392332285642624,-0.007082289084792137,0.6253900527954102
0,s_curve,0.24,0.009863130748271942,-0.0021913819946348667,0.29319998621940613,0.1504179984331131,0.2386624813079834,0.10781054198741913,-0.00725855166092515,0.6464976668357849
0,s_curve,0.26,0.013828695751726627,-0.0016289238119497895,0.29319998621940613,0.15580330789089203,0.2386624813079834,0.23829524219036102,-0.00897175446152687,0.6492528319358826
0,s_curve,0.28,0.020765019580721855,-0.0013370865490287542,0.29319998621940613,0.16557501256465912,0.2386624813079834,0.3388822078704834,-0.012546103447675705,0.623134970664978
0,s_curve,0.3,0.029596760869026184,-0.001980094239115715,0.29319998621940613,0.17875461280345917,0.2386624813079834,0.34504589438438416,-0.01794423907995224,0.5763102769851685
0,s_curve,0.32,0.03894329071044922,-0.0035930220037698746,0.29319998621940613,0.19314686954021454,0.2386624813079834,0.3313148021697998,-0.02446700818836689,0.5427260994911194
0,s_curve,0.34,0.048371002078056335,-0.0049469806253910065,0.29319998621940613,0.20661033689975739,0.2386624813079834,0.35784390568733215,-0.030773796141147614,0.4737868905067444
0,s_curve,0.36,0.058063846081495285,-0.005746061913669109,0.29319998621940613,0.21823428571224213,0.2386624813079834,0.38724324107170105,-0.036762308329343796,0.39104098081588745
0,s_curve,0.38,0.06817618757486343,-0.005997193977236748,0.29319998621940613,0.2273697853088379,0.2386624813079834,0.41174066066741943,-0.04252307116985321,0.32655683159828186
0,s_curve,0.4,0.07778218388557434,-0.005651895888149738,0.29319998621940613,0.23390871286392212,0.2386624813079834,0.3941751718521118,-0.047507356852293015,0.30693933367729187
0,s_curve,0.42,0.08740081638097763,-0.004235794302076101,0.29319998621940613,0.2395436316728592,0.2386624813079834,0.46125826239585876,-0.051603514701128006,0.3692989647388458
0,s_curve,0.44,0.09628423303365707,-0.0013334136456251144,0.29319998621940613,0.2450833022594452,0.2386624813079834,0.45212242007255554,-0.054111652076244354,0.44869107007980347
0,s_curve,0.46,0.10473671555519104,0.0029265424236655235,0.29319998621940613,0.25029027462005615,0.2386624813079834,0.4880744218826294,-0.05515637248754501,0.4539455473423004
0,s_curve,0.48,0.1127762645483017,0.008805655874311924,0.29319998621940613,0.25307828187942505,0.2386624813079834,0.4882204234600067,-0.054619040340185165,0.542169988155365
0,s_curve,0.5,0.12061946094036102,0.014256962575018406,0.29319998621940613,0.2530158758163452,0.2386624813079834,0.47913843393325806,-0.05433297157287598,0.5454376339912415
0,s_curve,0.52,0.12841416895389557,0.020635461434721947,0.29319998621940613,0.2503887712955475,0.2386624813079834,0.5071448683738708,-0.053243570029735565,0.4438159167766571
0,s_curve,0.54,0.13619492948055267,0.027690714225172997,0.29319998621940613,0.24474790692329407,0.2386624813079834,0.4905621409416199,-0.05165683850646019,0.4016018211841583
0,s_curve,0.56,0.14315776526927948,0.034316156059503555,0.29319998621940613,0.24023056030273438,0.2386624813079834,0.4543772339820862,-0.049854762852191925,0.4041920602321625
0,s_curve,0.58,0.1492210328578949,0.04039999097585678,0.29319998621940613,0.23644566535949707,0.2386624813079834,0.3922237157821655,-0.04802117496728897,0.3741062581539154
0,s_curve,0.6,0.15516695380210876,0.046831052750349045,0.29319998621940613,0.2323538362979889,0.2386624813079834,0.43835577368736267,-0.04583210125565529,0.3458465337753296
0,s_curve,0.62,0.16174286603927612,0.05342821031808853,0.29319998621940613,0.22827380895614624,0.2386624813079834,0.4549002945423126,-0.043844372034072876,0.32381734251976013
0,s_curve,0.64,0.16881364583969116,0.05901589244604111,0.29319998621940613,0.2252422571182251,0.2386624813079834,0.43057548999786377,-0.04309793934226036,0.3208208978176117
0,s_curve,0.66,0.17597824335098267,0.06420866400003433,0.29319998621940613,0.22327737510204315,0.2386624813079834,0.456552118062973,-0.04254505783319473,0.3007030189037323
0,s_curve,0.68,0.18228913843631744,0.07092974334955215,0.29319998621940613,0.2208438366651535,0.2386624813079834,0.4456712603569031,-0.04024425894021988,0.3776029050350189
0,s_curve,0.7000000000000001,0.18774423003196716,0.07881612330675125,0.29319998621940613,0.21826118230819702,0.2386624813079834,0.45567232370376587,-0.036501090973615646,0.41275036334991455
0,s_curve,0.72,0.19324259459972382,0.08846556395292282,0.29319998621940613,0.21556401252746582,0.2386624813079834,0.5129347443580627,-0.03129167854785919,0.44435471296310425
0,s_curve,0.74,0.1990126669406891,0.09892039000988007,0.29319998621940613,0.21230769157409668,0.2386624813079834,0.5308429002761841,-0.025705678388476372,0.47284913063049316
0,s_curve,0.76,0.2058171182870865,0.10912961512804031,0.29319998621940613,0.20800499618053436,0.2386624813079834,0.576230525970459,-0.02061944082379341,0.48903992772102356
0,s_curve,0.78,0.213460773229599,0.11971830576658249,0.29319998621940613,0.20184369385242462,0.2386624813079834,0.6091450452804565,-0.015653319656848907,0.5053327083587646
0,s_curve,0.8,0.22105742990970612,0.12961016595363617,0.29319998621940613,0.1961226761341095,0.2386624813079834,0.566918671131134,-0.011254485696554184,0.53534334897995
0,s_curve,0.8200000000000001,0.2287418097257614,0.13794367015361786,0.29319998621940613,0.19219870865345,0.2386624813079834,0.5181887745857239,-0.008429005742073059,0.5419195890426636
0,s_curve,0.84,0.2363201081752777,0.14394164085388184,0.29319998621940613,0.18938863277435303,0.2386624813079834,0.4410659670829773,-0.007222588174045086,0.506323516368866
0,s_curve,0.86,0.243526890873909,0.14740411937236786,0.29319998621940613,0.1875300258398056,0.2386624813079834,0.3639337420463562,-0.007992779836058617,0.4897141754627228
0,s_curve,0.88,0.24985158443450928,0.14906126260757446,0.29319998621940613,0.18727783858776093,0.2386624813079834,0.2685678005218506,-0.009850549511611462,0.45266613364219666
0,s_curve,0.9,0.2552911639213562,0.1495654433965683,0.29319998621940613,0.18821701407432556,0.2386624813079834,0.22550588846206665,-0.012236254289746284,0.4497573673725128
0,s_curve,0.92,0.26022574305534363,0.1489098072052002,0.29319998621940613,0.1891576647758484,0.2386624813079834,0.16847260296344757,-0.01535260584205389,0.44133931398391724
0,s_curve,0.9400000000000001,0.2645667493343353,0.14730504155158997,0.29319998621940613,0.19045178592205048,0.2386624813079834,0.12450884282588959,-0.01897350326180458,0.42270931601524353
0,s_curve,0.96,0.268266886472702,0.1457807719707489,0.29319998621940613,0.19248123466968536,0.2386624813079834,0.10858362168073654,-0.022193651646375656,0.4209628999233246
0,s_curve,0.98,0.2718217670917511,0.14469018578529358,0.29319998621940613,0.1941417157649994,0.2386624813079834,0.13177743554115295,-0.024967577308416367,0.4206480383872986
0,s_curve,1.0,0.2746405303478241,0.14424198865890503,0.29319998621940613,0.19409365952014923,0.2386624813079834,0.09213851392269135,-0.027101198211312294,0.41333451867103577
0,s_curve,1.02,0.2763495147228241,0.14449748396873474,0.29319998621940613,0.19261330366134644,0.2386624813079834,0.08278590440750122,-0.027746867388486862,0.4468764364719391
0,s_curve,1.04,0.2774684727191925,0.1461462676525116,0.29319998621940613,0.19013161957263947,0.2386624813079834,0.0989440381526947,-0.026892386376857758,0.4779767096042633
0,s_curve,1.06,0.2784278690814972,0.1492268294095993,0.29319998621940613,0.18693403899669647,0.2386624813079834,0.142734095454216,-0.024722682312130928,0.49877890944480896
0,s_curve,1.08,0.27953046560287476,0.15459030866622925,0.29319998621940613,0.18330314755439758,0.2386624813079834,0.2173234224319458,-0.020657381042838097,0.5220398306846619
0,s_curve,1.1,0.2811911702156067,0.16123118996620178,0.29319998621940613,0.17898406088352203,0.2386624813079834,0.26638263463974,-0.01577359065413475,0.5795332789421082
0,s_curve,1.12,0.2841709852218628,0.1691104769706726,0.29319998621940613,0.17466427385807037,0.2386624813079834,0.37363824248313904,-0.010490532964468002,0.5889956951141357
0,s_curve,1.1400000000000001,0.28980016708374023,0.17643770575523376,0.29319998621940613,0.17327424883842468,0.2386624813079834,0.47215503454208374,-0.0070258453488349915,0.5940444469451904
0,s_curve,1.16,0.29682615399360657,0.1817409098148346,0.29319998621940613,0.17317618429660797,0.2386624813079834,0.40490639209747314,-0.006013874895870686,0.5357102751731873
0,s_curve,1.18,0.3037223815917969,0.18496060371398926,0.29319998621940613,0.17424938082695007,0.2386624813079834,0.3702300190925598,-0.007073459215462208,0.49590378999710083
0,s_curve,1.2,0.3103557527065277,0.18714258074760437,0.29319998621940613,0.17758935689926147,0.2386624813079834,0.32528233528137207,-0.008451128378510475,0.4809519946575165
0,s_curve,1.22,0.3173511326313019,0.18897993862628937,0.29319998621940613,0.18321770429611206,0.2386624813079834,0.3939836025238037,-0.010307218879461288,0.4893614649772644
0,s_curve,1.24,0.3259906768798828,0.19179387390613556,0.29319998621940613,0.19080175459384918,0.2386624813079834,0.4964969754219055,-0.012125852517783642,0.5119670629501343
0,s_curve,1.26,0.3363918960094452,0.19551785290241241,0.29319998621940613,0.19790326058864594,0.2386624813079834,0.583289623260498,-0.014022905379533768,0.4636363089084625
0,s_curve,1.28,0.347918838262558,0.20027242600917816,0.29319998621940613,0.20244278013706207,0.2386624813079834,0.6369268894195557,-0.015962732955813408,0.39859235286712646
0,s_curve,1.3,0.3592059910297394,0.2051939070224762,0.29319998621940613,0.20506097376346588,0.2386624813079834,0.6070466041564941,-0.017048094421625137,0.40972641110420227
0,s_curve,1.32,0.36992019414901733,0.21112500131130219,0.29319998621940613,0.20834684371948242,0.2386624813079834,0.6375848054885864,-0.01697276160120964,0.46212518215179443
0,s_curve,1.34,0.3810027241706848,0.2188074290752411,0.29319998621940613,0.2124481052160263,0.2386624813079834,0.6910659074783325,-0.015536412596702576,0.5286521315574646
0,s_curve,1.36,0.3923710286617279,0.22732463479042053,0.29319998621940613,0.216152623295784,0.2386624813079834,0.7179931998252869,-0.013806147500872612,0.5884273648262024
0,s_curve,1.3800000000000001,0.40500301122665405,0.23612801730632782,0.29319998621940613,0.22022436559200287,0.2386624813079834,0.8051025867462158,-0.011837947182357311,0.5941640138626099
0,s_curve,1.4000000000000001,0.41915205121040344,0.24535900354385376,0.29319998621940613,0.22322431206703186,0.2386624813079834,0.858706533908844,-0.010191733948886395,0.517408549785614
0,s_curve,1.42,0.4332122206687927,0.25421062111854553,0.29319998621940613,0.2233698070049286,0.2386624813079834,0.7909748554229736,-0.009096368215978146,0.4719362258911133
0,s_curve,1.44,0.4469597339630127,0.2612009644508362,0.29319998621940613,0.22363188862800598,0.2386624813079834,0.7547050714492798,-0.008927697315812111,0.4243057370185852
0,s_curve,1.46,0.46075403690338135,0.26748576760292053,0.29319998621940613,0.22653289139270782,0.2386624813079834,0.7901359796524048,-0.00941214244812727,0.5147344470024109
0,s_curve,1.48,0.47652870416641235,0.2738855481147766,0.29319998621940613,0.23264412581920624,0.2386624813079834,0.9183761477470398,-0.01087984535843134,0.5345348715782166
0,s_curve,1.5,0.49558696150779724,0.2802150547504425,0.29319998621940613,0.23915328085422516,0.2386624813079834,1.0544757843017578,-0.013199667446315289,0.5104597210884094
0,s_curve,1.52,0.5162269473075867,0.28681322932243347,0.29319998621940613,0.2430536448955536,0.2386624813079834,1.0641276836395264,-0.016230661422014236,0.43151822686195374
0,s_curve,1.54,0.5359035134315491,0.2934097945690155,0.29319998621940613,0.24574565887451172,0.2386624813079834,1.0072393417358398,-0.01805167645215988,0.4370560646057129
0,s_curve,1.56,0.5539484024047852,0.3003056049346924,0.29319998621940613,0.24727323651313782,0.2386624813079834,0.949211061000824,-0.01934242434799671,0.44518280029296875
0,s_curve,1.58,0.5712758302688599,0.3081723749637604,0.29319998621940613,0.24780677258968353,0.2386624813079834,0.9537264108657837,-0.018543744459748268,0.4280010461807251
0,s_curve,1.6,0.5879495739936829,0.31673887372016907,0.29319998621940613,0.24701689183712006,0.2386624813079834,0.9102330803871155,-0.01742149330675602,0.4551321566104889
0,s_curve,1.62,0.6037524938583374,0.32461291551589966,0.29319998621940613,0.2445828765630722,0.2386624813079834,0.863276481628418,-0.015532296150922775,0.47444868087768555
0,s_curve,1.6400000000000001,0.6196558475494385,0.33254948258399963,0.29319998621940613,0.239549919962883,0.2386624813079834,0.8935344219207764,-0.01361938752233982,0.41049379110336304
0,s_curve,1.6600000000000001,0.6356067657470703,0.3410927355289459,0.29319998621940613,0.23074257373809814,0.2386624813079834,0.8930639028549194,-0.011423103511333466,0.42386025190353394
0,s_curve,1.68,0.6517777442932129,0.34961140155792236,0.29319998621940613,0.21783381700515747,0.2386624813079834,0.9079782962799072,-0.008494947105646133,0.46389198303222656
0,s_curve,1.7,0.6696074604988098,0.35650473833084106,0.29319998621940613,0.2046939730644226,0.2386624813079834,0.9849329590797424,-0.008077512495219707,0.4689052700996399
0,s_curve,1.72,0.6874845623970032,0.3618924915790558,0.29319998621940613,0.19452926516532898,0.2386624813079834,0.921709418296814,-0.008044728077948093,0.38886013627052307
0,s_curve,1.74,0.7043241858482361,0.36755406856536865,0.29319998621940613,0.1820845901966095,0.2386624813079834,0.8796762824058533,-0.00809360109269619,0.3949143886566162
0,s_curve,1.76,0.7198629379272461,0.37421077489852905,0.29319998621940613,0.170701801776886,0.2386624813079834,0.8254109621047974,-0.005591982044279575,0.3785562217235565
0,s_curve,1.78,0.7339576482772827,0.3827466666698456,0.29319998621940613,0.15996858477592468,0.2386624813079834,0.7748458385467529,-0.0009065743070095778,0.33401748538017273
1,s_curve,0.0,0.0,0.0,0.20999999344348907,0.3499999940395355,0.4780856668949127,0.0,0.0,0.0
1,s_curve,0.02,-0.0005927719175815582,0.0003564781800378114,0.20999999344348907,0.3446892499923706,0.4780856668949127,-0.027560871094465256,0.0006238982896320522,0.3206844627857208
1,s_curve,0.04,-0.0002195984125137329,2.407594001851976e-05,0.20999999344348907,0.33518949151039124,0.4780856668949127,0.02748771198093891,0.0001409751857863739,0.37088465690612793
1,s_curve,0.06,0.0002059508115053177,-0.000446895370259881,0.20999999344348907,0.3228273093700409,0.4780856668949127,-0.002068095840513706,-0.00048646560753695667,0.4791683852672577
1,s_curve,0.08,0.0004235086962580681,-0.0004040083149448037,0.20999999344348907,0.30733874440193176,0.4780856668949127,0.0075328899547457695,-0.0005704116774722934,0.5469303131103516
1,s_curve,0.1,0.0003535440191626549,-0.00028451881371438503,0.20999999344348907,0.2893625795841217,0.4780856668949127,-0.0028064725920557976,-0.00043214153265580535,0.5247352123260498
1,s_curve,0.12,0.00114454235881567,-0.00031780367135070264,0.20999999344348907,0.26745831966400146,0.4780856668949127,0.04903167858719826,-0.00089532375568524,0.5915963649749756
1,s_curve,0.14,0.0016502058133482933,-5.906690057599917e-05,0.20999999344348907,0.24126991629600525,0.4780856668949127,0.015772376209497452,-0.0009576451848261058,0.6211484670639038
1,s_curve,0.16,0.0016223825514316559,-5.854765186086297e-05,0.20999999344348907,0.21114501357078552,0.4780856668949127,-0.009514416567981243,-0.0009418967529200017,0.6182680130004883
1,s_curve,0.18,0.0013503152877092361,-0.00036170228850096464,0.20999999344348907,0.18008007109165192,0.4780856668949127,-0.027887411415576935,-0.001045238459482789,0.5745902061462402
1,s_curve,0.2,0.0015205834060907364,-0.000649983761832118,0.20999999344348907,0.15630531311035156,0.4780856668949127,0.020308708772063255,-0.0013796398416161537,0.6514161825180054
1,s_curve,0.22,0.0028097089380025864,-0.00047562719555571675,0.20999999344348907,0.14221270382404327,0.4780856668949127,0.08226800709962845,-0.0019436535658314824,0.703694760799408
1,s_curve,0.24,0.004949074238538742,-0.00012346907169558108,0.20999999344348907,0.1380164921283722,0.4780856668949127,0.09262322634458542,-0.002827226649969816,0.7210270166397095
1,s_curve,0.26,0.008906723000109196,0.0010660403640940785,0.20999999344348907,0.14197781682014465,0.4780856668949127,0.26368603110313416,-0.0040125614032149315,0.7089975476264954
1,s_curve,0.28,0.015474023297429085,0.004046023823320866,0.20999999344348907,0.15205441415309906,0.4780856668949127,0.41229790449142456,-0.005139513406902552,0.6656665802001953
1,s_curve,0.3,0.023872241377830505,0.008326114155352116,0.20999999344348907,0.16545173525810242,0.4780856668949127,0.4952906370162964,-0.006231311708688736,0.6311534643173218
1,s_curve,0.32,0.03289517015218735,0.01320326142013073,0.20999999344348907,0.17974315583705902,0.4780856668949127,0.5167825222015381,-0.007107474375516176,0.5963525176048279
1,s_curve,0.34,0.04246687889099121,0.01862776093184948,0.20999999344348907,0.19243070483207703,0.4780856668949127,0.5744482278823853,-0.007827353663742542,0.5792413949966431
1,s_curve,0.36,0.05209070444107056,0.025251414626836777,0.20999999344348907,0.2023785263299942,0.4780856668949127,0.5885212421417236,-0.007573495618999004,0.5971928834915161
1,s_curve,0.38,0.061650894582271576,0.03250574693083763,0.20999999344348907,0.20802748203277588,0.4780856668949127,0.5980727672576904,-0.006757538765668869,0.5882270932197571
1,s_curve,0.4,0.07093232125043869,0.03973284736275673,0.20999999344348907,0.20953716337680817,0.4780856668949127,0.5806483030319214,-0.005864629987627268,0.5604808926582336
1,s_curve,0.42,0.08040174841880798,0.04689456522464752,0.20999999344348907,0.20759381353855133,0.4780856668949127,0.5965595841407776,-0.005033179651945829,0.5126712322235107
1,s_curve,0.44,0.09016367048025131,0.05457329377532005,0.20999999344348907,0.20181046426296234,0.4780856668949127,0.6173678636550903,-0.003928209189325571,0.4653243124485016
1,s_curve,0.46,0.09944140911102295,0.061628974974155426,0.20999999344348907,0.19412457942962646,0.4780856668949127,0.5583821535110474,-0.003080966416746378,0.39808037877082825
1,s_curve,0.48,0.10878447443246841,0.06718812882900238,0.20999999344348907,0.18656562268733978,0.4780856668949127,0.5132670998573303,-0.0036090021021664143,0.3789237141609192
1,s_curve,0.5,0.11883818358182907,0.07151971757411957,0.20999999344348907,0.17916858196258545,0.4780856668949127,0.5468412041664124,-0.0054087270982563496,0.3972800076007843
1,s_curve,0.52,0.1272931545972824,0.07604804635047913,0.20999999344348907,0.17413663864135742,0.4780856668949127,0.420595645904541,-0.006177655421197414,0.41489550471305847
1,s_curve,0.54,0.1340572088956833,0.0792306661605835,0.20999999344348907,0.17163288593292236,0.4780856668949127,0.3295130133628845,-0.007162846624851227,0.3963342308998108
1,s_curve,0.56,0.13991042971611023,0.08133994042873383,0.20999999344348907,0.17088158428668976,0.4780856668949127,0.2828576862812042,-0.008557531982660294,0.4560726583003998
1,s_curve,0.58,0.1459253430366516,0.08376924693584442,0.20999999344348907,0.17064720392227173,0.4780856668949127,0.34565916657447815,-0.009938964620232582,0.48765507340431213
1,s_curve,0.6,0.15213917195796967,0.08766002207994461,0.20999999344348907,0.1694604754447937,0.4780856668949127,0.3828366994857788,-0.009977213107049465,0.5307413935661316
1,s_curve,0.62,0.15808427333831787,0.0929362028837204,0.20999999344348907,0.16737449169158936,0.4780856668949127,0.4006028175354004,-0.008701298385858536,0.5894193649291992
1,s_curve,0.64,0.16374193131923676,0.09899631142616272,0.20999999344348907,0.1647353172302246,0.4780856668949127,0.41639837622642517,-0.006609322037547827,0.6400198340415955
1,s_curve,0.66,0.1711140275001526,0.10497993230819702,0.20999999344348907,0.16289781033992767,0.4780856668949127,0.5316554307937622,-0.005499378778040409,0.6841484308242798
1,s_curve,0.68,0.18135510385036469,0.11103018373250961,0.20999999344348907,0.16230064630508423,0.4780856668949127,0.6454841494560242,-0.005868375301361084,0.685944676399231
1,s_curve,0.7000000000000001,0.1937505602836609,0.11765941232442856,0.20999999344348907,0.1624954342842102,0.4780856668949127,0.7445724010467529,-0.007008977234363556,0.6606677174568176
1,s_curve,0.72,0.20721673965454102,0.1254551112651825,0.20999999344348907,0.162361741065979,0.4780856668949127,0.8006302118301392,-0.007486326154321432,0.6325134634971619
1,s_curve,0.74,0.22185736894607544,0.1334608793258667,0.20999999344348907,0.16043049097061157,0.4780856668949127,0.8277077674865723,-0.00840450543910265,0.5966305136680603
1,s_curve,0.76,0.23665770888328552,0.13966338336467743,0.20999999344348907,0.15754002332687378,0.4780856668949127,0.7651863098144531,-0.011057291179895401,0.5255154371261597
1,s_curve,0.78,0.25136810541152954,0.14353837072849274,0.20999999344348907,0.15456002950668335,0.4780856668949127,0.6919971704483032,-0.015360514633357525,0.513287365436554
1,s_curve,0.8,0.2651447355747223,0.14605294167995453,0.20999999344348907,0.15382929146289825,0.4780856668949127,0.6362619996070862,-0.020343944430351257,0.4470379054546356
1,s_curve,0.8200000000000001,0.27943480014801025,0.1474708616733551,0.20999999344348907,0.15400046110153198,0.4780856668949127,0.6698911190032959,-0.026746753603219986,0.5016741752624512
1,s_curve,0.84,0.2944558560848236,0.14804710447788239,0.20999999344348907,0.15502285957336426,0.4780856668949127,0.6583559513092041,-0.03386108949780464,0.5137571692466736
1,s_curve,0.86,0.30903497338294983,0.14844129979610443,0.20999999344348907,0.15542851388454437,0.4780856668949127,0.6174380779266357,-0.04090844467282295,0.5090091228485107
1,s_curve,0.88,0.3218110501766205,0.14997266232967377,0.20999999344348907,0.15510857105255127,0.4780856668949127,0.5799533724784851,-0.04606182500720024,0.48770493268966675
1,s_curve,0.9,0.3338125944137573,0.15275117754936218,0.20999999344348907,0.15507787466049194,0.4780856668949127,0.6072418093681335,-0.04993978887796402,0.5397793054580688
1,s_curve,0.92,0.3464093804359436,0.1565544456243515,0.20999999344348907,0.1557178646326065,0.4780856668949127,0.6813486218452454,-0.05285192281007767,0.5875192880630493
1,s_curve,0.9400000000000001,0.3604072332382202,0.160983607172966,0.20999999344348907,0.1571800410747528,0.4780856668949127,0.7506721019744873,-0.055911533534526825,0.6140932440757751
1,s_curve,0.96,0.3748822808265686,0.16585583984851837,0.20999999344348907,0.1587401032447815,0.4780856668949127,0.7609826922416687,-0.05908900499343872,0.6105239987373352
1,s_curve,0.98,0.39023175835609436,0.17051735520362854,0.20999999344348907,0.16029466688632965,0.4780856668949127,0.8304397463798523,-0.0623481348156929,0.5948242545127869
1,s_curve,1.0,0.40739768743515015,0.17554405331611633,0.20999999344348907,0.16200408339500427,0.4780856668949127,0.9208651781082153,-0.06615662574768066,0.5324699282646179
1,s_curve,1.02,0.4255184531211853,0.18165643513202667,0.20999999344348907,0.16294154524803162,0.4780856668949127,0.9407556653022766,-0.06962429732084274,0.5036936402320862
1,s_curve,1.04,0.4421599209308624,0.18730829656124115,0.20999999344348907,0.1633247584104538,0.4780856668949127,0.8054724335670471,-0.07230395823717117,0.5140438675880432
1,s_curve,1.06,0.45762109756469727,0.19129900634288788,0.20999999344348907,0.16300809383392334,0.4780856668949127,0.749453604221344,-0.07630793750286102,0.49611008167266846
1,s_curve,1.08,0.47250524163246155,0.1938115507364273,0.20999999344348907,0.16212588548660278,0.4780856668949127,0.6910912990570068,-0.08065672218799591,0.4746516942977905
1,s_curve,1.1,0.48707816004753113,0.1946006566286087,0.20999999344348907,0.16096583008766174,0.4780856668949127,0.649688720703125,-0.08641219139099121,0.4630230963230133
1,s_curve,1.12,0.5015893578529358,0.1942235827445984,0.20999999344348907,0.15927858650684357,0.4780856668949127,0.6383010745048523,-0.0936681404709816,0.45373061299324036
1,s_curve,1.1400000000000001,0.5162945985794067,0.19325347244739532,0.20999999344348907,0.15733103454113007,0.4780856668949127,0.6567796468734741,-0.10076331347227097,0.4685291647911072
1,s_curve,1.16,0.5312585830688477,0.19289514422416687,0.20999999344348907,0.15685565769672394,0.4780856668949127,0.6875733733177185,-0.10741341859102249,0.48200368881225586
1,s_curve,1.18,0.5465115904808044,0.19260819256305695,0.20999999344348907,0.15660205483436584,0.4780856668949127,0.6743269562721252,-0.11412101984024048,0.45106208324432373
1,s_curve,1.2,0.5612081289291382,0.19245471060276031,0.20999999344348907,0.15668119490146637,0.4780856668949127,0.6580215692520142,-0.12070351094007492,0.48107030987739563
1,s_curve,1.22,0.5755634307861328,0.1931142508983612,0.20999999344348907,0.1566682606935501,0.4780856668949127,0.6706094741821289,-0.12583871185779572,0.5036925077438354
1,s_curve,1.24,0.5888428092002869,0.19501791894435883,0.20999999344348907,0.15570810437202454,0.4780856668949127,0.6277819275856018,-0.12940336763858795,0.48815637826919556
1,s_curve,1.26,0.6003618240356445,0.19849126040935516,0.20999999344348907,0.1537778675556183,0.4780856668949127,0.5830593705177307,-0.13113091886043549,0.5055922865867615
1,s_curve,1.28,0.6111599802970886,0.20344236493110657,0.20999999344348907,0.15157197415828705,0.4780856668949127,0.6023081541061401,-0.13058806955814362,0.5340325236320496
1,s_curve,1.3,0.6220526099205017,0.20903027057647705,0.20999999344348907,0.1497749239206314,0.4780856668949127,0.6277418732643127,-0.12949025630950928,0.5606433749198914
1,s_curve,1.32,0.6336027383804321,0.21524757146835327,0.20999999344348907,0.14863307774066925,0.4780856668949127,0.6778947114944458,-0.12845346331596375,0.5627198815345764
1,s_curve,1.34,0.6458597183227539,0.22208575904369354,0.20999999344348907,0.14792396128177643,0.4780856668949127,0.7098379135131836,-0.1263027936220169,0.574783980846405
1,s_curve,1.36,0.6586535573005676,0.22953248023986816,0.20999999344348907,0.14723794162273407,0.4780856668949127,0.7484358549118042,-0.12376818805932999,0.5803496241569519
1,s_curve,1.3800000000000001,0.6723616719245911,0.23604579269886017,0.20999999344348907,0.1465221494436264,0.4780856668949127,0.7735318541526794,-0.12270566821098328,0.5490331649780273
1,s_curve,1.4000000000000001,0.6868020296096802,0.24161909520626068,0.20999999344348907,0.14638318121433258,0.4780856668949127,0.7762683033943176,-0.12201879918575287,0.4922107458114624
1,s_curve,1.42,0.7005816102027893,0.24603351950645447,0.20999999344348907,0.14699387550354004,0.4780856668949127,0.6784177422523499,-0.1227911114692688,0.48762407898902893
1,s_curve,1.44,0.7127856612205505,0.24829645454883575,0.20999999344348907,0.14831066131591797,0.4780856668949127,0.5670222640037537,-0.12412434071302414,0.5016991496086121
1,s_curve,1.46,0.7239484786987305,0.2478489875793457,0.20999999344348907,0.1498810052871704,0.4780856668949127,0.4977705776691437,-0.12775534391403198,0.4943350553512573
1,s_curve,1.48,0.7339674234390259,0.24593870341777802,0.20999999344348907,0.1508389711380005,0.4780856668949127,0.4206439256668091,-0.13245953619480133,0.4776199758052826
1,s_curve,1.5,0.7425509095191956,0.24298278987407684,0.1704999953508377,0.151007741689682,0.4780856668949127,0.33443570137023926,-0.1382858157157898,0.4538249671459198
1,s_curve,1.52,0.7497981786727905,0.2402896285057068,0.1704999953508377,0.15118741989135742,0.4780856668949127,0.29862821102142334,-0.14272765815258026,0.4490613639354706
1,s_curve,1.54,0.7561904191970825,0.23840606212615967,0.1704999953508377,0.15126781165599823,0.4780856668949127,0.28232306241989136,-0.14616963267326355,0.445786714553833
1,s_curve,1.56,0.7620368003845215,0.23694130778312683,0.1704999953508377,0.15019862353801727,0.4780856668949127,0.24037320911884308,-0.14906816184520721,0.42534390091896057
1,s_curve,1.58,0.7666229009628296,0.23614569008350372,0.1704999953508377,0.14836730062961578,0.4780856668949127,0.19080793857574463,-0.1510000079870224,0.4338356852531433
1,s_curve,1.6,0.7703666090965271,0.2356690913438797,0.1704999953508377,0.14625601470470428,0.4780856668949127,0.16304847598075867,-0.15240976214408875,0.44987666606903076
1,s_curve,1.62,0.7739327549934387,0.23541173338890076,0.1704999953508377,0.14358285069465637,0.4780856668949127,0.17471276223659515,-0.15356244146823883,0.4665510654449463
1,s_curve,1.6400000000000001,0.7775318026542664,0.23639501631259918,0.1704999953508377,0.14119896292686462,0.4780856668949127,0.19272659718990326,-0.15352332592010498,0.4591297209262848
1,s_curve,1.6600000000000001,0.7805907726287842,0.2391936182975769,0.1704999953508377,0.13976570963859558,0.4780856668949127,0.16326789557933807,-0.15216121077537537,0.47713759541511536
1,s_curve,1.68,0.7834236025810242,0.2421080619096756,0.1704999953508377,0.1389211267232895,0.4780856668949127,0.1560208946466446,-0.14993463456630707,0.5187217593193054
1,s_curve,1.7,0.7866506576538086,0.24374191462993622,0.1704999953508377,0.138814315199852,0.4780856668949127,0.18466563522815704,-0.14904379844665527,0.49887004494667053
1,s_curve,1.72,0.7906120419502258,0.2444164752960205,0.1704999953508377,0.13934282958507538,0.4780856668949127,0.21095016598701477,-0.14924931526184082,0.4666363298892975
1,s_curve,1.74,0.7949317693710327,0.244075745344162,0.1704999953508377,0.14021891355514526,0.4780856668949127,0.217652827501297,-0.1505238115787506,0.437719464302063
1,s_curve,1.76,0.7993785738945007,0.24299488961696625,0.1704999953508377,0.14127661287784576,0.4780856668949127,0.19476650655269623,-0.15254834294319153,0.4338154196739197
1,s_curve,1.78,0.8039694428443909,0.24160531163215637,0.1704999953508377,0.14440983533859253,0.4780856668949127,0.21967071294784546,-0.15490557253360748,0.49366605281829834
1,s_curve,1.8,0.8098477125167847,0.24060992896556854,0.1704999953508377,0.14986924827098846,0.4780856668949127,0.2930956184864044,-0.15715882182121277,0.4690099060535431
1,s_curve,1.82,0.8154154419898987,0.24072377383708954,0.1704999953508377,0.15525895357131958,0.4780856668949127,0.24221530556678772,-0.15888871252536774,0.4619573652744293
1,s_curve,1.84,0.8202429413795471,0.24190528690814972,0.1704999953508377,0.15941479802131653,0.4780856668949127,0.2572164833545685,-0.15860044956207275,0.45719513297080994
1,s_curve,1.86,0.8247370719909668,0.24464665353298187,0.1704999953508377,0.16414129734039307,0.4780856668949127,0.25697436928749084,-0.15671774744987488,0.48798510432243347
1,s_curve,1.8800000000000001,0.8292380571365356,0.24871718883514404,0.1704999953508377,0.16833727061748505,0.4780856668949127,0.27715057134628296,-0.1535290628671646,0.569318413734436
1,s_curve,1.9000000000000001,0.83454430103302,0.25332000851631165,0.1704999953508377,0.17081637680530548,0.4780856668949127,0.33299314975738525,-0.1499626487493515,0.6063524484634399
1,s_curve,1.92,0.8417689204216003,0.25754356384277344,0.1704999953508377,0.17299403250217438,0.4780856668949127,0.45188724994659424,-0.14711643755435944,0.6082133054733276
1,s_curve,1.94,0.8512201309204102,0.26218584179878235,0.1704999953508377,0.17442789673805237,0.4780856668949127,0.5250545740127563,-0.14474280178546906,0.5705704092979431
1,s_curve,1.96,0.8608623743057251,0.26610586047172546,0.1704999953508377,0.17378996312618256,0.4780856668949127,0.49265235662460327,-0.14223605394363403,0.5429900884628296
1,s_curve,1.98,0.8700846433639526,0.2683178782463074,0.1704999953508377,0.17263905704021454,0.4780856668949127,0.46237438917160034,-0.1413600742816925,0.5115420818328857
1,s_curve,2.0,0.8795135617256165,0.2691439390182495,0.1704999953508377,0.17131631076335907,0.4780856668949127,0.48276060819625854,-0.14188535511493683,0.5187510848045349
1,s_curve,2.02,0.8900554180145264,0.2689342498779297,0.1704999953508377,0.1701974719762802,0.4780856668949127,0.5621883273124695,-0.14389991760253906,0.5101127624511719
1,s_curve,2.04,0.9024698734283447,0.26794493198394775,0.1704999953508377,0.168989360332489,0.4780856668949127,0.6533330082893372,-0.14615826308727264,0.514874279499054
1,s_curve,2.06,0.9148702025413513,0.26765620708465576,0.1704999953508377,0.16968561708927155,0.4780856668949127,0.6126919388771057,-0.14771828055381775,0.4866510033607483
1,s_curve,2.08,0.927455723285675,0.26739978790283203,0.1704999953508377,0.17075197398662567,0.4780856668949127,0.647698163986206,-0.14946351945400238,0.4555644989013672
1,s_curve,2.1,0.9403825998306274,0.26655733585357666,0.1704999953508377,0.1719561517238617,0.4780856668949127,0.6324265003204346,-0.15110525488853455,0.4680035412311554
1,s_curve,2.12,0.9525986313819885,0.2657836079597473,0.1704999953508377,0.1725878268480301,0.4780856668949127,0.5835806727409363,-0.1532013714313507,0.4596545994281769
1,s_curve,2.14,0.9633114337921143,0.26669707894325256,0.1704999953508377,0.1717563420534134,0.4780856668949127,0.502657949924469,-0.15251000225543976,0.4495178461074829
1,s_curve,2.16,0.9733309149742126,0.2686246335506439,0.1704999953508377,0.169732928276062,0.4780856668949127,0.5124405026435852,-0.15079042315483093,0.48126792907714844
1,s_curve,2.18,0.9834334850311279,0.27134865522384644,0.1704999953508377,0.16779479384422302,0.4780856668949127,0.5120931267738342,-0.14896260201931,0.5263900756835938
1,s_curve,2.2,0.99427330493927,0.27494797110557556,0.1704999953508377,0.16682402789592743,0.4780856668949127,0.5569349527359009,-0.14513951539993286,0.5518453121185303
1,s_curve,2.22,1.005810022354126,0.278736412525177,0.1704999953508377,0.16624633967876434,0.4780856668949127,0.5826582312583923,-0.14111290872097015,0.5834819674491882
1,s_curve,2.24,1.0181853771209717,0.2818061113357544,0.1704999953508377,0.16573858261108398,0.4780856668949127,0.6426506042480469,-0.13845276832580566,0.5788828134536743
1,s_curve,2.2600000000000002,1.0320124626159668,0.2844763398170471,0.1704999953508377,0.16515113413333893,0.4780856668949127,0.7130039930343628,-0.13493098318576813,0.5713863372802734
1,s_curve,2.2800000000000002,1.0470058917999268,0.2874317765235901,0.1704999953508377,0.1638791412115097,0.4780856668949127,0.7540729641914368,-0.13105227053165436,0.5709413886070251
1,s_curve,2.3000000000000003,1.0619136095046997,0.2907109260559082,0.1704999953508377,0.16100524365901947,0.4780856668949127,0.6895803809165955,-0.12716831266880035,0.5723212957382202
1,s_curve,2.32,1.0758562088012695,0.2921724319458008,0.1704999953508377,0.15785154700279236,0.4780856668949127,0.6711025238037109,-0.12428339570760727,0.5773965120315552
1,s_curve,2.34,1.0885554552078247,0.2917746603488922,0.1704999953508377,0.154635488986969,0.4780856668949127,0.5907127857208252,-0.12403310835361481,0.5509798526763916
1,s_curve,2.36,1.099164366722107,0.28923189640045166,0.1704999953508377,0.15188603103160858,0.4780856668949127,0.49819669127464294,-0.1250389665365219,0.5625527501106262
1,s_curve,2.38,1.1077837944030762,0.2849382162094116,0.1704999953508377,0.14987961947917938,0.4780856668949127,0.42082175612449646,-0.12806124985218048,0.5610217452049255
1,s_curve,2.4,1.115580439567566,0.280078262090683,0.1704999953508377,0.14849534630775452,0.4780856668949127,0.4113621413707733,-0.13176122307777405,0.5400340557098389
1,s_curve,2.42,1.1228169202804565,0.2753969132900238,0.1704999953508377,0.14761771261692047,0.4780856668949127,0.38454943895339966,-0.13596755266189575,0.5240126252174377
1,s_curve,2.44,1.129713535308838,0.2711596190929413,0.1704999953508377,0.1474369466304779,0.4780856668949127,0.36400067806243896,-0.13888666033744812,0.5183118581771851
1,s_curve,2.46,1.1356569528579712,0.26741790771484375,0.1704999953508377,0.14765873551368713,0.4780856668949127,0.2974887788295746,-0.1414908617734909,0.5069903135299683
1,s_curve,2.48,1.1410624980926514,0.26456210017204285,0.1704999953508377,0.1478908807039261,0.4780856668949127,0.27739083766937256,-0.14332115650177002,0.4992353320121765
1,s_curve,2.5,1.1460720300674438,0.2627943158149719,0.1704999953508377,0.14743144810199738,0.4780856668949127,0.24332056939601898,-0.14415305852890015,0.5068703889846802
1,s_curve,2.52,1.1500459909439087,0.2615561783313751,0.1704999953508377,0.14621229469776154,0.4780856668949127,0.1760425865650177,-0.14465150237083435,0.5157902240753174
1,s_curve,2.54,1.1528723239898682,0.2605500817298889,0.1704999953508377,0.14516402781009674,0.4780856668949127,0.12186624109745026,-0.14512945711612701,0.5188496112823486
1,s_curve,2.56,1.1549628973007202,0.25988778471946716,0.1704999953508377,0.14381137490272522,0.4780856668949127,0.08696989715099335,-0.14601841568946838,0.5239848494529724
1,s_curve,2.58,1.1564760208129883,0.2606341242790222,0.1704999953508377,0.1427486687898636,0.4780856668949127,0.052286211401224136,-0.14496007561683655,0.5522832274436951
1,s_curve,2.6,1.1574130058288574,0.26101499795913696,0.1704999953508377,0.1428278088569641,0.4780856668949127,0.03377940133213997,-0.14438405632972717,0.5559743642807007
1,s_curve,2.62,1.1574960947036743,0.26154211163520813,0.1704999953508377,0.14352019131183624,0.4780856668949127,-0.014241844415664673,-0.14385150372982025,0.5419950485229492
1,s_curve,2.64,1.1576941013336182,0.2626798450946808,0.1704999953508377,0.14389584958553314,0.4780856668949127,0.015562226995825768,-0.14269797503948212,0.5344026684761047
1,s_curve,2.66,1.1580013036727905,0.26375991106033325,0.1704999953508377,0.14382696151733398,0.4780856668949127,0.010302814655005932,-0.14157690107822418,0.5035662651062012
1,s_curve,2.68,1.158502459526062,0.26476025581359863,0.1704999953508377,0.14448152482509613,0.4780856668949127,0.03865372762084007,-0.14049136638641357,0.49196672439575195
1,s_curve,2.7,1.159201979637146,0.26451829075813293,0.1704999953508377,0.1459856480360031,0.4780856668949127,0.047590579837560654,-0.14057496190071106,0.4720582365989685
1,s_curve,2.72,1.16080641746521,0.2633129358291626,0.1704999953508377,0.14890599250793457,0.4780856668949127,0.1417132019996643,-0.14140142500400543,0.48467209935188293
1,s_curve,2.74,1.1636924743652344,0.2617052495479584,0.1704999953508377,0.15326477587223053,0.4780856668949127,0.17156505584716797,-0.14234109222888947,0.4912071228027344
1,s_curve,2.7600000000000002,1.1666700839996338,0.2609022855758667,0.1704999953508377,0.1587834358215332,0.4780856668949127,0.12733832001686096,-0.142475426197052,0.47734299302101135
1,s_curve,2.7800000000000002,1.1692352294921875,0.2608751654624939,0.1704999953508377,0.1632942408323288,0.4780856668949127,0.11410840600728989,-0.14194253087043762,0.4802635610103607
1,s_curve,2.8000000000000003,1.171420693397522,0.2611147463321686,0.1704999953508377,0.16658751666545868,0.4780856668949127,0.11251720786094666,-0.14123214781284332,0.4993325471878052
1,s_curve,2.82,1.1745065450668335,0.2610997259616852,0.1704999953508377,0.17029397189617157,0.4780856668949127,0.20010906457901,-0.1405738890171051,0.557648777961731
1,s_curve,2.84,1.1797655820846558,0.2605736255645752,0.1704999953508377,0.1742674559354782,0.4780856668949127,0.3212176263332367,-0.1399405300617218,0.6420421600341797
1,s_curve,2.86,1.1868181228637695,0.259663850069046,0.1704999953508377,0.17784418165683746,0.4780856668949127,0.3833519220352173,-0.13929051160812378,0.6829744577407837
1,s_curve,2.88,1.1956074237823486,0.2577889561653137,0.1704999953508377,0.18115834891796112,0.4780856668949127,0.5047270059585571,-0.13963474333286285,0.6699522733688354
1,s_curve,2.9,1.206404685974121,0.2553250789642334,0.1704999953508377,0.1837594211101532,0.4780856668949127,0.5832172632217407,-0.1392819583415985,0.6346749067306519
1,s_curve,2.92,1.2182384729385376,0.2531590759754181,0.1704999953508377,0.18503133952617645,0.4780856668949127,0.5987595319747925,-0.1383783519268036,0.5841269493103027
1,s_curve,2.94,1.2297248840332031,0.251342236995697,0.1704999953508377,0.1833408623933792,0.4780856668949127,0.5611758232116699,-0.13769885897636414,0.5337420701980591
1,s_curve,2.96,1.2405909299850464,0.24879786372184753,0.1704999953508377,0.17942288517951965,0.4780856668949127,0.562113344669342,-0.1370190978050232,0.5033797025680542
1,s_curve,2.98,1.2510151863098145,0.24521589279174805,0.1704999953508377,0.17421554028987885,0.4780856668949127,0.5637640953063965,-0.13746003806591034,0.46680086851119995
1,s_curve,3.0,1.261915683746338,0.24111391603946686,0.1704999953508377,0.1682346612215042,0.4780856668949127,0.5658521056175232,-0.13882146775722504,0.4775950312614441
1,s_curve,3.02,1.2721219062805176,0.23790492117404938,0.1704999953508377,0.16455459594726562,0.4780856668949127,0.49842238426208496,-0.13861477375030518,0.4461115002632141
1,s_curve,3.04,1.2819054126739502,0.23517440259456635,0.1704999953508377,0.16206486523151398,0.4780856668949127,0.5130685567855835,-0.13808904588222504,0.5063637495040894
1,s_curve,3.06,1.2919020652770996,0.23365755379199982,0.1704999953508377,0.16008234024047852,0.4780856668949127,0.4721648395061493,-0.13634493947029114,0.4900510907173157
1,s_curve,3.08,1.3013759851455688,0.2337401658296585,0.1704999953508377,0.15777899324893951,0.4780856668949127,0.4304567277431488,-0.13371819257736206,0.49327412247657776
1,s_curve,3.1,1.3109455108642578,0.23484767973423004,0.1704999953508377,0.15568090975284576,0.4780856668949127,0.4359229505062103,-0.12935301661491394,0.551714301109314
1,s_curve,3.12,1.3214902877807617,0.23605412244796753,0.1704999953508377,0.15493711829185486,0.4780856668949127,0.5052937865257263,-0.1245560571551323,0.6289252638816833
1,s_curve,3.14,1.3335685729980469,0.2369282990694046,0.1704999953508377,0.1554688662290573,0.4780856668949127,0.5885370373725891,-0.11953752487897873,0.6439723372459412
1,s_curve,3.16,1.3472697734832764,0.23724257946014404,0.1704999953508377,0.15643295645713806,0.4780856668949127,0.6433442234992981,-0.11483313143253326,0.6582502126693726
1,s_curve,3.18,1.3616554737091064,0.23823747038841248,0.1704999953508377,0.15787577629089355,0.4780856668949127,0.6467551589012146,-0.10851876437664032,0.6545860767364502
1,s_curve,3.2,1.3775544166564941,0.23805369436740875,0.1704999953508377,0.15908604860305786,0.4780856668949127,0.8113917708396912,-0.10272996127605438,0.6345925331115723
1,s_curve,3.22,1.39556884765625,0.23629990220069885,0.1704999953508377,0.15990209579467773,0.4780856668949127,0.8959593176841736,-0.09779752045869827,0.581961452960968
1,s_curve,3.24,1.4142816066741943,0.23422247171401978,0.1704999953508377,0.15972553193569183,0.4780856668949127,0.8774738311767578,-0.09221968799829483,0.5600157976150513
1,s_curve,3.2600000000000002,1.4310740232467651,0.23167942464351654,0.1704999953508377,0.15930987894535065,0.4780856668949127,0.7677741646766663,-0.08818675577640533,0.5557488799095154
1,s_curve,3.2800000000000002,1.4462754726409912,0.22758595645427704,0.1704999953508377,0.15834395587444305,0.4780856668949127,0.7722267508506775,-0.0854707807302475,0.5595549941062927
1,s_curve,3.3000000000000003,1.4606834650039673,0.22223523259162903,0.1704999953508377,0.15689216554164886,0.4780856668949127,0.76896071434021,-0.08422961086034775,0.5231221914291382
1,s_curve,3.3200000000000003,1.4747563600540161,0.21583865582942963,0.25,0.15544213354587555,0.4780856668949127,0.7850475311279297,-0.08430229127407074,0.49442705512046814
1,s_curve,3.34,1.4888468980789185,0.20824271440505981,0.25,0.1537395417690277,0.4780856668949127,0.8202348947525024,-0.08486161381006241,0.48434314131736755
1,s_curve,3.36,1.5035624504089355,0.1998988389968872,0.25,0.15226204693317413,0.4780856668949127,0.8865624070167542,-0.0862257331609726,0.5005553364753723
1,s_curve,3.38,1.5189138650894165,0.1917537897825241,0.25,0.152505025267601,0.4780856668949127,0.8806890845298767,-0.08635325729846954,0.5074909329414368
1,s_curve,3.4,1.534595012664795,0.18352729082107544,0.25,0.15325576066970825,0.4780856668949127,0.8877276182174683,-0.08640061318874359,0.4825364351272583
1,s_curve,3.42,1.5499099493026733,0.17564542591571808,0.25,0.1534104198217392,0.4780856668949127,0.8272838592529297,-0.08651414513587952,0.4861142039299011
1,s_curve,3.44,1.5649319887161255,0.16894300282001495,0.25,0.15299546718597412,0.4780856668949127,0.7885767817497253,-0.08520343899726868,0.49801909923553467
1,s_curve,3.46,1.5790754556655884,0.16396769881248474,0.25,0.1519428938627243,0.4780856668949127,0.715036928653717,-0.08279735594987869,0.5136837363243103
1,s_curve,3.48,1.5929454565048218,0.16083218157291412,0.25,0.15052172541618347,0.4780856668949127,0.6538233757019043,-0.0790746882557869,0.5776580572128296
1,s_curve,3.5,1.6068310737609863,0.15878738462924957,0.25,0.14925149083137512,0.4780856668949127,0.6444956660270691,-0.07399703562259674,0.6391209363937378
1,s_curve,3.52,1.621217131614685,0.1562279909849167,0.25,0.14913786947727203,0.4780856668949127,0.7248642444610596,-0.06911978870630264,0.6547178626060486
1,s_curve,3.54,1.6372507810592651,0.15321466326713562,0.25,0.1500549614429474,0.4780856668949127,0.7943280339241028,-0.06401009112596512,0.6294434666633606
1,s_curve,3.56,1.653902292251587,0.15092729032039642,0.25,0.15069757401943207,0.4780856668949127,0.7510434985160828,-0.057544805109500885,0.6190003156661987
1,s_curve,3.58,1.6705095767974854,0.15012098848819733,0.25,0.15024004876613617,0.4780856668949127,0.6993666291236877,-0.04982506111264229,0.5996788740158081
1,s_curve,3.6,1.6864631175994873,0.14807339012622833,0.25,0.15001562237739563,0.4780856668949127,0.7469267249107361,-0.04367649555206299,0.5734431147575378
1,s_curve,3.62,1.7014265060424805,0.14390036463737488,0.25,0.1501876413822174,0.4780856668949127,0.7306582927703857,-0.03949720039963722,0.5281164050102234
1,s_curve,3.64,1.7140047550201416,0.13807441294193268,0.25,0.15063133835792542,0.4780856668949127,0.661146879196167,-0.03796711564064026,0.5235666632652283
1,s_curve,3.66,1.724747657775879,0.1304415464401245,0.25,0.15115384757518768,0.4780856668949127,0.6587620973587036,-0.03912639990448952,0.504593551158905
1,s_curve,3.68,1.7348111867904663,0.12130427360534668,0.25,0.15244686603546143,0.4780856668949127,0.6985638737678528,-0.04158325865864754,0.49239373207092285
1,s_curve,3.7,1.745015263557434,0.11039233952760696,0.25,0.15456904470920563,0.4780856668949127,0.7559291124343872,-0.045473866164684296,0.4786071479320526
1,s_curve,3.72,1.7557395696640015,0.09796284884214401,0.25,0.156918466091156,0.4780856668949127,0.8213592171669006,-0.05056886747479439,0.4125613272190094
1,s_curve,3.74,1.7668887376785278,0.08437152951955795,0.25,0.15828050673007965,0.4780856668949127,0.8553073406219482,-0.05608447641134262,0.38864508271217346
1,s_curve,3.7600000000000002,1.7788113355636597,0.07121337205171585,0.25,0.15916593372821808,0.4780856668949127,0.8566338419914246,-0.06082027778029442,0.3844887316226959
1,s_curve,3.7800000000000002,1.7908447980880737,0.059845827519893646,0.25,0.16004718840122223,0.4780856668949127,0.7726496458053589,-0.0641116052865982,0.3913062810897827
1,s_curve,3.8000000000000003,1.8025082349777222,0.05102166533470154,0.25,0.16066403687000275,0.4780856668949127,0.702667236328125,-0.06521811336278915,0.45957088470458984
1,s_curve,3.8200000000000003,1.8148812055587769,0.043605562299489975,0.25,0.16090312600135803,0.4780856668949127,0.7195037603378296,-0.0647566020488739,0.5249120593070984
1,s_curve,3.84,1.827936053276062,0.0368763692677021,0.25,0.16098202764987946,0.4780856668949127,0.7416180372238159,-0.06346314400434494,0.566839337348938
1,s_curve,3.86,1.8417260646820068,0.030290473252534866,0.25,0.16047778725624084,0.4780856668949127,0.7762967944145203,-0.061453625559806824,0.5672288537025452
1,s_curve,3.88,1.8566107749938965,0.024480201303958893,0.25,0.15902528166770935,0.4780856668949127,0.7713528275489807,-0.058196667581796646,0.5498447418212891
1,s_curve,3.9,1.8702759742736816,0.019498063251376152,0.25,0.15627039968967438,0.4780856668949127,0.6447566747665405,-0.05499692261219025,0.5356966257095337
1,s_curve,3.92,1.8816072940826416,0.013909643515944481,0.25,0.15371236205101013,0.4780856668949127,0.6002357006072998,-0.05344817042350769,0.5078033804893494
1,s_curve,3.94,1.8903634548187256,0.007573532406240702,0.25,0.1514156609773636,0.4780856668949127,0.48850536346435547,-0.053937945514917374,0.4626879394054413
1,s_curve,3.96,1.8965435028076172,0.0009908615611493587,0.25,0.14922849833965302,0.4780856668949127,0.40463531017303467,-0.05604790151119232,0.45984989404678345
1,s_curve,3.98,1.9013192653656006,-0.005473202094435692,0.25,0.1473739743232727,0.4780856668949127,0.3674338459968567,-0.058829545974731445,0.46106547117233276
1,s_curve,4.0,1.9061897993087769,-0.011640941724181175,0.25,0.1457202434539795,0.4780856668949127,0.37746208906173706,-0.06131147965788841,0.4226188361644745
1,s_curve,4.0200000000000005,1.9114054441452026,-0.01608852855861187,0.25,0.1446467787027359,0.4780856668949127,0.29192420840263367,-0.06219744682312012,0.4082878828048706
1,s_curve,4.04,1.916654109954834,-0.01745050773024559,0.25,0.1464267075061798,0.4780856668949127,0.22930219769477844,-0.06044548377394676,0.41866806149482727
1,s_curve,4.0600000000000005,1.9208415746688843,-0.01804066076874733,0.25,0.14806053042411804,0.4780856668949127,0.15404509007930756,-0.058633264154195786,0.45202869176864624
1,s_curve,4.08,1.9247552156448364,-0.017953457310795784,0.25,0.14970701932907104,0.4780856668949127,0.16475948691368103,-0.056406259536743164,0.46361690759658813
1,s_curve,4.1,1.928942322731018,-0.017003696411848068,0.25,0.15123428404331207,0.4780856668949127,0.13420356810092926,-0.05330859124660492,0.46605294942855835
1,s_curve,4.12,1.932918906211853,-0.014864150434732437,0.25,0.15264609456062317,0.4780856668949127,0.08769996464252472,-0.04933348670601845,0.4822859466075897
1,s_curve,4.14,1.9360300302505493,-0.012584738433361053,0.25,0.15378078818321228,0.4780856668949127,0.05642320588231087,-0.045717980712652206,0.5175925493240356
1,s_curve,4.16,1.9388331174850464,-0.010561605915427208,0.25,0.15511728823184967,0.4780856668949127,0.07095898687839508,-0.04248599708080292,0.5142984390258789
1,s_curve,4.18,1.9421050548553467,-0.0093230614438653,0.25,0.15721572935581207,0.4780856668949127,0.1386849582195282,-0.03965097665786743,0.5005640983581543
1,s_curve,4.2,1.9455989599227905,-0.009127222001552582,0.25,0.15942518413066864,0.4780856668949127,0.15285934507846832,-0.03756430745124817,0.4990667402744293
1,s_curve,4.22,1.9493745565414429,-0.009021680802106857,0.25,0.16028974950313568,0.4780856668949127,0.15749607980251312,-0.0353979729115963,0.48553767800331116
1,s_curve,4.24,1.9537324905395508,-0.008684361353516579,0.25,0.15948602557182312,0.4780856668949127,0.17746639251708984,-0.03271759673953056,0.504791796207428
1,s_curve,4.26,1.958528995513916,-0.009031089022755623,0.25,0.15744540095329285,0.4780856668949127,0.24090082943439484,-0.030366908758878708,0.5489122271537781
1,s_curve,4.28,1.9638400077819824,-0.010935215279459953,0.25,0.15441396832466125,0.4780856668949127,0.3111732304096222,-0.029033254832029343,0.5593432784080505
1,s_curve,4.3,1.9702484607696533,-0.013741661794483662,0.25,0.15146809816360474,0.4780856668949127,0.3844543695449829,-0.02784888632595539,0.588114321231842
1,s_curve,4.32,1.978415846824646,-0.01662253402173519,0.25,0.14920014142990112,0.4780856668949127,0.4747823178768158,-0.025758439674973488,0.6288149952888489
1,s_curve,4.34,1.9895431995391846,-0.020313840359449387,0.25,0.14709079265594482,0.4780856668949127,0.6316684484481812,-0.022715333849191666,0.6619901657104492
1,s_curve,4.36,2.003305673599243,-0.025356702506542206,0.25,0.14559659361839294,0.4780856668949127,0.7638801336288452,-0.019350148737430573,0.6531014442443848
1,s_curve,4.38,2.018068790435791,-0.03098624013364315,0.25,0.1451207548379898,0.4780856668949127,0.7726483941078186,-0.015895284712314606,0.6188135743141174
1,s_curve,4.4,2.033198595046997,-0.03763376176357269,0.25,0.1453050971031189,0.4780856668949127,0.8453018665313721,-0.01314677856862545,0.6046667098999023
1,s_curve,4.42,2.047905206680298,-0.04565068334341049,0.25,0.1467113345861435,0.4780856668949127,0.7992856502532959,-0.011775217950344086,0.5665539503097534
1,s_curve,4.44,2.0614476203918457,-0.054398879408836365,0.25,0.15170051157474518,0.4780856668949127,0.8259680271148682,-0.011601028963923454,0.4616660177707672
1,s_curve,4.46,2.074113368988037,-0.06489938497543335,0.25,0.15711361169815063,0.4780856668949127,0.8265898823738098,-0.013485124334692955,0.45562297105789185
1,s_curve,4.48,2.086998224258423,-0.07702896744012833,0.25,0.16312319040298462,0.4780856668949127,0.9137941598892212,-0.016614563763141632,0.487119197845459
1,s_curve,4.5,2.099665880203247,-0.08910775184631348,0.25,0.16758675873279572,0.4780856668949127,0.8171007633209229,-0.019757553935050964,0.49119460582733154
1,s_curve,4.5200000000000005,2.111544609069824,-0.0993967205286026,0.25,0.17063671350479126,0.4780856668949127,0.7499523162841797,-0.021979205310344696,0.4498905837535858
1,s_curve,4.54,2.1229422092437744,-0.1079360619187355,0.25,0.1723431944847107,0.4780856668949127,0.6793721914291382,-0.02299012616276741,0.47564414143562317
1,s_curve,4.5600000000000005,2.1344497203826904,-0.11510101705789566,0.25,0.17488236725330353,0.4780856668949127,0.6838065981864929,-0.022670267149806023,0.5763671398162842
1,s_curve,4.58,2.1470584869384766,-0.12125499546527863,0.25,0.17884881794452667,0.4780856668949127,0.7150686383247375,-0.021121900528669357,0.6147235631942749
1,s_curve,4.6000000000000005,2.161531925201416,-0.12680205702781677,0.25,0.18265438079833984,0.4780856668949127,0.7846059799194336,-0.018063010647892952,0.6345726847648621
1,s_curve,4.62,2.1772916316986084,-0.13175319135189056,0.1704999953508377,0.1856801062822342,0.4780856668949127,0.7952269911766052,-0.01364512462168932,0.6170738935470581
1,s_curve,4.64,2.193702459335327,-0.13685977458953857,0.1704999953508377,0.18809278309345245,0.4780856668949127,0.8481191396713257,-0.00933016650378704,0.555121123790741
1,s_curve,4.66,2.210343599319458,-0.14228200912475586,0.1704999953508377,0.18895450234413147,0.4780856668949127,0.8393099308013916,-0.00516195734962821,0.4580981135368347
1,s_curve,4.68,2.225644826889038,-0.14756573736667633,0.1704999953508377,0.18710081279277802,0.4780856668949127,0.7445635795593262,-0.001406125258654356,0.39955562353134155
1,s_curve,4.7,2.238636016845703,-0.15314801037311554,0.1704999953508377,0.1850869208574295,0.4780856668949127,0.6797356605529785,0.0005462648696266115,0.377350389957428
1,s_curve,4.72,2.2501931190490723,-0.1597822606563568,0.1704999953508377,0.18389999866485596,0.4780856668949127,0.6704018712043762,0.0008560577407479286,0.39268234372138977
1,s_curve,4.74,2.261345624923706,-0.16775156557559967,0.1704999953508377,0.18287275731563568,0.4780856668949127,0.702701985836029,9.654276072978973e-05,0.3753788471221924
1,s_curve,4.76,2.2723491191864014,-0.17698107659816742,0.1704999953508377,0.18128228187561035,0.4780856668949127,0.7172648906707764,-0.0022849945817142725,0.36642980575561523
1,s_curve,4.78,2.283353328704834,-0.18675801157951355,0.1704999953508377,0.17920994758605957,0.4780856668949127,0.741350531578064,-0.005138116888701916,0.38491061329841614
1,s_curve,4.8,2.2948355674743652,-0.19704964756965637,0.1704999953508377,0.17638535797595978,0.4780856668949127,0.7730574607849121,-0.0081927590072155,0.4006897807121277
1,s_curve,4.82,2.3057329654693604,-0.20619431138038635,0.1704999953508377,0.17387817800045013,0.4780856668949127,0.6459683775901794,-0.010398880578577518,0.3951713442802429
1,s_curve,4.84,2.3145644664764404,-0.2131834626197815,0.1704999953508377,0.1721661239862442,0.4780856668949127,0.4855067729949951,-0.012116288766264915,0.38167548179626465
1,s_curve,4.86,2.3218276500701904,-0.21781836450099945,0.1704999953508377,0.17067916691303253,0.4780856668949127,0.3908088207244873,-0.012560751289129257,0.43262407183647156
1,s_curve,4.88,2.3281755447387695,-0.22022178769111633,0.1704999953508377,0.16825701296329498,0.4780856668949127,0.3012644946575165,-0.01151660643517971,0.4748046100139618
1,s_curve,4.9,2.334233283996582,-0.2210027277469635,0.1704999953508377,0.16435123980045319,0.4780856668949127,0.27361756563186646,-0.009204791858792305,0.5128370523452759
1,s_curve,4.92,2.3405845165252686,-0.22089946269989014,0.1704999953508377,0.16057188808918,0.4780856668949127,0.2877458333969116,-0.00565741490572691,0.5388639569282532
1,s_curve,4.94,2.347714424133301,-0.22110891342163086,0.1704999953508377,0.15688565373420715,0.4780856668949127,0.35202062129974365,-0.0024265791289508343,0.5656909942626953
1,s_curve,4.96,2.3559582233428955,-0.2221813201904297,0.1704999953508377,0.15401813387870789,0.4780856668949127,0.4233124852180481,0.0005801792722195387,0.5724850296974182
1,s_curve,4.98,2.3652520179748535,-0.22399108111858368,0.1704999953508377,0.1519818753004074,0.4780856668949127,0.4755666255950928,0.0034425188787281513,0.583928644657135
1,s_curve,5.0,2.3754677772521973,-0.2257319539785385,0.1704999953508377,0.15073052048683167,0.4780856668949127,0.5008060932159424,0.0068068853579461575,0.5578728914260864
1,s_curve,5.0200000000000005,2.3864388465881348,-0.2282155305147171,0.1704999953508377,0.150569349527359,0.4780856668949127,0.5614718198776245,0.010274399071931839,0.5289801359176636
1,s_curve,5.04,2.3970279693603516,-0.2314814180135727,0.1704999953508377,0.15225809812545776,0.4780856668949127,0.5326253175735474,0.012272504158318043,0.5013546943664551
1,s_curve,5.0600000000000005,2.406312942504883,-0.23506583273410797,0.1704999953508377,0.15420491993427277,0.4780856668949127,0.45847004652023315,0.013385376892983913,0.4675142765045166
1,s_curve,5.08,2.4133896827697754,-0.23911152780056,0.1704999953508377,0.15525369346141815,0.4780856668949127,0.36669042706489563,0.013068564236164093,0.4546888470649719
1,s_curve,5.1000000000000005,2.4190731048583984,-0.24347327649593353,0.1704999953508377,0.15673556923866272,0.4780856668949127,0.36424124240875244,0.0118274986743927,0.4850032925605774
1,s_curve,5.12,2.4254753589630127,-0.24826377630233765,0.1704999953508377,0.15946973860263824,0.4780856668949127,0.43477386236190796,0.010995293036103249,0.5067280530929565
1,s_curve,5.14,2.4329841136932373,-0.2534554600715637,0.1704999953508377,0.16235284507274628,0.4780856668949127,0.4643906354904175,0.009672011248767376,0.49795469641685486
1,s_curve,5.16,2.4409074783325195,-0.25881844758987427,0.1704999953508377,0.16382165253162384,0.4780856668949127,0.4842309355735779,0.008379061706364155,0.4846228361129761
1,s_curve,5.18,2.449054002761841,-0.26319852471351624,0.1704999953508377,0.16323454678058624,0.4780856668949127,0.45071759819984436,0.008066046983003616,0.47074180841445923
1,s_curve,5.2,2.4569404125213623,-0.2666105329990387,0.1704999953508377,0.16149716079235077,0.4780856668949127,0.42982470989227295,0.008505343459546566,0.5065767765045166
1,s_curve,5.22,2.4653024673461914,-0.2692755460739136,0.1704999953508377,0.1598312109708786,0.4780856668949127,0.4421606659889221,0.010312331840395927,0.5647391080856323
1,s_curve,5.24,2.4748640060424805,-0.2714862525463104,0.1704999953508377,0.15824171900749207,0.4780856668949127,0.4985092282295227,0.012350572273135185,0.6081414818763733
1,s_curve,5.26,2.4858057498931885,-0.2737507224082947,0.1704999953508377,0.1572537124156952,0.4780856668949127,0.5805834531784058,0.014923512004315853,0.602046012878418
1,s_curve,5.28,2.4983160495758057,-0.27614104747772217,0.1704999953508377,0.1566779911518097,0.4780856668949127,0.6357859969139099,0.01804543286561966,0.5734130144119263
1,s_curve,5.3,2.5119590759277344,-0.2781425714492798,0.1704999953508377,0.1557132750749588,0.4780856668949127,0.6711185574531555,0.022471699863672256,0.5388789772987366
1,s_curve,5.32,2.5250244140625,-0.27943694591522217,0.1704999953508377,0.15423637628555298,0.4780856668949127,0.5714999437332153,0.026509249582886696,0.5126258730888367
1,s_curve,5.34,2.5370190143585205,-0.2812783122062683,0.1704999953508377,0.15332789719104767,0.4780856668949127,0.5836715698242188,0.029617315158247948,0.48984888195991516
1,s_curve,5.36,2.5481085777282715,-0.2842629551887512,0.1704999953508377,0.15242384374141693,0.4780856668949127,0.5453951358795166,0.031315602362155914,0.4552296996116638
1,s_curve,5.38,2.557708501815796,-0.288004994392395,0.1704999953508377,0.15150855481624603,0.4780856668949127,0.4934846758842468,0.032155729830265045,0.4241487979888916
1,s_curve,5.4,2.565905809402466,-0.2926067113876343,0.1704999953508377,0.15107999742031097,0.4780856668949127,0.4503636956214905,0.03096194751560688,0.40057864785194397
1,s_curve,5.42,2.5737152099609375,-0.2979845404624939,0.1704999953508377,0.15187564492225647,0.4780856668949127,0.4830757975578308,0.028903242200613022,0.37930575013160706
1,s_curve,5.44,2.5821549892425537,-0.3039323091506958,0.1704999953508377,0.15366345643997192,0.4780856668949127,0.5346601605415344,0.02655242197215557,0.3478870689868927
1,s_curve,5.46,2.591161012649536,-0.3107956051826477,0.1704999953508377,0.15559588372707367,0.4780856668949127,0.5678484439849854,0.024110477417707443,0.3352949619293213
1,s_curve,5.48,2.600334882736206,-0.31826871633529663,0.1704999953508377,0.15734970569610596,0.4780856668949127,0.540620744228363,0.02029268629848957,0.3283545970916748
1,s_curve,5.5,2.6091604232788086,-0.3248978555202484,0.1704999953508377,0.16046325862407684,0.4780856668949127,0.5338059663772583,0.01714513450860977,0.35010677576065063
1,s_curve,5.5200000000000005,2.618116855621338,-0.3308088183403015,0.1704999953508377,0.16374188661575317,0.4780856668949127,0.5109651684761047,0.014716468751430511,0.38948050141334534
1,s_curve,5.54,2.626194477081299,-0.33518552780151367,0.1704999953508377,0.16607514023780823,0.4780856668949127,0.4107521176338196,0.01402704045176506,0.4063306450843811
1,s_curve,5.5600000000000005,2.633328437805176,-0.33772921562194824,0.1704999953508377,0.1672048419713974,0.4780856668949127,0.36589425802230835,0.01388648059219122,0.42358002066612244
1,s_curve,5.58,2.6404857635498047,-0.3395753502845764,0.1704999953508377,0.1681196689605713,0.4780856668949127,0.3859049677848816,0.014414628967642784,0.4878814220428467
1,s_curve,5.6000000000000005,2.6485989093780518,-0.3409977853298187,0.1704999953508377,0.16881409287452698,0.4780856668949127,0.4280708432197571,0.01564868725836277,0.5471742749214172
1,s_curve,5.62,2.657655954360962,-0.342060923576355,0.1704999953508377,0.16941682994365692,0.4780856668949127,0.46123331785202026,0.017523808404803276,0.5890545845031738
1,s_curve,5.64,2.6675710678100586,-0.3421211242675781,0.1704999953508377,0.1701992303133011,0.4780856668949127,0.47843536734580994,0.021272316575050354,0.5823177099227905
1,s_curve,5.66,2.6785428524017334,-0.3424912095069885,0.1704999953508377,0.1703125685453415,0.4780856668949127,0.5660873651504517,0.02406534180045128,0.5398065447807312
1,s_curve,5.68,2.690765857696533,-0.3437756299972534,0.1704999953508377,0.16878269612789154,0.4780856668949127,0.6246777772903442,0.026341410353779793,0.4619029760360718
1,s_curve,5.7,2.7029812335968018,-0.34527140855789185,0.1704999953508377,0.16634364426136017,0.4780856668949127,0.586873471736908,0.028412817046046257,0.4115590453147888
1,s_curve,5.72,2.71384859085083,-0.34723758697509766,0.1704999953508377,0.1640705019235611,0.4780856668949127,0.5127376914024353,0.030160579830408096,0.38945940136909485
1,s_curve,5.74,2.7235612869262695,-0.35021620988845825,0.1704999953508377,0.16212818026542664,0.4780856668949127,0.510726273059845,0.029740560799837112,0.37567946314811707
1,s_curve,5.76,2.7330424785614014,-0.35446086525917053,0.1704999953508377,0.16116781532764435,0.4780856668949127,0.529114305973053,0.028037166222929955,0.3572535812854767
1,s_curve,5.78,2.742142915725708,-0.35968154668807983,0.1704999953508377,0.161637544631958,0.4780856668949127,0.478689044713974,0.02529311738908291,0.3461073338985443
1,s_curve,5.8,2.7504045963287354,-0.3653324544429779,0.1704999953508377,0.1637319028377533,0.4780856668949127,0.4516345262527466,0.022475529462099075,0.29533472657203674
1,s_curve,5.82,2.758347749710083,-0.3710141181945801,0.1704999953508377,0.16676200926303864,0.4780856668949127,0.4588512182235718,0.018662692978978157,0.3431144058704376
1,s_curve,5.84,2.7665791511535645,-0.37670984864234924,0.1704999953508377,0.17001470923423767,0.4780856668949127,0.46222442388534546,0.01489898283034563,0.39893797039985657
1,s_curve,5.86,2.7746806144714355,-0.38160037994384766,0.1704999953508377,0.17276060581207275,0.4780856668949127,0.43501970171928406,0.011892760172486305,0.39667409658432007
1,s_curve,5.88,2.7823383808135986,-0.38481569290161133,0.1704999953508377,0.17386603355407715,0.4780856668949127,0.39082834124565125,0.011189866811037064,0.38146787881851196
1,s_curve,5.9,2.790020227432251,-0.3873426616191864,0.1704999953508377,0.17398785054683685,0.4780856668949127,0.42107856273651123,0.010094970464706421,0.4386417269706726
1,s_curve,5.92,2.79866361618042,-0.3898264169692993,0.1704999953508377,0.17399311065673828,0.4780856668949127,0.47301745414733887,0.009216604754328728,0.4973759055137634
1,s_curve,5.94,2.808135509490967,-0.3922490179538727,0.1704999953508377,0.1739622801542282,0.4780856668949127,0.5004242658615112,0.008548333309590816,0.536938488483429
1,s_curve,5.96,2.8183560371398926,-0.39428818225860596,0.1704999953508377,0.17355887591838837,0.4780856668949127,0.5289050340652466,0.008392661809921265,0.5500333309173584
1,s_curve,5.98,2.8293886184692383,-0.39696821570396423,0.1704999953508377,0.1727566421031952,0.4780856668949127,0.5957052707672119,0.008225059136748314,0.5158911347389221
1,s_curve,6.0,2.8413870334625244,-0.4005717933177948,0.1704999953508377,0.17076176404953003,0.4780856668949127,0.6370208859443665,0.0063671148382127285,0.4593769311904907
1,s_curve,6.0200000000000005,2.853663921356201,-0.40382277965545654,0.1704999953508377,0.16689883172512054,0.4780856668949127,0.6075653433799744,0.004897830076515675,0.46726682782173157
1,s_curve,6.04,2.864201545715332,-0.4058973789215088,0.1704999953508377,0.16255564987659454,0.4780856668949127,0.47736161947250366,0.0050064800307154655,0.5033338665962219
1,s_curve,6.0600000000000005,2.8730998039245605,-0.40784528851509094,0.1704999953508377,0.15868638455867767,0.4780856668949127,0.42835208773612976,0.003982205875217915,0.47506293654441833
1,s_curve,6.08,2.8806612491607666,-0.41027623414993286,0.1704999953508377,0.15512797236442566,0.4780856668949127,0.3544713854789734,0.002340232487767935,0.4383429288864136
1,s_curve,6.1000000000000005,2.8866045475006104,-0.4126357436180115,0.1704999953508377,0.1526988446712494,0.4780856668949127,0.26795876026153564,0.0006032258388586342,0.4001201093196869
1,s_curve,6.12,2.8912668228149414,-0.4145719110965729,0.1704999953508377,0.15171636641025543,0.4780856668949127,0.2266332507133484,-0.0008441635873168707,0.3831203281879425
1,s_curve,6.140000000000001,2.895421266555786,-0.41579028964042664,0.1704999953508377,0.15192939341068268,0.4780856668949127,0.198065847158432,-0.0016296807443723083,0.37005290389060974
1,s_curve,6.16,2.8994126319885254,-0.4163719415664673,0.1704999953508377,0.1532144397497177,0.4780856668949127,0.20221436023712158,-0.0017985731828957796,0.3611092269420624
1,s_curve,6.18,2.903158664703369,-0.41689616441726685,0.25,0.15495003759860992,0.4780856668949127,0.1791376918554306,-0.001250988570973277,0.3629784882068634
1,s_curve,6.2,2.9066226482391357,-0.41755756735801697,0.25,0.15672169625759125,0.4780856668949127,0.1715911626815796,-0.0016965061658993363,0.3914291262626648
1,s_curve,6.22,2.910325288772583,-0.41800618171691895,0.25,0.15856286883354187,0.4780856668949127,0.183818519115448,-0.001914857653900981,0.4049137532711029
1,s_curve,6.24,2.9138710498809814,-0.41822105646133423,0.25,0.16017934679985046,0.4780856668949127,0.17742517590522766,-0.0019096381729468703,0.4164345860481262
1,s_curve,6.26,2.9175496101379395,-0.41833627223968506,0.25,0.16054974496364594,0.4780856668949127,0.18167302012443542,-0.0017967235762625933,0.44110292196273804
1,s_curve,6.28,2.9208714962005615,-0.4180120825767517,0.25,0.15989582240581512,0.4780856668949127,0.15068212151527405,-0.0012673457385972142,0.4510839879512787
1,s_curve,6.3,2.9247710704803467,-0.41822993755340576,0.25,0.15921637415885925,0.4780856668949127,0.2321036010980606,-0.0012431798968464136,0.44463205337524414
1,s_curve,6.32,2.92977237701416,-0.4193485975265503,0.25,0.1589004397392273,0.4780856668949127,0.2685743272304535,-0.002049829578027129,0.43174678087234497
1,s_curve,6.34,2.9350838661193848,-0.42017439007759094,0.25,0.1581268310546875,0.4780856668949127,0.26142168045043945,-0.002544956747442484,0.43822041153907776
1,s_curve,6.36,2.940168619155884,-0.41985997557640076,0.25,0.1573151797056198,0.4780856668949127,0.24339240789413452,-0.0010994194308295846,0.46232306957244873
1,s_curve,6.38,2.9451253414154053,-0.4194975197315216,0.25,0.15694545209407806,0.4780856668949127,0.24862903356552124,-0.0006343633867800236,0.446135550737381
1,s_curve,6.4,2.9493155479431152,-0.41973376274108887,0.25,0.15749338269233704,0.4780856668949127,0.17590567469596863,-0.0007837560260668397,0.4324460029602051
1,s_curve,6.42,2.9527831077575684,-0.4198671281337738,0.25,0.15917371213436127,0.4780856668949127,0.16308629512786865,-0.0008452626643702388,0.4349616765975952
1,s_curve,6.44,2.9561667442321777,-0.4197613596916199,0.25,0.16058851778507233,0.4780856668949127,0.17532168328762054,-0.000669425236992538,0.4454324245452881
1,s_curve,6.46,2.9601643085479736,-0.41926029324531555,0.25,0.1618300825357437,0.4780856668949127,0.21948550641536713,-8.565718599129468e-05,0.4212925434112549
1,s_curve,6.48,2.9649646282196045,-0.41941991448402405,0.25,0.16338679194450378,0.4780856668949127,0.2500259280204773,-0.000145806057844311,0.39346182346343994
1,s_curve,6.5,2.969383478164673,-0.4206661581993103,0.25,0.16548936069011688,0.4780856668949127,0.21303768455982208,-0.0013002464547753334,0.3658251166343689
1,s_curve,6.5200000000000005,2.9736568927764893,-0.42312219738960266,0.25,0.1688319742679596,0.4780856668949127,0.20819175243377686,-0.0036672349087893963,0.341682493686676
1,s_curve,6.54,2.977505683898926,-0.4260081946849823,0.25,0.17263531684875488,0.4780856668949127,0.17431767284870148,-0.006472886074334383,0.32960110902786255
1,s_curve,6.5600000000000005,2.9804532527923584,-0.428446888923645,0.25,0.1746620386838913,0.4780856668949127,0.13386769592761993,-0.008040180429816246,0.3522893488407135
1,s_curve,6.58,2.9831464290618896,-0.4300616681575775,0.25,0.1747533231973648,0.4780856668949127,0.13786891102790833,-0.009710402227938175,0.35197073221206665
1,s_curve,6.6000000000000005,2.9858930110931396,-0.42989835143089294,0.25,0.17432187497615814,0.4780856668949127,0.15503528714179993,-0.0096040153875947,0.40040579438209534
1,s_curve,6.62,2.98919939994812,-0.4289437234401703,0.25,0.17373783886432648,0.4780856668949127,0.1915479451417923,-0.00871808361262083,0.45989131927490234
1,s_curve,6.640000000000001,2.994152545928955,-0.4270879626274109,0.25,0.17307795584201813,0.4780856668949127,0.30834320187568665,-0.006965325679630041,0.5023179054260254
1,s_curve,6.66,3.0011050701141357,-0.42364761233329773,0.25,0.17216414213180542,0.4780856668949127,0.38635873794555664,-0.003669734112918377,0.5247974395751953
1,s_curve,6.68,3.0091187953948975,-0.4187336266040802,0.25,0.17080923914909363,0.4780856668949127,0.40834036469459534,0.0010771936504170299,0.4799853563308716
1,s_curve,6.7,3.017498016357422,-0.41397252678871155,0.25,0.16955602169036865,0.4780856668949127,0.4269357919692993,0.005663697607815266,0.4548240303993225
1,s_curve,6.72,3.0258278846740723,-0.4109826982021332,0.25,0.16824501752853394,0.4780856668949127,0.4086509346961975,0.009050850756466389,0.3993726074695587
1,s_curve,6.74,3.033400058746338,-0.40989166498184204,0.25,0.1669253557920456,0.4780856668949127,0.3608686923980713,0.009670634754002094,0.31686562299728394
1,s_curve,6.76,3.039226770401001,-0.4100554883480072,0.25,0.16693857312202454,0.4780856668949127,0.25033342838287354,0.009146117605268955,0.31628501415252686
1,s_curve,6.78,3.044404983520508,-0.41076889634132385,0.25,0.1694450080394745,0.4780856668949127,0.27848875522613525,0.008113251067698002,0.33122342824935913
1,s_curve,6.8,3.0507826805114746,-0.41209641098976135,0.25,0.17407293617725372,0.4780856668949127,0.3572918176651001,0.006393140181899071,0.37706151604652405
1,s_curve,6.82,3.0589945316314697,-0.4143061935901642,0.25,0.17905963957309723,0.4780856668949127,0.4274013340473175,0.0036788168363273144,0.3709678053855896
1,s_curve,6.84,3.0678458213806152,-0.41703760623931885,0.25,0.18318064510822296,0.4780856668949127,0.42316439747810364,0.0008999146521091461,0.3497047424316406
1,s_curve,6.86,3.076411724090576,-0.4195098578929901,0.25,0.18577268719673157,0.4780856668949127,0.4073232114315033,-0.0024385075084865093,0.35858747363090515
1,s_curve,6.88,3.0843491554260254,-0.4210985600948334,0.25,0.18726520240306854,0.4780856668949127,0.3823455572128296,-0.004833538550883532,0.3827410936355591
1,s_curve,6.9,3.0921361446380615,-0.4216078519821167,0.25,0.18815013766288757,0.4780856668949127,0.40965893864631653,-0.006139418575912714,0.4467519223690033
1,s_curve,6.92,3.1009695529937744,-0.42139139771461487,0.25,0.1897873431444168,0.4780856668949127,0.46716466546058655,-0.0060303062200546265,0.5259513258934021
1,s_curve,6.94,3.110699415206909,-0.42080503702163696,0.25,0.19314800202846527,0.4780856668949127,0.5202710628509521,-0.006835710722953081,0.5777479410171509
1,s_curve,6.96,3.122202157974243,-0.41968128085136414,0.25,0.1975376009941101,0.4780856668949127,0.6251713037490845,-0.007361704017966986,0.5449443459510803
1,s_curve,6.98,3.1354775428771973,-0.4182529151439667,0.25,0.20082615315914154,0.4780856668949127,0.6960197687149048,-0.007838663645088673,0.502341628074646
1,s_curve,7.0,3.1499876976013184,-0.4172489047050476,0.25,0.2010495662689209,0.4780856668949127,0.7328422665596008,-0.008459385484457016,0.4535634517669678
1,s_curve,7.0200000000000005,3.1645798683166504,-0.4166072905063629,0.25,0.19854523241519928,0.4780856668949127,0.7084510326385498,-0.010469408705830574,0.3876400887966156
1,s_curve,7.04,3.1784393787384033,-0.4162854552268982,0.25,0.1956396847963333,0.4780856668949127,0.670595109462738,-0.012661324813961983,0.32564863562583923
1,s_curve,7.0600000000000005,3.191798686981201,-0.41651833057403564,0.25,0.19290775060653687,0.4780856668949127,0.6412501931190491,-0.014875287190079689,0.3323509693145752
1,s_curve,7.08,3.205089807510376,-0.41749057173728943,0.25,0.19005230069160461,0.4780856668949127,0.6386615037918091,-0.018722442910075188,0.31810614466667175
1,s_curve,7.1000000000000005,3.218665838241577,-0.41838371753692627,0.25,0.1875389814376831,0.4780856668949127,0.6736647486686707,-0.022554533556103706,0.320879191160202
1,s_curve,7.12,3.2333903312683105,-0.41924840211868286,0.25,0.18509937822818756,0.4780856668949127,0.7231740951538086,-0.026129066944122314,0.311088889837265
1,s_curve,7.140000000000001,3.2470335960388184,-0.4200262427330017,0.25,0.18410572409629822,0.4780856668949127,0.5959367156028748,-0.030338961631059647,0.30345696210861206
1,s_curve,7.16,3.2585067749023438,-0.42106011509895325,0.25,0.18378576636314392,0.4780856668949127,0.4889603555202484,-0.034246593713760376,0.30170491337776184
1,s_curve,7.18,3.2683088779449463,-0.4219120442867279,0.25,0.18293693661689758,0.4780856668949127,0.44493332505226135,-0.03755474090576172,0.3326575458049774
1,s_curve,7.2,3.27659010887146,-0.4214291572570801,0.25,0.180930033326149,0.4780856668949127,0.3856721520423889,-0.038683392107486725,0.36769381165504456
1,s_curve,7.22,3.283848524093628,-0.4194946885108948,0.25,0.17865075170993805,0.4780856668949127,0.3761049807071686,-0.03891250863671303,0.42559614777565
1,s_curve,7.24,3.290977716445923,-0.41640573740005493,0.25,0.17706240713596344,0.4780856668949127,0.40049663186073303,-0.03799859806895256,0.4856516420841217
1,s_curve,7.26,3.2984533309936523,-0.412893146276474,0.25,0.1767471432685852,0.4780856668949127,0.42643672227859497,-0.03677823394536972,0.5120934844017029
1,s_curve,7.28,3.3067800998687744,-0.40934908390045166,0.25,0.17781370878219604,0.4780856668949127,0.47259172797203064,-0.03577189892530441,0.5063838362693787
1,s_curve,7.3,3.3156278133392334,-0.40501904487609863,0.25,0.179952010512352,0.4780856668949127,0.5047155618667603,-0.03365563601255417,0.49154794216156006
1,s_curve,7.32,3.3255116939544678,-0.40025782585144043,0.25,0.18171265721321106,0.4780856668949127,0.570309042930603,-0.032288212329149246,0.5222058892250061
1,s_curve,7.34,3.3370676040649414,-0.3962555229663849,0.25,0.18159718811511993,0.4780856668949127,0.6391361951828003,-0.03217245638370514,0.4342321455478668
1,s_curve,7.36,3.349193572998047,-0.39282453060150146,0.25,0.1789560765028,0.4780856668949127,0.6162444949150085,-0.0327797494828701,0.34782809019088745
1,s_curve,7.38,3.360646963119507,-0.39027151465415955,0.25,0.1745559424161911,0.4780856668949127,0.5522770881652832,-0.03365492448210716,0.2768775522708893
1,s_curve,7.4,3.3710756301879883,-0.3891602158546448,0.25,0.16945356130599976,0.4780856668949127,0.47097712755203247,-0.03623836115002632,0.257711797952652
1,s_curve,7.42,3.3806540966033936,-0.3889979422092438,0.25,0.16467443108558655,0.4780856668949127,0.4326722025871277,-0.03941606357693672,0.2979893088340759
1,s_curve,7.44,3.388856887817383,-0.38892126083374023,0.25,0.16217564046382904,0.4780856668949127,0.3632942736148834,-0.04219578206539154,0.34346649050712585
1,s_curve,7.46,3.395780563354492,-0.38906583189964294,0.25,0.1610403209924698,0.4780856668949127,0.29023414850234985,-0.04410472884774208,0.3255789279937744
1,s_curve,7.48,3.401185989379883,-0.3887382447719574,0.25,0.16119042038917542,0.4780856668949127,0.22644785046577454,-0.045827072113752365,0.3414319157600403
1,s_curve,7.5,3.4057211875915527,-0.3879513442516327,0.25,0.16225680708885193,0.4780856668949127,0.22751617431640625,-0.04679740592837334,0.3938828706741333
1,s_curve,7.5200000000000005,3.4103384017944336,-0.38762226700782776,0.25,0.1636321097612381,0.4780856668949127,0.21084678173065186,-0.04822293296456337,0.3918626308441162
1,s_curve,7.54,3.4140784740448,-0.3872543275356293,0.25,0.16415730118751526,0.4780856668949127,0.15655025839805603,-0.04928365722298622,0.3948231637477875
1,s_curve,7.5600000000000005,3.4168553352355957,-0.38684555888175964,0.25,0.1637318879365921,0.4780856668949127,0.11522966623306274,-0.04994550347328186,0.3889617323875427
1,s_curve,7.58,3.418792963027954,-0.38603243231773376,0.25,0.16247892379760742,0.4780856668949127,0.10663004964590073,-0.04991791024804115,0.3809433877468109
1,s_curve,7.6000000000000005,3.420659065246582,-0.38369107246398926,0.25,0.16037394106388092,0.4780856668949127,0.15402339398860931,-0.04844668507575989,0.4186656177043915
1,s_curve,7.62,3.423372745513916,-0.3806649148464203,0.25,0.1577073335647583,0.4780856668949127,0.21495258808135986,-0.04665827378630638,0.4660949110984802
1,s_curve,7.640000000000001,3.4274301528930664,-0.37691637873649597,0.25,0.15559802949428558,0.4780856668949127,0.3012823462486267,-0.04470379650592804,0.4847474992275238
1,s_curve,7.66,3.432927131652832,-0.3722386062145233,0.25,0.154860258102417,0.4780856668949127,0.391927033662796,-0.04242740198969841,0.4673871695995331
1,s_curve,7.68,3.44020414352417,-0.3664957880973816,0.25,0.15496990084648132,0.4780856668949127,0.49517300724983215,-0.039385195821523666,0.45405396819114685
1,s_curve,7.7,3.449237108230591,-0.3597372770309448,0.25,0.15546365082263947,0.4780856668949127,0.5756063461303711,-0.036802101880311966,0.43208932876586914
1,s_curve,7.72,3.4594054222106934,-0.35314804315567017,0.25,0.15667250752449036,0.4780856668949127,0.6046115756034851,-0.03482811152935028,0.4020031690597534
1,s_curve,7.74,3.4704153537750244,-0.34770452976226807,0.25,0.1576254963874817,0.4780856668949127,0.6064997911453247,-0.034240785986185074,0.3597303032875061
1,s_curve,7.76,3.4816462993621826,-0.343403160572052,0.25,0.1577918380498886,0.4780856668949127,0.5865575075149536,-0.03444201499223709,0.3166019022464752
1,s_curve,7.78,3.4914190769195557,-0.33980292081832886,0.25,0.15972788631916046,0.4780856668949127,0.481992244720459,-0.035310257226228714,0.31024661660194397
1,s_curve,7.8,3.5000197887420654,-0.33738964796066284,0.25,0.16187947988510132,0.4780856668949127,0.4076595902442932,-0.03675876930356026,0.2675793468952179
1,s_curve,7.82,3.508057117462158,-0.3359352946281433,0.25,0.16505499184131622,0.4780856668949127,0.3970571756362915,-0.03883817419409752,0.28913989663124084
1,s_curve,7.84,3.5162925720214844,-0.33521559834480286,0.25,0.16915039718151093,0.4780856668949127,0.3813613951206207,-0.04166712239384651,0.30799829959869385
1,s_curve,7.86,3.5243923664093018,-0.33494022488594055,0.25,0.17250050604343414,0.4780856668949127,0.3612610399723053,-0.044459305703639984,0.3038911819458008
1,s_curve,7.88,3.5318551063537598,-0.334895521402359,0.25,0.17413286864757538,0.4780856668949127,0.3130298852920532,-0.0477287694811821,0.3042955696582794
1,s_curve,7.9,3.5386691093444824,-0.33527815341949463,0.25,0.17417919635772705,0.4780856668949127,0.2899234890937805,-0.05109354853630066,0.266206830739975
1,s_curve,7.92,3.545118808746338,-0.3347790539264679,0.25,0.17332012951374054,0.4780856668949127,0.32066404819488525,-0.053506482392549515,0.3104080259799957
1,s_curve,7.94,3.5516178607940674,-0.33288782835006714,0.25,0.1724604368209839,0.4780856668949127,0.3574156165122986,-0.0546935610473156,0.37293922901153564
1,s_curve,7.96,3.558633804321289,-0.32943302392959595,0.25,0.17183630168437958,0.4780856668949127,0.420081228017807,-0.05470845103263855,0.424834281206131
1,s_curve,7.98,3.5661892890930176,-0.3251197636127472,0.25,0.17233645915985107,0.4780856668949127,0.4668060541152954,-0.053763218224048615,0.44361209869384766
1,s_curve,8.0,3.5749142169952393,-0.3198018968105316,0.25,0.17340780794620514,0.4780856668949127,0.5516555309295654,-0.05308007448911667,0.41268402338027954
1,s_curve,8.02,3.5851683616638184,-0.3132418096065521,0.25,0.17380039393901825,0.4780856668949127,0.6339534521102905,-0.05200215429067612,0.3928827941417694
1,s_curve,8.040000000000001,3.596202850341797,-0.30686500668525696,0.25,0.17331495881080627,0.4780856668949127,0.6243382692337036,-0.05144743621349335,0.3386334776878357
1,s_curve,8.06,3.6071863174438477,-0.3016676902770996,0.25,0.17242693901062012,0.4780856668949127,0.5855520963668823,-0.051546335220336914,0.28317055106163025
1,s_curve,8.08,3.618049383163452,-0.29796090722084045,0.25,0.17154750227928162,0.4780856668949127,0.5543186068534851,-0.05349493771791458,0.2640914022922516
1,s_curve,8.1,3.629009246826172,-0.29578351974487305,0.25,0.17093491554260254,0.4780856668949127,0.5172085165977478,-0.05683248117566109,0.2625283896923065
1,s_curve,8.120000000000001,3.640015125274658,-0.2952234745025635,0.25,0.1700308918952942,0.4780856668949127,0.48512235283851624,-0.061611857265233994,0.2569405436515808
1,s_curve,8.14,3.649817705154419,-0.2945812940597534,0.25,0.17231561243534088,0.4780856668949127,0.45112836360931396,-0.06574283540248871,0.28609058260917664
1,s_curve,8.16,3.6601755619049072,-0.2944447696208954,0.25,0.17546199262142181,0.4780856668949127,0.44899219274520874,-0.07031035423278809,0.2636166512966156
1,s_curve,8.18,3.6707980632781982,-0.29485929012298584,0.25,0.17899024486541748,0.4780856668949127,0.45436474680900574,-0.07591555267572403,0.2831857204437256
1,s_curve,8.2,3.681175470352173,-0.29504892230033875,0.25,0.1813930869102478,0.4780856668949127,0.4399210214614868,-0.08120417594909668,0.29982122778892517
1,s_curve,8.22,3.6906983852386475,-0.29452019929885864,0.25,0.18211853504180908,0.4780856668949127,0.4151340126991272,-0.08544622361660004,0.27733445167541504
1,s_curve,8.24,3.6988601684570312,-0.2928881347179413,0.25,0.18168862164020538,0.4780856668949127,0.38471731543540955,-0.08805674314498901,0.2673463225364685
1,s_curve,8.26,3.7059521675109863,-0.28995388746261597,0.20999999344348907,0.1808619201183319,0.4780856668949127,0.3844150900840759,-0.08868709206581116,0.27561309933662415
1,s_curve,8.28,3.7125751972198486,-0.286182165145874,0.20999999344348907,0.17932260036468506,0.4780856668949127,0.3776669502258301,-0.08879125118255615,0.3289385437965393
1,s_curve,8.3,3.7185657024383545,-0.2820478677749634,0.20999999344348907,0.17797788977622986,0.4780856668949127,0.3667883574962616,-0.08826231956481934,0.32975277304649353
1,s_curve,8.32,3.7249679565429688,-0.27742525935173035,0.20999999344348907,0.17649661004543304,0.4780856668949127,0.4206458032131195,-0.08752104640007019,0.31293338537216187
1,s_curve,8.34,3.7320468425750732,-0.2722664773464203,0.20999999344348907,0.1740758717060089,0.4780856668949127,0.452261745929718,-0.08666036278009415,0.29284265637397766
1,s_curve,8.36,3.738858699798584,-0.26664021611213684,0.20999999344348907,0.1701103299856186,0.4780856668949127,0.41479408740997314,-0.08526134490966797,0.3218466639518738
1,s_curve,8.38,3.7446603775024414,-0.262099027633667,0.20999999344348907,0.16576094925403595,0.4780856668949127,0.3365722894668579,-0.08400634676218033,0.3366103768348694
1,s_curve,8.4,3.74987530708313,-0.25920724868774414,0.20999999344348907,0.16196611523628235,0.4780856668949127,0.260143518447876,-0.08423322439193726,0.29352131485939026
1,s_curve,8.42,3.7540180683135986,-0.258475661277771,0.20999999344348907,0.15923872590065002,0.4780856668949127,0.14197081327438354,-0.08575280755758286,0.28767096996307373
1,s_curve,8.44,3.7565412521362305,-0.2596417963504791,0.20999999344348907,0.15781188011169434,0.4780856668949127,0.025506574660539627,-0.08805707842111588,0.294595330953598
1,s_curve,8.46,3.7577860355377197,-0.2621711790561676,0.20999999344348907,0.1573401391506195,0.4780856668949127,-0.03940768167376518,-0.09086549282073975,0.28879591822624207
1,s_curve,8.48,3.7584638595581055,-0.26538142561912537,0.20999999344348907,0.15747657418251038,0.4780856668949127,-0.06309205293655396,-0.09396275132894516,0.2764504849910736
1,s_curve,8.5,3.7587380409240723,-0.26838165521621704,0.20999999344348907,0.15809856355190277,0.4780856668949127,-0.067836694419384,-0.09667131304740906,0.2716343104839325
1,s_curve,8.52,3.7586984634399414,-0.27081072330474854,0.20999999344348907,0.15881317853927612,0.4780856668949127,-0.060726627707481384,-0.09872878342866898,0.26315638422966003
1,s_curve,8.540000000000001,3.758570671081543,-0.272626668214798,0.20999999344348907,0.1596221625804901,0.4780856668949127,-0.04636208713054657,-0.10021606087684631,0.25661513209342957
1,s_curve,8.56,3.7584261894226074,-0.27386802434921265,0.20999999344348907,0.160428985953331,0.4780856668949127,-0.036298781633377075,-0.10120316594839096,0.2518334984779358
1,s_curve,8.58,3.7583088874816895,-0.2748028337955475,0.20999999344348907,0.16139262914657593,0.4780856668949127,-0.02387392334640026,-0.10194210708141327,0.2629026770591736
1,s_curve,8.6,3.7584762573242188,-0.27557373046875,0.20999999344348907,0.16248875856399536,0.4780856668949127,0.0006379131227731705,-0.1026882529258728,0.26674768328666687
1,s_curve,8.620000000000001,3.7589914798736572,-0.27591532468795776,0.20999999344348907,0.16393087804317474,0.4780856668949127,0.023304207250475883,-0.10324729233980179,0.2753084897994995
1,s_curve,8.64,3.7598366737365723,-0.27550604939460754,0.20999999344348907,0.16564448177814484,0.4780856668949127,0.062381524592638016,-0.10333487391471863,0.27752989530563354
1,s_curve,8.66,3.7610697746276855,-0.2747957110404968,0.20999999344348907,0.1675294041633606,0.4780856668949127,0.07935366034507751,-0.10336580872535706,0.27373966574668884
1,s_curve,8.68,3.7625303268432617,-0.27381736040115356,0.20999999344348907,0.1694074273109436,0.4780856668949127,0.09002594649791718,-0.10328524559736252,0.25861451029777527
1,s_curve,8.700000000000001,3.7639400959014893,-0.2725082337856293,0.20999999344348907,0.17069928348064423,0.4780856668949127,0.09936045110225677,-0.10289543122053146,0.24660620093345642
1,s_curve,8.72,3.765517473220825,-0.27094459533691406,0.20999999344348907,0.17125996947288513,0.4780856668949127,0.11290283501148224,-0.10237468779087067,0.24407947063446045
1,s_curve,8.74,3.767561435699463,-0.2693764567375183,0.20999999344348907,0.1710457056760788,0.4780856668949127,0.13391011953353882,-0.1020917221903801,0.232970729470253
1,s_curve,8.76,3.769810199737549,-0.2675582766532898,0.20999999344348907,0.17028218507766724,0.4780856668949127,0.1437942385673523,-0.10170092433691025,0.2310331016778946
1,s_curve,8.78,3.771833658218384,-0.2656247019767761,0.20999999344348907,0.16929024457931519,0.4780856668949127,0.12612572312355042,-0.10109472274780273,0.228281632065773
1,s_curve,8.8,3.7732279300689697,-0.2639960050582886,0.20999999344348907,0.16870522499084473,0.4780856668949127,0.07843102514743805,-0.10042349994182587,0.23438100516796112
1,s_curve,8.82,3.7743356227874756,-0.2625722885131836,0.20999999344348907,0.1688297837972641,0.4780856668949127,0.08684946596622467,-0.09977921843528748,0.2453409880399704
1,s_curve,8.84,3.7753305435180664,-0.26066097617149353,0.20999999344348907,0.16959643363952637,0.4780856668949127,0.09441918879747391,-0.09865941107273102,0.2404041439294815
1,s_curve,8.86,3.776329278945923,-0.25850677490234375,0.20999999344348907,0.17067164182662964,0.4780856668949127,0.09664487093687057,-0.09733380377292633,0.2539759576320648
1,s_curve,8.88,3.77705454826355,-0.25630733370780945,0.20999999344348907,0.1717032641172409,0.4780856668949127,0.07774615287780762,-0.0958278700709343,0.2587921619415283
1,s_curve,8.9,3.7774789333343506,-0.2539878785610199,0.20999999344348907,0.1727314442396164,0.4780856668949127,0.07562833279371262,-0.09406345337629318,0.2589535713195801
1,s_curve,8.92,3.777682065963745,-0.25212332606315613,0.20999999344348907,0.17362459003925323,0.4780856668949127,0.040798719972372055,-0.0925736129283905,0.23279394209384918
1,s_curve,8.94,3.7780284881591797,-0.2505507171154022,0.20999999344348907,0.173848956823349,0.4780856668949127,0.06397458165884018,-0.09140770882368088,0.25170275568962097
1,s_curve,8.96,3.7782814502716064,-0.24835871160030365,0.20999999344348907,0.1736740916967392,0.4780856668949127,0.06777307391166687,-0.0896635502576828,0.24778327345848083
1,s_curve,8.98,3.7788784503936768,-0.24626894295215607,0.20999999344348907,0.17329896986484528,0.4780856668949127,0.08951966464519501,-0.08818500488996506,0.23894277215003967
1,s_curve,9.0,3.7797794342041016,-0.24394482374191284,0.20999999344348907,0.17267507314682007,0.4780856668949127,0.09791362285614014,-0.08666341751813889,0.2603921890258789
1,s_curve,9.02,3.779977798461914,-0.24176034331321716,0.20999999344348907,0.17228306829929352,0.4780856668949127,0.03726928308606148,-0.08489741384983063,0.24269269406795502
1,s_curve,9.040000000000001,3.779709815979004,-0.23986978828907013,0.20999999344348907,0.17271752655506134,0.4780856668949127,0.04015506058931351,-0.08314134180545807,0.27192214131355286
1,s_curve,9.06,3.7791006565093994,-0.23775777220726013,0.20999999344348907,0.17304442822933197,0.4780856668949127,0.017881065607070923,-0.08101914077997208,0.2955132722854614
1,s_curve,9.08,3.778334856033325,-0.23581723868846893,0.20999999344348907,0.17344708740711212,0.4780856668949127,0.019979868084192276,-0.07896250486373901,0.3102514147758484
1,s_curve,9.1,3.778369426727295,-0.23370611667633057,0.20999999344348907,0.17471572756767273,0.4780856668949127,0.08344056457281113,-0.07717444002628326,0.335227370262146
1,s_curve,9.120000000000001,3.7794675827026367,-0.23159900307655334,0.20999999344348907,0.17617757618427277,0.4780856668949127,0.11381371319293976,-0.07567852735519409,0.3278585970401764
1,s_curve,9.14,3.7809956073760986,-0.23019300401210785,0.20999999344348907,0.17720426619052887,0.4780856668949127,0.08950773626565933,-0.07528967410326004,0.30220669507980347
1,s_curve,9.16,3.782531261444092,-0.22946901619434357,0.20999999344348907,0.17762312293052673,0.4780856668949127,0.08150580525398254,-0.07548432052135468,0.2873426079750061
1,s_curve,9.18,3.783396005630493,-0.22834807634353638,0.20999999344348907,0.17783492803573608,0.4780856668949127,0.054759979248046875,-0.07498790323734283,0.2634205222129822
1,s_curve,9.200000000000001,3.7834665775299072,-0.22705422341823578,0.20999999344348907,0.17811319231987,0.4780856668949127,0.020495275035500526,-0.07392577081918716,0.2772596478462219
1,s_curve,9.22,3.7831003665924072,-0.22650712728500366,0.20999999344348907,0.17890560626983643,0.4780856668949127,-0.012570178136229515,-0.07326781749725342,0.2753048539161682
1,s_curve,9.24,3.782898187637329,-0.22634753584861755,0.20999999344348907,0.18105830252170563,0.4780856668949127,-0.0012828109320253134,-0.07302559912204742,0.29731231927871704
1,s_curve,9.26,3.7827649116516113,-0.2263036072254181,0.20999999344348907,0.18384072184562683,0.4780856668949127,-0.008725244551897049,-0.07291799783706665,0.2637520134449005
1,s_curve,9.28,3.782449245452881,-0.22635723650455475,0.20999999344348907,0.18634948134422302,0.4780856668949127,-0.024917619302868843,-0.07279710471630096,0.24728700518608093
1,s_curve,9.3,3.781367540359497,-0.22655148804187775,0.20999999344348907,0.1875806599855423,0.4780856668949127,-0.06656266003847122,-0.07239174097776413,0.2563704252243042
1,s_curve,9.32,3.780149459838867,-0.22651556134223938,0.20999999344348907,0.18849250674247742,0.4780856668949127,-0.04028792306780815,-0.07171888649463654,0.2577715814113617
1,s_curve,9.34,3.779174566268921,-0.2267802655696869,0.20999999344348907,0.18848542869091034,0.4780856668949127,-0.05338301509618759,-0.07142971456050873,0.23478034138679504
1,s_curve,9.36,3.77809739112854,-0.2270517200231552,0.20999999344348907,0.18827858567237854,0.4780856668949127,-0.04929099231958389,-0.07109233736991882,0.23259645700454712
1,s_curve,9.38,3.7771832942962646,-0.22661525011062622,0.20999999344348907,0.18903757631778717,0.4780856668949127,-0.006218310445547104,-0.07023945450782776,0.2628091871738434
1,s_curve,9.4,3.7763149738311768,-0.22512367367744446,0.20999999344348907,0.18986821174621582,0.4780856668949127,0.007277060300111771,-0.06851422786712646,0.2524709105491638
1,s_curve,9.42,3.7756459712982178,-0.22300317883491516,0.20999999344348907,0.1906726360321045,0.4780856668949127,0.05124326050281525,-0.066359743475914,0.2862531244754791
1,s_curve,9.44,3.775101900100708,-0.22051122784614563,0.20999999344348907,0.19135844707489014,0.4780856668949127,0.035819441080093384,-0.06395552307367325,0.2803080379962921
1,s_curve,9.46,3.774466037750244,-0.2168916016817093,0.20999999344348907,0.19196100533008575,0.4780856668949127,0.08951493352651596,-0.06054475158452988,0.2946603000164032
1,s_curve,9.48,3.7739031314849854,-0.2127707153558731,0.20999999344348907,0.19290466606616974,0.4780856668949127,0.08472508192062378,-0.056746553629636765,0.29605239629745483
1,s_curve,9.5,3.773212432861328,-0.20866401493549347,0.20999999344348907,0.19310760498046875,0.4780856668949127,0.0812443196773529,-0.05289301648736,0.29878270626068115
1,s_curve,9.52,3.7727386951446533,-0.2045121043920517,0.20999999344348907,0.1920497715473175,0.4780856668949127,0.09437613934278488,-0.04911547526717186,0.27973490953445435
1,s_curve,9.540000000000001,3.771860361099243,-0.20039547979831696,0.20999999344348907,0.19039013981819153,0.4780856668949127,0.05916770175099373,-0.04515456408262253,0.30746522545814514
1,s_curve,9.56,3.7706615924835205,-0.19667385518550873,0.20999999344348907,0.18892048299312592,0.4780856668949127,0.03337101265788078,-0.04136029630899429,0.30082613229751587
1,s_curve,9.58,3.7697408199310303,-0.1939891278743744,0.20999999344348907,0.1868700534105301,0.4780856668949127,0.03350522741675377,-0.038593634963035583,0.336385041475296
1,s_curve,9.6,3.769096612930298,-0.19173508882522583,0.20999999344348907,0.18394306302070618,0.4780856668949127,0.03743196651339531,-0.03633875772356987,0.37365683913230896
1,s_curve,9.620000000000001,3.768293857574463,-0.18914037942886353,0.20999999344348907,0.18192799389362335,0.4780856668949127,0.018140636384487152,-0.03371081501245499,0.41866520047187805
1,s_curve,9.64,3.768010377883911,-0.18777671456336975,0.20999999344348907,0.1815388947725296,0.4780856668949127,0.03363419324159622,-0.03240267187356949,0.4036667048931122
1,s_curve,9.66,3.7687504291534424,-0.18753507733345032,0.20999999344348907,0.18271343410015106,0.4780856668949127,0.03999710828065872,-0.03258761018514633,0.4078226685523987
1,s_curve,9.68,3.7705397605895996,-0.18849939107894897,0.20999999344348907,0.18458642065525055,0.4780856668949127,0.0605880543589592,-0.03435051441192627,0.37749767303466797
1,s_curve,9.700000000000001,3.773000717163086,-0.1900579184293747,0.20999999344348907,0.18721698224544525,0.4780856668949127,0.06498739123344421,-0.03697246313095093,0.36748066544532776
1,s_curve,9.72,3.7750511169433594,-0.1920403093099594,0.20999999344348907,0.19018469750881195,0.4780856668949127,0.0074012912809848785,-0.03973805904388428,0.35411354899406433
1,s_curve,9.74,3.77659010887146,-0.19390667974948883,0.20999999344348907,0.19291357696056366,0.4780856668949127,0.021365653723478317,-0.04213539510965347,0.3104996085166931
1,s_curve,9.76,3.777442455291748,-0.1958729475736618,0.20999999344348907,0.19522464275360107,0.4780856668949127,-0.04812756925821304,-0.04425552114844322,0.268216609954834
1,s_curve,9.78,3.7772254943847656,-0.1982806921005249,0.20999999344348907,0.19610489904880524,0.4780856668949127,-0.08549586683511734,-0.046186886727809906,0.2569153904914856
1,s_curve,9.8,3.7764036655426025,-0.2000419795513153,0.20999999344348907,0.19609344005584717,0.4780856668949127,-0.0798616036772728,-0.047250013798475266,0.2455013543367386
1,s_curve,9.82,3.775836706161499,-0.20073601603507996,0.20999999344348907,0.19745464622974396,0.4780856668949127,-0.01194013562053442,-0.04754073545336723,0.2419346570968628
1,s_curve,9.84,3.7761576175689697,-0.20071490108966827,0.20999999344348907,0.1996811032295227,0.4780856668949127,0.03391595929861069,-0.04769202321767807,0.22339636087417603
1,s_curve,9.86,3.777172088623047,-0.20020677149295807,0.20999999344348907,0.20111721754074097,0.4780856668949127,0.07060623168945312,-0.04779524356126785,0.23092354834079742
1,s_curve,9.88,3.7785191535949707,-0.19989491999149323,0.20999999344348907,0.20104052126407623,0.4780856668949127,0.056156281381845474,-0.04824061691761017,0.215261772274971
1,s_curve,9.9,3.7788796424865723,-0.19937384128570557,0.20999999344348907,0.1997099071741104,0.4780856668949127,0.00994640588760376,-0.04798796772956848,0.2063470482826233
1,s_curve,9.92,3.778433084487915,-0.19862042367458344,0.20999999344348907,0.19813908636569977,0.4780856668949127,-0.005746442824602127,-0.04711233824491501,0.1941136121749878
1,s_curve,9.94,3.777184247970581,-0.1972348392009735,0.20999999344348907,0.19631804525852203,0.4780856668949127,-0.024423372000455856,-0.04527651146054268,0.21797795593738556
1,s_curve,9.96,3.7752227783203125,-0.1948615163564682,0.20999999344348907,0.19595418870449066,0.4780856668949127,-0.01811283826828003,-0.04222565516829491,0.22542349994182587
1,s_curve,9.98,3.773519277572632,-0.19177661836147308,0.20999999344348907,0.19638794660568237,0.4780856668949127,0.030084695667028427,-0.038706228137016296,0.25091710686683655
1,s_curve,10.0,3.7724976539611816,-0.18853935599327087,0.20999999344348907,0.19741712510585785,0.4780856668949127,0.048477910459041595,-0.035416919738054276,0.28888028860092163
1,s_curve,10.02,3.7717061042785645,-0.18586544692516327,0.20999999344348907,0.19938838481903076,0.4780856668949127,0.0392126739025116,-0.03272759169340134,0.2973306477069855
1,s_curve,10.040000000000001,3.77152943611145,-0.18341201543807983,0.20999999344348907,0.20055431127548218,0.4780856668949127,0.07301324605941772,-0.03054983913898468,0.31627580523490906
1,s_curve,10.06,3.7725489139556885,-0.18047623336315155,0.20999999344348907,0.2008151262998581,0.4780856668949127,0.15821436047554016,-0.02859301120042801,0.3334946632385254
1,s_curve,10.08,3.7747292518615723,-0.17762890458106995,0.20999999344348907,0.20020218193531036,0.4780856668949127,0.18063372373580933,-0.027323491871356964,0.3267483115196228
1,s_curve,10.1,3.7771189212799072,-0.175157368183136,0.20999999344348907,0.19881413877010345,0.4780856668949127,0.1502465307712555,-0.026483654975891113,0.3128786087036133
1,s_curve,10.120000000000001,3.7786781787872314,-0.1734102964401245,0.20999999344348907,0.19630376994609833,0.4780856668949127,0.08754020929336548,-0.025821469724178314,0.31434759497642517
1,s_curve,10.14,3.779555559158325,-0.17197303473949432,0.20999999344348907,0.19333048164844513,0.4780856668949127,0.06181617081165314,-0.02506294660270214,0.2833246886730194
1,s_curve,10.16,3.780001640319824,-0.17069828510284424,0.20999999344348907,0.1923603117465973,0.4780856668949127,0.044388800859451294,-0.02421506866812706,0.264117032289505
1,s_curve,10.18,3.7793939113616943,-0.16992530226707458,0.20999999344348907,0.1925346404314041,0.4780856668949127,-0.047391921281814575,-0.02323782444000244,0.28403371572494507
1,s_curve,10.200000000000001,3.7777183055877686,-0.1702277660369873,0.20999999344348907,0.1924685388803482,0.4780856668949127,-0.10398395359516144,-0.02261122316122055,0.29511645436286926
1,s_curve,10.22,3.7759976387023926,-0.170617014169693,0.20999999344348907,0.19321908056735992,0.4780856668949127,-0.06484746187925339,-0.022034600377082825,0.3211670517921448
1,s_curve,10.24,3.7747087478637695,-0.17041589319705963,0.20999999344348907,0.19458596408367157,0.4780856668949127,-0.03806249424815178,-0.021184051409363747,0.3084363043308258
1,s_curve,10.26,3.774207830429077,-0.17062829434871674,0.20999999344348907,0.19628594815731049,0.4780856668949127,-0.017589464783668518,-0.021100372076034546,0.2920319736003876
1,s_curve,10.28,3.774183988571167,-0.17117848992347717,0.20999999344348907,0.1986355483531952,0.4780856668949127,-0.017282459884881973,-0.021555282175540924,0.28463107347488403
1,s_curve,10.3,3.7738094329833984,-0.17186783254146576,0.20999999344348907,0.2008146494626999,0.4780856668949127,-0.049170225858688354,-0.021943477913737297,0.265864759683609
1,s_curve,10.32,3.7731785774230957,-0.17241325974464417,0.20999999344348907,0.2015438824892044,0.4780856668949127,-0.03541979193687439,-0.022074241191148758,0.23614202439785004
1,s_curve,10.34,3.77260684967041,-0.17305196821689606,0.20999999344348907,0.20112720131874084,0.4780856668949127,-0.04740006849169731,-0.022315438836812973,0.23282331228256226
1,s_curve,10.36,3.7719762325286865,-0.1743042767047882,0.20999999344348907,0.1995875984430313,0.4780856668949127,-0.06940387189388275,-0.023046938702464104,0.22055776417255402
1,s_curve,10.38,3.7709579467773438,-0.17600290477275848,0.20999999344348907,0.1977216899394989,0.4780856668949127,-0.09936809539794922,-0.023953231051564217,0.23962949216365814
1,s_curve,10.4,3.7698631286621094,-0.177090123295784,0.20999999344348907,0.19611144065856934,0.4780856668949127,-0.05692930892109871,-0.02429967373609543,0.275956928730011
1,s_curve,10.42,3.7690012454986572,-0.17791001498699188,0.20999999344348907,0.1939338892698288,0.4780856668949127,-0.061540406197309494,-0.024541813880205154,0.28020524978637695
1,s_curve,10.44,3.7681314945220947,-0.1784040778875351,0.20999999344348907,0.19201341271400452,0.4780856668949127,-0.04019840806722641,-0.024502957239747047,0.2919917702674866
1,s_curve,10.46,3.767186403274536,-0.17856918275356293,0.20999999344348907,0.19109702110290527,0.4780856668949127,-0.047404613345861435,-0.024144869297742844,0.30828097462654114
1,s_curve,10.48,3.7666678428649902,-0.17955005168914795,0.20999999344348907,0.19115665555000305,0.4780856668949127,-0.041996151208877563,-0.02470482885837555,0.33855530619621277
1,s_curve,10.5,3.7666964530944824,-0.18063819408416748,0.20999999344348907,0.1915782243013382,0.4780856668949127,-0.013061121106147766,-0.025644468143582344,0.3498721420764923
1,s_curve,10.52,3.766981840133667,-0.1813868135213852,0.20999999344348907,0.1923144906759262,0.4780856668949127,-0.0021991729736328125,-0.02643103525042534,0.3575027287006378
1,s_curve,10.540000000000001,3.7673912048339844,-0.18169403076171875,0.20999999344348907,0.19349439442157745,0.4780856668949127,0.0191869605332613,-0.026907935738563538,0.3286101520061493
1,s_curve,10.56,3.7676897048950195,-0.18186050653457642,0.20999999344348907,0.19502168893814087,0.4780856668949127,-0.0032940716482698917,-0.027206789702177048,0.2998814582824707
1,s_curve,10.58,3.7680909633636475,-0.1820037066936493,0.20999999344348907,0.19738750159740448,0.4780856668949127,0.02727700211107731,-0.02754005417227745,0.284087598323822
1,s_curve,10.6,3.769050121307373,-0.18198025226593018,0.20999999344348907,0.19964778423309326,0.4780856668949127,0.05148780718445778,-0.0280259158462286,0.27007806301116943
1,s_curve,10.620000000000001,3.769951105117798,-0.1820565015077591,0.20999999344348907,0.2001718133687973,0.4780856668949127,0.02175305411219597,-0.028565814718604088,0.26464107632637024
1,s_curve,10.64,3.770232677459717,-0.1819261610507965,0.20999999344348907,0.1989484429359436,0.4780856668949127,0.016399521380662918,-0.028603550046682358,0.2605423331260681
1,s_curve,10.66,3.7707903385162354,-0.18197686970233917,0.20999999344348907,0.19572782516479492,0.4780856668949127,0.02225397899746895,-0.028940703719854355,0.2578648626804352
1,s_curve,10.68,3.7717177867889404,-0.18163010478019714,0.20999999344348907,0.19277432560920715,0.4780856668949127,0.07276895642280579,-0.029135137796401978,0.2646321654319763
1,s_curve,10.700000000000001,3.773050546646118,-0.1810566633939743,0.20999999344348907,0.19202037155628204,0.4780856668949127,0.06945855915546417,-0.029350707307457924,0.2555622160434723
1,s_curve,10.72,3.7748849391937256,-0.1800442636013031,0.20999999344348907,0.1923791766166687,0.4780856668949127,0.13182330131530762,-0.029457829892635345,0.26275813579559326
1,s_curve,10.74,3.7766199111938477,-0.17885728180408478,0.20999999344348907,0.19398202002048492,0.4780856668949127,0.07948017120361328,-0.029364190995693207,0.2697095572948456
1,s_curve,10.76,3.7779834270477295,-0.17837052047252655,0.20999999344348907,0.196864515542984,0.4780856668949127,0.061818674206733704,-0.02966962568461895,0.25501158833503723
1,s_curve,10.78,3.7789368629455566,-0.17854386568069458,0.20999999344348907,0.1990368813276291,0.4780856668949127,0.012164697982370853,-0.030319683253765106,0.25081226229667664
1,s_curve,10.8,3.778994560241699,-0.1787107288837433,0.20999999344348907,0.2005051225423813,0.4780856668949127,-0.014821555465459824,-0.030491886660456657,0.2508569359779358
1,s_curve,10.82,3.7780420780181885,-0.17834365367889404,0.20999999344348907,0.20186683535575867,0.4780856668949127,-0.04155845195055008,-0.029677726328372955,0.25467413663864136
1,s_curve,10.84,3.776484966278076,-0.1777726262807846,0.20999999344348907,0.20109328627586365,0.4780856668949127,-0.054926853626966476,-0.02837144024670124,0.2948445677757263
1,s_curve,10.86,3.775303602218628,-0.1775960773229599,0.20999999344348907,0.19792144000530243,0.4780856668949127,-0.041710976511240005,-0.027598470449447632,0.29138967394828796
1,s_curve,10.88,3.7741713523864746,-0.17704743146896362,0.20999999344348907,0.19382958114147186,0.4780856668949127,-0.025610269978642464,-0.026535240933299065,0.2791266143321991
1,s_curve,10.9,3.7738866806030273,-0.17570869624614716,0.20999999344348907,0.19103063642978668,0.4780856668949127,0.06332904100418091,-0.02524765208363533,0.29014286398887634
1,s_curve,10.92,3.774413824081421,-0.17415331304073334,0.20999999344348907,0.19008775055408478,0.4780856668949127,0.06169097125530243,-0.024204077199101448,0.2638759911060333
1,s_curve,10.94,3.774968147277832,-0.17306385934352875,0.20999999344348907,0.190309077501297,0.4780856668949127,0.04359148442745209,-0.023570716381072998,0.2771259546279907
1,s_curve,10.96,3.7761685848236084,-0.17223916947841644,0.20999999344348907,0.1909327507019043,0.4780856668949127,0.09664393216371536,-0.023503031581640244,0.2978004217147827
1,s_curve,10.98,3.7777388095855713,-0.171732097864151,0.20999999344348907,0.1915152221918106,0.4780856668949127,0.062331557273864746,-0.023900210857391357,0.3045916259288788
1,s_curve,11.0,3.7789065837860107,-0.17162799835205078,0.20999999344348907,0.19170206785202026,0.4780856668949127,0.04643441364169121,-0.024427559226751328,0.2964213788509369
1,s_curve,11.02,3.779953718185425,-0.1716914027929306,0.20999999344348907,0.19128042459487915,0.4780856668949127,0.04187716171145439,-0.02503361366689205,0.2887725830078125
1,s_curve,11.040000000000001,3.780698776245117,-0.17187349498271942,0.20999999344348907,0.19047173857688904,0.4780856668949127,0.013245546258985996,-0.02558121830224991,0.3031851053237915
1,s_curve,11.06,3.781128168106079,-0.17178694903850555,0.20999999344348907,0.19053222239017487,0.4780856668949127,0.02585565112531185,-0.02573411539196968,0.29179298877716064
1,s_curve,11.08,3.781165361404419,-0.17167702317237854,0.20999999344348907,0.19225168228149414,0.4780856668949127,-0.014662345871329308,-0.025660326704382896,0.28183257579803467
1,s_curve,11.1,3.7806284427642822,-0.1715109795331955,0.20999999344348907,0.19489100575447083,0.4780856668949127,-0.020034026354551315,-0.025236114859580994,0.28100845217704773
1,s_curve,11.120000000000001,3.7801175117492676,-0.17070721089839935,0.20999999344348907,0.1976553499698639,0.4780856668949127,0.015673043206334114,-0.0242837555706501,0.29572200775146484
1,s_curve,11.14,3.780238389968872,-0.16950426995754242,0.20999999344348907,0.19995026290416718,0.4780856668949127,0.0537509024143219,-0.023325402289628983,0.2721092700958252
1,s_curve,11.16,3.7805750370025635,-0.1680976152420044,0.20999999344348907,0.2013770192861557,0.4780856668949127,0.04799523204565048,-0.0223077442497015,0.2764289379119873
1,s_curve,11.18,3.78029465675354,-0.1663893163204193,0.20999999344348907,0.20205186307430267,0.4780856668949127,0.015749266371130943,-0.020708413794636726,0.2811504304409027
1,s_curve,11.200000000000001,3.779590606689453,-0.16504064202308655,0.20999999344348907,0.20238150656223297,0.4780856668949127,-0.005579005926847458,-0.019191231578588486,0.2567046880722046
1,s_curve,11.22,3.7790277004241943,-0.16442841291427612,0.20999999344348907,0.20193183422088623,0.4780856668949127,-0.012052210047841072,-0.018374208360910416,0.21985752880573273
1,s_curve,11.24,3.7785277366638184,-0.16479557752609253,0.20999999344348907,0.20104391872882843,0.4780856668949127,-0.04781915247440338,-0.018422529101371765,0.16927708685398102
1,s_curve,11.26,3.7776496410369873,-0.16587021946907043,0.20999999344348907,0.19890472292900085,0.4780856668949127,-0.0760333240032196,-0.018872570246458054,0.19067811965942383
1,s_curve,11.28,3.7772436141967773,-0.16740204393863678,0.20999999344348907,0.19514036178588867,0.4780856668949127,-0.03831576555967331,-0.01995999552309513,0.2024858295917511
1,s_curve,11.3,3.777594566345215,-0.16861014068126678,0.20999999344348907,0.19186876714229584,0.4780856668949127,0.00033647380769252777,-0.021171536296606064,0.20614108443260193
1,s_curve,11.32,3.777815818786621,-0.16913363337516785,0.20999999344348907,0.19040411710739136,0.4780856668949127,-0.010134072974324226,-0.021733000874519348,0.20182228088378906
1,s_curve,11.34,3.7778544425964355,-0.1702292561531067,0.20999999344348907,0.18997731804847717,0.4780856668949127,-0.03871140256524086,-0.022684279829263687,0.2284296602010727
1,s_curve,11.36,3.777360200881958,-0.17153257131576538,0.20999999344348907,0.1900327503681183,0.4780856668949127,-0.06430327892303467,-0.023531030863523483,0.2784125506877899
1,s_curve,11.38,3.7766549587249756,-0.17281213402748108,0.20999999344348907,0.19006532430648804,0.4780856668949127,-0.05542638525366783,-0.02424633502960205,0.31772974133491516
1,s_curve,11.4,3.776493549346924,-0.17334531247615814,0.20999999344348907,0.18972131609916687,0.4780856668949127,0.0038598794490098953,-0.024614242836833,0.30623283982276917
1,s_curve,11.42,3.7761988639831543,-0.17404231429100037,0.20999999344348907,0.18926991522312164,0.4780856668949127,-0.05337223410606384,-0.025051064789295197,0.3070642948150635
1,s_curve,11.44,3.7756214141845703,-0.1744711995124817,0.20999999344348907,0.1885765939950943,0.4780856668949127,-0.02127966098487377,-0.025110967457294464,0.3272905647754669
1,s_curve,11.46,3.7750067710876465,-0.17441090941429138,0.20999999344348907,0.1869129240512848,0.4780856668949127,-0.031138043850660324,-0.024735623970627785,0.33249470591545105
1,s_curve,11.48,3.773988962173462,-0.17434272170066833,0.20999999344348907,0.18433745205402374,0.4780856668949127,-0.05008189007639885,-0.024140968918800354,0.31108370423316956
1,s_curve,11.5,3.7732508182525635,-0.17440463602542877,0.20999999344348907,0.18272481858730316,0.4780856668949127,-0.01783071830868721,-0.023804333060979843,0.32007890939712524
1,s_curve,11.52,3.7731637954711914,-0.174587219953537,0.20999999344348907,0.1834806650876999,0.4780856668949127,0.000368648674339056,-0.023913579061627388,0.32254451513290405
1,s_curve,11.540000000000001,3.773291826248169,-0.17448697984218597,0.20999999344348907,0.18612739443778992,0.4780856668949127,0.015962524339556694,-0.023895923048257828,0.3734728991985321
1,s_curve,11.56,3.7739598751068115,-0.1736121028661728,0.20999999344348907,0.18898773193359375,0.4780856668949127,0.07724374532699585,-0.023504851385951042,0.37062692642211914
1,s_curve,11.58,3.7758398056030273,-0.1733439415693283,0.20999999344348907,0.19119103252887726,0.4780856668949127,0.10794515907764435,-0.024268342182040215,0.3575601875782013
1,s_curve,11.6,3.7787303924560547,-0.1734330803155899,0.20999999344348907,0.1934981346130371,0.4780856668949127,0.1273505836725235,-0.025868359953165054,0.3595595061779022
1,s_curve,11.620000000000001,3.781257390975952,-0.17304861545562744,0.20999999344348907,0.1957901120185852,0.4780856668949127,0.10300183296203613,-0.026874247938394547,0.33151131868362427
1,s_curve,11.64,3.782883405685425,-0.17248649895191193,0.20999999344348907,0.19707931578159332,0.4780856668949127,0.06539637595415115,-0.027254078537225723,0.30341920256614685
1,s_curve,11.66,3.7843143939971924,-0.17196056246757507,0.20999999344348907,0.1968221813440323,0.4780856668949127,0.07906544953584671,-0.02756180800497532,0.25858768820762634
1,s_curve,11.68,3.7852959632873535,-0.1716044843196869,0.20999999344348907,0.196213960647583,0.4780856668949127,0.025827515870332718,-0.027776867151260376,0.25206509232521057
1,s_curve,11.700000000000001,3.785539150238037,-0.17106221616268158,0.20999999344348907,0.1955627053976059,0.4780856668949127,0.023534411564469337,-0.02744436264038086,0.26553237438201904
1,s_curve,11.72,3.785804510116577,-0.17038746178150177,0.20999999344348907,0.19452045857906342,0.4780856668949127,0.03452513739466667,-0.027010979130864143,0.27349579334259033
1,s_curve,11.74,3.786259174346924,-0.16977189481258392,0.20999999344348907,0.19322556257247925,0.4780856668949127,0.03317221626639366,-0.02672770991921425,0.2825271487236023
1,s_curve,11.76,3.7864551544189453,-0.17031404376029968,0.20999999344348907,0.19208493828773499,0.4780856668949127,-0.037376292049884796,-0.02729170024394989,0.26063480973243713
1,s_curve,11.78,3.7862212657928467,-0.17154422402381897,0.20999999344348907,0.19098342955112457,0.4780856668949127,-0.04172324389219284,-0.028213603422045708,0.2544997036457062
1,s_curve,11.8,3.785595655441284,-0.17193445563316345,0.20999999344348907,0.19118031859397888,0.4780856668949127,-0.03373264521360397,-0.02821526862680912,0.26072269678115845
1,s_curve,11.82,3.785440683364868,-0.17164893448352814,0.20999999344348907,0.1928154081106186,0.4780856668949127,0.028860552236437798,-0.027890950441360474,0.26699763536453247
1,s_curve,11.84,3.7853927612304688,-0.17017486691474915,0.20999999344348907,0.19598160684108734,0.4780856668949127,0.03947754204273224,-0.02661322057247162,0.2543380558490753
1,s_curve,11.86,3.785158634185791,-0.16799703240394592,0.20999999344348907,0.20063404738903046,0.4780856668949127,0.050579603761434555,-0.02463933266699314,0.24137985706329346
1,s_curve,11.88,3.7853546142578125,-0.16575516760349274,0.20999999344348907,0.20482780039310455,0.4780856668949127,0.08550777286291122,-0.022837847471237183,0.2021624594926834
1,s_curve,11.9,3.7862136363983154,-0.1635015904903412,0.20999999344348907,0.2084619402885437,0.4780856668949127,0.09980320930480957,-0.021376052871346474,0.20303471386432648
1,s_curve,11.92,3.7860820293426514,-0.16102100908756256,0.20999999344348907,0.21275097131729126,0.4780856668949127,0.03342168405652046,-0.01919899508357048,0.19719409942626953
1,s_curve,11.94,3.7853379249572754,-0.15840047597885132,0.20999999344348907,0.2167862355709076,0.4780856668949127,0.04135792329907417,-0.016580039635300636,0.2267877161502838
1,s_curve,11.96,3.7843620777130127,-0.1560451239347458,0.20999999344348907,0.21775411069393158,0.4780856668949127,0.013944871723651886,-0.014064193703234196,0.2851773798465729
1,s_curve,11.98,3.7836227416992188,-0.15372022986412048,0.20999999344348907,0.21641406416893005,0.4780856668949127,0.04800878465175629,-0.011698946356773376,0.29738521575927734
1,s_curve,12.0,3.783435344696045,-0.1504254937171936,0.20999999344348907,0.21404613554477692,0.4780856668949127,0.10382286459207535,-0.00880071148276329,0.3002665042877197
1,s_curve,12.02,3.7836639881134033,-0.14666369557380676,0.20999999344348907,0.21002297103405,0.4780856668949127,0.11281265318393707,-0.005515396595001221,0.3031516671180725
1,s_curve,12.040000000000001,3.784728527069092,-0.143497034907341,0.20999999344348907,0.2049475461244583,0.4780856668949127,0.1449079066514969,-0.0034099146723747253,0.2874479591846466
1,s_curve,12.06,3.786639451980591,-0.14104703068733215,0.20999999344348907,0.19896933436393738,0.4780856668949127,0.14337509870529175,-0.002362762112170458,0.2859870493412018
1,s_curve,12.08,3.7885265350341797,-0.1392401158809662,0.20999999344348907,0.19374153017997742,0.4780856668949127,0.10804656147956848,-0.001846121158450842,0.290090948343277
1,s_curve,12.1,3.7901675701141357,-0.1373385787010193,0.20999999344348907,0.18974681198596954,0.4780856668949127,0.12342526018619537,-0.0011178809218108654,0.29674744606018066
1,s_curve,12.120000000000001,3.791761875152588,-0.13607852160930634,0.20999999344348907,0.1868690848350525,0.4780856668949127,0.08213964104652405,-0.0009065442718565464,0.28670716285705566
1,s_curve,12.14,3.7939035892486572,-0.13594083487987518,0.20999999344348907,0.18542517721652985,0.4780856668949127,0.10233723372220993,-0.001936290180310607,0.28274789452552795
1,s_curve,12.16,3.7958226203918457,-0.13625431060791016,0.20999999344348907,0.1857910007238388,0.4780856668949127,0.04593081399798393,-0.0032280078157782555,0.2886543571949005
1,s_curve,12.18,3.796985387802124,-0.13698939979076385,0.20999999344348907,0.1882571578025818,0.4780856668949127,0.013281630352139473,-0.004471209365874529,0.3153386414051056
1,s_curve,12.200000000000001,3.797933340072632,-0.13835294544696808,0.20999999344348907,0.19228526949882507,0.4780856668949127,-0.006598588079214096,-0.0061303675174713135,0.2915000021457672
1,s_curve,12.22,3.7990400791168213,-0.13990908861160278,0.20999999344348907,0.19538770616054535,0.4780856668949127,0.016139280050992966,-0.008037198334932327,0.2860438823699951
1,s_curve,12.24,3.8000526428222656,-0.14090889692306519,0.20999999344348907,0.19672930240631104,0.4780856668949127,0.012783913873136044,-0.009423653595149517,0.33080604672431946
1,s_curve,12.26,3.799734115600586,-0.14197438955307007,0.20999999344348907,0.19694215059280396,0.4780856668949127,-0.08336827903985977,-0.010153311304748058,0.3403491973876953
1,s_curve,12.280000000000001,3.798604726791382,-0.1433926224708557,0.20999999344348907,0.19682937860488892,0.4780856668949127,-0.09032359719276428,-0.01074705459177494,0.3251967132091522
1,s_curve,12.3,3.7966744899749756,-0.14454853534698486,0.20999999344348907,0.19590094685554504,0.4780856668949127,-0.1305294632911682,-0.010690650902688503,0.33051228523254395
1,s_curve,12.32,3.794556140899658,-0.14536304771900177,0.20999999344348907,0.19378933310508728,0.4780856668949127,-0.09483537077903748,-0.010245176032185555,0.31046465039253235
1,s_curve,12.34,3.793656826019287,-0.14543817937374115,0.20999999344348907,0.19114653766155243,0.4780856668949127,0.005726644303649664,-0.00982741080224514,0.3054869771003723
1,s_curve,12.36,3.794222116470337,-0.14452406764030457,0.20999999344348907,0.18945440649986267,0.4780856668949127,0.08391429483890533,-0.009357682429254055,0.30497315526008606
1,s_curve,12.38,3.7959446907043457,-0.1425268054008484,0.20999999344348907,0.18944953382015228,0.4780856668949127,0.15890337526798248,-0.008592207916080952,0.31254929304122925
1,s_curve,12.4,3.7983405590057373,-0.1395806223154068,0.20999999344348907,0.19100040197372437,0.4780856668949127,0.19371171295642853,-0.007385393604636192,0.319846510887146
1,s_curve,12.42,3.800851345062256,-0.13683947920799255,0.20999999344348907,0.19391079246997833,0.4780856668949127,0.16396066546440125,-0.006413286551833153,0.3279912769794464
1,s_curve,12.44,3.8030362129211426,-0.13446658849716187,0.20999999344348907,0.1958770900964737,0.4780856668949127,0.14897973835468292,-0.005577868781983852,0.3298863172531128
1,s_curve,12.46,3.8049733638763428,-0.13262929022312164,0.20999999344348907,0.1965683400630951,0.4780856668949127,0.11616821587085724,-0.005062351934611797,0.2862347960472107
1,s_curve,12.48,3.806558132171631,-0.13186153769493103,0.20999999344348907,0.19707413017749786,0.4780856668949127,0.06157610937952995,-0.005261801183223724,0.26535162329673767
1,s_curve,12.5,3.8079235553741455,-0.1322203427553177,0.20999999344348907,0.1977287083864212,0.4780856668949127,0.038272466510534286,-0.0062955692410469055,0.2551385760307312
1,s_curve,12.52,3.808224678039551,-0.13293452560901642,0.20999999344348907,0.19673176109790802,0.4780856668949127,-0.033975135535001755,-0.007060031406581402,0.2671881914138794
1,s_curve,12.540000000000001,3.8073952198028564,-0.13385698199272156,0.20999999344348907,0.19361233711242676,0.4780856668949127,-0.0710330456495285,-0.00739545002579689,0.293841689825058
1,s_curve,12.56,3.8056700229644775,-0.13425187766551971,0.20999999344348907,0.18970035016536713,0.4780856668949127,-0.09437936544418335,-0.006805873475968838,0.26738399267196655
1,s_curve,12.58,3.8040809631347656,-0.13549481332302094,0.20999999344348907,0.18622903525829315,0.4780856668949127,-0.09217806160449982,-0.007005552761256695,0.29415562748908997
1,s_curve,12.6,3.8030498027801514,-0.13749641180038452,0.20999999344348907,0.1845478117465973,0.4780856668949127,-0.09411004185676575,-0.008144674822688103,0.29360443353652954
1,s_curve,12.620000000000001,3.802231550216675,-0.13943874835968018,0.20999999344348907,0.18456678092479706,0.4780856668949127,-0.07411126792430878,-0.009347664192318916,0.3345347046852112
1,s_curve,12.64,3.801593542098999,-0.14102482795715332,0.20999999344348907,0.18540169298648834,0.4780856668949127,-0.06405943632125854,-0.010346145369112492,0.3552597463130951
1,s_curve,12.66,3.801495313644409,-0.14177784323692322,0.20999999344348907,0.18723440170288086,0.4780856668949127,0.010548194870352745,-0.010929714888334274,0.34421274065971375
1,s_curve,12.68,3.802858829498291,-0.14140227437019348,0.20999999344348907,0.1891826093196869,0.4780856668949127,0.10893584787845612,-0.01134207658469677,0.351226806640625
1,s_curve,12.700000000000001,3.805332899093628,-0.14122498035430908,0.20999999344348907,0.19038210809230804,0.4780856668949127,0.10553353279829025,-0.012516211718320847,0.30802121758461
1,s_curve,12.72,3.807469129562378,-0.14118030667304993,0.20999999344348907,0.19191764295101166,0.4780856668949127,0.07606610655784607,-0.013621598482131958,0.2620185613632202
1,s_curve,12.74,3.809248924255371,-0.14124795794487,0.20999999344348907,0.19446811079978943,0.4780856668949127,0.06901536136865616,-0.014631141908466816,0.24421687424182892
1,s_curve,12.76,3.8105781078338623,-0.14124485850334167,0.20999999344348907,0.197613924741745,0.4780856668949127,0.04159054160118103,-0.015339788049459457,0.2133093625307083
1,s_curve,12.780000000000001,3.8110640048980713,-0.14168940484523773,0.20999999344348907,0.2006807178258896,0.4780856668949127,-0.013945800252258778,-0.015975341200828552,0.19541826844215393
1,s_curve,12.8,3.8107008934020996,-0.14240840077400208,0.20999999344348907,0.2018285095691681,0.4780856668949127,-0.048073988407850266,-0.016388429328799248,0.20479512214660645
1,s_curve,12.82,3.8097147941589355,-0.14343568682670593,0.20999999344348907,0.20027919113636017,0.4780856668949127,-0.07918444275856018,-0.016728583723306656,0.21975940465927124
1,s_curve,12.84,3.808824062347412,-0.14423099160194397,0.20999999344348907,0.19752003252506256,0.4780856668949127,-0.04016624391078949,-0.016923800110816956,0.2536984980106354
1,s_curve,12.86,3.8086321353912354,-0.14444664120674133,0.20999999344348907,0.19422030448913574,0.4780856668949127,0.007215822581201792,-0.017003271728754044,0.2532171308994293
1,s_curve,12.88,3.808840274810791,-0.143901064991951,0.20999999344348907,0.19205696880817413,0.4780856668949127,0.04018174484372139,-0.0166537594050169,0.23954135179519653
1,s_curve,12.9,3.8095688819885254,-0.1426301747560501,0.20999999344348907,0.191139817237854,0.4780856668949127,0.09534519910812378,-0.015970025211572647,0.291968435049057
1,s_curve,12.92,3.8111021518707275,-0.14172512292861938,0.20999999344348907,0.18976004421710968,0.4780856668949127,0.09429103136062622,-0.016025928780436516,0.3149915635585785
1,s_curve,12.94,3.8130621910095215,-0.14075109362602234,0.20999999344348907,0.1878662407398224,0.4780856668949127,0.11927181482315063,-0.016251932829618454,0.3500980734825134
1,s_curve,12.96,3.8150529861450195,-0.1399066150188446,0.20999999344348907,0.18719476461410522,0.4780856668949127,0.09782090783119202,-0.016603834927082062,0.36071550846099854
1,s_curve,12.98,3.817326307296753,-0.1399385631084442,0.20999999344348907,0.1875288188457489,0.4780856668949127,0.09245461225509644,-0.01784730888903141,0.3835599720478058
1,s_curve,13.0,3.819365978240967,-0.14026662707328796,0.20999999344348907,0.1887938380241394,0.4780856668949127,0.06936420500278473,-0.019215907901525497,0.37073251605033875
1,s_curve,13.02,3.8208963871002197,-0.14066573977470398,0.20999999344348907,0.19118952751159668,0.4780856668949127,0.041117776185274124,-0.02037201263010502,0.37873655557632446
1,s_curve,13.040000000000001,3.8224563598632812,-0.14118489623069763,0.20999999344348907,0.19426646828651428,0.4780856668949127,0.0597623735666275,-0.021645348519086838,0.3519315719604492
1,s_curve,13.06,3.8237054347991943,-0.14143356680870056,0.20999999344348907,0.19614353775978088,0.4780856668949127,0.03051953762769699,-0.02252381667494774,0.32982662320137024
1,s_curve,13.08,3.824472188949585,-0.14145246148109436,0.20999999344348907,0.19562532007694244,0.4780856668949127,0.034253738820552826,-0.022950079292058945,0.3324679434299469
1,s_curve,13.1,3.824537754058838,-0.14078612625598907,0.20999999344348907,0.19403018057346344,0.4780856668949127,0.018684199079871178,-0.02242225781083107,0.3192058801651001
1,s_curve,13.120000000000001,3.8253355026245117,-0.1401246041059494,0.20999999344348907,0.1926060914993286,0.4780856668949127,0.07546816021203995,-0.02229030430316925,0.2820143401622772
1,s_curve,13.14,3.8266959190368652,-0.13960528373718262,0.20999999344348907,0.19212806224822998,0.4780856668949127,0.0656416043639183,-0.02257956936955452,0.26958975195884705
1,s_curve,13.16,3.827507734298706,-0.1392233967781067,0.20999999344348907,0.19284558296203613,0.4780856668949127,0.03566906973719597,-0.02269137278199196,0.27830082178115845
1,s_curve,13.18,3.8283629417419434,-0.13905298709869385,0.20999999344348907,0.1934632956981659,0.4780856668949127,0.03619277849793434,-0.0230050478130579,0.2853046655654907
1,s_curve,13.200000000000001,3.8295671939849854,-0.13876944780349731,0.20999999344348907,0.1943369209766388,0.4780856668949127,0.07318169623613358,-0.023409930989146233,0.25422853231430054
1,s_curve,13.22,3.830836296081543,-0.13838821649551392,0.20999999344348907,0.19435642659664154,0.4780856668949127,0.053445763885974884,-0.02376698888838291,0.24786634743213654
1,s_curve,13.24,3.8313238620758057,-0.13832290470600128,0.20999999344348907,0.19358190894126892,0.4780856668949127,0.0020010704174637794,-0.02397271618247032,0.24568796157836914
1,s_curve,13.26,3.832122802734375,-0.13809281587600708,0.20999999344348907,0.1928531378507614,0.4780856668949127,0.0681004673242569,-0.02420586720108986,0.2388918101787567
1,s_curve,13.280000000000001,3.832937479019165,-0.13759493827819824,0.20999999344348907,0.1914619505405426,0.4780856668949127,0.03725490719079971,-0.024221213534474373,0.21756716072559357
1,s_curve,13.3,3.8336238861083984,-0.13614892959594727,0.20999999344348907,0.18945054709911346,0.4780856668949127,0.0916653424501419,-0.023202719166874886,0.2298181802034378
1,s_curve,13.32,3.833968162536621,-0.13412928581237793,0.20999999344348907,0.18794041872024536,0.4780856668949127,0.04809693992137909,-0.021690871566534042,0.2308569848537445
1,s_curve,13.34,3.833552837371826,-0.13249042630195618,0.20999999344348907,0.18740440905094147,0.4780856668949127,0.008280549198389053,-0.020088044926524162,0.25726816058158875
1,s_curve,13.36,3.832428455352783,-0.13171838223934174,0.20999999344348907,0.18811286985874176,0.4780856668949127,-0.05010712891817093,-0.01883026957511902,0.2640872299671173
1,s_curve,13.38,3.8314599990844727,-0.13173626363277435,0.20999999344348907,0.1895235776901245,0.4780856668949127,-0.0353250727057457,-0.018321095034480095,0.2760872542858124
1,s_curve,13.4,3.8311922550201416,-0.13201859593391418,0.20999999344348907,0.19102826714515686,0.4780856668949127,-0.004453965462744236,-0.018413566052913666,0.2688106894493103
1,s_curve,13.42,3.8313775062561035,-0.13246168196201324,0.20999999344348907,0.19276896119117737,0.4780856668949127,-0.00486378837376833,-0.018886402249336243,0.2877638041973114
1,s_curve,13.44,3.832704782485962,-0.13302423059940338,0.20999999344348907,0.19432467222213745,0.4780856668949127,0.08078332245349884,-0.02007785066962242,0.2962690591812134
1,s_curve,13.46,3.8346219062805176,-0.1338721364736557,0.20999999344348907,0.19513851404190063,0.4780856668949127,0.03732743859291077,-0.021828511729836464,0.313504159450531
1,s_curve,13.48,3.8362200260162354,-0.13533249497413635,0.20999999344348907,0.19467568397521973,0.4780856668949127,0.025362495332956314,-0.023921476677060127,0.3240651488304138
1,s_curve,13.5,3.8381056785583496,-0.13646140694618225,0.20999999344348907,0.19280584156513214,0.4780856668949127,0.06499078869819641,-0.025891384109854698,0.34848323464393616
1,s_curve,13.52,3.8400766849517822,-0.13720165193080902,0.20999999344348907,0.18988975882530212,0.4780856668949127,0.06361738592386246,-0.027580685913562775,0.3727870285511017
1,s_curve,13.540000000000001,3.84214448928833,-0.13707862794399261,0.20999999344348907,0.18821577727794647,0.4780856668949127,0.11154612898826599,-0.028596511110663414,0.3675188720226288
1,s_curve,13.56,3.844123601913452,-0.13728871941566467,0.20999999344348907,0.18818119168281555,0.4780856668949127,0.05121828615665436,-0.02984442561864853,0.3672965466976166
1,s_curve,13.58,3.845280647277832,-0.13813184201717377,0.20999999344348907,0.1884291172027588,0.4780856668949127,0.003322852775454521,-0.031179647892713547,0.3592465817928314
1,s_curve,13.6,3.846271514892578,-0.1385393738746643,0.20999999344348907,0.18919941782951355,0.4780856668949127,0.05440286546945572,-0.032058656215667725,0.3376929759979248
1,s_curve,13.620000000000001,3.8471198081970215,-0.13793659210205078,0.20999999344348907,0.19154499471187592,0.4780856668949127,0.047366220504045486,-0.03201098367571831,0.32057470083236694
1,s_curve,13.64,3.847628116607666,-0.1368841677904129,0.20999999344348907,0.19411355257034302,0.4780856668949127,0.05095432698726654,-0.03140120208263397,0.30821555852890015
1,s_curve,13.66,3.8479301929473877,-0.13546627759933472,0.20999999344348907,0.19504067301750183,0.4780856668949127,0.048768892884254456,-0.030372491106390953,0.27339354157447815
1,s_curve,13.68,3.847853660583496,-0.13327327370643616,0.20999999344348907,0.1964697390794754,0.4780856668949127,0.06081477552652359,-0.028487101197242737,0.26098763942718506
1,s_curve,13.700000000000001,3.847224235534668,-0.13091722130775452,0.20999999344348907,0.1998259574174881,0.4780856668949127,0.01586230844259262,-0.026165340095758438,0.2606196105480194
1,s_curve,13.72,3.8459999561309814,-0.12898530066013336,0.20999999344348907,0.20317426323890686,0.4780856668949127,-0.01212136447429657,-0.023878222331404686,0.25094255805015564
1,s_curve,13.74,3.8444223403930664,-0.1269317865371704,0.20999999344348907,0.20547078549861908,0.4780856668949127,-0.01189953088760376,-0.021297605708241463,0.25255700945854187
1,s_curve,13.76,3.8419315814971924,-0.12473424524068832,0.20999999344348907,0.20593972504138947,0.4780856668949127,-0.05893365666270256,-0.01810161955654621,0.2603249251842499
1,s_curve,13.780000000000001,3.839475631713867,-0.12190240621566772,0.20999999344348907,0.20420825481414795,0.4780856668949127,-0.0008489862084388733,-0.014391128905117512,0.2863077223300934
1,s_curve,13.8,3.8384926319122314,-0.1188790425658226,0.20999999344348907,0.20094889402389526,0.4780856668949127,0.07957631349563599,-0.011316882446408272,0.3010420799255371
1,s_curve,13.82,3.8391430377960205,-0.11748181283473969,0.20999999344348907,0.1972494274377823,0.4780856668949127,0.055913470685482025,-0.010494090616703033,0.3207761347293854
1,s_curve,13.84,3.8399765491485596,-0.11761876195669174,0.20999999344348907,0.19364739954471588,0.4780856668949127,0.01164136454463005,-0.011060408316552639,0.34755679965019226
1,s_curve,13.86,3.8415491580963135,-0.11814557015895844,0.20999999344348907,0.19069847464561462,0.4780856668949127,0.08507902920246124,-0.012354598380625248,0.3457205295562744
1,s_curve,13.88,3.844081163406372,-0.11874283850193024,0.20999999344348907,0.18936151266098022,0.4780856668949127,0.09205490350723267,-0.014227339066565037,0.34753668308258057
1,s_curve,13.9,3.846111297607422,-0.11973381042480469,0.20999999344348907,0.1894698590040207,0.4780856668949127,0.03102303296327591,-0.01615946739912033,0.3436826169490814
1,s_curve,13.92,3.846959352493286,-0.12049481272697449,0.20999999344348907,0.19007433950901031,0.4780856668949127,-0.00048339366912841797,-0.017258387058973312,0.34051960706710815
1,s_curve,13.94,3.8472816944122314,-0.12122713029384613,0.20999999344348907,0.19209839403629303,0.4780856668949127,-0.009520762600004673,-0.01804862730205059,0.33475613594055176
1,s_curve,13.96,3.8477020263671875,-0.12145764380693436,0.20999999344348907,0.1942487359046936,0.4780856668949127,0.03424304351210594,-0.018469970673322678,0.33646270632743835
1,s_curve,13.98,3.8484742641448975,-0.12105651199817657,0.20999999344348907,0.1966356784105301,0.4780856668949127,0.04300704598426819,-0.018550682812929153,0.3086880147457123
1,s_curve,14.0,3.8491287231445312,-0.12046549469232559,0.20999999344348907,0.1988283395767212,0.4780856668949127,0.04552532732486725,-0.01840798184275627,0.2804510295391083
1,s_curve,14.02,3.8499245643615723,-0.11901065707206726,0.20999999344348907,0.2008044272661209,0.4780856668949127,0.09366492182016373,-0.01761547103524208,0.26758384704589844
1,s_curve,14.040000000000001,3.8507931232452393,-0.11735622584819794,0.20999999344348907,0.2031894475221634,0.4780856668949127,0.06679049134254456,-0.01669449731707573,0.25110000371932983
1,s_curve,14.06,3.851430654525757,-0.11634977906942368,0.20999999344348907,0.20601589977741241,0.4780856668949127,0.04113085940480232,-0.016193320974707603,0.2298470437526703
1,s_curve,14.08,3.851741313934326,-0.1156911551952362,0.20999999344348907,0.207741379737854,0.4780856668949127,0.02536715567111969,-0.015807678923010826,0.2312341332435608
1,s_curve,14.1,3.851667642593384,-0.11518029868602753,0.20999999344348907,0.20721885561943054,0.4780856668949127,0.004799097776412964,-0.015338253229856491,0.22975100576877594
1,s_curve,14.120000000000001,3.851724147796631,-0.11516017466783524,0.20999999344348907,0.20526914298534393,0.4780856668949127,-0.0010373396798968315,-0.01535191759467125,0.2225746214389801
1,s_curve,14.14,3.8525776863098145,-0.11582744866609573,0.20999999344348907,0.20279069244861603,0.4780856668949127,0.03327079862356186,-0.016374994069337845,0.22042588889598846
1,s_curve,14.16,3.853506326675415,-0.11670000106096268,0.20999999344348907,0.19874154031276703,0.4780856668949127,0.0020430516451597214,-0.01761133037507534,0.2254399061203003
1,s_curve,14.18,3.85396671295166,-0.11812932044267654,0.20999999344348907,0.19422586262226105,0.4780856668949127,-0.03475763276219368,-0.019062358886003494,0.24710263311862946
1,s_curve,14.200000000000001,3.8548240661621094,-0.11996112763881683,0.20999999344348907,0.19134436547756195,0.4780856668949127,0.005812164396047592,-0.021066686138510704,0.289285808801651
1,s_curve,14.22,3.8563873767852783,-0.12185588479042053,0.20999999344348907,0.1899595856666565,0.4780856668949127,0.020840823650360107,-0.02350606769323349,0.3079227805137634
1,s_curve,14.24,3.8581395149230957,-0.12363319098949432,0.20999999344348907,0.18975479900836945,0.4780856668949127,0.026805341243743896,-0.02594890259206295,0.2946847975254059
1,s_curve,14.26,3.8600337505340576,-0.12550963461399078,0.20999999344348907,0.19060291349887848,0.4780856668949127,0.02992768958210945,-0.028552010655403137,0.2779296040534973
1,s_curve,14.280000000000001,3.8621890544891357,-0.12682199478149414,0.20999999344348907,0.1925346851348877,0.4780856668949127,0.07449688762426376,-0.03082212805747986,0.26117461919784546
1,s_curve,14.3,3.8637619018554688,-0.12825939059257507,0.20999999344348907,0.19373831152915955,0.4780856668949127,-0.005769088864326477,-0.03288210555911064,0.29237446188926697
1,s_curve,14.32,3.864521026611328,-0.1290917694568634,0.20999999344348907,0.19376805424690247,0.4780856668949127,0.019692178815603256,-0.03399290144443512,0.3271481990814209
1,s_curve,14.34,3.864290475845337,-0.12915749847888947,0.20999999344348907,0.1933678537607193,0.4780856668949127,-0.03684641048312187,-0.03392338007688522,0.34027597308158875
1,s_curve,14.36,3.8631739616394043,-0.12922458350658417,0.20999999344348907,0.19220352172851562,0.4780856668949127,-0.057109322398900986,-0.03337543457746506,0.3409448266029358
1,s_curve,14.38,3.8617799282073975,-0.1294001191854477,0.20999999344348907,0.1912887543439865,0.4780856668949127,-0.06542924046516418,-0.03276846185326576,0.3615012466907501
1,s_curve,14.4,3.8607664108276367,-0.12858538329601288,0.20999999344348907,0.19107650220394135,0.4780856668949127,0.017399821430444717,-0.03153479844331741,0.3608418107032776
1,s_curve,14.42,3.8601460456848145,-0.1280585527420044,0.20999999344348907,0.1916033774614334,0.4780856668949127,-0.03911072015762329,-0.03075602650642395,0.35979557037353516
1,s_curve,14.44,3.8596930503845215,-0.12704171240329742,0.20999999344348907,0.1924498826265335,0.4780856668949127,0.052157267928123474,-0.029655827209353447,0.3567252457141876
1,s_curve,14.46,3.8600382804870605,-0.12510819733142853,0.20999999344348907,0.19261568784713745,0.4780856668949127,0.0760727971792221,-0.02821691706776619,0.354730486869812
1,s_curve,14.48,3.8610503673553467,-0.12366678565740585,0.20999999344348907,0.19154402613639832,0.4780856668949127,0.08095824718475342,-0.02755274623632431,0.3165524899959564
1,s_curve,14.5,3.8616092205047607,-0.1228848546743393,0.20999999344348907,0.18999552726745605,0.4780856668949127,0.009928902611136436,-0.027197767049074173,0.28084883093833923
1,s_curve,14.52,3.8614554405212402,-0.12218596041202545,0.20999999344348907,0.18911747634410858,0.4780856668949127,0.014028304256498814,-0.02652687020599842,0.2599160969257355
1,s_curve,14.540000000000001,3.8611559867858887,-0.1219160258769989,0.20999999344348907,0.18916408717632294,0.4780856668949127,-0.016327956691384315,-0.026137810200452805,0.28842759132385254
1,s_curve,14.56,3.8606789112091064,-0.12155579030513763,0.20999999344348907,0.1892053484916687,0.4780856668949127,0.001242784783244133,-0.025576677173376083,0.35110267996788025
1,s_curve,14.58,3.860621213912964,-0.12027549743652344,0.20999999344348907,0.18867479264736176,0.4780856668949127,0.05063296854496002,-0.02446892485022545,0.35307130217552185
1,s_curve,14.6,3.8608899116516113,-0.1188456267118454,0.20999999344348907,0.1898396760225296,0.4780856668949127,0.047460854053497314,-0.023412073031067848,0.32662850618362427
1,s_curve,14.620000000000001,3.861602544784546,-0.11812635511159897,0.20999999344348907,0.1917855143547058,0.4780856668949127,0.04968676716089249,-0.02319301664829254,0.31778448820114136
1,s_curve,14.64,3.8625686168670654,-0.11832565069198608,0.20999999344348907,0.1933644711971283,0.4780856668949127,0.020936546847224236,-0.02388351410627365,0.29123058915138245
1,s_curve,14.66,3.8633522987365723,-0.11844603717327118,0.20999999344348907,0.1933746486902237,0.4780856668949127,0.036718644201755524,-0.024408932775259018,0.29515981674194336
1,s_curve,14.68,3.8645875453948975,-0.11830691248178482,0.20999999344348907,0.19172711670398712,0.4780856668949127,0.07002311944961548,-0.02496057003736496,0.2944149076938629
1,s_curve,14.700000000000001,3.8657946586608887,-0.11902397125959396,0.20999999344348907,0.19034701585769653,0.4780856668949127,-0.003522951155900955,-0.026216894388198853,0.2678419351577759
1,s_curve,14.72,3.865976095199585,-0.12113100290298462,0.20999999344348907,0.18944336473941803,0.4780856668949127,-0.08730271458625793,-0.02808677777647972,0.28207820653915405
1,s_curve,14.74,3.8657796382904053,-0.12402999401092529,0.20999999344348907,0.1879238337278366,0.4780856668949127,-0.08404716849327087,-0.030418027192354202,0.3114541172981262
1,s_curve,14.76,3.865889310836792,-0.12697738409042358,0.20999999344348907,0.18601243197917938,0.4780856668949127,-0.06434626877307892,-0.03295567259192467,0.3217519521713257
1,s_curve,14.780000000000001,3.8666956424713135,-0.12880533933639526,0.20999999344348907,0.18395334482192993,0.4780856668949127,0.026008591055870056,-0.034929145127534866,0.35838642716407776
1,s_curve,14.8,3.868102788925171,-0.1300850808620453,0.20999999344348907,0.18280863761901855,0.4780856668949127,0.02203519269824028,-0.03676686808466911,0.35491594672203064
1,s_curve,14.82,3.870382785797119,-0.1307702660560608,0.20999999344348907,0.18273897469043732,0.4780856668949127,0.11896009743213654,-0.0385771244764328,0.3421487808227539
1,s_curve,14.84,3.872870683670044,-0.13016662001609802,0.20999999344348907,0.18301250040531158,0.4780856668949127,0.12183389067649841,-0.03941621631383896,0.35910236835479736
1,s_curve,14.86,3.8751158714294434,-0.12839771807193756,0.20999999344348907,0.18399108946323395,0.4780856668949127,0.15645213425159454,-0.039144136011600494,0.33751294016838074
1,s_curve,14.88,3.8776748180389404,-0.12593986093997955,0.20999999344348907,0.18582291901111603,0.4780856668949127,0.18489840626716614,-0.03846259042620659,0.3132915794849396
1,s_curve,14.9,3.87953782081604,-0.12359695136547089,0.20999999344348907,0.18791228532791138,0.4780856668949127,0.10459939390420914,-0.03750099241733551,0.29211685061454773
1,s_curve,14.92,3.8801043033599854,-0.12135691195726395,0.20999999344348907,0.19016127288341522,0.4780856668949127,0.06525515764951706,-0.035797834396362305,0.29516083002090454
1,s_curve,14.94,3.878894329071045,-0.11960269510746002,0.20999999344348907,0.19303745031356812,0.4780856668949127,-0.0540224052965641,-0.03366754204034805,0.27374494075775146
1,s_curve,14.96,3.8764243125915527,-0.11829816550016403,0.20999999344348907,0.1954675018787384,0.4780856668949127,-0.07899850606918335,-0.031226204708218575,0.2704985737800598
1,s_curve,14.98,3.8733949661254883,-0.11739838868379593,0.20999999344348907,0.19677583873271942,0.4780856668949127,-0.1207752674818039,-0.028818676248192787,0.27748656272888184
1,s_curve,15.0,3.8702735900878906,-0.11703996360301971,0.20999999344348907,0.19637112319469452,0.4780856668949127,-0.11467646062374115,-0.02681449055671692,0.3077608346939087
1,s_curve,15.02,3.867436408996582,-0.11661531031131744,0.20999999344348907,0.19336619973182678,0.4780856668949127,-0.10109858214855194,-0.02490994893014431,0.3133297264575958
1,s_curve,15.040000000000001,3.8648412227630615,-0.11595793068408966,0.20999999344348907,0.18802060186862946,0.4780856668949127,-0.08281008154153824,-0.02294250950217247,0.30407485365867615
1,s_curve,15.06,3.8627710342407227,-0.11520238220691681,0.20999999344348907,0.18384528160095215,0.4780856668949127,-0.05127517879009247,-0.021179402247071266,0.3212217688560486
1,s_curve,15.08,3.8611109256744385,-0.11386755853891373,0.20999999344348907,0.18297703564167023,0.4780856668949127,-0.017738953232765198,-0.019154788926243782,0.3374052047729492
1,s_curve,15.1,3.8598685264587402,-0.11177275329828262,0.20999999344348907,0.18468283116817474,0.4780856668949127,0.02599325031042099,-0.01672142557799816,0.34771430492401123
1,s_curve,15.120000000000001,3.8591971397399902,-0.10945789515972137,0.20999999344348907,0.18700365722179413,0.4780856668949127,0.04343438521027565,-0.014415387995541096,0.3735736608505249
1,s_curve,15.14,3.8597562313079834,-0.107498399913311,0.20999999344348907,0.18952257931232452,0.4780856668949127,0.10453977435827255,-0.01307877991348505,0.35913795232772827
1,s_curve,15.16,3.8606724739074707,-0.10608702898025513,0.20999999344348907,0.19186119735240936,0.4780856668949127,0.05035771429538727,-0.012396387755870819,0.35747918486595154
1,s_curve,15.18,3.8609089851379395,-0.10528360307216644,0.20999999344348907,0.19267190992832184,0.4780856668949127,0.017818531021475792,-0.011852327734231949,0.3574586510658264
1,s_curve,15.200000000000001,3.860503673553467,-0.10533500462770462,0.20999999344348907,0.1924172043800354,0.4780856668949127,-0.04653119295835495,-0.011674147099256516,0.3531794548034668
1,s_curve,15.22,3.8596510887145996,-0.10643260926008224,0.20999999344348907,0.19190560281276703,0.4780856668949127,-0.0819077268242836,-0.012128394097089767,0.3687281608581543
1,s_curve,15.24,3.8587534427642822,-0.10728800296783447,0.20999999344348907,0.19108612835407257,0.4780856668949127,-0.04154509678483009,-0.01235510129481554,0.37968313694000244
1,s_curve,15.26,3.8585784435272217,-0.10751114785671234,0.20999999344348907,0.19068695604801178,0.4780856668949127,0.010674796998500824,-0.012446541339159012,0.3826199173927307
1,s_curve,15.280000000000001,3.8591957092285156,-0.10713400691747665,0.20999999344348907,0.19205372035503387,0.4780856668949127,0.05538201332092285,-0.012467493303120136,0.36816826462745667
1,s_curve,15.3,3.860452651977539,-0.10653805732727051,0.20999999344348907,0.19494132697582245,0.4780856668949127,0.08059433102607727,-0.01265429612249136,0.32644522190093994
1,s_curve,15.32,3.8615615367889404,-0.10577831417322159,0.20999999344348907,0.19823051989078522,0.4780856668949127,0.05858733132481575,-0.012623040936887264,0.2830924093723297
1,s_curve,15.34,3.862337112426758,-0.1048247292637825,0.20999999344348907,0.20173238217830658,0.4780856668949127,0.05724523216485977,-0.012247426435351372,0.24968640506267548
1,s_curve,15.36,3.862993001937866,-0.10431605577468872,0.20999999344348907,0.2050275206565857,0.4780856668949127,0.027924053370952606,-0.012179256416857243,0.23165670037269592
1,s_curve,15.38,3.8631937503814697,-0.10351160168647766,0.20999999344348907,0.20818454027175903,0.4780856668949127,0.03259767219424248,-0.011614813469350338,0.22690004110336304
1,s_curve,15.4,3.8631975650787354,-0.10241121053695679,0.20999999344348907,0.20993711054325104,0.4780856668949127,0.021781181916594505,-0.010694912634789944,0.22160732746124268
1,s_curve,15.42,3.8627662658691406,-0.10138819366693497,0.20999999344348907,0.20823940634727478,0.4780856668949127,0.004033172503113747,-0.009602325037121773,0.22776475548744202
1,s_curve,15.44,3.8619256019592285,-0.10073500871658325,0.20999999344348907,0.20378801226615906,0.4780856668949127,-0.02986197918653488,-0.008596147410571575,0.24487045407295227
1,s_curve,15.46,3.860929012298584,-0.09992904961109161,0.20999999344348907,0.19934909045696259,0.4780856668949127,-0.004311973229050636,-0.007376847788691521,0.27237004041671753
1,s_curve,15.48,3.8605034351348877,-0.09879302233457565,0.20999999344348907,0.19568873941898346,0.4780856668949127,0.03427140414714813,-0.006192696280777454,0.30189353227615356
1,s_curve,15.5,3.861356258392334,-0.0976475179195404,0.20999999344348907,0.19218550622463226,0.4780856668949127,0.10039770603179932,-0.005698446184396744,0.3388112485408783
1,s_curve,15.52,3.863463878631592,-0.0969138890504837,0.20999999344348907,0.18877455592155457,0.4780856668949127,0.10415510088205338,-0.006234251894056797,0.31512945890426636
1,s_curve,15.540000000000001,3.8654205799102783,-0.09636788815259933,0.20999999344348907,0.18872010707855225,0.4780856668949127,0.09441132843494415,-0.006844883784651756,0.3275062143802643
1,s_curve,15.56,3.8679096698760986,-0.09652484953403473,0.20999999344348907,0.1918315589427948,0.4780856668949127,0.10282858461141586,-0.008335120975971222,0.3092205822467804
1,s_curve,15.58,3.870675802230835,-0.09679561108350754,0.20999999344348907,0.1949242651462555,0.4780856668949127,0.10935932397842407,-0.01007193885743618,0.3058548867702484
1,s_curve,15.6,3.8732781410217285,-0.09655505418777466,0.20999999344348907,0.19708701968193054,0.4780856668949127,0.11739323288202286,-0.011290927417576313,0.29820409417152405
1,s_curve,15.620000000000001,3.8752782344818115,-0.09660681337118149,0.20999999344348907,0.20044152438640594,0.4780856668949127,0.049513161182403564,-0.012426089495420456,0.2678341567516327
1,s_curve,15.64,3.876659631729126,-0.09775254130363464,0.20999999344348907,0.20362071692943573,0.4780856668949127,0.011802904307842255,-0.01414012536406517,0.2564903199672699
1,s_curve,15.66,3.8780007362365723,-0.09890112280845642,0.20999999344348907,0.20488876104354858,0.4780856668949127,0.03013923577964306,-0.015834558755159378,0.23816855251789093
1,s_curve,15.68,3.8784499168395996,-0.10014256089925766,0.20999999344348907,0.2050154209136963,0.4780856668949127,-0.048789698630571365,-0.017119914293289185,0.2441025972366333
1,s_curve,15.700000000000001,3.877959966659546,-0.1014481782913208,0.20999999344348907,0.20452439785003662,0.4780856668949127,-0.061608802527189255,-0.017946401610970497,0.2344788908958435
1,s_curve,15.72,3.876547336578369,-0.10253359377384186,0.20999999344348907,0.20285415649414062,0.4780856668949127,-0.1053437665104866,-0.01808471977710724,0.24677158892154694
1,s_curve,15.74,3.874547243118286,-0.10307576507329941,0.20999999344348907,0.2007465660572052,0.4780856668949127,-0.09132493287324905,-0.01744719408452511,0.26004189252853394
1,s_curve,15.76,3.872650623321533,-0.10318872332572937,0.20999999344348907,0.19957856833934784,0.4780856668949127,-0.07155629247426987,-0.016506526619195938,0.26107704639434814
1,s_curve,15.780000000000001,3.87172269821167,-0.10329100489616394,0.20999999344348907,0.19983693957328796,0.4780856668949127,-0.0132379662245512,-0.01608569547533989,0.2718231976032257
1,s_curve,15.8,3.872218608856201,-0.10393152385950089,0.20999999344348907,0.19990132749080658,0.4780856668949127,0.017026567831635475,-0.016893070191144943,0.2947770953178406
1,s_curve,15.82,3.8733885288238525,-0.10473237931728363,0.20999999344348907,0.20016565918922424,0.4780856668949127,0.03482572361826897,-0.018202709034085274,0.2828899919986725
1,s_curve,15.84,3.8743479251861572,-0.10516545176506042,0.20999999344348907,0.2012806087732315,0.4780856668949127,0.022241344675421715,-0.01908927410840988,0.26657846570014954
1,s_curve,15.860000000000001,3.8748552799224854,-0.10578298568725586,0.20999999344348907,0.20186468958854675,0.4780856668949127,-0.010344560258090496,-0.019883636385202408,0.26132315397262573
1,s_curve,15.88,3.8751699924468994,-0.10674967616796494,0.20999999344348907,0.20124372839927673,0.4780856668949127,-0.016019362956285477,-0.020865390077233315,0.26625630259513855
1,s_curve,15.9,3.8748691082000732,-0.10746805369853973,0.20999999344348907,0.20015382766723633,0.4780856668949127,-0.045141927897930145,-0.021303052082657814,0.2582807242870331
1,s_curve,15.92,3.8742117881774902,-0.10727459192276001,0.20999999344348907,0.19891051948070526,0.4780856668949127,0.004328779876232147,-0.020782142877578735,0.27647724747657776
1,s_curve,15.94,3.8737456798553467,-0.10551948845386505,0.20999999344348907,0.19772905111312866,0.4780856668949127,0.04708974063396454,-0.01905716210603714,0.28484153747558594
1,s_curve,15.96,3.873709201812744,-0.10312450677156448,0.20999999344348907,0.19706177711486816,0.4780856668949127,0.0813501849770546,-0.017030568793416023,0.3154960870742798
1,s_curve,15.98,3.8742661476135254,-0.10121903568506241,0.20999999344348907,0.19661419093608856,0.4780856668949127,0.07134473323822021,-0.015738055109977722,0.3065306842327118
1,s_curve,16.0,3.8756160736083984,-0.09981250017881393,0.20999999344348907,0.19674868881702423,0.4780856668949127,0.11033271998167038,-0.015296450816094875,0.3115176856517792
1,s_curve,16.02,3.877436876296997,-0.09890609234571457,0.20999999344348907,0.1970725655555725,0.4780856668949127,0.08977843821048737,-0.015530925244092941,0.3042666018009186
1,s_curve,16.04,3.879136085510254,-0.09892058372497559,0.20999999344348907,0.1978798508644104,0.4780856668949127,0.05069265514612198,-0.016470618546009064,0.2831694185733795
1,s_curve,16.06,3.8800597190856934,-0.09964147955179214,0.20999999344348907,0.19943396747112274,0.4780856668949127,-0.010246017947793007,-0.017578819766640663,0.26110637187957764
1,s_curve,16.080000000000002,3.8799808025360107,-0.10119526088237762,0.20999999344348907,0.20066282153129578,0.4780856668949127,-0.07704630494117737,-0.01883760653436184,0.25732743740081787
1,s_curve,16.1,3.8789145946502686,-0.10358767956495285,0.20999999344348907,0.20107004046440125,0.4780856668949127,-0.1344175487756729,-0.020260125398635864,0.2481648474931717
1,s_curve,16.12,3.8775475025177,-0.1065661609172821,0.20999999344348907,0.20060107111930847,0.4780856668949127,-0.13993524014949799,-0.02200944535434246,0.2549811899662018
1,s_curve,16.14,3.876178026199341,-0.10933287441730499,0.20999999344348907,0.19831791520118713,0.4780856668949127,-0.12571868300437927,-0.023580027744174004,0.2586000859737396
1,s_curve,16.16,3.875518798828125,-0.11133547127246857,0.20999999344348907,0.1956360787153244,0.4780856668949127,-0.041700322180986404,-0.024898087605834007,0.28314951062202454
1,s_curve,16.18,3.876159906387329,-0.11256664991378784,0.20999999344348907,0.19372154772281647,0.4780856668949127,0.022383425384759903,-0.026279615238308907,0.2940610349178314
1,s_curve,16.2,3.8771657943725586,-0.11337121576070786,0.20999999344348907,0.19317741692066193,0.4780856668949127,0.01813492365181446,-0.027502821758389473,0.3083268702030182
1,s_curve,16.22,3.878277540206909,-0.11372850835323334,0.20999999344348907,0.19307507574558258,0.4780856668949127,0.05088519677519798,-0.02840905822813511,0.3085944950580597
1,s_curve,16.240000000000002,3.8795244693756104,-0.1138206496834755,0.20999999344348907,0.192871555685997,0.4780856668949127,0.051105618476867676,-0.029166923835873604,0.3273692727088928
1,s_curve,16.26,3.880552053451538,-0.11330833286046982,0.20999999344348907,0.19236017763614655,0.4780856668949127,0.06282436102628708,-0.029298599809408188,0.36160027980804443
1,s_curve,16.28,3.8810031414031982,-0.11286580562591553,0.20999999344348907,0.1923704743385315,0.4780856668949127,0.005742229055613279,-0.02917405590415001,0.36267706751823425
1,s_curve,16.3,3.8814752101898193,-0.11292633414268494,0.20999999344348907,0.1930505782365799,0.4780856668949127,0.03254371136426926,-0.029482459649443626,0.39101311564445496
1,s_curve,16.32,3.88149356842041,-0.11197788268327713,0.20999999344348907,0.19338081777095795,0.4780856668949127,0.02564244717359543,-0.028697803616523743,0.36810559034347534
1,s_curve,16.34,3.881216287612915,-0.11037342995405197,0.20999999344348907,0.19346989691257477,0.4780856668949127,0.032178282737731934,-0.027202121913433075,0.33255472779273987
1,s_curve,16.36,3.880880832672119,-0.10901356488466263,0.20999999344348907,0.193809375166893,0.4780856668949127,0.014859028160572052,-0.025879619643092155,0.3129774034023285
1,s_curve,16.38,3.8801980018615723,-0.10791762173175812,0.20999999344348907,0.19379188120365143,0.4780856668949127,-0.015033740550279617,-0.024588624015450478,0.2923286557197571
1,s_curve,16.4,3.8790903091430664,-0.10733198374509811,0.20999999344348907,0.19385071098804474,0.4780856668949127,-0.04438493400812149,-0.02349327877163887,0.27057644724845886
1,s_curve,16.42,3.877525568008423,-0.10690468549728394,0.20999999344348907,0.1954670399427414,0.4780856668949127,-0.06163763627409935,-0.022281108424067497,0.264843225479126
1,s_curve,16.44,3.8758106231689453,-0.10590797662734985,0.20999999344348907,0.1977488249540329,0.4780856668949127,-0.029317375272512436,-0.020509859547019005,0.25750309228897095
1,s_curve,16.46,3.874566078186035,-0.10450111329555511,0.20999999344348907,0.19917231798171997,0.4780856668949127,-0.0006721727550029755,-0.018651729449629784,0.26631832122802734
1,s_curve,16.48,3.873480796813965,-0.10290440171957016,0.20999999344348907,0.1994839310646057,0.4780856668949127,-0.004676893353462219,-0.016721470281481743,0.26511237025260925
1,s_curve,16.5,3.872257947921753,-0.10159707069396973,0.20999999344348907,0.19876034557819366,0.4780856668949127,-0.024260472506284714,-0.014958580955862999,0.2654094994068146
1,s_curve,16.52,3.8709421157836914,-0.1007702574133873,0.20999999344348907,0.19730767607688904,0.4780856668949127,-0.03879394009709358,-0.013547542504966259,0.27164387702941895
1,s_curve,16.54,3.869480848312378,-0.10007763653993607,0.20999999344348907,0.1951964646577835,0.4780856668949127,-0.04373084381222725,-0.012169552966952324,0.29509228467941284
1,s_curve,16.56,3.8681282997131348,-0.09934461116790771,0.20999999344348907,0.1928303986787796,0.4780856668949127,-0.027349309995770454,-0.010817055590450764,0.31609243154525757
1,s_curve,16.580000000000002,3.867140054702759,-0.0985737293958664,0.20999999344348907,0.19173358380794525,0.4780856668949127,-0.012431444600224495,-0.009631702676415443,0.3335508108139038
1,s_curve,16.6,3.867141008377075,-0.09798882156610489,0.20999999344348907,0.19211483001708984,0.4780856668949127,0.041398413479328156,-0.00914214737713337,0.33746862411499023
1,s_curve,16.62,3.868431568145752,-0.09755749255418777,0.20999999344348907,0.19414980709552765,0.4780856668949127,0.09037262201309204,-0.009485229849815369,0.3158596456050873
1,s_curve,16.64,3.869856834411621,-0.09741508215665817,0.20999999344348907,0.19690437614917755,0.4780856668949127,0.03755539655685425,-0.01014392264187336,0.3199536204338074
1,s_curve,16.66,3.871147632598877,-0.09813451766967773,0.20999999344348907,0.19770175218582153,0.4780856668949127,0.035202980041503906,-0.011451326310634613,0.31541958451271057
1,s_curve,16.68,3.872702121734619,-0.09873858839273453,0.20999999344348907,0.19680897891521454,0.4780856668949127,0.05764441192150116,-0.012806009501218796,0.293997585773468
1,s_curve,16.7,3.8749125003814697,-0.09896716475486755,0.20999999344348907,0.19471319019794464,0.4780856668949127,0.10467419773340225,-0.014204110018908978,0.28362008929252625
1,s_curve,16.72,3.8770251274108887,-0.09859399497509003,0.20999999344348907,0.1931830197572708,0.4780856668949127,0.09336788952350616,-0.015044666826725006,0.27208539843559265
1,s_curve,16.740000000000002,3.8783087730407715,-0.09713006019592285,0.20999999344348907,0.19285500049591064,0.4780856668949127,0.09229305386543274,-0.01451878808438778,0.2798520028591156
1,s_curve,16.76,3.8795599937438965,-0.09537982940673828,0.20999999344348907,0.19236335158348083,0.4780856668949127,0.11234595626592636,-0.013735331594944,0.31079724431037903
1,s_curve,16.78,3.880993127822876,-0.093507319688797,0.20999999344348907,0.1912468522787094,0.4780856668949127,0.1075044572353363,-0.012948722578585148,0.31625425815582275
1,s_curve,16.8,3.8818089962005615,-0.09196492284536362,0.20999999344348907,0.1908525675535202,0.4780856668949127,0.04777136817574501,-0.012101756408810616,0.3181445598602295
1,s_curve,16.82,3.8820013999938965,-0.09068217128515244,0.20999999344348907,0.19085390865802765,0.4780856668949127,0.036190517246723175,-0.011132006533443928,0.31152045726776123
1,s_curve,16.84,3.88218092918396,-0.09015455096960068,0.20999999344348907,0.19095365703105927,0.4780856668949127,0.009461037814617157,-0.01078792940825224,0.29432186484336853
1,s_curve,16.86,3.882528066635132,-0.0907709002494812,0.20999999344348907,0.19003508985042572,0.4780856668949127,-0.009761985391378403,-0.011493843048810959,0.31105196475982666
1,s_curve,16.88,3.8817574977874756,-0.09149662405252457,0.20999999344348907,0.18818792700767517,0.4780856668949127,-0.09004832804203033,-0.011681271716952324,0.31272274255752563
1,s_curve,16.9,3.8804304599761963,-0.09247896820306778,0.20999999344348907,0.18658019602298737,0.4780856668949127,-0.07398435473442078,-0.01177995465695858,0.3060476779937744
1,s_curve,16.92,3.879554510116577,-0.09364522993564606,0.20999999344348907,0.18592655658721924,0.4780856668949127,-0.06263323128223419,-0.012278972193598747,0.32447510957717896
1,s_curve,16.94,3.8783648014068604,-0.09472185373306274,0.20999999344348907,0.18640996515750885,0.4780856668949127,-0.09060127288103104,-0.012531612068414688,0.3207436203956604
1,s_curve,16.96,3.8774166107177734,-0.09571444988250732,0.20999999344348907,0.1880548745393753,0.4780856668949127,-0.04451439529657364,-0.012845686636865139,0.33849862217903137
1,s_curve,16.98,3.8773186206817627,-0.09647747874259949,0.20999999344348907,0.19038712978363037,0.4780856668949127,-0.009159969165921211,-0.013431514613330364,0.34085777401924133
1,s_curve,17.0,3.8773958683013916,-0.09656475484371185,0.20999999344348907,0.19345131516456604,0.4780856668949127,0.007739902939647436,-0.013546807691454887,0.3132532238960266
1,s_curve,17.02,3.877652406692505,-0.09636316448450089,0.20999999344348907,0.19648529589176178,0.4780856668949127,0.026556678116321564,-0.013517938554286957,0.2910761535167694
1,s_curve,17.04,3.8780906200408936,-0.09620655328035355,0.20999999344348907,0.19805797934532166,0.4780856668949127,0.02398095652461052,-0.01362592726945877,0.31826284527778625
1,s_curve,17.06,3.8784971237182617,-0.0958123579621315,0.20999999344348907,0.19945813715457916,0.4780856668949127,0.02853360027074814,-0.013517542742192745,0.29413434863090515
1,s_curve,17.080000000000002,3.8789889812469482,-0.09593459963798523,0.20999999344348907,0.20189426839351654,0.4780856668949127,0.008112763985991478,-0.013888455927371979,0.2901550531387329
1,s_curve,17.1,3.879361867904663,-0.09636232256889343,0.20999999344348907,0.20390814542770386,0.4780856668949127,0.0009346744045615196,-0.014450379647314548,0.26922574639320374
1,s_curve,17.12,3.879361152648926,-0.09681633114814758,0.20999999344348907,0.2039414495229721,0.4780856668949127,-0.024958718568086624,-0.014830389060080051,0.26409220695495605
1,s_curve,17.14,3.87937593460083,-0.09723389893770218,0.20999999344348907,0.20197999477386475,0.4780856668949127,0.0017808591946959496,-0.015188325196504593,0.2516324520111084
1,s_curve,17.16,3.880509853363037,-0.0981951653957367,0.20999999344348907,0.1977805346250534,0.4780856668949127,0.03755675628781319,-0.016612716019153595,0.27225154638290405
1,s_curve,17.18,3.8822879791259766,-0.09978166222572327,0.20999999344348907,0.19134949147701263,0.4780856668949127,0.026410039514303207,-0.01891261897981167,0.27575379610061646
1,s_curve,17.2,3.883629560470581,-0.101326122879982,0.20999999344348907,0.18530721962451935,0.4780856668949127,0.003386586904525757,-0.02093900740146637,0.3017718493938446
1,s_curve,17.22,3.885324478149414,-0.10270430892705917,0.20999999344348907,0.18194448947906494,0.4780856668949127,0.057699669152498245,-0.02301895245909691,0.3125247359275818
1,s_curve,17.240000000000002,3.8874588012695312,-0.1044214740395546,0.20999999344348907,0.181658074259758,0.4780856668949127,0.030504785478115082,-0.0256227795034647,0.3353022634983063
1,s_curve,17.26,3.8895716667175293,-0.10665884613990784,0.20999999344348907,0.18406347930431366,0.4780856668949127,0.02483811229467392,-0.028650756925344467,0.33330854773521423
1,s_curve,17.28,3.8914663791656494,-0.10818678140640259,0.20999999344348907,0.18762928247451782,0.4780856668949127,0.04625849798321724,-0.030965236946940422,0.3375609815120697
1,s_curve,17.3,3.8926889896392822,-0.10936058312654495,0.20999999344348907,0.1922978013753891,0.4780856668949127,-0.004725217819213867,-0.03261611610651016,0.3195565640926361
1,s_curve,17.32,3.8934476375579834,-0.11054522544145584,0.20999999344348907,0.1988454908132553,0.4780856668949127,0.0014260932803153992,-0.03402281552553177,0.2900773882865906
1,s_curve,17.34,3.893399715423584,-0.11087364703416824,0.20999999344348907,0.20486187934875488,0.4780856668949127,-0.024610290303826332,-0.03427182883024216,0.25787457823753357
1,s_curve,17.36,3.892723321914673,-0.11081717163324356,0.20999999344348907,0.20871295034885406,0.4780856668949127,-0.02948845364153385,-0.033855289220809937,0.22641852498054504
1,s_curve,17.38,3.8915436267852783,-0.1104946956038475,0.20999999344348907,0.2098735123872757,0.4780856668949127,-0.049846041947603226,-0.03294113278388977,0.2164267748594284
1,s_curve,17.400000000000002,3.8899621963500977,-0.11061219871044159,0.20999999344348907,0.20805908739566803,0.4780856668949127,-0.0789017602801323,-0.03217632696032524,0.23267762362957
1,s_curve,17.42,3.8877804279327393,-0.11046673357486725,0.20999999344348907,0.20284897089004517,0.4780856668949127,-0.08585809916257858,-0.030863478779792786,0.2868577539920807
1,s_curve,17.44,3.886397123336792,-0.11042363196611404,0.20999999344348907,0.1954328566789627,0.4780856668949127,-0.028502903878688812,-0.030072256922721863,0.3292718231678009
1,s_curve,17.46,3.8859519958496094,-0.11015939712524414,0.20999999344348907,0.18743664026260376,0.4780856668949127,-0.006311954464763403,-0.029607880860567093,0.3373181223869324
1,s_curve,17.48,3.8853883743286133,-0.1100703626871109,0.20999999344348907,0.1814328283071518,0.4780856668949127,-0.033639248460531235,-0.02922561764717102,0.37909913063049316
1,s_curve,17.5,3.884798765182495,-0.10912296921014786,0.20999999344348907,0.1786762773990631,0.4780856668949127,0.029716400429606438,-0.028109975159168243,0.40669041872024536
1,s_curve,17.52,3.885468006134033,-0.10703317821025848,0.20999999344348907,0.17949874699115753,0.4780856668949127,0.13042676448822021,-0.026724325492978096,0.4143044054508209
1,s_curve,17.54,3.8879642486572266,-0.10448689758777618,0.20999999344348907,0.18394912779331207,0.4780856668949127,0.20711687207221985,-0.0259535051882267,0.4006653428077698
1,s_curve,17.56,3.891550064086914,-0.10176068544387817,0.20999999344348907,0.19049818813800812,0.4780856668949127,0.2341504991054535,-0.025626694783568382,0.36173152923583984
1,s_curve,17.580000000000002,3.895113945007324,-0.09885333478450775,0.20999999344348907,0.19811967015266418,0.4780856668949127,0.21866393089294434,-0.02513613924384117,0.31965571641921997
1,s_curve,17.6,3.898500680923462,-0.0959388017654419,0.20999999344348907,0.2049494832754135,0.4780856668949127,0.2198512852191925,-0.02454286813735962,0.275844931602478
1,s_curve,17.62,3.9010725021362305,-0.09314794093370438,0.20999999344348907,0.20931509137153625,0.4780856668949127,0.16129329800605774,-0.023608379065990448,0.26299968361854553
1,s_curve,17.64,3.9030964374542236,-0.0904219001531601,0.20999999344348907,0.21192722022533417,0.4780856668949127,0.153452068567276,-0.022429123520851135,0.23340222239494324
1,s_curve,17.66,3.9048378467559814,-0.08775459975004196,0.20999999344348907,0.21239224076271057,0.4780856668949127,0.13706611096858978,-0.021144865080714226,0.23527559638023376
1,s_curve,17.68,3.905940294265747,-0.08593681454658508,0.20999999344348907,0.20946086943149567,0.4780856668949127,0.07838074862957001,-0.020223593339323997,0.26718834042549133
1,s_curve,17.7,3.906359910964966,-0.08395489305257797,0.20999999344348907,0.20381277799606323,0.4780856668949127,0.053994353860616684,-0.018792061135172844,0.2883438169956207
1,s_curve,17.72,3.905792474746704,-0.0823746919631958,0.20999999344348907,0.19708292186260223,0.4780856668949127,-0.0011719763278961182,-0.01715831272304058,0.30117350816726685
1,s_curve,17.740000000000002,3.905093193054199,-0.08066624402999878,0.20999999344348907,0.1905273199081421,0.4780856668949127,0.04627968370914459,-0.015345140360295773,0.33781564235687256
1,s_curve,17.76,3.9053454399108887,-0.07882417738437653,0.20999999344348907,0.1854155957698822,0.4780856668949127,0.06852444261312485,-0.01393942441791296,0.3589836061000824
1,s_curve,17.78,3.905381917953491,-0.07718499004840851,0.20999999344348907,0.18200697004795074,0.4780856668949127,0.027386430650949478,-0.012585913762450218,0.3602117598056793
1,s_curve,17.8,3.9058215618133545,-0.07540403306484222,0.20999999344348907,0.1814020574092865,0.4780856668949127,0.1049070656299591,-0.01133369468152523,0.38064658641815186
2,random_curve,0.0,0.0,0.0,0.25,0.3499999940395355,0.3364245593547821,0.0,0.0,0.0
2,random_curve,0.02,-0.00018106680363416672,-0.00025470752734690905,0.25,0.3449510931968689,0.3364245593547821,-0.01553419604897499,-0.00023925662389956415,0.27198371291160583
2,random_curve,0.04,0.00021507032215595245,-0.00034711352782323956,0.25,0.33581027388572693,0.3364245593547821,0.03422911465167999,-0.00036334508331492543,0.3319576382637024
2,random_curve,0.06,0.0011384198442101479,-0.0006174793816171587,0.25,0.323717325925827,0.3364245593547821,0.04711775481700897,-0.0007073795422911644,0.4278368651866913
2,random_curve,0.08,0.0013715662062168121,-0.00037787252222187817,0.25,0.30878591537475586,0.3364245593547821,-0.012222092598676682,-0.00048737923498265445,0.5140194296836853
2,random_curve,0.1,0.0013167774304747581,-0.0001653582730796188,0.25,0.2910393476486206,0.3364245593547821,0.0056486125104129314,-0.00027113515534438193,0.5047857165336609
2,random_curve,0.12,0.0013786125928163528,-0.0002633317490108311,0.25,0.26948752999305725,0.3364245593547821,2.5048910174518824e-05,-0.00037378136767074466,0.4972122013568878
2,random_curve,0.14,0.0010708291083574295,-0.00044364496716298163,0.25,0.24296410381793976,0.3364245593547821,-0.018738532438874245,-0.000528655422385782,0.5155200362205505
2,random_curve,0.16,0.0017427736893296242,-0.00013129081344231963,0.25,0.21212302148342133,0.3364245593547821,0.058387789875268936,-0.0002715738955885172,0.5641158819198608
2,random_curve,0.18,0.003868342377245426,-0.0016350684454664588,0.25,0.18085679411888123,0.3364245593547821,0.1684311479330063,-0.0019420606549829245,0.5650104880332947
2,random_curve,0.2,0.009038671851158142,-0.004749585408717394,0.25,0.1562398076057434,0.3364245593547821,0.31459423899650574,-0.0054638623259961605,0.6312774419784546
2,random_curve,0.22,0.01627245731651783,-0.008284270763397217,0.25,0.14103394746780396,0.3364245593547821,0.36110901832580566,-0.00957106426358223,0.6517278552055359
2,random_curve,0.24,0.023950541391968727,-0.012165868654847145,0.25,0.13489657640457153,0.3364245593547821,0.36751848459243774,-0.014095227234065533,0.6554685831069946
2,random_curve,0.26,0.03156585991382599,-0.016091899946331978,0.25,0.13859403133392334,0.3364245593547821,0.4010182023048401,-0.01860838383436203,0.6133642196655273
2,random_curve,0.28,0.04063047468662262,-0.01855560578405857,0.25,0.14924132823944092,0.3364245593547821,0.46768736839294434,-0.021777808666229248,0.5507597923278809
2,random_curve,0.3,0.05037819594144821,-0.01938130147755146,0.25,0.16248106956481934,0.3364245593547821,0.4744388163089752,-0.02336805872619152,0.5126695036888123
2,random_curve,0.32,0.059437528252601624,-0.019610757008194923,0.25,0.1749882698059082,0.3364245593547821,0.4245551824569702,-0.02430974505841732,0.481874018907547
2,random_curve,0.34,0.06882172077894211,-0.02010459639132023,0.25,0.18603743612766266,0.3364245593547821,0.47690749168395996,-0.02559434436261654,0.4541756212711334
2,random_curve,0.36,0.07817617058753967,-0.021048670634627342,0.25,0.19477282464504242,0.3364245593547821,0.4501104950904846,-0.02723388560116291,0.4416581392288208
2,random_curve,0.38,0.08616985380649567,-0.022082211449742317,0.25,0.20060622692108154,0.3364245593547821,0.36660000681877136,-0.028861092403531075,0.40317341685295105
2,random_curve,0.4,0.0933733657002449,-0.021663324907422066,0.25,0.20437917113304138,0.3364245593547821,0.3683397173881531,-0.028980953618884087,0.47144728899002075
2,random_curve,0.42,0.10022658854722977,-0.0204373300075531,0.25,0.20720982551574707,0.3364245593547821,0.34861862659454346,-0.0282698143273592,0.5142356753349304
2,random_curve,0.44,0.10698266327381134,-0.017718231305480003,0.25,0.20754534006118774,0.3364245593547821,0.35262855887413025,-0.026153206825256348,0.5087276697158813
2,random_curve,0.46,0.11396215111017227,-0.014985764399170876,0.25,0.20361702144145966,0.3364245593547821,0.36008280515670776,-0.023905714973807335,0.5048351883888245
2,random_curve,0.48,0.12127358466386795,-0.013094914145767689,0.25,0.1987042874097824,0.3364245593547821,0.37827539443969727,-0.02252061851322651,0.5010859370231628
2,random_curve,0.5,0.1298247128725052,-0.012200790457427502,0.25,0.19490085542201996,0.3364245593547821,0.4754936993122101,-0.02221490629017353,0.5267474055290222
2,random_curve,0.52,0.13965395092964172,-0.011938944458961487,0.25,0.19108815491199493,0.3364245593547821,0.5067299008369446,-0.022627612575888634,0.4782014489173889
2,random_curve,0.54,0.14950139820575714,-0.013086527585983276,0.25,0.18599553406238556,0.3364245593547821,0.4918842315673828,-0.024544788524508476,0.4802275598049164
2,random_curve,0.56,0.15885910391807556,-0.014248721301555634,0.25,0.18340733647346497,0.3364245593547821,0.4492582678794861,-0.026271548122167587,0.4904419183731079
2,random_curve,0.58,0.16856680810451508,-0.015185822732746601,0.25,0.18429896235466003,0.3364245593547821,0.5234172344207764,-0.027794819325208664,0.4368727505207062
2,random_curve,0.6,0.17883150279521942,-0.016695907339453697,0.25,0.18731170892715454,0.3364245593547821,0.48772478103637695,-0.029923759400844574,0.4446997046470642
2,random_curve,0.62,0.18787981569766998,-0.018258968368172646,0.25,0.18949349224567413,0.3364245593547821,0.419085830450058,-0.032169707119464874,0.44418588280677795
2,random_curve,0.64,0.19615814089775085,-0.01831197179853916,0.25,0.19083932042121887,0.3364245593547821,0.41233113408088684,-0.032642193138599396,0.46711060404777527
2,random_curve,0.66,0.20415666699409485,-0.017580343410372734,0.25,0.19314123690128326,0.3364245593547821,0.42248862981796265,-0.03231687843799591,0.5145910382270813
2,random_curve,0.68,0.21291939914226532,-0.01606263592839241,0.25,0.19668354094028473,0.3364245593547821,0.4710873067378998,-0.03124522790312767,0.5774264335632324
2,random_curve,0.7000000000000001,0.22299598157405853,-0.014054376631975174,0.25,0.20108608901500702,0.3364245593547821,0.5481022596359253,-0.029964612796902657,0.6166150569915771
2,random_curve,0.72,0.2349904626607895,-0.011709894053637981,0.25,0.20594018697738647,0.3364245593547821,0.6394039392471313,-0.028089914470911026,0.6144112348556519
2,random_curve,0.74,0.24860435724258423,-0.009724844247102737,0.25,0.20923401415348053,0.3364245593547821,0.7098555564880371,-0.02663755975663662,0.5685615539550781
2,random_curve,0.76,0.26284247636795044,-0.008299602195620537,0.25,0.20913757383823395,0.3364245593547821,0.7029204368591309,-0.02600925602018833,0.5045039057731628
2,random_curve,0.78,0.2763034701347351,-0.007922371849417686,0.25,0.20682881772518158,0.3364245593547821,0.6556655168533325,-0.02597779408097267,0.44625264406204224
2,random_curve,0.8,0.28916135430336,-0.009012244641780853,0.25,0.20296825468540192,0.3364245593547821,0.6349696516990662,-0.027397463098168373,0.43417710065841675
2,random_curve,0.8200000000000001,0.3018406629562378,-0.010861815884709358,0.25,0.19817811250686646,0.3364245593547821,0.6517150402069092,-0.029850510880351067,0.4747268855571747
2,random_curve,0.84,0.3154391944408417,-0.013411114923655987,0.25,0.19246330857276917,0.3364245593547821,0.7142001986503601,-0.032546382397413254,0.5196391344070435
2,random_curve,0.86,0.32979071140289307,-0.016235854476690292,0.25,0.18697050213813782,0.3364245593547821,0.727316677570343,-0.03552580252289772,0.5043008327484131
2,random_curve,0.88,0.3441438376903534,-0.01880566030740738,0.25,0.18110063672065735,0.3364245593547821,0.6833821535110474,-0.03851023316383362,0.42282554507255554
2,random_curve,0.9,0.3571835458278656,-0.019712164998054504,0.25,0.1750020831823349,0.3364245593547821,0.6304311752319336,-0.03934503346681595,0.4276386797428131
2,random_curve,0.92,0.37000060081481934,-0.019561929628252983,0.25,0.1692476123571396,0.3364245593547821,0.6690604090690613,-0.03912433236837387,0.48236092925071716
2,random_curve,0.9400000000000001,0.3842606842517853,-0.018890729174017906,0.25,0.16462530195713043,0.3364245593547821,0.7412566542625427,-0.038640912622213364,0.5317324995994568
2,random_curve,0.96,0.3997071087360382,-0.017656896263360977,0.25,0.16081415116786957,0.3364245593547821,0.7906995415687561,-0.03705188259482384,0.55274897813797
2,random_curve,0.98,0.41617247462272644,-0.015926141291856766,0.25,0.15914101898670197,0.3364245593547821,0.8354896903038025,-0.034942615777254105,0.574711263179779
2,random_curve,1.0,0.43308672308921814,-0.012995881959795952,0.25,0.15909196436405182,0.3364245593547821,0.8429247140884399,-0.03173327073454857,0.5944226980209351
2,random_curve,1.02,0.4501477777957916,-0.008834440261125565,0.25,0.1588735580444336,0.3364245593547821,0.8422400951385498,-0.026866087689995766,0.6171132326126099
2,random_curve,1.04,0.46640875935554504,-0.0043959468603134155,0.25,0.15861089527606964,0.3364245593547821,0.7362134456634521,-0.02199792116880417,0.6028891205787659
2,random_curve,1.06,0.48147889971733093,-0.0014743383508175611,0.25,0.16034837067127228,0.3364245593547821,0.7391282916069031,-0.01816280372440815,0.5494700074195862
2,random_curve,1.08,0.49624186754226685,6.033474346622825e-05,0.25,0.1624796837568283,0.3364245593547821,0.7093996405601501,-0.01573077030479908,0.5109224915504456
2,random_curve,1.1,0.509540319442749,-4.7376175643876195e-05,0.25,0.16408078372478485,0.3364245593547821,0.6190679669380188,-0.015216264873743057,0.5152269005775452
2,random_curve,1.12,0.5212787985801697,-0.0020231064409017563,0.25,0.16532282531261444,0.3364245593547821,0.5700600147247314,-0.016234664246439934,0.5259688496589661
2,random_curve,1.1400000000000001,0.5328636765480042,-0.005505427718162537,0.25,0.16678108274936676,0.3364245593547821,0.6109568476676941,-0.01876714825630188,0.520328938961029
2,random_curve,1.16,0.5451004505157471,-0.009583125822246075,0.25,0.1686982363462448,0.3364245593547821,0.6496633291244507,-0.02210581675171852,0.4844837188720703
2,random_curve,1.18,0.5578327178955078,-0.014310372062027454,0.25,0.17038461565971375,0.3364245593547821,0.6735398769378662,-0.025517312809824944,0.4454069137573242
2,random_curve,1.2,0.5712016224861145,-0.019681716337800026,0.25,0.17104804515838623,0.3364245593547821,0.7100974917411804,-0.029505016282200813,0.40561190247535706
2,random_curve,1.22,0.5853995084762573,-0.02519429661333561,0.25,0.17289653420448303,0.3364245593547821,0.7516435980796814,-0.033775147050619125,0.3798549175262451
2,random_curve,1.24,0.599689781665802,-0.02984752133488655,0.25,0.17698825895786285,0.3364245593547821,0.7126990556716919,-0.03664997220039368,0.3601570427417755
2,random_curve,1.26,0.612718403339386,-0.03254866972565651,0.25,0.18097828328609467,0.3364245593547821,0.6165541410446167,-0.03774125128984451,0.39424505829811096
2,random_curve,1.28,0.6240448951721191,-0.03308761864900589,0.25,0.18421822786331177,0.3364245593547821,0.5297442078590393,-0.037125229835510254,0.46127307415008545
2,random_curve,1.3,0.6347330212593079,-0.03256219998002052,0.25,0.18867135047912598,0.3364245593547821,0.5351223349571228,-0.0350816585123539,0.5421090126037598
2,random_curve,1.32,0.6460341215133667,-0.03139181807637215,0.25,0.19315573573112488,0.3364245593547821,0.5641835331916809,-0.03231233358383179,0.5532747507095337
2,random_curve,1.34,0.6580767631530762,-0.029771357774734497,0.25,0.19560550153255463,0.3364245593547821,0.5947708487510681,-0.02935381978750229,0.5897916555404663
2,random_curve,1.36,0.6708008646965027,-0.02778785116970539,0.25,0.19567783176898956,0.3364245593547821,0.6153081059455872,-0.025325514376163483,0.5753006339073181
2,random_curve,1.3800000000000001,0.6844808459281921,-0.026587020605802536,0.25,0.19365613162517548,0.3364245593547821,0.698430597782135,-0.02191384695470333,0.5308154225349426
2,random_curve,1.4000000000000001,0.6984542608261108,-0.02635171078145504,0.25,0.18945975601673126,0.3364245593547821,0.6637709736824036,-0.019776470959186554,0.45308709144592285
2,random_curve,1.42,0.7115035653114319,-0.027464784681797028,0.25,0.1845291703939438,0.3364245593547821,0.6422176361083984,-0.018489159643650055,0.4510610103607178
2,random_curve,1.44,0.723870575428009,-0.03011193685233593,0.25,0.180929496884346,0.3364245593547821,0.6337211728096008,-0.018834684044122696,0.4666099548339844
2,random_curve,1.46,0.7365272045135498,-0.033870380371809006,0.25,0.1800539344549179,0.3364245593547821,0.6992502808570862,-0.0206061489880085,0.49061501026153564
2,random_curve,1.48,0.7506665587425232,-0.03903006389737129,0.25,0.18169733881950378,0.3364245593547821,0.7916159629821777,-0.02281036041676998,0.48055917024612427
2,random_curve,1.5,0.765963613986969,-0.04581621289253235,0.25,0.18547870218753815,0.3364245593547821,0.8389204740524292,-0.026374343782663345,0.4470204710960388
2,random_curve,1.52,0.7808820605278015,-0.0537974014878273,0.29319998621940613,0.19126646220684052,0.3364245593547821,0.7932018637657166,-0.03142265975475311,0.40231794118881226
2,random_curve,1.54,0.7963236570358276,-0.06139248237013817,0.29319998621940613,0.1985897570848465,0.3364245593547821,0.8593242168426514,-0.035440362989902496,0.40072566270828247
2,random_curve,1.56,0.8123533129692078,-0.06780558824539185,0.29319998621940613,0.20617443323135376,0.3364245593547821,0.8311824798583984,-0.038515664637088776,0.3703705072402954
2,random_curve,1.58,0.8277415037155151,-0.0729750245809555,0.29319998621940613,0.21281802654266357,0.3364245593547821,0.7968682050704956,-0.039895668625831604,0.43371036648750305
2,random_curve,1.6,0.843114972114563,-0.07729626446962357,0.29319998621940613,0.2177957147359848,0.3364245593547821,0.8023821115493774,-0.04045506939291954,0.48993051052093506
2,random_curve,1.62,0.8581228852272034,-0.08195178955793381,0.29319998621940613,0.2227672040462494,0.3364245593547821,0.7921926975250244,-0.04162304848432541,0.5224727392196655
2,random_curve,1.6400000000000001,0.8737968802452087,-0.08707529306411743,0.29319998621940613,0.22736819088459015,0.3364245593547821,0.8442723155021667,-0.04262226074934006,0.47346219420433044
2,random_curve,1.6600000000000001,0.8899319767951965,-0.09223415702581406,0.29319998621940613,0.22932696342468262,0.3364245593547821,0.8490621447563171,-0.04382966458797455,0.4617955684661865
2,random_curve,1.68,0.9065374732017517,-0.09697464108467102,0.29319998621940613,0.22756901383399963,0.3364245593547821,0.8746243119239807,-0.04396434128284454,0.4428948760032654
2,random_curve,1.7,0.9223795533180237,-0.10207826644182205,0.29319998621940613,0.22336724400520325,0.3364245593547821,0.8048704266548157,-0.04465280845761299,0.43771693110466003
2,random_curve,1.72,0.9372919797897339,-0.10707392543554306,0.29319998621940613,0.2196432203054428,0.3364245593547821,0.7675057649612427,-0.04562937468290329,0.41278666257858276
2,random_curve,1.74,0.951406717300415,-0.11218871176242828,0.29319998621940613,0.21740944683551788,0.3364245593547821,0.7405564188957214,-0.0465874969959259,0.4019838571548462
2,random_curve,1.76,0.9646257758140564,-0.117313914000988,0.29319998621940613,0.21702207624912262,0.3364245593547821,0.6873157620429993,-0.04780641570687294,0.36629921197891235
2,random_curve,1.78,0.977443277835846,-0.12242365628480911,0.29319998621940613,0.21843436360359192,0.3364245593547821,0.6937353610992432,-0.04922870546579361,0.3200439512729645
2,random_curve,1.8,0.990599513053894,-0.12800970673561096,0.29319998621940613,0.22165337204933167,0.3364245593547821,0.7246125936508179,-0.05073834955692291,0.29560694098472595
2,random_curve,1.82,1.0048943758010864,-0.13369378447532654,0.29319998621940613,0.22599485516548157,0.3364245593547821,0.7885345220565796,-0.052220478653907776,0.2947920560836792
2,random_curve,1.84,1.0207653045654297,-0.13917310535907745,0.29319998621940613,0.23293383419513702,0.3364245593547821,0.8735576868057251,-0.052665308117866516,0.3398021459579468
2,random_curve,1.86,1.0375163555145264,-0.14380194246768951,0.29319998621940613,0.24090883135795593,0.3364245593547821,0.8593740463256836,-0.05203406885266304,0.3778878450393677
2,random_curve,1.8800000000000001,1.0541208982467651,-0.14655587077140808,0.29319998621940613,0.24776840209960938,0.3364245593547821,0.8086352348327637,-0.049754031002521515,0.444181352853775
2,random_curve,1.9000000000000001,1.0703893899917603,-0.14785322546958923,0.29319998621940613,0.25275731086730957,0.3364245593547821,0.7811657190322876,-0.045957211405038834,0.4746508002281189
2,random_curve,1.92,1.0857735872268677,-0.1489293873310089,0.29319998621940613,0.2574540078639984,0.3364245593547821,0.7420632243156433,-0.0422234833240509,0.5273147225379944
2,random_curve,1.94,1.101405143737793,-0.14947089552879333,0.29319998621940613,0.26095157861709595,0.3364245593547821,0.7624972462654114,-0.03795158118009567,0.4915751516819
2,random_curve,1.96,1.1180340051651,-0.1499026119709015,0.29319998621940613,0.2603406310081482,0.3364245593547821,0.8116083741188049,-0.033115215599536896,0.4314044117927551
2,random_curve,1.98,1.134973406791687,-0.14994987845420837,0.29319998621940613,0.2556757926940918,0.3364245593547821,0.7971794605255127,-0.02789561077952385,0.3932501971721649
2,random_curve,2.0,1.151347041130066,-0.15046225488185883,0.29319998621940613,0.24761252105236053,0.3364245593547821,0.7674334049224854,-0.023143161088228226,0.39246007800102234
2,random_curve,2.02,1.1670072078704834,-0.15083910524845123,0.29319998621940613,0.23770059645175934,0.3364245593547821,0.7377323508262634,-0.018490547314286232,0.30782538652420044
2,random_curve,2.04,1.1818568706512451,-0.15155218541622162,0.29319998621940613,0.2261074334383011,0.3364245593547821,0.6997599005699158,-0.014454104006290436,0.29365697503089905
2,random_curve,2.06,1.1957957744598389,-0.15287837386131287,0.29319998621940613,0.21318060159683228,0.3364245593547821,0.6695699095726013,-0.011214947327971458,0.3098338544368744
2,random_curve,2.08,1.2085905075073242,-0.15482653677463531,0.29319998621940613,0.19987544417381287,0.3364245593547821,0.6146120429039001,-0.008933475241065025,0.31659191846847534
2,random_curve,2.1,1.2201714515686035,-0.15769806504249573,0.29319998621940613,0.1864679604768753,0.3364245593547821,0.5733157396316528,-0.007929611951112747,0.34027060866355896
2,random_curve,2.12,1.229806661605835,-0.16117267310619354,0.29319998621940613,0.1761743575334549,0.3364245593547821,0.45622339844703674,-0.008104986511170864,0.3935178816318512
2,random_curve,2.14,1.2361539602279663,-0.16354764997959137,0.29319998621940613,0.17164255678653717,0.3364245593547821,0.2657121419906616,-0.00830194354057312,0.41632547974586487
2,random_curve,2.16,1.2407821416854858,-0.16536979377269745,0.29319998621940613,0.16929571330547333,0.3364245593547821,0.22778241336345673,-0.00853111781179905,0.4766445755958557
2,random_curve,2.18,1.2448441982269287,-0.16642023622989655,0.29319998621940613,0.16761501133441925,0.3364245593547821,0.19497960805892944,-0.008212877437472343,0.5308662056922913
2,random_curve,2.2,1.2490450143814087,-0.16562552750110626,0.29319998621940613,0.16581767797470093,0.3364245593547821,0.1821971982717514,-0.0061036041006445885,0.583038866519928
2,random_curve,2.22,1.2538810968399048,-0.16365545988082886,0.29319998621940613,0.16368240118026733,0.3364245593547821,0.21029303967952728,-0.002676764503121376,0.6311092972755432
2,random_curve,2.24,1.260169267654419,-0.16203123331069946,0.29319998621940613,0.16178788244724274,0.3364245593547821,0.332046240568161,0.0008919150568544865,0.6602876782417297
2,random_curve,2.2600000000000002,1.2686361074447632,-0.16132210195064545,0.29319998621940613,0.1601105034351349,0.3364245593547821,0.4423525631427765,0.004317142069339752,0.6676750183105469
2,random_curve,2.2800000000000002,1.2791826725006104,-0.1605139672756195,0.29319998621940613,0.15830843150615692,0.3364245593547821,0.5199456214904785,0.008475786074995995,0.6548082828521729
2,random_curve,2.3000000000000003,1.2911889553070068,-0.1601126343011856,0.29319998621940613,0.15668073296546936,0.3364245593547821,0.5876534581184387,0.012718942947685719,0.6362372636795044
2,random_curve,2.32,1.304910659790039,-0.16141538321971893,0.29319998621940613,0.15496724843978882,0.3364245593547821,0.7093921899795532,0.015900596976280212,0.5906684994697571
2,random_curve,2.34,1.3191465139389038,-0.1634787619113922,0.29319998621940613,0.15244527161121368,0.3364245593547821,0.6925081610679626,0.01855233497917652,0.5459190011024475
2,random_curve,2.36,1.3319298028945923,-0.16660316288471222,0.29319998621940613,0.14960436522960663,0.3364245593547821,0.6276649832725525,0.019661840051412582,0.5494217276573181
2,random_curve,2.38,1.3432490825653076,-0.17142131924629211,0.29319998621940613,0.1470007300376892,0.3364245593547821,0.5647828578948975,0.0186995267868042,0.5379652380943298
2,random_curve,2.4,1.3536113500595093,-0.17678222060203552,0.29319998621940613,0.14773939549922943,0.3364245593547821,0.6077053546905518,0.01698678359389305,0.5017886161804199
2,random_curve,2.42,1.3644893169403076,-0.1839228719472885,0.29319998621940613,0.15073391795158386,0.3364245593547821,0.6646358966827393,0.013612404465675354,0.49552640318870544
2,random_curve,2.44,1.376311182975769,-0.19260112941265106,0.29319998621940613,0.15499727427959442,0.3364245593547821,0.7285062074661255,0.009073411114513874,0.4837443232536316
2,random_curve,2.46,1.3889660835266113,-0.20193462073802948,0.29319998621940613,0.15986177325248718,0.3364245593547821,0.7689175605773926,0.004272512160241604,0.4720468819141388
2,random_curve,2.48,1.402515172958374,-0.21121305227279663,0.29319998621940613,0.1645990014076233,0.3364245593547821,0.778144359588623,-0.000416222435887903,0.46554309129714966
2,random_curve,2.5,1.4159852266311646,-0.2195870727300644,0.29319998621940613,0.1679689735174179,0.3364245593547821,0.7533292770385742,-0.00426808325573802,0.42667824029922485
2,random_curve,2.52,1.4286739826202393,-0.22699816524982452,0.29319998621940613,0.17107608914375305,0.3364245593547821,0.7065262794494629,-0.007349035236984491,0.4572960138320923
2,random_curve,2.54,1.4418103694915771,-0.2331537902355194,0.29319998621940613,0.17383946478366852,0.3364245593547821,0.7165614366531372,-0.00933133251965046,0.48445501923561096
2,random_curve,2.56,1.455372929573059,-0.23875808715820312,0.29319998621940613,0.17672578990459442,0.3364245593547821,0.7583349347114563,-0.010660706087946892,0.5536293983459473
2,random_curve,2.58,1.47018563747406,-0.24420048296451569,0.29319998621940613,0.17973937094211578,0.3364245593547821,0.8175188899040222,-0.01138431765139103,0.5296489596366882
2,random_curve,2.6,1.4859122037887573,-0.24896438419818878,0.29319998621940613,0.18097804486751556,0.3364245593547821,0.8247434496879578,-0.011463875882327557,0.5207317471504211
2,random_curve,2.62,1.5013890266418457,-0.2527269124984741,0.29319998621940613,0.1798013597726822,0.3364245593547821,0.7833306193351746,-0.010428077541291714,0.5193754434585571
2,random_curve,2.64,1.5163514614105225,-0.2568654716014862,0.29319998621940613,0.17663463950157166,0.3364245593547821,0.7389703989028931,-0.010342027992010117,0.4828920364379883
2,random_curve,2.66,1.5282261371612549,-0.2615988254547119,0.29319998621940613,0.17329487204551697,0.3364245593547821,0.5633619427680969,-0.011667999438941479,0.46680328249931335
2,random_curve,2.68,1.5367745161056519,-0.2667120695114136,0.29319998621940613,0.17040616273880005,0.3364245593547821,0.4107794761657715,-0.013942474499344826,0.43129047751426697
2,random_curve,2.7,1.5420315265655518,-0.272465318441391,0.29319998621940613,0.1683700978755951,0.3364245593547821,0.26072463393211365,-0.018154248595237732,0.4398405849933624
2,random_curve,2.72,1.545054316520691,-0.2787303626537323,0.29319998621940613,0.1674361228942871,0.3364245593547821,0.2072189748287201,-0.023433949798345566,0.44221481680870056
2,random_curve,2.74,1.5473718643188477,-0.2847864329814911,0.29319998621940613,0.16747228801250458,0.3364245593547821,0.1782088279724121,-0.02869262918829918,0.43148207664489746
2,random_curve,2.7600000000000002,1.5497921705245972,-0.2900473177433014,0.29319998621940613,0.1682719886302948,0.3364245593547821,0.1923815757036209,-0.0331563763320446,0.4296094477176666
2,random_curve,2.7800000000000002,1.5524325370788574,-0.2946779131889343,0.29319998621940613,0.1699875295162201,0.3364245593547821,0.18280106782913208,-0.03695446997880936,0.403738409280777
2,random_curve,2.8000000000000003,1.555861234664917,-0.29891690611839294,0.29319998621940613,0.1717209368944168,0.3364245593547821,0.24556203186511993,-0.040171798318624496,0.38474106788635254
2,random_curve,2.82,1.5605554580688477,-0.30305784940719604,0.29319998621940613,0.17210645973682404,0.3364245593547821,0.29628443717956543,-0.04296964779496193,0.35027626156806946
2,random_curve,2.84,1.5654617547988892,-0.3067532181739807,0.29319998621940613,0.17111016809940338,0.3364245593547821,0.2648220956325531,-0.04528242349624634,0.32621100544929504
2,random_curve,2.86,1.5699113607406616,-0.3096641004085541,0.1704999953508377,0.1687171459197998,0.3364245593547821,0.23079021275043488,-0.046613454818725586,0.3278373181819916
2,random_curve,2.88,1.5739736557006836,-0.3109420835971832,0.1704999953508377,0.1666528880596161,0.3364245593547821,0.21252715587615967,-0.04688224568963051,0.33840319514274597
2,random_curve,2.9,1.5779612064361572,-0.311177134513855,0.1704999953508377,0.16487397253513336,0.3364245593547821,0.1804332286119461,-0.04615629091858864,0.3607318103313446
2,random_curve,2.92,1.5821532011032104,-0.3096626400947571,0.1704999953508377,0.16347293555736542,0.3364245593547821,0.1834734082221985,-0.04368269443511963,0.38739627599716187
2,random_curve,2.94,1.5861120223999023,-0.30713874101638794,0.1704999953508377,0.16239924728870392,0.3364245593547821,0.1449359804391861,-0.04028481990098953,0.41591280698776245
2,random_curve,2.96,1.5900976657867432,-0.30518874526023865,0.1704999953508377,0.161791130900383,0.3364245593547821,0.18459339439868927,-0.03743775188922882,0.42399001121520996
2,random_curve,2.98,1.5941648483276367,-0.30367565155029297,0.1704999953508377,0.16169822216033936,0.3364245593547821,0.1808798611164093,-0.03499537706375122,0.4165157079696655
2,random_curve,3.0,1.5978938341140747,-0.3029140532016754,0.1704999953508377,0.16115818917751312,0.3364245593547821,0.16486915946006775,-0.03336360305547714,0.4062473177909851
2,random_curve,3.02,1.60109281539917,-0.3033241927623749,0.1704999953508377,0.15942412614822388,0.3364245593547821,0.1517905443906784,-0.032996341586112976,0.372029185295105
2,random_curve,3.04,1.6039247512817383,-0.30430760979652405,0.1704999953508377,0.158108651638031,0.3364245593547821,0.14262214303016663,-0.03327353671193123,0.364999383687973
2,random_curve,3.06,1.6064506769180298,-0.3050408661365509,0.1704999953508377,0.15778788924217224,0.3364245593547821,0.12918183207511902,-0.03338106721639633,0.4013661742210388
2,random_curve,3.08,1.6095740795135498,-0.30569028854370117,0.1704999953508377,0.15704862773418427,0.3364245593547821,0.18092358112335205,-0.033264223486185074,0.4411349892616272
2,random_curve,3.1,1.6133627891540527,-0.30593636631965637,0.1704999953508377,0.15500721335411072,0.3364245593547821,0.18713518977165222,-0.03220774233341217,0.47468677163124084
2,random_curve,3.12,1.6175622940063477,-0.30592650175094604,0.1704999953508377,0.15204645693302155,0.3364245593547821,0.22225749492645264,-0.03127380460500717,0.5070532560348511
2,random_curve,3.14,1.622310757637024,-0.3057928681373596,0.1704999953508377,0.1483009308576584,0.3364245593547821,0.24806535243988037,-0.030098306015133858,0.5098922252655029
2,random_curve,3.16,1.6280676126480103,-0.3050333559513092,0.1704999953508377,0.14414192736148834,0.3364245593547821,0.3036744296550751,-0.028090331703424454,0.5271174907684326
2,random_curve,3.18,1.6356210708618164,-0.30354657769203186,0.1704999953508377,0.13979940116405487,0.3364245593547821,0.39921024441719055,-0.024977486580610275,0.5594738721847534
2,random_curve,3.2,1.6451599597930908,-0.30252018570899963,0.1704999953508377,0.1359575241804123,0.3364245593547821,0.5092326998710632,-0.0218767449259758,0.5836181044578552
2,random_curve,3.22,1.6569311618804932,-0.30230221152305603,0.1704999953508377,0.13299548625946045,0.3364245593547821,0.6313970685005188,-0.018653446808457375,0.5629589557647705
2,random_curve,3.24,1.6693406105041504,-0.30192166566848755,0.1704999953508377,0.13297052681446075,0.3364245593547821,0.5872670412063599,-0.015809761360287666,0.5496090650558472
2,random_curve,3.2600000000000002,1.6811869144439697,-0.3020973205566406,0.1704999953508377,0.13472940027713776,0.3364245593547821,0.5549201965332031,-0.013623264618217945,0.49563515186309814
2,random_curve,3.2800000000000002,1.692180871963501,-0.3025156557559967,0.1704999953508377,0.13865546882152557,0.3364245593547821,0.5403642058372498,-0.011844294145703316,0.4968011677265167
2,random_curve,3.3000000000000003,1.7027623653411865,-0.30382049083709717,0.1704999953508377,0.1443699151277542,0.3364245593547821,0.5331869125366211,-0.010658569633960724,0.4628208875656128
2,random_curve,3.3200000000000003,1.7131298780441284,-0.30647650361061096,0.1704999953508377,0.15111581981182098,0.3364245593547821,0.5449277758598328,-0.011444014497101307,0.4482668340206146
2,random_curve,3.34,1.7231889963150024,-0.31039440631866455,0.1704999953508377,0.15803419053554535,0.3364245593547821,0.5323387980461121,-0.01352596189826727,0.43624114990234375
2,random_curve,3.36,1.7338671684265137,-0.31525078415870667,0.1704999953508377,0.16557587683200836,0.3364245593547821,0.6032440662384033,-0.016422461718320847,0.4379866123199463
2,random_curve,3.38,1.7455179691314697,-0.3208514451980591,0.1704999953508377,0.1718461662530899,0.3364245593547821,0.6069543361663818,-0.019599858671426773,0.43013259768486023
2,random_curve,3.4,1.7561895847320557,-0.32561492919921875,0.1704999953508377,0.1758904755115509,0.3364245593547821,0.5420129895210266,-0.022684136405587196,0.428412526845932
2,random_curve,3.42,1.7659924030303955,-0.32889243960380554,0.1704999953508377,0.17855513095855713,0.3364245593547821,0.49496161937713623,-0.02443193458020687,0.4267300069332123
2,random_curve,3.44,1.7756478786468506,-0.3308139443397522,0.1704999953508377,0.18075793981552124,0.3364245593547821,0.5096269249916077,-0.024861935526132584,0.49416324496269226
2,random_curve,3.46,1.7860474586486816,-0.33178576827049255,0.1704999953508377,0.18292813003063202,0.3364245593547821,0.5457445979118347,-0.02396310493350029,0.5500777363777161
2,random_curve,3.48,1.7973308563232422,-0.3318880796432495,0.1704999953508377,0.18474045395851135,0.3364245593547821,0.5804963707923889,-0.022637058049440384,0.5991955399513245
2,random_curve,3.5,1.809751033782959,-0.33175551891326904,0.1704999953508377,0.18614374101161957,0.3364245593547821,0.637883722782135,-0.020934205502271652,0.5672962665557861
2,random_curve,3.52,1.8233568668365479,-0.3321703374385834,0.1704999953508377,0.18678529560565948,0.3364245593547821,0.699971079826355,-0.019231822341680527,0.5130119919776917
2,random_curve,3.54,1.8374366760253906,-0.33303526043891907,0.1704999953508377,0.18488673865795135,0.3364245593547821,0.6989778876304626,-0.018688786774873734,0.44831612706184387
2,random_curve,3.56,1.850838303565979,-0.3344872295856476,0.1704999953508377,0.1798407882452011,0.3364245593547821,0.6401468515396118,-0.018797485157847404,0.39454537630081177
2,random_curve,3.58,1.8627614974975586,-0.3367551565170288,0.1704999953508377,0.1739800125360489,0.3364245593547821,0.5766790509223938,-0.019430262967944145,0.34823212027549744
2,random_curve,3.6,1.8737411499023438,-0.33964672684669495,0.1704999953508377,0.16892071068286896,0.3364245593547821,0.5588026642799377,-0.021524738520383835,0.3508532643318176
2,random_curve,3.62,1.8848363161087036,-0.34333422780036926,0.1704999953508377,0.1647060662508011,0.3364245593547821,0.5860022902488708,-0.024404777213931084,0.3820982575416565
2,random_curve,3.64,1.8967419862747192,-0.3478025496006012,0.1704999953508377,0.16067726910114288,0.3364245593547821,0.6383530497550964,-0.02800532430410385,0.37907522916793823
2,random_curve,3.66,1.908147931098938,-0.351550817489624,0.1704999953508377,0.15855197608470917,0.3364245593547821,0.5359891653060913,-0.030635667964816093,0.3653862476348877
2,random_curve,3.68,1.9186029434204102,-0.35406729578971863,0.1704999953508377,0.15886789560317993,0.3364245593547821,0.5355168581008911,-0.032695669680833817,0.37500831484794617
2,random_curve,3.7,1.9294497966766357,-0.3560566008090973,0.1704999953508377,0.1599523425102234,0.3364245593547821,0.5519140362739563,-0.03421197459101677,0.4452579915523529
2,random_curve,3.72,1.940056562423706,-0.3581586182117462,0.1704999953508377,0.16066843271255493,0.3364245593547821,0.5085750818252563,-0.03530417010188103,0.4861520826816559
2,random_curve,3.74,1.9495364427566528,-0.3605455160140991,0.1704999953508377,0.1599704474210739,0.3364245593547821,0.4516926407814026,-0.037553101778030396,0.49989381432533264
2,random_curve,3.7600000000000002,1.9584858417510986,-0.3623378872871399,0.1704999953508377,0.1575966328382492,0.3364245593547821,0.44679704308509827,-0.03921527415513992,0.4813479483127594
2,random_curve,3.7800000000000002,1.967329502105713,-0.3638056218624115,0.1704999953508377,0.15436995029449463,0.3364245593547821,0.4550739824771881,-0.04055438190698624,0.48767051100730896
2,random_curve,3.8000000000000003,1.9770355224609375,-0.3653000295162201,0.1704999953508377,0.15084396302700043,0.3364245593547821,0.5168308019638062,-0.04190763086080551,0.5143511891365051
2,random_curve,3.8200000000000003,1.9875320196151733,-0.3660457730293274,0.1704999953508377,0.1474839597940445,0.3364245593547821,0.5330443382263184,-0.042138565331697464,0.515740692615509
2,random_curve,3.84,1.9988428354263306,-0.36630478501319885,0.1704999953508377,0.14471594989299774,0.3364245593547821,0.6003051996231079,-0.04256186634302139,0.520494282245636
2,random_curve,3.86,2.0114338397979736,-0.3661107122898102,0.1704999953508377,0.1427885890007019,0.3364245593547821,0.6486267447471619,-0.04255072399973869,0.4973367154598236
2,random_curve,3.88,2.0241360664367676,-0.3653636574745178,0.1704999953508377,0.1419515311717987,0.3364245593547821,0.6127251386642456,-0.04149430990219116,0.49586397409439087
2,random_curve,3.9,2.035621166229248,-0.36438703536987305,0.1704999953508377,0.14202412962913513,0.3364245593547821,0.5315224528312683,-0.041017450392246246,0.5206035375595093
2,random_curve,3.92,2.046170234680176,-0.3640595078468323,0.1704999953508377,0.14239515364170074,0.3364245593547821,0.5201820135116577,-0.04114841669797897,0.5069137215614319
2,random_curve,3.94,2.056269884109497,-0.3646756410598755,0.1704999953508377,0.1428750455379486,0.3364245593547821,0.4831637144088745,-0.04220263659954071,0.4731042683124542
2,random_curve,3.96,2.065272569656372,-0.36609312891960144,0.1704999953508377,0.1434209644794464,0.3364245593547821,0.40938135981559753,-0.04351681470870972,0.4521743953227997
2,random_curve,3.98,2.072977304458618,-0.36819154024124146,0.1704999953508377,0.1437935084104538,0.3364245593547821,0.34928634762763977,-0.046163879334926605,0.4468224346637726
2,random_curve,4.0,2.080174207687378,-0.3709512948989868,0.1704999953508377,0.14357101917266846,0.3364245593547821,0.342104971408844,-0.049434054642915726,0.4236827492713928
2,random_curve,4.0200000000000005,2.086806297302246,-0.3736400306224823,0.1704999953508377,0.14290952682495117,0.3364245593547821,0.2829112112522125,-0.05259277671575546,0.3938884735107422
2,random_curve,4.04,2.0919570922851562,-0.3747996687889099,0.1704999953508377,0.14377310872077942,0.3364245593547821,0.23280538618564606,-0.05411983281373978,0.3923582434654236
2,random_curve,4.0600000000000005,2.096177339553833,-0.375200480222702,0.1704999953508377,0.14515180885791779,0.3364245593547821,0.19399364292621613,-0.05482310801744461,0.41454949975013733
2,random_curve,4.08,2.1000514030456543,-0.3751666843891144,0.1704999953508377,0.14745469391345978,0.3364245593547821,0.19606702029705048,-0.0550680048763752,0.42013874650001526
2,random_curve,4.1,2.103832244873047,-0.3748082220554352,0.1704999953508377,0.15064622461795807,0.3364245593547821,0.18635372817516327,-0.054982367902994156,0.39373037219047546
2,random_curve,4.12,2.1073415279388428,-0.3740467429161072,0.1704999953508377,0.1536758542060852,0.3364245593547821,0.17073071002960205,-0.053990740329027176,0.3882165551185608
2,random_curve,4.14,2.1103506088256836,-0.3726840913295746,0.1704999953508377,0.15622687339782715,0.3364245593547821,0.1490703970193863,-0.05293486267328262,0.39398354291915894
2,random_curve,4.16,2.1131584644317627,-0.3705970346927643,0.1704999953508377,0.15847331285476685,0.3364245593547821,0.1536831110715866,-0.05113812908530235,0.4130755066871643
2,random_curve,4.18,2.116318941116333,-0.3683408498764038,0.1704999953508377,0.15930871665477753,0.3364245593547821,0.17306934297084808,-0.04920826107263565,0.42682260274887085
2,random_curve,4.2,2.1195170879364014,-0.366332471370697,0.1704999953508377,0.1579987108707428,0.3364245593547821,0.16608361899852753,-0.047528721392154694,0.4298250377178192
2,random_curve,4.22,2.122276782989502,-0.3630431890487671,0.1704999953508377,0.15601666271686554,0.3364245593547821,0.157693549990654,-0.044530950486660004,0.43896788358688354
2,random_curve,4.24,2.125211477279663,-0.35883525013923645,0.1704999953508377,0.15450166165828705,0.3364245593547821,0.20323874056339264,-0.040636543184518814,0.532402515411377
2,random_curve,4.26,2.1296331882476807,-0.3537132143974304,0.1704999953508377,0.15402694046497345,0.3364245593547821,0.29842373728752136,-0.035980843007564545,0.5610679984092712
2,random_curve,4.28,2.136632204055786,-0.3478058874607086,0.1704999953508377,0.1539427638053894,0.3364245593547821,0.4384750425815582,-0.030800698325037956,0.6115679740905762
2,random_curve,4.3,2.145711660385132,-0.34212660789489746,0.1704999953508377,0.15407828986644745,0.3364245593547821,0.5286935567855835,-0.025587281212210655,0.5977736115455627
2,random_curve,4.32,2.1570403575897217,-0.3366834223270416,0.1704999953508377,0.15347044169902802,0.3364245593547821,0.6317741274833679,-0.02162110060453415,0.5361251831054688
2,random_curve,4.34,2.1683192253112793,-0.3312443196773529,0.1704999953508377,0.15035298466682434,0.3364245593547821,0.5548588037490845,-0.017652668058872223,0.4600656032562256
2,random_curve,4.36,2.1774659156799316,-0.3268716633319855,0.1704999953508377,0.14700138568878174,0.3364245593547821,0.4175666272640228,-0.014472355134785175,0.43023568391799927
2,random_curve,4.38,2.184234857559204,-0.32406100630760193,0.1704999953508377,0.14534664154052734,0.3364245593547821,0.3129315674304962,-0.012083599343895912,0.3916994035243988
2,random_curve,4.4,2.1900250911712646,-0.32273173332214355,0.1704999953508377,0.1458149552345276,0.3364245593547821,0.2991441786289215,-0.011650819331407547,0.4608158469200134
2,random_curve,4.42,2.196462392807007,-0.3222506642341614,0.1704999953508377,0.14821696281433105,0.3364245593547821,0.33262899518013,-0.012154820375144482,0.49449700117111206
2,random_curve,4.44,2.203361988067627,-0.32212191820144653,0.1704999953508377,0.15215414762496948,0.3364245593547821,0.3555234372615814,-0.013077383860945702,0.5102900862693787
2,random_curve,4.46,2.2107176780700684,-0.322359561920166,0.1704999953508377,0.15687911212444305,0.3364245593547821,0.3711760342121124,-0.014431467279791832,0.5254237651824951
2,random_curve,4.48,2.218982458114624,-0.32333964109420776,0.1704999953508377,0.1606561839580536,0.3364245593547821,0.3960774540901184,-0.016657665371894836,0.502567708492279
2,random_curve,4.5,2.2264533042907715,-0.3242007791996002,0.1704999953508377,0.16194523870944977,0.3364245593547821,0.3382781744003296,-0.01823234371840954,0.4720052182674408
2,random_curve,4.5200000000000005,2.2329444885253906,-0.3244565427303314,0.1704999953508377,0.162006676197052,0.3364245593547821,0.31263813376426697,-0.019629187881946564,0.48822021484375
2,random_curve,4.54,2.2393321990966797,-0.3239859342575073,0.1704999953508377,0.1618916541337967,0.3364245593547821,0.3377423584461212,-0.020292799919843674,0.5508229732513428
2,random_curve,4.5600000000000005,2.246638298034668,-0.3227643072605133,0.1704999953508377,0.16222573816776276,0.3364245593547821,0.404772013425827,-0.02037918008863926,0.5814669132232666
2,random_curve,4.58,2.2552788257598877,-0.3205069303512573,0.1704999953508377,0.16317346692085266,0.3364245593547821,0.48884207010269165,-0.019681455567479134,0.5794538259506226
2,random_curve,4.6000000000000005,2.265608549118042,-0.31713467836380005,0.1704999953508377,0.16422632336616516,0.3364245593547821,0.5747437477111816,-0.01776636205613613,0.5640947818756104
2,random_curve,4.62,2.2768986225128174,-0.3126189708709717,0.1704999953508377,0.16497169435024261,0.3364245593547821,0.6140697002410889,-0.015588953159749508,0.5417554974555969
2,random_curve,4.64,2.2898776531219482,-0.30820587277412415,0.1704999953508377,0.16470769047737122,0.3364245593547821,0.7152419090270996,-0.013848376460373402,0.49476727843284607
2,random_curve,4.66,2.303745985031128,-0.3041214048862457,0.1704999953508377,0.1636682152748108,0.3364245593547821,0.711845874786377,-0.012192833237349987,0.44799119234085083
2,random_curve,4.68,2.3169217109680176,-0.3006247878074646,0.1704999953508377,0.16217270493507385,0.3364245593547821,0.6534992456436157,-0.011681958101689816,0.43497434258461
2,random_curve,4.7,2.329763889312744,-0.29829248785972595,0.1704999953508377,0.16061794757843018,0.3364245593547821,0.6543338894844055,-0.0122334323823452,0.40996527671813965
2,random_curve,4.72,2.3429105281829834,-0.2968425452709198,0.1704999953508377,0.15972477197647095,0.3364245593547821,0.6705283522605896,-0.01371263898909092,0.39572760462760925
2,random_curve,4.74,2.3567283153533936,-0.2962876260280609,0.20999999344348907,0.15942001342773438,0.3364245593547821,0.6915429830551147,-0.016071245074272156,0.36957260966300964
2,random_curve,4.76,2.371030569076538,-0.29666247963905334,0.20999999344348907,0.15889137983322144,0.3364245593547821,0.6956626772880554,-0.01985759288072586,0.37161293625831604
2,random_curve,4.78,2.3858251571655273,-0.297179251909256,0.20999999344348907,0.15877565741539001,0.3364245593547821,0.7009686827659607,-0.0235300175845623,0.41520339250564575
2,random_curve,4.8,2.400604248046875,-0.29698264598846436,0.20999999344348907,0.16057413816452026,0.3364245593547821,0.7251510620117188,-0.027132056653499603,0.4164033830165863
2,random_curve,4.82,2.4153552055358887,-0.2968026399612427,0.20999999344348907,0.16232463717460632,0.3364245593547821,0.6969211101531982,-0.03074292093515396,0.4427792727947235
2,random_curve,4.84,2.4291110038757324,-0.2962564527988434,0.20999999344348907,0.16338498890399933,0.3364245593547821,0.6402279734611511,-0.033418525010347366,0.465594619512558
2,random_curve,4.86,2.442079782485962,-0.2953207194805145,0.20999999344348907,0.16301660239696503,0.3364245593547821,0.6291173100471497,-0.03604460135102272,0.4649885296821594
2,random_curve,4.88,2.4541361331939697,-0.2934788465499878,0.20999999344348907,0.16127809882164001,0.3364245593547821,0.5914327502250671,-0.03755056858062744,0.4518100917339325
2,random_curve,4.9,2.4654130935668945,-0.29060232639312744,0.20999999344348907,0.1590263992547989,0.3364245593547821,0.5807563662528992,-0.03784893825650215,0.48390889167785645
2,random_curve,4.92,2.4765264987945557,-0.2867726683616638,0.20999999344348907,0.15685917437076569,0.3364245593547821,0.5951077938079834,-0.03698582202196121,0.5032219290733337
2,random_curve,4.94,2.4881443977355957,-0.28270432353019714,0.20999999344348907,0.15532222390174866,0.3364245593547821,0.6419637203216553,-0.03640081733465195,0.5389956831932068
2,random_curve,4.96,2.5008742809295654,-0.27816325426101685,0.20999999344348907,0.1540510505437851,0.3364245593547821,0.7063710689544678,-0.035679951310157776,0.5236142873764038
2,random_curve,4.98,2.5145270824432373,-0.27301689982414246,0.20999999344348907,0.15264050662517548,0.3364245593547821,0.7388048768043518,-0.03445003181695938,0.5080574154853821
2,random_curve,5.0,2.5272045135498047,-0.2678660750389099,0.20999999344348907,0.15137407183647156,0.3364245593547821,0.6283795237541199,-0.03329120948910713,0.5267524123191833
2,random_curve,5.0200000000000005,2.538789749145508,-0.2642074227333069,0.20999999344348907,0.15073765814304352,0.3364245593547821,0.5901888012886047,-0.03323345631361008,0.503858208656311
2,random_curve,5.04,2.5498101711273193,-0.2628338932991028,0.20999999344348907,0.15082766115665436,0.3364245593547821,0.5040463209152222,-0.035190463066101074,0.4563148319721222
2,random_curve,5.0600000000000005,2.559039831161499,-0.26395219564437866,0.20999999344348907,0.15162280201911926,0.3364245593547821,0.3523973524570465,-0.03886612132191658,0.42847442626953125
2,random_curve,5.08,2.5661163330078125,-0.26699379086494446,0.20999999344348907,0.15313224494457245,0.3364245593547821,0.23971152305603027,-0.04392670840024948,0.4199536442756653
2,random_curve,5.1000000000000005,2.572057008743286,-0.27099913358688354,0.20999999344348907,0.15466998517513275,0.3364245593547821,0.2060169279575348,-0.04955736920237541,0.4021425247192383
2,random_curve,5.12,2.5775270462036133,-0.27509039640426636,0.20999999344348907,0.15562741458415985,0.3364245593547821,0.18711531162261963,-0.05512585863471031,0.37418121099472046
2,random_curve,5.14,2.582329273223877,-0.27902138233184814,0.20999999344348907,0.15621417760849,0.3364245593547821,0.15238256752490997,-0.06033746153116226,0.36260494589805603
2,random_curve,5.16,2.586423873901367,-0.2824219763278961,0.20999999344348907,0.1564134955406189,0.3364245593547821,0.13517843186855316,-0.06482762843370438,0.36134061217308044
2,random_curve,5.18,2.5906689167022705,-0.28458306193351746,0.20999999344348907,0.1561657339334488,0.3364245593547821,0.1854701042175293,-0.06818372756242752,0.36241769790649414
2,random_curve,5.2,2.595254421234131,-0.28590595722198486,0.20999999344348907,0.15551303327083588,0.3364245593547821,0.2051023691892624,-0.07084597647190094,0.3547610640525818
2,random_curve,5.22,2.5992724895477295,-0.2866487503051758,0.20999999344348907,0.15451017022132874,0.3364245593547821,0.1601695716381073,-0.07278234511613846,0.3463730216026306
2,random_curve,5.24,2.6018152236938477,-0.28606754541397095,0.20999999344348907,0.1540299355983734,0.3364245593547821,0.10605433583259583,-0.07300686836242676,0.3616178333759308
2,random_curve,5.26,2.60331392288208,-0.28421351313591003,0.20999999344348907,0.1542186737060547,0.3364245593547821,0.09794744104146957,-0.07154819369316101,0.36954084038734436
2,random_curve,5.28,2.6042561531066895,-0.281773179769516,0.20999999344348907,0.15471726655960083,0.3364245593547821,0.07604920864105225,-0.06952574849128723,0.39941608905792236
2,random_curve,5.3,2.605057716369629,-0.2794399857521057,0.20999999344348907,0.15523871779441833,0.3364245593547821,0.07715153694152832,-0.06756100058555603,0.40957871079444885
2,random_curve,5.32,2.60589861869812,-0.2772980332374573,0.20999999344348907,0.15544356405735016,0.3364245593547821,0.06682220101356506,-0.06579019129276276,0.39316460490226746
2,random_curve,5.34,2.606342077255249,-0.2751401364803314,0.20999999344348907,0.15545053780078888,0.3364245593547821,0.05090317502617836,-0.06387975811958313,0.402071088552475
2,random_curve,5.36,2.6070573329925537,-0.2730353772640228,0.20999999344348907,0.15509167313575745,0.3364245593547821,0.07826580107212067,-0.06210491433739662,0.42573025822639465
2,random_curve,5.38,2.6082305908203125,-0.27078554034233093,0.20999999344348907,0.15429995954036713,0.3364245593547821,0.10048500448465347,-0.06033574417233467,0.43782371282577515
2,random_curve,5.4,2.609459400177002,-0.2682724595069885,0.20999999344348907,0.15219680964946747,0.3364245593547821,0.08901119232177734,-0.05833397060632706,0.4582021236419678
2,random_curve,5.42,2.6110916137695312,-0.2659018635749817,0.20999999344348907,0.14916686713695526,0.3364245593547821,0.14181390404701233,-0.05659386143088341,0.4577542841434479
2,random_curve,5.44,2.613816261291504,-0.2635394036769867,0.20999999344348907,0.1458013504743576,0.3364245593547821,0.194054514169693,-0.0552036315202713,0.46294108033180237
2,random_curve,5.46,2.6171441078186035,-0.26028454303741455,0.20999999344348907,0.14277124404907227,0.3364245593547821,0.22978417575359344,-0.05315482243895531,0.4924609065055847
2,random_curve,5.48,2.621562957763672,-0.25603190064430237,0.20999999344348907,0.14054188132286072,0.3364245593547821,0.3252665400505066,-0.050500139594078064,0.553687572479248
2,random_curve,5.5,2.6277711391448975,-0.2512155771255493,0.20999999344348907,0.13947010040283203,0.3364245593547821,0.41832810640335083,-0.04787055775523186,0.5668941140174866
2,random_curve,5.5200000000000005,2.635927438735962,-0.2459997534751892,0.20999999344348907,0.13951493799686432,0.3364245593547821,0.5091972947120667,-0.04536377266049385,0.5680438280105591
2,random_curve,5.54,2.645657539367676,-0.2405921220779419,0.20999999344348907,0.140410915017128,0.3364245593547821,0.5713603496551514,-0.04333655163645744,0.5389997959136963
2,random_curve,5.5600000000000005,2.6563615798950195,-0.2352938950061798,0.20999999344348907,0.14184458553791046,0.3364245593547821,0.5984717607498169,-0.04172322154045105,0.5132995843887329
2,random_curve,5.58,2.6681132316589355,-0.23050494492053986,0.20999999344348907,0.14334605634212494,0.3364245593547821,0.6426125168800354,-0.040926288813352585,0.4744689464569092
2,random_curve,5.6000000000000005,2.679154872894287,-0.2264774739742279,0.20999999344348907,0.14568597078323364,0.3364245593547821,0.5588926076889038,-0.040574412792921066,0.43594348430633545
2,random_curve,5.62,2.6893203258514404,-0.2236943244934082,0.20999999344348907,0.14828604459762573,0.3364245593547821,0.5085914731025696,-0.04121014103293419,0.3957453966140747
2,random_curve,5.64,2.698965311050415,-0.22217097878456116,0.20999999344348907,0.150467187166214,0.3364245593547821,0.4623885154724121,-0.04287120699882507,0.38942307233810425
2,random_curve,5.66,2.7086737155914307,-0.22137552499771118,0.20999999344348907,0.15353713929653168,0.3364245593547821,0.49942001700401306,-0.045241862535476685,0.4396103024482727
2,random_curve,5.68,2.7196388244628906,-0.22119450569152832,0.20999999344348907,0.15756884217262268,0.3364245593547821,0.538261890411377,-0.048575177788734436,0.4629669785499573
2,random_curve,5.7,2.7304954528808594,-0.22133789956569672,0.20999999344348907,0.161005437374115,0.3364245593547821,0.4777899980545044,-0.05221838504076004,0.46843209862709045
2,random_curve,5.72,2.7397453784942627,-0.22138985991477966,0.20999999344348907,0.16290278732776642,0.3364245593547821,0.40903887152671814,-0.05525597557425499,0.4173200726509094
2,random_curve,5.74,2.7478277683258057,-0.22057273983955383,0.20999999344348907,0.16350702941417694,0.3364245593547821,0.4008743166923523,-0.05709388852119446,0.44326072931289673
2,random_curve,5.76,2.7562451362609863,-0.21864905953407288,0.20999999344348907,0.16387556493282318,0.3364245593547821,0.4651074707508087,-0.057992804795503616,0.5182172656059265
2,random_curve,5.78,2.765895366668701,-0.21609929203987122,0.20999999344348907,0.16401131451129913,0.3364245593547821,0.5269443988800049,-0.058706723153591156,0.5596760511398315
2,random_curve,5.8,2.7767512798309326,-0.21280163526535034,0.20999999344348907,0.16408982872962952,0.3364245593547821,0.5955315828323364,-0.05908561125397682,0.5551360249519348
2,random_curve,5.82,2.788745164871216,-0.2093392312526703,0.20999999344348907,0.1644715815782547,0.3364245593547821,0.6601181626319885,-0.05967548117041588,0.5225077867507935
2,random_curve,5.84,2.8019745349884033,-0.20561501383781433,0.20999999344348907,0.16442793607711792,0.3364245593547821,0.711112380027771,-0.06046535447239876,0.4729885756969452
2,random_curve,5.86,2.815307140350342,-0.20135433971881866,0.20999999344348907,0.1633983552455902,0.3364245593547821,0.6723807454109192,-0.060693662613630295,0.4700585603713989
2,random_curve,5.88,2.8268892765045166,-0.19725778698921204,0.20999999344348907,0.16250485181808472,0.3364245593547821,0.5646868944168091,-0.06051749736070633,0.47912392020225525
2,random_curve,5.9,2.8372182846069336,-0.19473254680633545,0.20999999344348907,0.16146893799304962,0.3364245593547821,0.49457719922065735,-0.06142919883131981,0.45742252469062805
2,random_curve,5.92,2.8464040756225586,-0.1941273808479309,0.20999999344348907,0.1602313369512558,0.3364245593547821,0.3942907154560089,-0.06386258453130722,0.422219842672348
2,random_curve,5.94,2.8537373542785645,-0.19530893862247467,0.20999999344348907,0.15882782638072968,0.3364245593547821,0.27158090472221375,-0.06729729473590851,0.40716859698295593
2,random_curve,5.96,2.8592655658721924,-0.19785694777965546,0.20999999344348907,0.15798059105873108,0.3364245593547821,0.18553653359413147,-0.07145921140909195,0.39079391956329346
2,random_curve,5.98,2.8644444942474365,-0.20081573724746704,0.20999999344348907,0.15806132555007935,0.3364245593547821,0.21234500408172607,-0.07590074092149734,0.38649630546569824
2,random_curve,6.0,2.870238780975342,-0.20329567790031433,0.20999999344348907,0.15835823118686676,0.3364245593547821,0.2555396556854248,-0.0800820142030716,0.3589211702346802
2,random_curve,6.0200000000000005,2.876596212387085,-0.2051231563091278,0.20999999344348907,0.15905062854290009,0.3364245593547821,0.2802645266056061,-0.08382179588079453,0.3334478437900543
2,random_curve,6.04,2.882843017578125,-0.20611166954040527,0.20999999344348907,0.16011710464954376,0.3364245593547821,0.2821896970272064,-0.08673055469989777,0.3231390714645386
2,random_curve,6.0600000000000005,2.889291286468506,-0.20592688024044037,0.20999999344348907,0.16143877804279327,0.3364245593547821,0.33630019426345825,-0.0887170359492302,0.34437429904937744
2,random_curve,6.08,2.896618366241455,-0.20491689443588257,0.20999999344348907,0.16224540770053864,0.3364245593547821,0.39149993658065796,-0.0900222584605217,0.38001111149787903
2,random_curve,6.1000000000000005,2.9039502143859863,-0.20293205976486206,0.20999999344348907,0.16316573321819305,0.3364245593547821,0.38845908641815186,-0.09040187299251556,0.37821561098098755
2,random_curve,6.12,2.911036968231201,-0.20053978264331818,0.20999999344348907,0.16298113763332367,0.3364245593547821,0.3546336889266968,-0.0903182327747345,0.3660801649093628
2,random_curve,6.140000000000001,2.9177439212799072,-0.19810070097446442,0.20999999344348907,0.16214773058891296,0.3364245593547821,0.3516542911529541,-0.0900726318359375,0.4158649146556854
2,random_curve,6.16,2.9242498874664307,-0.1956705003976822,0.20999999344348907,0.16027718782424927,0.3364245593547821,0.3362232744693756,-0.08977332711219788,0.4393092691898346
2,random_curve,6.18,2.929913282394409,-0.1928982436656952,0.20999999344348907,0.15689870715141296,0.3364245593547821,0.2963734269142151,-0.08904104679822922,0.4393760561943054
2,random_curve,6.2,2.9350430965423584,-0.1894383728504181,0.20999999344348907,0.15247391164302826,0.3364245593547821,0.3044242262840271,-0.08728683739900589,0.46707484126091003
2,random_curve,6.22,2.9403600692749023,-0.18548347055912018,0.20999999344348907,0.1479935348033905,0.3364245593547821,0.3374916613101959,-0.08511695265769958,0.5083065032958984
2,random_curve,6.24,2.9467129707336426,-0.18087556958198547,0.20999999344348907,0.14411912858486176,0.3364245593547821,0.40835443139076233,-0.08263639360666275,0.5327548980712891
2,random_curve,6.26,2.9540820121765137,-0.1755828559398651,0.20999999344348907,0.14099682867527008,0.3364245593547821,0.44704920053482056,-0.07980886101722717,0.5565235018730164
2,random_curve,6.28,2.9619929790496826,-0.1701193004846573,0.20999999344348907,0.13941985368728638,0.3364245593547821,0.46689537167549133,-0.07698164135217667,0.5631837248802185
2,random_curve,6.3,2.970928430557251,-0.16547735035419464,0.20999999344348907,0.13931334018707275,0.3364245593547821,0.5180643200874329,-0.07536831498146057,0.5281895995140076
2,random_curve,6.32,2.9809892177581787,-0.16209270060062408,0.20999999344348907,0.14023609459400177,0.3364245593547821,0.5329238772392273,-0.07506245374679565,0.4962688982486725
2,random_curve,6.34,2.9911398887634277,-0.1593756377696991,0.20999999344348907,0.14196500182151794,0.3364245593547821,0.5111678838729858,-0.07542140781879425,0.4685085713863373
2,random_curve,6.36,3.000556230545044,-0.15685532987117767,0.20999999344348907,0.14400692284107208,0.3364245593547821,0.45882803201675415,-0.07575458288192749,0.45449915528297424
2,random_curve,6.38,3.0094618797302246,-0.154751718044281,0.20999999344348907,0.14544576406478882,0.3364245593547821,0.4466363191604614,-0.07649138569831848,0.42879343032836914
2,random_curve,6.4,3.0179266929626465,-0.15308250486850739,0.20999999344348907,0.14585953950881958,0.3364245593547821,0.41036465764045715,-0.07725905627012253,0.41885608434677124
2,random_curve,6.42,3.026000499725342,-0.1522885262966156,0.20999999344348907,0.14558805525302887,0.3364245593547821,0.3970237374305725,-0.07875747978687286,0.4106735289096832
2,random_curve,6.44,3.0334293842315674,-0.15171994268894196,0.20999999344348907,0.14597159624099731,0.3364245593547821,0.34453141689300537,-0.08029169589281082,0.41347187757492065
2,random_curve,6.46,3.0409014225006104,-0.15127399563789368,0.20999999344348907,0.14728978276252747,0.3364245593547821,0.3847971260547638,-0.08195573091506958,0.42179471254348755
2,random_curve,6.48,3.0486533641815186,-0.15084126591682434,0.20999999344348907,0.14948336780071259,0.3364245593547821,0.38409897685050964,-0.08391124755144119,0.43329378962516785
2,random_curve,6.5,3.056407928466797,-0.15036384761333466,0.20999999344348907,0.15164437890052795,0.3364245593547821,0.38328230381011963,-0.0855216458439827,0.45533663034439087
2,random_curve,6.5200000000000005,3.0640645027160645,-0.14934779703617096,0.20999999344348907,0.15300185978412628,0.3364245593547821,0.36953938007354736,-0.08658680319786072,0.45626959204673767
2,random_curve,6.54,3.071241855621338,-0.1483180820941925,0.20999999344348907,0.1532503366470337,0.3364245593547821,0.337343692779541,-0.0875108391046524,0.44641998410224915
2,random_curve,6.5600000000000005,3.0771946907043457,-0.14695513248443604,0.20999999344348907,0.1525534689426422,0.3364245593547821,0.28967970609664917,-0.08778680115938187,0.4157664179801941
2,random_curve,6.58,3.0825905799865723,-0.14453403651714325,0.20999999344348907,0.15151755511760712,0.3364245593547821,0.30382901430130005,-0.08689431101083755,0.43666696548461914
2,random_curve,6.6000000000000005,3.0885393619537354,-0.14099472761154175,0.20999999344348907,0.15036477148532867,0.3364245593547821,0.36741113662719727,-0.08528263866901398,0.5163244009017944
2,random_curve,6.62,3.0961592197418213,-0.13727912306785583,0.20999999344348907,0.14991378784179688,0.3364245593547821,0.46826669573783875,-0.08361174911260605,0.5879441499710083
2,random_curve,6.640000000000001,3.106227159500122,-0.13335396349430084,0.20999999344348907,0.15002283453941345,0.3364245593547821,0.5948810577392578,-0.08235632628202438,0.5778356790542603
2,random_curve,6.66,3.1182405948638916,-0.12887947261333466,0.20999999344348907,0.15018737316131592,0.3364245593547821,0.6558831334114075,-0.08106067776679993,0.5509247183799744
2,random_curve,6.68,3.1300957202911377,-0.12438364326953888,0.20999999344348907,0.15119189023971558,0.3364245593547821,0.60400390625,-0.0798630341887474,0.5178139805793762
2,random_curve,6.7,3.1420822143554688,-0.12092316895723343,0.20999999344348907,0.1524592936038971,0.3364245593547821,0.6257922053337097,-0.0793382003903389,0.48759904503822327
2,random_curve,6.72,3.1542794704437256,-0.11848150193691254,0.20999999344348907,0.15318280458450317,0.3364245593547821,0.6062377095222473,-0.0798531100153923,0.4349048435688019
2,random_curve,6.74,3.165644884109497,-0.11711452901363373,0.20999999344348907,0.15314264595508575,0.3364245593547821,0.535840630531311,-0.0814475491642952,0.39401349425315857
2,random_curve,6.76,3.1759862899780273,-0.11688251048326492,0.20999999344348907,0.1527671068906784,0.3364245593547821,0.4872153401374817,-0.08349277824163437,0.3715047538280487
2,random_curve,6.78,3.1863927841186523,-0.11757946014404297,0.20999999344348907,0.15292243659496307,0.3364245593547821,0.5183392763137817,-0.08645858615636826,0.37662336230278015
2,random_curve,6.8,3.197805881500244,-0.11863657832145691,0.20999999344348907,0.1537081003189087,0.3364245593547821,0.5768291354179382,-0.08999687433242798,0.3770030736923218
2,random_curve,6.82,3.2102818489074707,-0.11989660561084747,0.20999999344348907,0.1546265333890915,0.3364245593547821,0.6171104311943054,-0.09414727240800858,0.3566531538963318
2,random_curve,6.84,3.2228572368621826,-0.12121612578630447,0.20999999344348907,0.15517213940620422,0.3364245593547821,0.5892958641052246,-0.09797412157058716,0.35041502118110657
2,random_curve,6.86,3.235360622406006,-0.12232494354248047,0.20999999344348907,0.1556084007024765,0.3364245593547821,0.6088290214538574,-0.10158007591962814,0.39779114723205566
2,random_curve,6.88,3.2476491928100586,-0.12278148531913757,0.20999999344348907,0.15654690563678741,0.3364245593547821,0.583710789680481,-0.10474961251020432,0.42858514189720154
2,random_curve,6.9,3.258601188659668,-0.12240179628133774,0.20999999344348907,0.15678924322128296,0.3364245593547821,0.5000612735748291,-0.10637520253658295,0.43033021688461304
2,random_curve,6.92,3.2675881385803223,-0.12077613174915314,0.20999999344348907,0.15610651671886444,0.3364245593547821,0.4280086159706116,-0.10641710460186005,0.43180087208747864
2,random_curve,6.94,3.2757070064544678,-0.11816593259572983,0.20999999344348907,0.15521255135536194,0.3364245593547821,0.42857852578163147,-0.10533256083726883,0.44089004397392273
2,random_curve,6.96,3.2840633392333984,-0.11462169885635376,0.20999999344348907,0.15453580021858215,0.3364245593547821,0.4600902795791626,-0.10365389287471771,0.4767976999282837
2,random_curve,6.98,3.2931911945343018,-0.11045882105827332,0.20999999344348907,0.1538509875535965,0.3364245593547821,0.509723961353302,-0.10103239864110947,0.5307301878929138
2,random_curve,7.0,3.3032777309417725,-0.10581163316965103,0.20999999344348907,0.1530982106924057,0.3364245593547821,0.5568516254425049,-0.09808909893035889,0.5455354452133179
2,random_curve,7.0200000000000005,3.314531087875366,-0.10132405906915665,0.20999999344348907,0.15239955484867096,0.3364245593547821,0.6278195381164551,-0.09549322724342346,0.5194469690322876
2,random_curve,7.04,3.3268957138061523,-0.09741763770580292,0.20999999344348907,0.15153393149375916,0.3364245593547821,0.6316030025482178,-0.09380529075860977,0.473489373922348
2,random_curve,7.0600000000000005,3.3385586738586426,-0.09479143470525742,0.20999999344348907,0.15133148431777954,0.3364245593547821,0.5618213415145874,-0.0928683802485466,0.4654538631439209
2,random_curve,7.08,3.3483150005340576,-0.09381173551082611,0.20999999344348907,0.15164190530776978,0.3364245593547821,0.43407464027404785,-0.09328937530517578,0.4733079969882965
2,random_curve,7.1000000000000005,3.3564672470092773,-0.09499260038137436,0.20999999344348907,0.15202638506889343,0.3364245593547821,0.36222442984580994,-0.09595879912376404,0.45827120542526245
2,random_curve,7.12,3.3631179332733154,-0.09779154509305954,0.20999999344348907,0.15207546949386597,0.3364245593547821,0.2701526880264282,-0.09954831749200821,0.4352937638759613
2,random_curve,7.140000000000001,3.368004322052002,-0.10154164582490921,0.20999999344348907,0.15203005075454712,0.3364245593547821,0.1821240335702896,-0.10386661440134048,0.4096059501171112
2,random_curve,7.16,3.3713581562042236,-0.10474123060703278,0.20999999344348907,0.15235160291194916,0.3364245593547821,0.12235252559185028,-0.10745151340961456,0.396668940782547
2,random_curve,7.18,3.3736724853515625,-0.10746385902166367,0.20999999344348907,0.15292727947235107,0.3364245593547821,0.07336625456809998,-0.11043617874383926,0.3713814616203308
2,random_curve,7.2,3.374854326248169,-0.11009250581264496,0.20999999344348907,0.15291070938110352,0.3364245593547821,0.01659463718533516,-0.11318939179182053,0.34004074335098267
2,random_curve,7.22,3.374728202819824,-0.11224309355020523,0.20999999344348907,0.15273235738277435,0.3364245593547821,-0.05008084326982498,-0.11530852317810059,0.3433561623096466
2,random_curve,7.24,3.3737292289733887,-0.11335843056440353,0.20999999344348907,0.15341924130916595,0.3364245593547821,-0.060710255056619644,-0.11629363894462585,0.3553389012813568
2,random_curve,7.26,3.3726155757904053,-0.11359094828367233,0.20999999344348907,0.1547314077615738,0.3364245593547821,-0.05252862349152565,-0.11638853698968887,0.3770747482776642
2,random_curve,7.28,3.3713958263397217,-0.11334776878356934,0.20999999344348907,0.1562066674232483,0.3364245593547821,-0.0652996078133583,-0.11599833518266678,0.37271392345428467
2,random_curve,7.3,3.3702619075775146,-0.11315138638019562,0.20999999344348907,0.15747082233428955,0.3364245593547821,-0.04664038494229317,-0.11566507071256638,0.36096081137657166
2,random_curve,7.32,3.3695435523986816,-0.11275943368673325,0.20999999344348907,0.1583070307970047,0.3364245593547821,-0.023012511432170868,-0.11518839001655579,0.36157581210136414
2,random_curve,7.34,3.369454860687256,-0.11204981803894043,0.20999999344348907,0.15891753137111664,0.3364245593547821,0.02023887261748314,-0.11447326093912125,0.35882654786109924
2,random_curve,7.36,3.370067596435547,-0.11098553240299225,0.20999999344348907,0.15874898433685303,0.3364245593547821,0.04216195270419121,-0.11349168419837952,0.3372245728969574
2,random_curve,7.38,3.370591878890991,-0.11019881069660187,0.20999999344348907,0.15773551166057587,0.3364245593547821,0.022885629907250404,-0.1127748116850853,0.3390873670578003
2,random_curve,7.4,3.370307683944702,-0.1101045235991478,0.20999999344348907,0.1562448889017105,0.3364245593547821,-0.040782175958156586,-0.11264655739068985,0.35416296124458313
2,random_curve,7.42,3.369797945022583,-0.11023061722517014,0.20999999344348907,0.1546475887298584,0.3364245593547821,-0.00839677732437849,-0.11270951479673386,0.35724690556526184
2,random_curve,7.44,3.369880199432373,-0.1096356064081192,0.20999999344348907,0.1532013863325119,0.3364245593547821,0.015019269660115242,-0.11212898045778275,0.35321611166000366
2,random_curve,7.46,3.3702776432037354,-0.10915956646203995,0.20999999344348907,0.15180590748786926,0.3364245593547821,0.0332750640809536,-0.1117049977183342,0.3616914749145508
2,random_curve,7.48,3.3713269233703613,-0.10877294093370438,0.20999999344348907,0.15104201436042786,0.3364245593547821,0.07004113495349884,-0.11144928634166718,0.3482035994529724
2,random_curve,7.5,3.373248815536499,-0.10827399790287018,0.20999999344348907,0.15099655091762543,0.3364245593547821,0.11106212437152863,-0.11118857562541962,0.3438287079334259
2,random_curve,7.5200000000000005,3.3753104209899902,-0.10732075572013855,0.20999999344348907,0.150953471660614,0.3364245593547821,0.1015496551990509,-0.11049400269985199,0.3473760187625885
2,random_curve,7.54,3.377192735671997,-0.10655433684587479,0.20999999344348907,0.15070120990276337,0.3364245593547821,0.08969400078058243,-0.10996297746896744,0.35634323954582214
2,random_curve,7.5600000000000005,3.3786725997924805,-0.10654020309448242,0.20999999344348907,0.15021221339702606,0.3364245593547821,0.06440688669681549,-0.11012952029705048,0.3432951271533966
2,random_curve,7.58,3.380545139312744,-0.1071157157421112,0.20999999344348907,0.14968056976795197,0.3364245593547821,0.09882339090108871,-0.1109292060136795,0.34305688738822937
2,random_curve,7.6000000000000005,3.3821239471435547,-0.10736842453479767,0.20999999344348907,0.15015819668769836,0.3364245593547821,0.06681649386882782,-0.11137267202138901,0.33418697118759155
2,random_curve,7.62,3.383161783218384,-0.10649129748344421,0.20999999344348907,0.1517041027545929,0.3364245593547821,0.057059187442064285,-0.11062872409820557,0.33558568358421326
2,random_curve,7.640000000000001,3.3840198516845703,-0.1047278493642807,0.20999999344348907,0.15323132276535034,0.3364245593547821,0.049520716071128845,-0.10898315906524658,0.35379183292388916
2,random_curve,7.66,3.385146141052246,-0.10242467373609543,0.20999999344348907,0.15498940646648407,0.3364245593547821,0.08734695613384247,-0.10683462023735046,0.3698446452617645
2,random_curve,7.68,3.3864586353302,-0.09937769174575806,0.20999999344348907,0.15662594139575958,0.3364245593547821,0.08662533760070801,-0.10397054255008698,0.37976863980293274
2,random_curve,7.7,3.3878469467163086,-0.09630729258060455,0.20999999344348907,0.15775935351848602,0.3364245593547821,0.07707320898771286,-0.10109248012304306,0.3772546648979187
2,random_curve,7.72,3.3892064094543457,-0.09306634962558746,0.20999999344348907,0.15800096094608307,0.3364245593547821,0.07653242349624634,-0.09804163128137589,0.37775328755378723
2,random_curve,7.74,3.390903949737549,-0.09015417098999023,0.20999999344348907,0.15734164416790009,0.3364245593547821,0.12225255370140076,-0.09535833448171616,0.3719176650047302
2,random_curve,7.76,3.393541097640991,-0.08764016628265381,0.20999999344348907,0.1557517647743225,0.3364245593547821,0.16151677072048187,-0.09353707730770111,0.37136003375053406
2,random_curve,7.78,3.396495819091797,-0.08490234613418579,0.20999999344348907,0.1531597226858139,0.3364245593547821,0.1624213457107544,-0.09111305326223373,0.39332619309425354
2,random_curve,7.8,3.3999083042144775,-0.08146154135465622,0.20999999344348907,0.15045838057994843,0.3364245593547821,0.20830057561397552,-0.08803609758615494,0.4360129237174988
2,random_curve,7.82,3.4047160148620605,-0.07806859910488129,0.20999999344348907,0.14776630699634552,0.3364245593547821,0.29811030626296997,-0.08514828234910965,0.47903087735176086
2,random_curve,7.84,3.4115376472473145,-0.07502000778913498,0.20999999344348907,0.14530691504478455,0.3364245593547821,0.39659401774406433,-0.08280728757381439,0.470860093832016
2,random_curve,7.86,3.4196155071258545,-0.07211175560951233,0.20999999344348907,0.1437709778547287,0.3364245593547821,0.4258734881877899,-0.08073332905769348,0.4565466046333313
2,random_curve,7.88,3.427870750427246,-0.07015564292669296,0.20999999344348907,0.14317181706428528,0.3364245593547821,0.4105450510978699,-0.07962459325790405,0.44693318009376526
2,random_curve,7.9,3.4356861114501953,-0.0692441314458847,0.20999999344348907,0.14485089480876923,0.3364245593547821,0.3785861134529114,-0.07974887639284134,0.4013141989707947
2,random_curve,7.92,3.442575216293335,-0.06968434900045395,0.20999999344348907,0.1485961228609085,0.3364245593547821,0.31936755776405334,-0.08074568212032318,0.3562510013580322
2,random_curve,7.94,3.4490771293640137,-0.07088088244199753,0.20999999344348907,0.15386347472667694,0.3364245593547821,0.32711103558540344,-0.08246494829654694,0.35042518377304077
2,random_curve,7.96,3.4556705951690674,-0.07314959913492203,0.20999999344348907,0.15989530086517334,0.3364245593547821,0.32048889994621277,-0.0852603018283844,0.3284074068069458
2,random_curve,7.98,3.4632155895233154,-0.07617509365081787,0.20999999344348907,0.16755665838718414,0.3364245593547821,0.41100892424583435,-0.08888701349496841,0.38195523619651794
2,random_curve,8.0,3.471842050552368,-0.07936438918113708,0.20999999344348907,0.17501972615718842,0.3364245593547821,0.40839147567749023,-0.09306152909994125,0.36749422550201416
2,random_curve,8.02,3.479386568069458,-0.08168619126081467,0.20999999344348907,0.18060444295406342,0.3364245593547821,0.3414956331253052,-0.09583906084299088,0.3164580762386322
2,random_curve,8.040000000000001,3.4861578941345215,-0.08219418674707413,0.20999999344348907,0.1851116567850113,0.3364245593547821,0.3457265794277191,-0.09675902873277664,0.33873894810676575
2,random_curve,8.06,3.492755889892578,-0.0818217322230339,0.20999999344348907,0.18952196836471558,0.3364245593547821,0.3508744537830353,-0.09678959846496582,0.39196130633354187
2,random_curve,8.08,3.5001168251037598,-0.08033856004476547,0.20999999344348907,0.19391986727714539,0.3364245593547821,0.40165773034095764,-0.09575804322957993,0.4193059206008911
2,random_curve,8.1,3.5086822509765625,-0.07808700948953629,0.20999999344348907,0.1978728026151657,0.3364245593547821,0.45918014645576477,-0.09434714168310165,0.4465950131416321
2,random_curve,8.120000000000001,3.518324851989746,-0.07570438086986542,0.20999999344348907,0.20028723776340485,0.3364245593547821,0.5036103129386902,-0.09236747026443481,0.42299768328666687
2,random_curve,8.14,3.5287821292877197,-0.0737677812576294,0.20999999344348907,0.20009547472000122,0.3364245593547821,0.5351620316505432,-0.0908673107624054,0.3830852806568146
2,random_curve,8.16,3.5391104221343994,-0.07233783602714539,0.20999999344348907,0.19632954895496368,0.3364245593547821,0.4970477819442749,-0.08986800909042358,0.32205355167388916
2,random_curve,8.18,3.5483155250549316,-0.07189010828733444,0.20999999344348907,0.1905948966741562,0.3364245593547821,0.434105783700943,-0.09007442742586136,0.25171488523483276
2,random_curve,8.2,3.5562856197357178,-0.07268709689378738,0.20999999344348907,0.18446743488311768,0.3364245593547821,0.3708314001560211,-0.09105464816093445,0.21536965668201447
2,random_curve,8.22,3.5635488033294678,-0.07428734749555588,0.20999999344348907,0.1785576492547989,0.3364245593547821,0.37003612518310547,-0.0928216427564621,0.24235424399375916
2,random_curve,8.24,3.5709121227264404,-0.07605039328336716,0.20999999344348907,0.17351019382476807,0.3364245593547821,0.35795357823371887,-0.0947536900639534,0.268072247505188
2,random_curve,8.26,3.5775434970855713,-0.07787826657295227,0.20999999344348907,0.16990132629871368,0.3364245593547821,0.30135607719421387,-0.0967337116599083,0.27243778109550476
2,random_curve,8.28,3.582615375518799,-0.07954007387161255,0.20999999344348907,0.1677059531211853,0.3364245593547821,0.17875297367572784,-0.09884107857942581,0.2770412862300873
2,random_curve,8.3,3.585857391357422,-0.08069003373384476,0.20999999344348907,0.1674138903617859,0.3364245593547821,0.14793115854263306,-0.10000884532928467,0.28371360898017883
2,random_curve,8.32,3.587669849395752,-0.0815800130367279,0.20999999344348907,0.16715718805789948,0.3364245593547821,0.041221946477890015,-0.10090877115726471,0.3107919991016388
2,random_curve,8.34,3.588348150253296,-0.08189550787210464,0.20999999344348907,0.1663074642419815,0.3364245593547821,0.02684788405895233,-0.10122799128293991,0.35304176807403564
2,random_curve,8.36,3.5887887477874756,-0.08104664087295532,0.20999999344348907,0.16431640088558197,0.3364245593547821,0.017779001966118813,-0.10038156062364578,0.3600127398967743
2,random_curve,8.38,3.5891668796539307,-0.07921838015317917,0.20999999344348907,0.16136175394058228,0.3364245593547821,0.02267727069556713,-0.09855540841817856,0.3671216368675232
2,random_curve,8.4,3.590043067932129,-0.0772378146648407,0.20999999344348907,0.15777400135993958,0.3364245593547821,0.0663825273513794,-0.09657968580722809,0.36654987931251526
2,random_curve,8.42,3.591463088989258,-0.07445700466632843,0.20999999344348907,0.1542203575372696,0.3364245593547821,0.07890549302101135,-0.09380672127008438,0.3719719648361206
2,random_curve,8.44,3.5934102535247803,-0.07127100229263306,0.20999999344348907,0.15096090734004974,0.3364245593547821,0.10643990337848663,-0.09063147753477097,0.3919579088687897
2,random_curve,8.46,3.5956838130950928,-0.06814473867416382,0.20999999344348907,0.1484963446855545,0.3364245593547821,0.1330253779888153,-0.08751775324344635,0.37859389185905457
2,random_curve,8.48,3.598853349685669,-0.06496141105890274,0.20999999344348907,0.14663447439670563,0.3364245593547821,0.18548372387886047,-0.08435190469026566,0.39455556869506836
2,random_curve,8.5,3.6032872200012207,-0.06204717233777046,0.20999999344348907,0.1453661322593689,0.3364245593547821,0.24953849613666534,-0.08146209269762039,0.41243216395378113
2,random_curve,8.52,3.6084482669830322,-0.059628043323755264,0.20999999344348907,0.14509700238704681,0.3364245593547821,0.2617272138595581,-0.07907136529684067,0.38387396931648254
2,random_curve,8.540000000000001,3.614036798477173,-0.05774527043104172,0.20999999344348907,0.14695769548416138,0.3364245593547821,0.30232521891593933,-0.07721933722496033,0.3775913715362549
2,random_curve,8.56,3.620152711868286,-0.05700597167015076,0.20999999344348907,0.1498984396457672,0.3364245593547821,0.30659639835357666,-0.07651367783546448,0.34030914306640625
2,random_curve,8.58,3.626570463180542,-0.05687844008207321,0.20999999344348907,0.15333279967308044,0.3364245593547821,0.32530128955841064,-0.07663684338331223,0.32225266098976135
2,random_curve,8.6,3.633307933807373,-0.057046473026275635,0.20999999344348907,0.15740028023719788,0.3364245593547821,0.34190553426742554,-0.07673217356204987,0.30210646986961365
2,random_curve,8.620000000000001,3.639716625213623,-0.05740439519286156,0.20999999344348907,0.1612752228975296,0.3364245593547821,0.30202391743659973,-0.07702095061540604,0.2855585217475891
2,random_curve,8.64,3.645082473754883,-0.05782588571310043,0.20999999344348907,0.16418379545211792,0.3364245593547821,0.23926404118537903,-0.07738452404737473,0.27459776401519775
2,random_curve,8.66,3.6497480869293213,-0.05819118767976761,0.20999999344348907,0.16633497178554535,0.3364245593547821,0.2308131754398346,-0.07769947499036789,0.2774618864059448
2,random_curve,8.68,3.654118537902832,-0.05869138240814209,0.20999999344348907,0.16771461069583893,0.3364245593547821,0.21023938059806824,-0.07815250009298325,0.2761610746383667
2,random_curve,8.700000000000001,3.6580965518951416,-0.059211090207099915,0.20999999344348907,0.16829518973827362,0.3364245593547821,0.1893366426229477,-0.078629270195961,0.2780747413635254
2,random_curve,8.72,3.6612894535064697,-0.05945542827248573,0.20999999344348907,0.16795489192008972,0.3364245593547821,0.13984937965869904,-0.07909641414880753,0.26184725761413574
2,random_curve,8.74,3.6639654636383057,-0.059860389679670334,0.20999999344348907,0.1664339005947113,0.3364245593547821,0.1302068531513214,-0.07943252474069595,0.2942388653755188
2,random_curve,8.76,3.6667068004608154,-0.05981436371803284,0.20999999344348907,0.16310015320777893,0.3364245593547821,0.14521807432174683,-0.07931612432003021,0.2914173901081085
2,random_curve,8.78,3.669482707977295,-0.05880074203014374,0.20999999344348907,0.15897336602210999,0.3364245593547821,0.14277943968772888,-0.0782315582036972,0.32211723923683167
2,random_curve,8.8,3.672696352005005,-0.056338779628276825,0.20999999344348907,0.15498173236846924,0.3364245593547821,0.18371160328388214,-0.07568787783384323,0.38184744119644165
2,random_curve,8.82,3.6769304275512695,-0.05293365195393562,0.20999999344348907,0.15194851160049438,0.3364245593547821,0.24957162141799927,-0.07217514514923096,0.4165142774581909
2,random_curve,8.84,3.6831769943237305,-0.04878503084182739,0.20999999344348907,0.14953826367855072,0.3364245593547821,0.36414384841918945,-0.06786749511957169,0.4506322741508484
2,random_curve,8.86,3.6915221214294434,-0.04407890513539314,0.20999999344348907,0.14808890223503113,0.3364245593547821,0.4473415017127991,-0.06294862180948257,0.4491918087005615
2,random_curve,8.88,3.7011466026306152,-0.03988105058670044,0.20999999344348907,0.14782379567623138,0.3364245593547821,0.4873445928096771,-0.05873143672943115,0.4316960573196411
2,random_curve,8.9,3.711703062057495,-0.03716512769460678,0.20999999344348907,0.14875909686088562,0.3364245593547821,0.5392444729804993,-0.0556056909263134,0.38308578729629517
2,random_curve,8.92,3.722461462020874,-0.03656430169939995,0.20999999344348907,0.14984188973903656,0.3364245593547821,0.52276211977005,-0.05458554998040199,0.3220328986644745
2,random_curve,8.94,3.732292652130127,-0.03766290843486786,0.20999999344348907,0.15086768567562103,0.3364245593547821,0.46807292103767395,-0.055299729108810425,0.28642037510871887
2,random_curve,8.96,3.741091251373291,-0.04005833715200424,0.20999999344348907,0.1517629772424698,0.3364245593547821,0.4259876012802124,-0.0575409010052681,0.26611092686653137
2,random_curve,8.98,3.748770236968994,-0.042882759124040604,0.20999999344348907,0.1546722948551178,0.3364245593547821,0.38364508748054504,-0.05997251719236374,0.2623533308506012
2,random_curve,9.0,3.7562146186828613,-0.046205151826143265,0.20999999344348907,0.15891291201114655,0.3364245593547821,0.38578641414642334,-0.06291334331035614,0.27100473642349243
2,random_curve,9.02,3.763789176940918,-0.04981212690472603,0.20999999344348907,0.1634468138217926,0.3364245593547821,0.3941994905471802,-0.06613180041313171,0.2967745363712311
2,random_curve,9.040000000000001,3.7717363834381104,-0.05338260903954506,0.20999999344348907,0.16718560457229614,0.3364245593547821,0.4214419424533844,-0.06929491460323334,0.3180961608886719
2,random_curve,9.06,3.7802255153656006,-0.056734662503004074,0.20999999344348907,0.1693793684244156,0.3364245593547821,0.4264477491378784,-0.07236852496862411,0.3246011734008789
2,random_curve,9.08,3.7880828380584717,-0.059349846094846725,0.20999999344348907,0.16993340849876404,0.3364245593547821,0.38120216131210327,-0.07450307160615921,0.28892844915390015
2,random_curve,9.1,3.7950291633605957,-0.06024723872542381,0.20999999344348907,0.17023831605911255,0.3364245593547821,0.3362007141113281,-0.07497815042734146,0.3192090094089508
2,random_curve,9.120000000000001,3.8017539978027344,-0.05912906304001808,0.20999999344348907,0.17115716636180878,0.3364245593547821,0.3329007029533386,-0.07345478236675262,0.3543200194835663
2,random_curve,9.14,3.808546781539917,-0.05696660652756691,0.20999999344348907,0.172556534409523,0.3364245593547821,0.34455516934394836,-0.07088492810726166,0.38118791580200195
2,random_curve,9.16,3.816030263900757,-0.05406126379966736,0.20999999344348907,0.17395970225334167,0.3364245593547821,0.38189107179641724,-0.06768927723169327,0.38185298442840576
2,random_curve,9.18,3.8242740631103516,-0.051021330058574677,0.20999999344348907,0.17492641508579254,0.3364245593547821,0.4261271059513092,-0.0640912801027298,0.38316038250923157
2,random_curve,9.200000000000001,3.833643674850464,-0.04804474487900734,0.20999999344348907,0.17488841712474823,0.3364245593547821,0.4825620651245117,-0.0604792945086956,0.3637399673461914
2,random_curve,9.22,3.843672752380371,-0.045024823397397995,0.20999999344348907,0.17323221266269684,0.3364245593547821,0.47650155425071716,-0.05677885562181473,0.35486599802970886
2,random_curve,9.24,3.8519961833953857,-0.04273218661546707,0.20999999344348907,0.17129267752170563,0.3364245593547821,0.3485443592071533,-0.0539209321141243,0.3747618794441223
2,random_curve,9.26,3.8583858013153076,-0.04215805232524872,0.20999999344348907,0.16934046149253845,0.3364245593547821,0.28347116708755493,-0.0530187264084816,0.3406262993812561
2,random_curve,9.28,3.863267421722412,-0.043161194771528244,0.20999999344348907,0.16717837750911713,0.3364245593547821,0.21217812597751617,-0.053654756397008896,0.30240654945373535
2,random_curve,9.3,3.8665077686309814,-0.04500962048768997,0.20999999344348907,0.16504019498825073,0.3364245593547821,0.1309983879327774,-0.05525621026754379,0.29611125588417053
2,random_curve,9.32,3.8684520721435547,-0.047080643475055695,0.20999999344348907,0.16373203694820404,0.3364245593547821,0.08225711435079575,-0.05717635527253151,0.28604423999786377
2,random_curve,9.34,3.869904041290283,-0.04966995120048523,0.20999999344348907,0.16318951547145844,0.3364245593547821,0.07990626990795135,-0.05965008586645126,0.28311213850975037
2,random_curve,9.36,3.8711202144622803,-0.0528273805975914,0.20999999344348907,0.16243518888950348,0.3364245593547821,0.0652303695678711,-0.06270795315504074,0.2802043557167053
2,random_curve,9.38,3.8722681999206543,-0.055741000920534134,0.20999999344348907,0.16159477829933167,0.3364245593547821,0.06969039142131805,-0.0655277669429779,0.2712215781211853
2,random_curve,9.4,3.873567819595337,-0.05778835341334343,0.20999999344348907,0.16146226227283478,0.3364245593547821,0.07348658889532089,-0.0674724206328392,0.2730470597743988
2,random_curve,9.42,3.875319719314575,-0.059135690331459045,0.20999999344348907,0.16198839247226715,0.3364245593547821,0.10737714916467667,-0.06868526339530945,0.2748800814151764
2,random_curve,9.44,3.878018856048584,-0.0601084902882576,0.20999999344348907,0.16264823079109192,0.3364245593547821,0.15969403088092804,-0.06945391744375229,0.2708897590637207
2,random_curve,9.46,3.8811302185058594,-0.06090282276272774,0.20999999344348907,0.16295698285102844,0.3364245593547821,0.15666773915290833,-0.07001382857561111,0.2501195967197418
2,random_curve,9.48,3.8839147090911865,-0.061341602355241776,0.20999999344348907,0.16281752288341522,0.3364245593547821,0.1291201263666153,-0.07024358212947845,0.23893824219703674
2,random_curve,9.5,3.8865578174591064,-0.061441849917173386,0.20999999344348907,0.16298189759254456,0.3364245593547821,0.131871297955513,-0.07014630734920502,0.23829688131809235
2,random_curve,9.52,3.8891148567199707,-0.06115398555994034,0.20999999344348907,0.16327546536922455,0.3364245593547821,0.12451107800006866,-0.06966841220855713,0.22828061878681183
2,random_curve,9.540000000000001,3.8913462162017822,-0.060720816254615784,0.20999999344348907,0.16312813758850098,0.3364245593547821,0.09852577745914459,-0.06906992942094803,0.2139822095632553
2,random_curve,9.56,3.8931021690368652,-0.06014426425099373,0.20999999344348907,0.16276836395263672,0.3364245593547821,0.07856550812721252,-0.06836393475532532,0.20501089096069336
2,random_curve,9.58,3.894576072692871,-0.0596855953335762,0.20999999344348907,0.16249576210975647,0.3364245593547821,0.06461108475923538,-0.06779655814170837,0.21715933084487915
2,random_curve,9.6,3.895859718322754,-0.05921133607625961,0.20999999344348907,0.16236378252506256,0.3364245593547821,0.06208845600485802,-0.06730551272630692,0.21910545229911804
2,random_curve,9.620000000000001,3.8972086906433105,-0.05900530144572258,0.20999999344348907,0.16206808388233185,0.3364245593547821,0.07071949541568756,-0.06699395179748535,0.22460852563381195
2,random_curve,9.64,3.8982577323913574,-0.05878494307398796,0.20999999344348907,0.16135795414447784,0.3364245593547821,0.03703824058175087,-0.06669172644615173,0.22237347066402435
2,random_curve,9.66,3.899123191833496,-0.058312319219112396,0.20999999344348907,0.1602090448141098,0.3364245593547821,0.045144811272621155,-0.06615245342254639,0.224803626537323
2,random_curve,9.68,3.900009870529175,-0.05780406668782234,0.20999999344348907,0.15862593054771423,0.3364245593547821,0.0423114076256752,-0.06557600200176239,0.22975412011146545
2,random_curve,9.700000000000001,3.900916814804077,-0.057002827525138855,0.20999999344348907,0.15653327107429504,0.3364245593547821,0.03964093327522278,-0.06470587104558945,0.24925893545150757
2,random_curve,9.72,3.9016599655151367,-0.05570068582892418,0.20999999344348907,0.1543676257133484,0.3364245593547821,0.029249724000692368,-0.06334928423166275,0.23102852702140808
2,random_curve,9.74,3.902477502822876,-0.05452974513173103,0.20999999344348907,0.15273752808570862,0.3364245593547821,0.039345383644104004,-0.06211763620376587,0.25464245676994324
2,random_curve,9.76,3.903703212738037,-0.05402006953954697,0.20999999344348907,0.15193958580493927,0.3364245593547821,0.07404161244630814,-0.061513081192970276,0.2628912627696991
2,random_curve,9.78,3.9054770469665527,-0.054088693112134933,0.20999999344348907,0.15167024731636047,0.3364245593547821,0.09832748770713806,-0.061441898345947266,0.2702467441558838
2,random_curve,9.8,3.9077742099761963,-0.054283786565065384,0.20999999344348907,0.1517702043056488,0.3364245593547821,0.12622390687465668,-0.061455607414245605,0.27263525128364563
2,random_curve,9.82,3.909850597381592,-0.05423004552721977,0.20999999344348907,0.15236790478229523,0.3364245593547821,0.08594001084566116,-0.06123862788081169,0.2513185441493988
2,random_curve,9.84,3.9115607738494873,-0.05418156459927559,0.20999999344348907,0.15364128351211548,0.3364245593547821,0.08030850440263748,-0.061055708676576614,0.2623288929462433
2,random_curve,9.86,3.912977933883667,-0.05429019778966904,0.20999999344348907,0.15494485199451447,0.3364245593547821,0.06350545585155487,-0.06105247884988785,0.26454901695251465
2,random_curve,9.88,3.913707733154297,-0.05423346906900406,0.20999999344348907,0.1561548113822937,0.3364245593547821,0.013829910196363926,-0.06093849241733551,0.25620776414871216
2,random_curve,9.9,3.9137661457061768,-0.05407368764281273,0.20999999344348907,0.15702903270721436,0.3364245593547821,-0.003958067391067743,-0.060774609446525574,0.2496258020401001
2,random_curve,9.92,3.913607358932495,-0.05383118614554405,0.20999999344348907,0.15780960023403168,0.3364245593547821,-0.008534107357263565,-0.060545358806848526,0.2682989239692688
2,random_curve,9.94,3.91377854347229,-0.053166721016168594,0.20999999344348907,0.1590399444103241,0.3364245593547821,0.01603436842560768,-0.05986948311328888,0.2660605311393738
2,random_curve,9.96,3.914232015609741,-0.0522223524749279,0.20999999344348907,0.1600097268819809,0.3364245593547821,0.01907525584101677,-0.05889235436916351,0.26383504271507263
2,random_curve,9.98,3.914778232574463,-0.051196541637182236,0.20999999344348907,0.1599653959274292,0.3364245593547821,0.02429993636906147,-0.05782673880457878,0.2592095136642456
2,random_curve,10.0,3.915268898010254,-0.05031270906329155,0.20999999344348907,0.15928158164024353,0.3364245593547821,0.01780897192656994,-0.056907035410404205,0.2648096978664398
2,random_curve,10.02,3.916092872619629,-0.04950851574540138,0.20999999344348907,0.15857574343681335,0.3364245593547821,0.05503632500767708,-0.05604048818349838,0.274490624666214
2,random_curve,10.040000000000001,3.9170379638671875,-0.04872877150774002,0.20999999344348907,0.15834331512451172,0.3364245593547821,0.03665776550769806,-0.05518878996372223,0.2643578052520752
2,random_curve,10.06,3.917609691619873,-0.047849494963884354,0.20999999344348907,0.15821854770183563,0.3364245593547821,0.015335321426391602,-0.05426724627614021,0.25768765807151794
2,random_curve,10.08,3.9181466102600098,-0.047017451375722885,0.20999999344348907,0.15839701890945435,0.3364245593547821,0.033116940408945084,-0.053395528346300125,0.2641468644142151
2,random_curve,10.1,3.9189453125,-0.046675633639097214,0.20999999344348907,0.15907949209213257,0.3364245593547821,0.03907610476016998,-0.05299191549420357,0.2713147699832916
2,random_curve,10.120000000000001,3.9194819927215576,-0.046270791441202164,0.20999999344348907,0.15997378528118134,0.3364245593547821,0.011878015473484993,-0.052546095103025436,0.2833794355392456
2,random_curve,10.14,3.920274019241333,-0.04555385187268257,0.20999999344348907,0.16096076369285583,0.3364245593547821,0.05341748148202896,-0.05176904797554016,0.29146304726600647
2,random_curve,10.16,3.921420097351074,-0.044879671186208725,0.20999999344348907,0.16184400022029877,0.3364245593547821,0.05289160832762718,-0.05100676417350769,0.2937313914299011
2,random_curve,10.18,3.922499418258667,-0.04440270736813545,0.20999999344348907,0.16238340735435486,0.3364245593547821,0.04981287196278572,-0.05044633895158768,0.28553736209869385
2,random_curve,10.200000000000001,3.923994302749634,-0.043633509427309036,0.20999999344348907,0.16339795291423798,0.3364245593547821,0.08823821693658829,-0.04956188425421715,0.2840636074542999
2,random_curve,10.22,3.9255411624908447,-0.042851127684116364,0.20999999344348907,0.16479772329330444,0.3364245593547821,0.06040968745946884,-0.048660196363925934,0.2646458148956299
2,random_curve,10.24,3.926778554916382,-0.042722612619400024,0.20999999344348907,0.16608113050460815,0.3364245593547821,0.062213826924562454,-0.048434700816869736,0.2383701652288437
2,random_curve,10.26,3.927872896194458,-0.043154604732990265,0.20999999344348907,0.1674109399318695,0.3364245593547821,0.04521648958325386,-0.04877923056483269,0.23063410818576813
2,random_curve,10.28,3.928424119949341,-0.043404471129179,0.20999999344348907,0.16865070164203644,0.3364245593547821,0.022116858512163162,-0.048984941095113754,0.21977849304676056
2,random_curve,10.3,3.9288642406463623,-0.04344700649380684,0.20999999344348907,0.16979588568210602,0.3364245593547821,0.028307674452662468,-0.048992712050676346,0.20580020546913147
3,random_curve,0.0,0.0,0.0,0.1704999953508377,0.3499999940395355,0.30593836307525635,0.0,0.0,0.0
3,random_curve,0.02,-0.00031940173357725143,-0.00011287867528153583,0.1704999953508377,0.34446805715560913,0.30593836307525635,-0.02333010919392109,-9.830906492425129e-05,0.3406832814216614
3,random_curve,0.04,-2.2541731595993042e-05,0.0001461317006032914,0.1704999953508377,0.33483588695526123,0.30593836307525635,0.031988177448511124,0.0001470020943088457,0.3891355097293854
3,random_curve,0.06,0.0006361193954944611,0.00021182760247029364,0.1704999953508377,0.3236294388771057,0.30593836307525635,0.02978570945560932,0.00018282412202097476,0.47177791595458984
3,random_curve,0.08,0.0010699955746531487,-0.00011969493061769754,0.1704999953508377,0.30853942036628723,0.30593836307525635,0.015060456469655037,-0.00016799310105852783,0.4824821352958679
3,random_curve,0.1,0.001666676253080368,-0.00011246058420510963,0.1704999953508377,0.2901303470134735,0.30593836307525635,0.030031733214855194,-0.00018776791694108397,0.4462394416332245
3,random_curve,0.12,0.002164449542760849,-0.0004800387832801789,0.1704999953508377,0.2679468095302582,0.30593836307525635,0.017991475760936737,-0.0005774954333901405,0.5189206600189209
3,random_curve,0.14,0.002741157542914152,-0.0006561659974977374,0.1704999953508377,0.2419508844614029,0.30593836307525635,0.027615563943982124,-0.0007795401616021991,0.5605199337005615
3,random_curve,0.16,0.00293453736230731,-0.0005839670193381608,0.1704999953508377,0.21152403950691223,0.30593836307525635,0.0012180691119283438,-0.000716166163329035,0.6027629971504211
3,random_curve,0.18,0.003052069805562496,-0.0005879666423425078,0.1704999953508377,0.17781038582324982,0.30593836307525635,0.026309223845601082,-0.0007254804368130863,0.5660627484321594
3,random_curve,0.2,0.004677274264395237,-0.000508694036398083,0.1704999953508377,0.1482861042022705,0.30593836307525635,0.13584434986114502,-0.0007198348175734282,0.5821271538734436
3,random_curve,0.22,0.007664683740586042,0.0004976928466930985,0.1704999953508377,0.12782946228981018,0.30593836307525635,0.10399813950061798,0.00015033103409223258,0.6303011178970337
3,random_curve,0.24,0.0065996041521430016,0.001433533034287393,0.1704999953508377,0.12164771556854248,0.30593836307525635,-0.04330269247293472,0.0011334108421579003,0.6580608487129211
3,random_curve,0.26,0.006722086109220982,0.0008755107992328703,0.1704999953508377,0.12394537776708603,0.30593836307525635,0.0502149760723114,0.0005704174982383847,0.64874267578125
3,random_curve,0.28,0.009032342582941055,-0.0007592395995743573,0.1704999953508377,0.13268417119979858,0.30593836307525635,0.159590944647789,-0.0011672048131003976,0.6578566431999207
3,random_curve,0.3,0.01331715565174818,-0.0022131477016955614,0.1704999953508377,0.14447720348834991,0.30593836307525635,0.2429540604352951,-0.002813525265082717,0.6464576125144958
3,random_curve,0.32,0.01839160919189453,-0.002750847954303026,0.1704999953508377,0.15609899163246155,0.30593836307525635,0.2526620924472809,-0.003580310381948948,0.6329836845397949
3,random_curve,0.34,0.02439863234758377,-0.0029818275943398476,0.1704999953508377,0.1654757261276245,0.30593836307525635,0.3181067407131195,-0.004132369067519903,0.6092160940170288
3,random_curve,0.36,0.03096144087612629,-0.003564405720680952,0.1704999953508377,0.1721278876066208,0.30593836307525635,0.3307340741157532,-0.004990881308913231,0.5614182353019714
3,random_curve,0.38,0.03754999488592148,-0.0046770754270255566,0.1704999953508377,0.17672088742256165,0.30593836307525635,0.3310193121433258,-0.00638009887188673,0.5260821580886841
3,random_curve,0.4,0.04450829699635506,-0.006571047939360142,0.1704999953508377,0.1796659231185913,0.30593836307525635,0.3588295578956604,-0.008565500378608704,0.4860232174396515
3,random_curve,0.42,0.05233397334814072,-0.008663354441523552,0.1704999953508377,0.18084785342216492,0.30593836307525635,0.4095679223537445,-0.010985597968101501,0.48674947023391724
3,random_curve,0.44,0.06074751913547516,-0.010125496424734592,0.1704999953508377,0.17928187549114227,0.30593836307525635,0.42384251952171326,-0.01292414590716362,0.47684597969055176
3,random_curve,0.46,0.06917731463909149,-0.010709944181144238,0.1704999953508377,0.17460273206233978,0.30593836307525635,0.4165756404399872,-0.01381077989935875,0.510623037815094
3,random_curve,0.48,0.07774649560451508,-0.010478784330189228,0.1704999953508377,0.1685674786567688,0.30593836307525635,0.44304460287094116,-0.013887334614992142,0.55885249376297
3,random_curve,0.5,0.08723717927932739,-0.009798017330467701,0.1704999953508377,0.16282159090042114,0.30593836307525635,0.5169976949691772,-0.013547645881772041,0.59039705991745
3,random_curve,0.52,0.09830757230520248,-0.007893446832895279,0.1704999953508377,0.1578427106142044,0.30593836307525635,0.6043491959571838,-0.012041641399264336,0.6174458265304565
3,random_curve,0.54,0.11179377883672714,-0.0048830583691596985,0.1704999953508377,0.15303799510002136,0.30593836307525635,0.7378479242324829,-0.009596236050128937,0.6474992036819458
3,random_curve,0.56,0.12743647396564484,-0.0009539840975776315,0.1704999953508377,0.1483602672815323,0.30593836307525635,0.810838520526886,-0.00608484772965312,0.6239063739776611
3,random_curve,0.58,0.14411117136478424,0.00195485376752913,0.1704999953508377,0.14355091750621796,0.30593836307525635,0.855639636516571,-0.00381631962954998,0.5803509950637817
3,random_curve,0.6,0.16029109060764313,0.002900463994592428,0.1704999953508377,0.1396089643239975,0.30593836307525635,0.7446744441986084,-0.003103329334408045,0.5050587058067322
3,random_curve,0.62,0.17428100109100342,0.002688429784029722,0.1704999953508377,0.13940231502056122,0.30593836307525635,0.6712673902511597,-0.0035163916181772947,0.4299541711807251
3,random_curve,0.64,0.1868622601032257,-0.0003531437832862139,0.1704999953508377,0.14105087518692017,0.30593836307525635,0.6046736836433411,-0.006937351077795029,0.45701849460601807
3,random_curve,0.66,0.19894734025001526,-0.005562338978052139,0.1704999953508377,0.14533387124538422,0.30593836307525635,0.6232227087020874,-0.012137919664382935,0.5297561287879944
3,random_curve,0.68,0.21171626448631287,-0.011452309787273407,0.1704999953508377,0.15099814534187317,0.30593836307525635,0.6293820738792419,-0.018018774688243866,0.538120687007904
3,random_curve,0.7000000000000001,0.22335244715213776,-0.016163725405931473,0.1704999953508377,0.1559101641178131,0.30593836307525635,0.5455465912818909,-0.023013878613710403,0.5097895860671997
3,random_curve,0.72,0.23362383246421814,-0.01823052018880844,0.1704999953508377,0.16006004810333252,0.30593836307525635,0.5007579922676086,-0.024890439584851265,0.5430868864059448
3,random_curve,0.74,0.24418388307094574,-0.01921384036540985,0.1704999953508377,0.16466078162193298,0.30593836307525635,0.57137531042099,-0.025678375735878944,0.6519538164138794
3,random_curve,0.76,0.25680384039878845,-0.019934095442295074,0.1704999953508377,0.16953763365745544,0.30593836307525635,0.6701210141181946,-0.026165209710597992,0.6933558583259583
3,random_curve,0.78,0.27064675092697144,-0.020514430478215218,0.1704999953508377,0.17371487617492676,0.30593836307525635,0.7106370329856873,-0.026663823053240776,0.7022261619567871
3,random_curve,0.8,0.2852613627910614,-0.020977431908249855,0.1704999953508377,0.17660337686538696,0.30593836307525635,0.7436364889144897,-0.026560120284557343,0.6741554141044617
3,random_curve,0.8200000000000001,0.3008728325366974,-0.02225583791732788,0.1704999953508377,0.17779292166233063,0.30593836307525635,0.7995367050170898,-0.02763344533741474,0.6118984818458557
3,random_curve,0.84,0.3164338171482086,-0.023852527141571045,0.1704999953508377,0.17576514184474945,0.30593836307525635,0.7645769715309143,-0.028273655101656914,0.52492356300354
3,random_curve,0.86,0.3310854732990265,-0.025644587352871895,0.1704999953508377,0.1705627739429474,0.30593836307525635,0.7058476209640503,-0.02916458249092102,0.45991086959838867
3,random_curve,0.88,0.34431958198547363,-0.028234975412487984,0.1704999953508377,0.16517314314842224,0.30593836307525635,0.6545252799987793,-0.0312691293656826,0.43035516142845154
3,random_curve,0.9,0.357317715883255,-0.03130123019218445,0.1704999953508377,0.16125255823135376,0.30593836307525635,0.6799830794334412,-0.033209167420864105,0.479316771030426
3,random_curve,0.92,0.371323823928833,-0.03532034531235695,0.1704999953508377,0.15882724523544312,0.30593836307525635,0.7494083046913147,-0.03601209819316864,0.5049430131912231
3,random_curve,0.9400000000000001,0.3865118622779846,-0.04063638299703598,0.1704999953508377,0.15702639520168304,0.30593836307525635,0.8124289512634277,-0.04025733470916748,0.498858243227005
3,random_curve,0.96,0.4018038511276245,-0.045801691710948944,0.1704999953508377,0.15715435147285461,0.30593836307525635,0.7721193432807922,-0.043678395450115204,0.4886522889137268
3,random_curve,0.98,0.41727423667907715,-0.05090280994772911,0.1704999953508377,0.15898077189922333,0.30593836307525635,0.8322961330413818,-0.047484323382377625,0.46863454580307007
3,random_curve,1.0,0.4338952600955963,-0.05693736672401428,0.1704999953508377,0.1601599156856537,0.30593836307525635,0.8654642701148987,-0.05114271491765976,0.5114027261734009
3,random_curve,1.02,0.44970443844795227,-0.0629238560795784,0.1704999953508377,0.1594328135251999,0.30593836307525635,0.7950091361999512,-0.054866693913936615,0.5214461088180542
3,random_curve,1.04,0.46455642580986023,-0.06741750985383987,0.1704999953508377,0.1566631942987442,0.30593836307525635,0.7463644742965698,-0.05743888020515442,0.5093891620635986
3,random_curve,1.06,0.4790341556072235,-0.07087568938732147,0.1704999953508377,0.15280689299106598,0.30593836307525635,0.7458744645118713,-0.05841819941997528,0.5274868607521057
3,random_curve,1.08,0.49348244071006775,-0.07334890961647034,0.1704999953508377,0.1493796408176422,0.30593836307525635,0.7328521609306335,-0.058905355632305145,0.5534400343894958
3,random_curve,1.1,0.5084460973739624,-0.07421804964542389,0.1704999953508377,0.1474846750497818,0.30593836307525635,0.7468560338020325,-0.05681280046701431,0.6157485842704773
3,random_curve,1.12,0.5239729881286621,-0.07419644296169281,0.1704999953508377,0.1468336135149002,0.30593836307525635,0.7756916284561157,-0.05373607203364372,0.6537867188453674
3,random_curve,1.1400000000000001,0.5405033826828003,-0.0744359940290451,0.1704999953508377,0.14753316342830658,0.30593836307525635,0.8509305119514465,-0.050984494388103485,0.6332046985626221
3,random_curve,1.16,0.558819591999054,-0.07481513917446136,0.1704999953508377,0.14909209311008453,0.30593836307525635,0.9336449503898621,-0.047216106206178665,0.5803651213645935
3,random_curve,1.18,0.5785701274871826,-0.07429147511720657,0.1704999953508377,0.15044598281383514,0.30593836307525635,0.9582213163375854,-0.042588550597429276,0.5623008608818054
3,random_curve,1.2,0.5978227853775024,-0.07321181148290634,0.1704999953508377,0.15162363648414612,0.30593836307525635,0.8686425089836121,-0.03663918003439903,0.556092381477356
3,random_curve,1.22,0.6157892346382141,-0.0732114240527153,0.1704999953508377,0.15280355513095856,0.30593836307525635,0.8381174206733704,-0.03253449872136116,0.5424371957778931
3,random_curve,1.24,0.63230299949646,-0.07444823533296585,0.1704999953508377,0.15291769802570343,0.30593836307525635,0.7860499620437622,-0.029046114534139633,0.5057647228240967
3,random_curve,1.26,0.6474446058273315,-0.07708284258842468,0.1704999953508377,0.15239322185516357,0.30593836307525635,0.7469092607498169,-0.027286779135465622,0.4833690822124481
3,random_curve,1.28,0.6612100005149841,-0.08136962354183197,0.1704999953508377,0.15132102370262146,0.30593836307525635,0.7101122736930847,-0.02781902253627777,0.46079450845718384
3,random_curve,1.3,0.6742566823959351,-0.08681034296751022,0.1704999953508377,0.14992931485176086,0.30593836307525635,0.721871018409729,-0.02894083596765995,0.4563201069831848
3,random_curve,1.32,0.6876716613769531,-0.09347500652074814,0.1704999953508377,0.14824658632278442,0.30593836307525635,0.776159405708313,-0.03111179731786251,0.461929589509964
3,random_curve,1.34,0.7018613219261169,-0.10017839819192886,0.1704999953508377,0.14710555970668793,0.30593836307525635,0.7772449851036072,-0.03329511359333992,0.4720728397369385
3,random_curve,1.36,0.7158727049827576,-0.10618917644023895,0.1704999953508377,0.14685168862342834,0.30593836307525635,0.7375831007957458,-0.03423943743109703,0.44490471482276917
3,random_curve,1.3800000000000001,0.7296339869499207,-0.11189501732587814,0.1704999953508377,0.14733260869979858,0.30593836307525635,0.7511147856712341,-0.035488277673721313,0.49626898765563965
3,random_curve,1.4000000000000001,0.7433516383171082,-0.11716197431087494,0.1704999953508377,0.14822904765605927,0.30593836307525635,0.70895916223526,-0.03544432297348976,0.5039415955543518
3,random_curve,1.42,0.7559422254562378,-0.12085726857185364,0.1704999953508377,0.14805065095424652,0.30593836307525635,0.6088503003120422,-0.0343419685959816,0.515304684638977
3,random_curve,1.44,0.7676693201065063,-0.12290157377719879,0.1704999953508377,0.14676254987716675,0.30593836307525635,0.562301516532898,-0.03201202303171158,0.5284225940704346
3,random_curve,1.46,0.7795895934104919,-0.12416098266839981,0.1704999953508377,0.1450878530740738,0.30593836307525635,0.5836609601974487,-0.029136572033166885,0.5577313899993896
3,random_curve,1.48,0.7923027276992798,-0.12452718615531921,0.1704999953508377,0.1439531296491623,0.30593836307525635,0.5998695492744446,-0.024590060114860535,0.5860949754714966
3,random_curve,1.5,0.8060693740844727,-0.12449686974287033,0.1704999953508377,0.14351671934127808,0.30593836307525635,0.6558083891868591,-0.019272690638899803,0.6203203201293945
3,random_curve,1.52,0.8207009434700012,-0.12438110262155533,0.1704999953508377,0.14286035299301147,0.30593836307525635,0.668013870716095,-0.013891836628317833,0.6138241291046143
3,random_curve,1.54,0.8364243507385254,-0.12532544136047363,0.1704999953508377,0.14226743578910828,0.30593836307525635,0.7977672815322876,-0.008381461724638939,0.5994437336921692
3,random_curve,1.56,0.8538459539413452,-0.12773291766643524,0.1704999953508377,0.14228716492652893,0.30593836307525635,0.8613455295562744,-0.0035202419385313988,0.5391362309455872
3,random_curve,1.58,0.870735228061676,-0.13060887157917023,0.1704999953508377,0.1436903178691864,0.30593836307525635,0.7826423645019531,0.00047665415331721306,0.5298680067062378
3,random_curve,1.6,0.8851103782653809,-0.13370124995708466,0.1704999953508377,0.14599566161632538,0.30593836307525635,0.6641935110092163,0.0037795784883201122,0.541685163974762
3,random_curve,1.62,0.8979349732398987,-0.1377590149641037,0.1704999953508377,0.14783860743045807,0.30593836307525635,0.6534126400947571,0.005550162401050329,0.547725260257721
3,random_curve,1.6400000000000001,0.9095951914787292,-0.14225398004055023,0.1704999953508377,0.14838355779647827,0.30593836307525635,0.5883597135543823,0.006153872236609459,0.5288186073303223
3,random_curve,1.6600000000000001,0.9189046025276184,-0.1472683846950531,0.1704999953508377,0.148611918091774,0.30593836307525635,0.4846806526184082,0.005766615271568298,0.5122888684272766
3,random_curve,1.68,0.926102340221405,-0.15300720930099487,0.1704999953508377,0.1492827981710434,0.30593836307525635,0.41496938467025757,0.003796782111749053,0.5119006633758545
3,random_curve,1.7,0.9321404695510864,-0.15930239856243134,0.1704999953508377,0.14986345171928406,0.30593836307525635,0.40213608741760254,0.0008156369440257549,0.502170205116272
3,random_curve,1.72,0.937717854976654,-0.16581781208515167,0.1704999953508377,0.15005187690258026,0.30593836307525635,0.39572128653526306,-0.002566581591963768,0.47387707233428955
3,random_curve,1.74,0.9427692294120789,-0.17196208238601685,0.1704999953508377,0.14976336061954498,0.30593836307525635,0.35802823305130005,-0.00612147431820631,0.4391648471355438
3,random_curve,1.76,0.9478902220726013,-0.17751868069171906,0.1704999953508377,0.1494462937116623,0.30593836307525635,0.3577370047569275,-0.008726281113922596,0.4293926954269409
3,random_curve,1.78,0.9538543224334717,-0.18168334662914276,0.1704999953508377,0.14987464249134064,0.30593836307525635,0.34457722306251526,-0.009707754477858543,0.4349265992641449
3,random_curve,1.8,0.9602172374725342,-0.18451064825057983,0.1704999953508377,0.15106451511383057,0.30593836307525635,0.3514520525932312,-0.009317330084741116,0.3980979919433594
3,random_curve,1.82,0.9666756987571716,-0.1867184191942215,0.1704999953508377,0.15226997435092926,0.30593836307525635,0.3372734785079956,-0.008332113735377789,0.38575834035873413
3,random_curve,1.84,0.9734739661216736,-0.18868695199489594,0.1704999953508377,0.15391148626804352,0.30593836307525635,0.36673375964164734,-0.00697888620197773,0.43323439359664917
3,random_curve,1.86,0.9814461469650269,-0.19081373512744904,0.1704999953508377,0.15573959052562714,0.30593836307525635,0.43483224511146545,-0.0054931072518229485,0.4787123203277588
3,random_curve,1.8800000000000001,0.9911059141159058,-0.1931443214416504,0.1704999953508377,0.15698817372322083,0.30593836307525635,0.5046921372413635,-0.00301553588360548,0.5029290914535522
3,random_curve,1.9000000000000001,1.0013458728790283,-0.1954863965511322,0.1704999953508377,0.15696023404598236,0.30593836307525635,0.49441179633140564,-0.00027570518432185054,0.516950786113739
3,random_curve,1.92,1.01089608669281,-0.19729404151439667,0.1704999953508377,0.15546895563602448,0.30593836307525635,0.4503617584705353,0.0026121509727090597,0.5103157758712769
3,random_curve,1.94,1.0205425024032593,-0.19885140657424927,0.1704999953508377,0.15261158347129822,0.30593836307525635,0.45981425046920776,0.005766153335571289,0.5271313786506653
3,random_curve,1.96,1.030298113822937,-0.19999836385250092,0.1704999953508377,0.14943332970142365,0.30593836307525635,0.4496046304702759,0.00913996808230877,0.5354246497154236
3,random_curve,1.98,1.0405348539352417,-0.20058122277259827,0.1704999953508377,0.1470358967781067,0.30593836307525635,0.4626571238040924,0.01354398112744093,0.5861062407493591
3,random_curve,2.0,1.0515409708023071,-0.20169366896152496,0.1704999953508377,0.14550088346004486,0.30593836307525635,0.547787606716156,0.01785287633538246,0.6033454537391663
3,random_curve,2.02,1.0640090703964233,-0.2037200927734375,0.1704999953508377,0.14425796270370483,0.30593836307525635,0.6290478110313416,0.022062033414840698,0.5629106163978577
3,random_curve,2.04,1.0777714252471924,-0.20580488443374634,0.1704999953508377,0.14292465150356293,0.30593836307525635,0.6560586094856262,0.02667381800711155,0.5595347881317139
3,random_curve,2.06,1.0914727449417114,-0.20794309675693512,0.1704999953508377,0.14199817180633545,0.30593836307525635,0.6334492564201355,0.03150278702378273,0.5727102756500244
3,random_curve,2.08,1.10539710521698,-0.2114148586988449,0.1704999953508377,0.14189597964286804,0.30593836307525635,0.7429667115211487,0.03527720645070076,0.5534483194351196
3,random_curve,2.1,1.1194757223129272,-0.2163233757019043,0.1704999953508377,0.1422547698020935,0.30593836307525635,0.7126827836036682,0.037716686725616455,0.5038357377052307
3,random_curve,2.12,1.131961464881897,-0.22163787484169006,0.1704999953508377,0.14326301217079163,0.30593836307525635,0.6284093260765076,0.03927670791745186,0.5057909488677979
3,random_curve,2.14,1.1424715518951416,-0.22676150500774384,0.1704999953508377,0.144529789686203,0.30593836307525635,0.5335429906845093,0.04002498462796211,0.5134178996086121
3,random_curve,2.16,1.1518844366073608,-0.2322247326374054,0.1704999953508377,0.14557087421417236,0.30593836307525635,0.5480697154998779,0.03993523120880127,0.5231462121009827
3,random_curve,2.18,1.1608974933624268,-0.23753128945827484,0.1704999953508377,0.1458035558462143,0.30593836307525635,0.496258407831192,0.039684366434812546,0.49973270297050476
3,random_curve,2.2,1.168649435043335,-0.24297261238098145,0.1704999953508377,0.14535832405090332,0.30593836307525635,0.4463486075401306,0.03883494809269905,0.504512369632721
3,random_curve,2.22,1.1750271320343018,-0.2486598640680313,0.1704999953508377,0.14470277726650238,0.30593836307525635,0.3953566551208496,0.03708690404891968,0.4867092967033386
3,random_curve,2.24,1.181254506111145,-0.2544132173061371,0.1704999953508377,0.143669992685318,0.30593836307525635,0.4305795729160309,0.035206589847803116,0.4756963849067688
3,random_curve,2.2600000000000002,1.1875194311141968,-0.26079636812210083,0.1704999953508377,0.14199185371398926,0.30593836307525635,0.44236427545547485,0.03279914706945419,0.42973414063453674
3,random_curve,2.2800000000000002,1.1934175491333008,-0.26626333594322205,0.1704999953508377,0.14207202196121216,0.30593836307525635,0.38287270069122314,0.031002815812826157,0.39187079668045044
3,random_curve,2.3000000000000003,1.1987632513046265,-0.2713475823402405,0.1704999953508377,0.1429588794708252,0.30593836307525635,0.34220588207244873,0.029226770624518394,0.35444706678390503
3,random_curve,2.32,1.2040541172027588,-0.2756507396697998,0.1704999953508377,0.14533770084381104,0.30593836307525635,0.35111159086227417,0.02814943715929985,0.40817174315452576
3,random_curve,2.34,1.2100133895874023,-0.2799547612667084,0.1704999953508377,0.1488768458366394,0.30593836307525635,0.3887905478477478,0.027405893430113792,0.46294084191322327
3,random_curve,2.36,1.2168357372283936,-0.2845643162727356,0.1704999953508377,0.15214157104492188,0.30593836307525635,0.43251878023147583,0.026829805225133896,0.4701448082923889
3,random_curve,2.38,1.2246334552764893,-0.2896311283111572,0.1704999953508377,0.15438923239707947,0.30593836307525635,0.4761371314525604,0.026346024125814438,0.4637261927127838
3,random_curve,2.4,1.2327120304107666,-0.29423826932907104,0.1704999953508377,0.1554339975118637,0.30593836307525635,0.4475439190864563,0.026400765404105186,0.45429691672325134
3,random_curve,2.42,1.240140438079834,-0.2976934611797333,0.1704999953508377,0.15497955679893494,0.30593836307525635,0.38759416341781616,0.02713836170732975,0.46848422288894653
3,random_curve,2.44,1.2475887537002563,-0.2998172640800476,0.1704999953508377,0.15308354794979095,0.30593836307525635,0.36501771211624146,0.02902226336300373,0.4923810362815857
3,random_curve,2.46,1.255491852760315,-0.30137544870376587,0.1704999953508377,0.15072239935398102,0.30593836307525635,0.39269304275512695,0.03162338212132454,0.5629706382751465
3,random_curve,2.48,1.2641901969909668,-0.30372458696365356,0.1704999953508377,0.14868029952049255,0.30593836307525635,0.47526901960372925,0.0339369922876358,0.5914161205291748
3,random_curve,2.5,1.2741758823394775,-0.3067076504230499,0.1704999953508377,0.14667430520057678,0.30593836307525635,0.5335139036178589,0.036345094442367554,0.575625479221344
3,random_curve,2.52,1.2850884199142456,-0.3096167743206024,0.1704999953508377,0.14460450410842896,0.30593836307525635,0.5402398705482483,0.03933797404170036,0.571171224117279
3,random_curve,2.54,1.2953476905822754,-0.31226637959480286,0.1704999953508377,0.1432318240404129,0.30593836307525635,0.47690731287002563,0.042136579751968384,0.571269690990448
3,random_curve,2.56,1.3047151565551758,-0.31579291820526123,0.1704999953508377,0.1424301117658615,0.30593836307525635,0.5079076290130615,0.043731026351451874,0.5487998723983765
3,random_curve,2.58,1.3137162923812866,-0.32086530327796936,0.1704999953508377,0.1423652619123459,0.30593836307525635,0.5177238583564758,0.04380195587873459,0.5128849744796753
3,random_curve,2.6,1.3217089176177979,-0.3265671133995056,0.1704999953508377,0.14295777678489685,0.30593836307525635,0.45338356494903564,0.042964719235897064,0.5044109225273132
3,random_curve,2.62,1.327640175819397,-0.33222636580467224,0.1704999953508377,0.1438910812139511,0.30593836307525635,0.345297247171402,0.04095153510570526,0.51235032081604
3,random_curve,2.64,1.332151174545288,-0.3380540609359741,0.1704999953508377,0.1448073834180832,0.30593836307525635,0.328196257352829,0.038093581795692444,0.504514217376709
3,random_curve,2.66,1.3363362550735474,-0.3432144522666931,0.1704999953508377,0.14489154517650604,0.30593836307525635,0.2918090522289276,0.03565656766295433,0.4813337028026581
3,random_curve,2.68,1.3398336172103882,-0.3480530083179474,0.1704999953508377,0.14442338049411774,0.30593836307525635,0.2539244294166565,0.03316180780529976,0.4743139147758484
3,random_curve,2.7,1.3426451683044434,-0.352141410112381,0.1704999953508377,0.1439480036497116,0.30593836307525635,0.1935460865497589,0.030983254313468933,0.469687283039093
3,random_curve,2.72,1.345798373222351,-0.35482335090637207,0.1704999953508377,0.14408764243125916,0.30593836307525635,0.2102338969707489,0.030197469517588615,0.47091713547706604
3,random_curve,2.74,1.3491806983947754,-0.3566747307777405,0.1704999953508377,0.14475157856941223,0.30593836307525635,0.18508364260196686,0.030247613787651062,0.460201621055603
3,random_curve,2.7600000000000002,1.3519158363342285,-0.3585626482963562,0.1704999953508377,0.14517836272716522,0.30593836307525635,0.15667842328548431,0.029947835952043533,0.44812408089637756
3,random_curve,2.7800000000000002,1.3540877103805542,-0.3601091206073761,0.1704999953508377,0.14561481773853302,0.30593836307525635,0.12903302907943726,0.02966856211423874,0.422093003988266
3,random_curve,2.8000000000000003,1.3563928604125977,-0.36154988408088684,0.1704999953508377,0.1466100662946701,0.30593836307525635,0.15124937891960144,0.02973407693207264,0.44085919857025146
3,random_curve,2.82,1.3588159084320068,-0.36325502395629883,0.1704999953508377,0.14875613152980804,0.30593836307525635,0.14957202970981598,0.029413403943181038,0.44698917865753174
3,random_curve,2.84,1.3611996173858643,-0.365276962518692,0.1704999953508377,0.1508445292711258,0.30593836307525635,0.15759265422821045,0.028796419501304626,0.45197153091430664
3,random_curve,2.86,1.3636354207992554,-0.3675595223903656,0.1704999953508377,0.15242549777030945,0.30593836307525635,0.17374184727668762,0.027976511046290398,0.4732389748096466
3,random_curve,2.88,1.3666845560073853,-0.3703346848487854,0.1704999953508377,0.15382419526576996,0.30593836307525635,0.2153247892856598,0.027022048830986023,0.5008590221405029
3,random_curve,2.9,1.3700323104858398,-0.3727145195007324,0.1704999953508377,0.15383410453796387,0.30593836307525635,0.19099102914333344,0.02655802294611931,0.5062381625175476
3,random_curve,2.92,1.37294602394104,-0.3743589520454407,0.1704999953508377,0.152069091796875,0.30593836307525635,0.15414473414421082,0.026527779176831245,0.5174821615219116
3,random_curve,2.94,1.3749885559082031,-0.37638479471206665,0.1704999953508377,0.14914092421531677,0.30593836307525635,0.13155964016914368,0.02574237994849682,0.5491662621498108
3,random_curve,2.96,1.3776881694793701,-0.3784789443016052,0.1704999953508377,0.14590847492218018,0.30593836307525635,0.19856750965118408,0.025214964523911476,0.5697094798088074
3,random_curve,2.98,1.3814899921417236,-0.3805181384086609,0.1704999953508377,0.14255981147289276,0.30593836307525635,0.23175938427448273,0.025268690660595894,0.5830575823783875
3,random_curve,3.0,1.3862782716751099,-0.3824506998062134,0.1704999953508377,0.13917797803878784,0.30593836307525635,0.26523950695991516,0.02589280903339386,0.5893152952194214
3,random_curve,3.02,1.3912922143936157,-0.3841167092323303,0.1704999953508377,0.136876180768013,0.30593836307525635,0.24243760108947754,0.02685936912894249,0.5891352295875549
3,random_curve,3.04,1.3963152170181274,-0.38650253415107727,0.1704999953508377,0.13582979142665863,0.30593836307525635,0.3060210049152374,0.027428165078163147,0.5855086445808411
3,random_curve,3.06,1.4017313718795776,-0.39015957713127136,0.1704999953508377,0.13584594428539276,0.30593836307525635,0.3356844186782837,0.026768798008561134,0.5565667748451233
3,random_curve,3.08,1.4070013761520386,-0.3943674862384796,0.1704999953508377,0.13687020540237427,0.30593836307525635,0.3235621154308319,0.025554969906806946,0.5456429123878479
3,random_curve,3.1,1.411644697189331,-0.3984569311141968,0.1704999953508377,0.13867628574371338,0.30593836307525635,0.27582889795303345,0.024149015545845032,0.5433341264724731
3,random_curve,3.12,1.4160281419754028,-0.4026878774166107,0.1704999953508377,0.14074639976024628,0.30593836307525635,0.3043464422225952,0.022495444864034653,0.5364222526550293
3,random_curve,3.14,1.4205576181411743,-0.40709084272384644,0.1704999953508377,0.14263570308685303,0.30593836307525635,0.2998945713043213,0.02075941488146782,0.5073105096817017
3,random_curve,3.16,1.4248347282409668,-0.4113657474517822,0.1704999953508377,0.1438508927822113,0.30593836307525635,0.2779480516910553,0.0190168097615242,0.4843233525753021
3,random_curve,3.18,1.428423523902893,-0.4152488708496094,0.1704999953508377,0.14415639638900757,0.30593836307525635,0.23106691241264343,0.017626173794269562,0.46239715814590454
3,random_curve,3.2,1.4320495128631592,-0.41826751828193665,0.1704999953508377,0.1443793773651123,0.30593836307525635,0.21987341344356537,0.01661345176398754,0.45849600434303284
3,random_curve,3.22,1.4356893301010132,-0.42015233635902405,0.1704999953508377,0.14510884881019592,0.30593836307525635,0.20277026295661926,0.016613880172371864,0.45120948553085327
3,random_curve,3.24,1.439011812210083,-0.42179128527641296,0.1704999953508377,0.14564773440361023,0.30593836307525635,0.18312489986419678,0.01668667607009411,0.4346572160720825
3,random_curve,3.2600000000000002,1.442462682723999,-0.42325127124786377,0.1704999953508377,0.14635193347930908,0.30593836307525635,0.19287651777267456,0.01697743497788906,0.4228048622608185
3,random_curve,3.2800000000000002,1.4463025331497192,-0.4246082007884979,0.1704999953508377,0.14805811643600464,0.30593836307525635,0.23322467505931854,0.017538603395223618,0.4370579421520233
3,random_curve,3.3000000000000003,1.4512584209442139,-0.4266548752784729,0.1704999953508377,0.14999215304851532,0.30593836307525635,0.3074629604816437,0.018000612035393715,0.4666295051574707
3,random_curve,3.3200000000000003,1.457680106163025,-0.4291943311691284,0.1704999953508377,0.15153950452804565,0.30593836307525635,0.3859201669692993,0.018699215725064278,0.4609859585762024
3,random_curve,3.34,1.4654040336608887,-0.43225494027137756,0.1704999953508377,0.15267755091190338,0.30593836307525635,0.4326038062572479,0.019533999264240265,0.4463987350463867
3,random_curve,3.36,1.4734858274459839,-0.43542879819869995,0.1704999953508377,0.15226271748542786,0.30593836307525635,0.42916396260261536,0.020750749856233597,0.4229888319969177
3,random_curve,3.38,1.48085355758667,-0.4377151131629944,0.1704999953508377,0.15031281113624573,0.30593836307525635,0.36091148853302,0.021972907707095146,0.47628137469291687
3,random_curve,3.4,1.4885027408599854,-0.4391646087169647,0.1704999953508377,0.14768831431865692,0.30593836307525635,0.3900749385356903,0.024069849401712418,0.5028993487358093
3,random_curve,3.42,1.4969221353530884,-0.44004157185554504,0.1704999953508377,0.14449691772460938,0.30593836307525635,0.4004460573196411,0.0270217414945364,0.5386724472045898
3,random_curve,3.44,1.5058857202529907,-0.4414982497692108,0.1704999953508377,0.14133092761039734,0.30593836307525635,0.46430692076683044,0.02969576045870781,0.5877348780632019
3,random_curve,3.46,1.5159484148025513,-0.44316282868385315,0.1704999953508377,0.13842298090457916,0.30593836307525635,0.5011476874351501,0.03309891000390053,0.5806397795677185
3,random_curve,3.48,1.526197075843811,-0.44468390941619873,0.1704999953508377,0.13588643074035645,0.30593836307525635,0.477352112531662,0.0360780768096447,0.5830479264259338
3,random_curve,3.5,1.535265326499939,-0.4461721181869507,0.1704999953508377,0.13446569442749023,0.30593836307525635,0.39941853284835815,0.03858528286218643,0.5842594504356384
3,random_curve,3.52,1.543326497077942,-0.44874173402786255,0.1704999953508377,0.13435205817222595,0.30593836307525635,0.4263647794723511,0.03968558460474014,0.5708436965942383
3,random_curve,3.54,1.550512433052063,-0.4528560936450958,0.1704999953508377,0.1353299468755722,0.30593836307525635,0.39352089166641235,0.03901561349630356,0.5350455641746521
3,random_curve,3.56,1.556174635887146,-0.45739710330963135,0.1704999953508377,0.13720905780792236,0.30593836307525635,0.3129035234451294,0.03782482445240021,0.5195797085762024
3,random_curve,3.58,1.5601216554641724,-0.46193671226501465,0.1704999953508377,0.13967178761959076,0.30593836307525635,0.23728324472904205,0.03526144474744797,0.5154234766960144
3,random_curve,3.6,1.5631086826324463,-0.46665292978286743,0.1704999953508377,0.1420755237340927,0.30593836307525635,0.22865423560142517,0.03214946389198303,0.514720618724823
3,random_curve,3.62,1.5660922527313232,-0.4713054895401001,0.1704999953508377,0.14403429627418518,0.30593836307525635,0.22707393765449524,0.02909434773027897,0.5045245885848999
3,random_curve,3.64,1.5687116384506226,-0.4754229485988617,0.1704999953508377,0.14578337967395782,0.30593836307525635,0.1861577033996582,0.026382124051451683,0.4957188665866852
3,random_curve,3.66,1.570781946182251,-0.47935593128204346,0.1704999953508377,0.14699816703796387,0.30593836307525635,0.16232171654701233,0.023617388680577278,0.48945125937461853
3,random_curve,3.68,1.5730209350585938,-0.4835565984249115,0.1704999953508377,0.14729557931423187,0.30593836307525635,0.20367677509784698,0.02067567966878414,0.4803650677204132
3,random_curve,3.7,1.5755122900009155,-0.48775941133499146,0.1704999953508377,0.14663363993167877,0.30593836307525635,0.19415909051895142,0.017833733931183815,0.4521872401237488
3,random_curve,3.72,1.577926754951477,-0.4916239082813263,0.1704999953508377,0.14527007937431335,0.30593836307525635,0.18419775366783142,0.015270406380295753,0.45694276690483093
3,random_curve,3.74,1.5804121494293213,-0.49397045373916626,0.1704999953508377,0.14425629377365112,0.30593836307525635,0.1369362771511078,0.014124829322099686,0.448993444442749
3,random_curve,3.7600000000000002,1.5835647583007812,-0.4950528144836426,0.1704999953508377,0.14444424211978912,0.30593836307525635,0.19330860674381256,0.014405133202672005,0.4453759789466858
3,random_curve,3.7800000000000002,1.5874100923538208,-0.4962150454521179,0.1704999953508377,0.1449386030435562,0.30593836307525635,0.20510390400886536,0.015438652597367764,0.42185741662979126
3,random_curve,3.8000000000000003,1.5913076400756836,-0.497170090675354,0.1704999953508377,0.14597071707248688,0.30593836307525635,0.209153413772583,0.016028016805648804,0.3959008753299713
3,random_curve,3.8200000000000003,1.5948481559753418,-0.49841856956481934,0.1704999953508377,0.1472422480583191,0.30593836307525635,0.17807537317276,0.01621074415743351,0.40805917978286743
3,random_curve,3.84,1.5981382131576538,-0.49989160895347595,0.1704999953508377,0.14919137954711914,0.30593836307525635,0.1985604166984558,0.016090888530015945,0.4288230240345001
3,random_curve,3.86,1.6019871234893799,-0.502117395401001,0.1704999953508377,0.15218298137187958,0.30593836307525635,0.2391628623008728,0.015485437586903572,0.4520131051540375
3,random_curve,3.88,1.6060864925384521,-0.5040590167045593,0.1704999953508377,0.15526138246059418,0.30593836307525635,0.22665172815322876,0.015237751416862011,0.41845834255218506
3,random_curve,3.9,1.6104663610458374,-0.5062952041625977,0.1704999953508377,0.15684820711612701,0.30593836307525635,0.26198485493659973,0.014823407866060734,0.44290125370025635
3,random_curve,3.92,1.6149076223373413,-0.507766842842102,0.1704999953508377,0.15715369582176208,0.30593836307525635,0.21768207848072052,0.015140078961849213,0.4445362091064453
3,random_curve,3.94,1.61911141872406,-0.5084977746009827,0.1704999953508377,0.15609966218471527,0.30593836307525635,0.2025117725133896,0.01605270430445671,0.4474284052848816
3,random_curve,3.96,1.623227596282959,-0.5088555216789246,0.1704999953508377,0.15361809730529785,0.30593836307525635,0.2099381685256958,0.017277689650654793,0.4528845548629761
3,random_curve,3.98,1.6277505159378052,-0.5083338022232056,0.1704999953508377,0.15064169466495514,0.30593836307525635,0.21053142845630646,0.020103314891457558,0.4805109202861786
3,random_curve,4.0,1.6331303119659424,-0.5073438882827759,0.1704999953508377,0.14777100086212158,0.30593836307525635,0.27404752373695374,0.02291279286146164,0.5622397661209106
3,random_curve,4.0200000000000005,1.640446424484253,-0.5071578621864319,0.1704999953508377,0.14519992470741272,0.30593836307525635,0.3937053382396698,0.02564660832285881,0.5998212695121765
3,random_curve,4.04,1.6496765613555908,-0.5076207518577576,0.1704999953508377,0.14260435104370117,0.30593836307525635,0.465946227312088,0.02844213880598545,0.569072961807251
3,random_curve,4.0600000000000005,1.6602190732955933,-0.5080779790878296,0.1704999953508377,0.1409657746553421,0.30593836307525635,0.5280242562294006,0.031702104955911636,0.5409088134765625
3,random_curve,4.08,1.672676682472229,-0.5085196495056152,0.1704999953508377,0.14029698073863983,0.30593836307525635,0.6254065036773682,0.03633081167936325,0.5083839893341064
3,random_curve,4.1,1.6854588985443115,-0.50873202085495,0.1704999953508377,0.1387232542037964,0.30593836307525635,0.5960225462913513,0.04019993171095848,0.48850762844085693
3,random_curve,4.12,1.6967880725860596,-0.5093386769294739,0.1704999953508377,0.13687598705291748,0.30593836307525635,0.4909842908382416,0.04323258250951767,0.4604305922985077
3,random_curve,4.14,1.7057541608810425,-0.5106835961341858,0.1704999953508377,0.13622257113456726,0.30593836307525635,0.4162553548812866,0.0448128841817379,0.41772082448005676
3,random_curve,4.16,1.7132011651992798,-0.5131701231002808,0.1704999953508377,0.1375364512205124,0.30593836307525635,0.4101013243198395,0.04482726752758026,0.4124354422092438
3,random_curve,4.18,1.7214123010635376,-0.5174751877784729,0.1704999953508377,0.1406480222940445,0.30593836307525635,0.5117153525352478,0.043806396424770355,0.42153677344322205
3,random_curve,4.2,1.7312166690826416,-0.5237953066825867,0.1704999953508377,0.14481550455093384,0.30593836307525635,0.6101239919662476,0.04052970930933952,0.40915584564208984
3,random_curve,4.22,1.741838812828064,-0.5311164855957031,0.1704999953508377,0.14983348548412323,0.30593836307525635,0.6268026828765869,0.03652530908584595,0.459135502576828
3,random_curve,4.24,1.7535029649734497,-0.5387495160102844,0.1704999953508377,0.1549321413040161,0.30593836307525635,0.6675528287887573,0.03313222900032997,0.46118444204330444
3,random_curve,4.26,1.7646656036376953,-0.5459743738174438,0.1704999953508377,0.15924793481826782,0.30593836307525635,0.596015453338623,0.02887946180999279,0.4278455674648285
3,random_curve,4.28,1.7745850086212158,-0.5507945418357849,0.1704999953508377,0.16299203038215637,0.30593836307525635,0.4951452612876892,0.02665107510983944,0.39563196897506714
3,random_curve,4.3,1.7840172052383423,-0.5534950494766235,0.1704999953508377,0.16695049405097961,0.30593836307525635,0.48982834815979004,0.02635703794658184,0.46706268191337585
3,random_curve,4.32,1.793853998184204,-0.5550402998924255,0.1704999953508377,0.1721566915512085,0.30593836307525635,0.510934054851532,0.0278092660009861,0.538279116153717
3,random_curve,4.34,1.804760456085205,-0.5553449392318726,0.1704999953508377,0.17809171974658966,0.30593836307525635,0.565562903881073,0.029756968840956688,0.5463330745697021
3,random_curve,4.36,1.817090392112732,-0.5546585321426392,0.1704999953508377,0.1837032586336136,0.30593836307525635,0.6194584369659424,0.032967597246170044,0.5416918992996216
3,random_curve,4.38,1.83062744140625,-0.5535587072372437,0.1704999953508377,0.18744611740112305,0.30593836307525635,0.6742876172065735,0.037552427500486374,0.5280378460884094
3,random_curve,4.4,1.84502375125885,-0.5533322691917419,0.1704999953508377,0.18825826048851013,0.30593836307525635,0.7203000783920288,0.04012267291545868,0.48976653814315796
3,random_curve,4.42,1.859341025352478,-0.5539085865020752,0.1704999953508377,0.18607109785079956,0.30593836307525635,0.6862019896507263,0.04188801720738411,0.4294280707836151
3,random_curve,4.44,1.8723759651184082,-0.5548812747001648,0.1704999953508377,0.18223541975021362,0.30593836307525635,0.621026873588562,0.043682973831892014,0.39580038189888
3,random_curve,4.46,1.8839898109436035,-0.5565073490142822,0.1704999953508377,0.17841321229934692,0.30593836307525635,0.5563313364982605,0.043439045548439026,0.3703119456768036
3,random_curve,4.48,1.8946133852005005,-0.5585873126983643,0.1704999953508377,0.175480455160141,0.30593836307525635,0.5262681841850281,0.042627520859241486,0.3332091271877289
3,random_curve,4.5,1.9044870138168335,-0.5609966516494751,0.1704999953508377,0.1732996702194214,0.30593836307525635,0.49661943316459656,0.04140040650963783,0.3160143196582794
3,random_curve,4.5200000000000005,1.9139565229415894,-0.5642552971839905,0.1704999953508377,0.1711764931678772,0.30593836307525635,0.4853874742984772,0.0397421233355999,0.2954239845275879
3,random_curve,4.54,1.9232019186019897,-0.5687744617462158,0.1704999953508377,0.16845935583114624,0.30593836307525635,0.4746493101119995,0.03589530289173126,0.2757433354854584
3,random_curve,4.5600000000000005,1.9322595596313477,-0.5736905336380005,0.1704999953508377,0.16580428183078766,0.30593836307525635,0.4728035628795624,0.03163916990160942,0.2720063328742981
3,random_curve,4.58,1.9408323764801025,-0.57839435338974,0.1704999953508377,0.16389206051826477,0.30593836307525635,0.3827614188194275,0.027560098096728325,0.27025696635246277
3,random_curve,4.6000000000000005,1.9469820261001587,-0.581738293170929,0.1704999953508377,0.16397236287593842,0.30593836307525635,0.26342105865478516,0.025341344997286797,0.28242743015289307
3,random_curve,4.62,1.9516847133636475,-0.5849267840385437,0.1704999953508377,0.16380169987678528,0.30593836307525635,0.2138771116733551,0.0222663264721632,0.3348871171474457
3,random_curve,4.64,1.955765962600708,-0.5883764028549194,0.1704999953508377,0.1635189950466156,0.30593836307525635,0.2045528143644333,0.01891537941992283,0.38985735177993774
3,random_curve,4.66,1.9598013162612915,-0.5914736986160278,0.1704999953508377,0.16379636526107788,0.30593836307525635,0.20218084752559662,0.015915555879473686,0.4097077548503876
3,random_curve,4.68,1.96341073513031,-0.5936231017112732,0.1704999953508377,0.16437725722789764,0.30593836307525635,0.16619983315467834,0.013853158801794052,0.4109181761741638
3,random_curve,4.7,1.9673638343811035,-0.5951911807060242,0.1704999953508377,0.16450585424900055,0.30593836307525635,0.22592756152153015,0.012380145490169525,0.4157567620277405
3,random_curve,4.72,1.97163987159729,-0.5956559777259827,0.1704999953508377,0.16417542099952698,0.30593836307525635,0.20743030309677124,0.012017827481031418,0.4166523218154907
3,random_curve,4.74,1.9759265184402466,-0.5945395231246948,0.1704999953508377,0.16350118815898895,0.30593836307525635,0.21616849303245544,0.013236562721431255,0.40106475353240967
3,random_curve,4.76,1.980076789855957,-0.5922412276268005,0.1704999953508377,0.16201578080654144,0.30593836307525635,0.2087874859571457,0.015633536502718925,0.41903597116470337
3,random_curve,4.78,1.9849666357040405,-0.5899895429611206,0.1704999953508377,0.1598052829504013,0.30593836307525635,0.28431418538093567,0.01872125454246998,0.4693762958049774
3,random_curve,4.8,1.9912952184677124,-0.5878274440765381,0.1704999953508377,0.15739929676055908,0.30593836307525635,0.3533996045589447,0.020731261000037193,0.49971243739128113
3,random_curve,4.82,1.9989718198776245,-0.5854760408401489,0.1704999953508377,0.15510767698287964,0.30593836307525635,0.4115810692310333,0.022898251190781593,0.5273878574371338
3,random_curve,4.84,2.0076160430908203,-0.5830349922180176,0.1704999953508377,0.15266864001750946,0.30593836307525635,0.4424758851528168,0.025131702423095703,0.5102089643478394
3,random_curve,4.86,2.0170414447784424,-0.5813794732093811,0.1704999953508377,0.15035302937030792,0.30593836307525635,0.49338728189468384,0.026561152189970016,0.49698778986930847
3,random_curve,4.88,2.027158737182617,-0.5807702541351318,0.1704999953508377,0.1483653485774994,0.30593836307525635,0.5128011107444763,0.02747800573706627,0.47067421674728394
3,random_curve,4.9,2.0374252796173096,-0.580902636051178,0.1704999953508377,0.14650678634643555,0.30593836307525635,0.5028063058853149,0.026612190529704094,0.47693899273872375
3,random_curve,4.92,2.0471224784851074,-0.5812679529190063,0.1704999953508377,0.14515694975852966,0.30593836307525635,0.4544796645641327,0.025554729625582695,0.46502989530563354
3,random_curve,4.94,2.0562355518341064,-0.5825338363647461,0.1704999953508377,0.1444196254014969,0.30593836307525635,0.4360882341861725,0.02364075370132923,0.44325369596481323
3,random_curve,4.96,2.063697338104248,-0.5842393636703491,0.1704999953508377,0.14618395268917084,0.30593836307525635,0.32305559515953064,0.022075332701206207,0.4151926636695862
3,random_curve,4.98,2.0698606967926025,-0.5862340331077576,0.1704999953508377,0.14934058487415314,0.30593836307525635,0.2726146876811981,0.019367149099707603,0.38379988074302673
3,random_curve,5.0,2.074894905090332,-0.5882036089897156,0.1704999953508377,0.15346229076385498,0.30593836307525635,0.21850483119487762,0.016817158088088036,0.4010557234287262
3,random_curve,5.0200000000000005,2.0797622203826904,-0.5900967717170715,0.1704999953508377,0.15868909657001495,0.30593836307525635,0.24996957182884216,0.014362742193043232,0.4114716947078705
3,random_curve,5.04,2.0854015350341797,-0.5918573141098022,0.1704999953508377,0.1647311896085739,0.30593836307525635,0.29167070984840393,0.011948901228606701,0.38207563757896423
3,random_curve,5.0600000000000005,2.0920026302337646,-0.5932788252830505,0.1704999953508377,0.1699560135602951,0.30593836307525635,0.34529897570610046,0.009758204221725464,0.3657427728176117
3,random_curve,5.08,2.0992212295532227,-0.5942989587783813,0.1704999953508377,0.17317019402980804,0.30593836307525635,0.3478422462940216,0.008793000131845474,0.3467308580875397
3,random_curve,5.1000000000000005,2.1065621376037598,-0.595058023929596,0.1704999953508377,0.1742294579744339,0.30593836307525635,0.3570811152458191,0.0068473960272967815,0.3289537727832794
3,random_curve,5.12,2.1137607097625732,-0.5953993201255798,0.1704999953508377,0.17337676882743835,0.30593836307525635,0.36325329542160034,0.005337175913155079,0.34529629349708557
3,random_curve,5.14,2.121398448944092,-0.5948058366775513,0.1704999953508377,0.1720598191022873,0.30593836307525635,0.40404120087623596,0.004677639342844486,0.42321860790252686
3,random_curve,5.16,2.1301634311676025,-0.5933533310890198,0.1704999953508377,0.17118796706199646,0.30593836307525635,0.48152515292167664,0.004681874066591263,0.4924614727497101
3,random_curve,5.18,2.1402337551116943,-0.5918194651603699,0.1704999953508377,0.17146264016628265,0.30593836307525635,0.5443251132965088,0.0053906748071312904,0.5162444114685059
3,random_curve,5.2,2.151841640472412,-0.5899501442909241,0.1704999953508377,0.1722327619791031,0.30593836307525635,0.6198270320892334,0.004829686600714922,0.4941486716270447
3,random_curve,5.22,2.164808511734009,-0.5878448486328125,0.1704999953508377,0.17236019670963287,0.30593836307525635,0.6824098825454712,0.004219779744744301,0.4532720446586609
3,random_curve,5.24,2.1783788204193115,-0.5861561298370361,0.1704999953508377,0.17011812329292297,0.30593836307525635,0.6586654782295227,0.0030779654625803232,0.412089079618454
3,random_curve,5.26,2.191096067428589,-0.5854349732398987,0.1704999953508377,0.16669239103794098,0.30593836307525635,0.592738926410675,0.0015310922171920538,0.3703828454017639
3,random_curve,5.28,2.20263671875,-0.5861831307411194,0.1704999953508377,0.16325247287750244,0.30593836307525635,0.519721508026123,-0.0020366371609270573,0.33017611503601074
3,random_curve,5.3,2.2133734226226807,-0.5886877775192261,0.1704999953508377,0.16022492945194244,0.30593836307525635,0.4701021611690521,-0.007108715362846851,0.30011412501335144
3,random_curve,5.32,2.2227277755737305,-0.5916481018066406,0.1704999953508377,0.16014589369297028,0.30593836307525635,0.3954162001609802,-0.012281939387321472,0.2979084849357605
3,random_curve,5.34,2.2317943572998047,-0.5949104428291321,0.1704999953508377,0.1619802564382553,0.30593836307525635,0.39434319734573364,-0.017158620059490204,0.3132888972759247
3,random_curve,5.36,2.241387128829956,-0.59840989112854,0.1704999953508377,0.16550259292125702,0.30593836307525635,0.4229924976825714,-0.02323739416897297,0.3844916522502899
3,random_curve,5.38,2.2517378330230713,-0.6021524667739868,0.1704999953508377,0.16934141516685486,0.30593836307525635,0.45299404859542847,-0.029764462262392044,0.4160671532154083
3,random_curve,5.4,2.2619292736053467,-0.6057226061820984,0.1704999953508377,0.17254972457885742,0.30593836307525635,0.4215390086174011,-0.0360809750854969,0.40957319736480713
3,random_curve,5.42,2.2715466022491455,-0.6089638471603394,0.1704999953508377,0.1738661229610443,0.30593836307525635,0.41198766231536865,-0.04191913828253746,0.36184120178222656
3,random_curve,5.44,2.2809388637542725,-0.6115423440933228,0.25,0.17301037907600403,0.30593836307525635,0.41621410846710205,-0.046557702124118805,0.3571591079235077
3,random_curve,5.46,2.290072202682495,-0.6127470135688782,0.25,0.17145150899887085,0.30593836307525635,0.4252947270870209,-0.050608135759830475,0.3976532816886902
3,random_curve,5.48,2.2995052337646484,-0.6124682426452637,0.25,0.1700229048728943,0.30593836307525635,0.4748893678188324,-0.05334779620170593,0.4398480951786041
3,random_curve,5.5,2.3094637393951416,-0.6116617918014526,0.25,0.16923001408576965,0.30593836307525635,0.5081259608268738,-0.05575457960367203,0.46034038066864014
3,random_curve,5.5200000000000005,2.3203814029693604,-0.6105333566665649,0.25,0.16870568692684174,0.30593836307525635,0.564934253692627,-0.05749179422855377,0.44542089104652405
3,random_curve,5.54,2.332319974899292,-0.6089197993278503,0.25,0.16786521673202515,0.30593836307525635,0.6133366823196411,-0.06015691161155701,0.449369877576828
3,random_curve,5.5600000000000005,2.3442180156707764,-0.6069023013114929,0.25,0.16611255705356598,0.30593836307525635,0.5691295862197876,-0.062429431825876236,0.45288169384002686
3,random_curve,5.58,2.3555634021759033,-0.6054844856262207,0.25,0.1644056737422943,0.30593836307525635,0.5506726503372192,-0.06507039070129395,0.46281352639198303
3,random_curve,5.6000000000000005,2.366565704345703,-0.6050263047218323,0.25,0.16272024810314178,0.30593836307525635,0.4841465651988983,-0.06789644807577133,0.4442143738269806
3,random_curve,5.62,2.3761043548583984,-0.605663537979126,0.25,0.16104458272457123,0.30593836307525635,0.3748759925365448,-0.07209261506795883,0.43584713339805603
3,random_curve,5.64,2.38396954536438,-0.607028603553772,0.25,0.15933869779109955,0.30593836307525635,0.29961445927619934,-0.07632990181446075,0.4322984516620636
3,random_curve,5.66,2.390848398208618,-0.6092648506164551,0.25,0.15814228355884552,0.30593836307525635,0.24796010553836823,-0.08100082725286484,0.4162510633468628
3,random_curve,5.68,2.3971471786499023,-0.6120462417602539,0.25,0.1576317399740219,0.30593836307525635,0.2192409485578537,-0.0859571248292923,0.3903353214263916
3,random_curve,5.7,2.402587890625,-0.6144223213195801,0.25,0.1575215458869934,0.30593836307525635,0.19355115294456482,-0.09021379053592682,0.3742333650588989
3,random_curve,5.72,2.40751314163208,-0.6161660552024841,0.25,0.15786246955394745,0.30593836307525635,0.18639233708381653,-0.0936901643872261,0.37322720885276794
3,random_curve,5.74,2.412583351135254,-0.6167835593223572,0.25,0.15917924046516418,0.30593836307525635,0.2211390882730484,-0.09617870301008224,0.3605482876300812
3,random_curve,5.76,2.416518211364746,-0.6154317855834961,0.25,0.1625630408525467,0.30593836307525635,0.20179913938045502,-0.09579363465309143,0.33738207817077637
3,random_curve,5.78,2.4199471473693848,-0.6136266589164734,0.25,0.1654650717973709,0.30593836307525635,0.18708619475364685,-0.0955238789319992,0.34506192803382874
3,random_curve,5.8,2.422973394393921,-0.6113490462303162,0.25,0.16739486157894135,0.30593836307525635,0.18088635802268982,-0.09465940296649933,0.35435569286346436
3,random_curve,5.82,2.4260191917419434,-0.6087460517883301,0.25,0.16858941316604614,0.30593836307525635,0.1940244734287262,-0.09350503236055374,0.3481408953666687
3,random_curve,5.84,2.429396152496338,-0.6056474447250366,0.25,0.16927295923233032,0.30593836307525635,0.2281816601753235,-0.0920305922627449,0.35326772928237915
3,random_curve,5.86,2.433060646057129,-0.601957380771637,0.25,0.16916920244693756,0.30593836307525635,0.250272661447525,-0.09013078361749649,0.3756180703639984
3,random_curve,5.88,2.436655044555664,-0.5973193049430847,0.25,0.16878929734230042,0.30593836307525635,0.2737656235694885,-0.08733513951301575,0.426973819732666
3,random_curve,5.9,2.4405930042266846,-0.5922550559043884,0.25,0.16871966421604156,0.30593836307525635,0.31018346548080444,-0.08428797125816345,0.4734364151954651
3,random_curve,5.92,2.446092367172241,-0.5866127014160156,0.25,0.16879726946353912,0.30593836307525635,0.4120101034641266,-0.08134116232395172,0.5052125453948975
3,random_curve,5.94,2.453324794769287,-0.5798511505126953,0.25,0.1690366119146347,0.30593836307525635,0.5126962065696716,-0.07756838947534561,0.49908044934272766
3,random_curve,5.96,2.4622929096221924,-0.5728050470352173,0.25,0.16864550113677979,0.30593836307525635,0.5892598628997803,-0.07500217109918594,0.486050009727478
3,random_curve,5.98,2.472855806350708,-0.5662962198257446,0.25,0.1672656238079071,0.30593836307525635,0.6271969676017761,-0.07360010594129562,0.43044865131378174
3,random_curve,6.0,2.4837210178375244,-0.5608991384506226,0.25,0.16491270065307617,0.30593836307525635,0.5746124386787415,-0.07333287596702576,0.3824629485607147
3,random_curve,6.0200000000000005,2.493360757827759,-0.5570504069328308,0.25,0.16196344792842865,0.30593836307525635,0.46909961104393005,-0.07351101189851761,0.344573974609375
3,random_curve,6.04,2.5011773109436035,-0.5542967319488525,0.25,0.16056548058986664,0.30593836307525635,0.3615213632583618,-0.07451363652944565,0.3437327742576599
3,random_curve,6.0600000000000005,2.5076520442962646,-0.5522568821907043,0.25,0.16178199648857117,0.30593836307525635,0.32151973247528076,-0.07556021213531494,0.35732829570770264
3,random_curve,6.08,2.5137386322021484,-0.5506928563117981,0.25,0.1653440296649933,0.30593836307525635,0.29745006561279297,-0.07686083763837814,0.3816443681716919
3,random_curve,6.1000000000000005,2.51920747756958,-0.5493618845939636,0.25,0.17003777623176575,0.30593836307525635,0.2613353729248047,-0.07809604704380035,0.38504481315612793
3,random_curve,6.12,2.524418592453003,-0.5483684539794922,0.25,0.17444653809070587,0.30593836307525635,0.24985913932323456,-0.07951930165290833,0.3487533628940582
3,random_curve,6.140000000000001,2.529956102371216,-0.5473332405090332,0.25,0.17760410904884338,0.30593836307525635,0.2866041660308838,-0.08105000853538513,0.31127646565437317
3,random_curve,6.16,2.5361759662628174,-0.5454843640327454,0.25,0.17840047180652618,0.30593836307525635,0.3314287066459656,-0.08215455710887909,0.2874508202075958
3,random_curve,6.18,2.542154550552368,-0.542937159538269,0.25,0.17724530398845673,0.30593836307525635,0.32559847831726074,-0.08222326636314392,0.34041064977645874
3,random_curve,6.2,2.5479249954223633,-0.5396922826766968,0.25,0.1756594330072403,0.30593836307525635,0.35478466749191284,-0.08199597150087357,0.41886910796165466
3,random_curve,6.22,2.553873300552368,-0.5356866717338562,0.25,0.1754714548587799,0.30593836307525635,0.3816610872745514,-0.08117498457431793,0.4659348726272583
3,random_curve,6.24,2.5612144470214844,-0.5303540229797363,0.25,0.1765119433403015,0.30593836307525635,0.5049980878829956,-0.07981626689434052,0.5043321847915649
3,random_curve,6.26,2.5706875324249268,-0.5242224335670471,0.25,0.178169384598732,0.30593836307525635,0.6026577949523926,-0.07872866094112396,0.4952477216720581
3,random_curve,6.28,2.5817925930023193,-0.5182480216026306,0.25,0.17821745574474335,0.30593836307525635,0.6395190954208374,-0.07828199118375778,0.4501500725746155
3,random_curve,6.3,2.593698740005493,-0.5129556655883789,0.25,0.17583592236042023,0.30593836307525635,0.6417335271835327,-0.07925243675708771,0.3757909834384918
3,random_curve,6.32,2.6051480770111084,-0.5084798336029053,0.25,0.17209331691265106,0.30593836307525635,0.5880926251411438,-0.08072610199451447,0.30779585242271423
3,random_curve,6.34,2.616136312484741,-0.505183756351471,0.25,0.16787028312683105,0.30593836307525635,0.5130971074104309,-0.08302098512649536,0.29524028301239014
3,random_curve,6.36,2.6253459453582764,-0.502845823764801,0.25,0.16610263288021088,0.30593836307525635,0.41924458742141724,-0.08510871231555939,0.26120638847351074
3,random_curve,6.38,2.634028434753418,-0.5015888214111328,0.25,0.1660863310098648,0.30593836307525635,0.408469021320343,-0.0882074236869812,0.34672680497169495
3,random_curve,6.4,2.6430585384368896,-0.500802218914032,0.25,0.16796717047691345,0.30593836307525635,0.41889214515686035,-0.09188596904277802,0.41571059823036194
3,random_curve,6.42,2.6523830890655518,-0.5002871751785278,0.25,0.17067286372184753,0.30593836307525635,0.41559338569641113,-0.0959445983171463,0.4249078035354614
3,random_curve,6.44,2.6614718437194824,-0.49960678815841675,0.25,0.17268231511116028,0.30593836307525635,0.41093599796295166,-0.09974447637796402,0.39682844281196594
3,random_curve,6.46,2.6701881885528564,-0.4983457624912262,0.25,0.17289365828037262,0.30593836307525635,0.4150734543800354,-0.10264962911605835,0.350752055644989
3,random_curve,6.48,2.6785640716552734,-0.4963327646255493,0.25,0.17178626358509064,0.30593836307525635,0.42891669273376465,-0.1050134152173996,0.40259692072868347
3,random_curve,6.5,2.6872594356536865,-0.4933967888355255,0.25,0.1703936755657196,0.30593836307525635,0.4844701886177063,-0.10673043131828308,0.46700194478034973
3,random_curve,6.5200000000000005,2.6966309547424316,-0.48962101340293884,0.25,0.16908665001392365,0.30593836307525635,0.5260128974914551,-0.10804842412471771,0.4970342218875885
3,random_curve,6.54,2.706989288330078,-0.485679566860199,0.25,0.16808177530765533,0.30593836307525635,0.5829911231994629,-0.10970717668533325,0.5021006464958191
3,random_curve,6.5600000000000005,2.7188658714294434,-0.4816065728664398,0.25,0.1670994907617569,0.30593836307525635,0.6545926332473755,-0.11188004165887833,0.4597284197807312
3,random_curve,6.58,2.7317819595336914,-0.47694408893585205,0.25,0.1654202789068222,0.30593836307525635,0.6873719096183777,-0.11425207555294037,0.4439898729324341
3,random_curve,6.6000000000000005,2.7440474033355713,-0.47220417857170105,0.25,0.1636573225259781,0.30593836307525635,0.6132310628890991,-0.11623360216617584,0.46034353971481323
3,random_curve,6.62,2.755682945251465,-0.4685443639755249,0.25,0.16196966171264648,0.30593836307525635,0.5703789591789246,-0.11883944272994995,0.4372572600841522
3,random_curve,6.640000000000001,2.7668213844299316,-0.4658759832382202,0.25,0.16017714142799377,0.30593836307525635,0.5156508088111877,-0.1220032274723053,0.4016839563846588
3,random_curve,6.66,2.777366876602173,-0.4639836251735687,0.25,0.15846535563468933,0.30593836307525635,0.48740702867507935,-0.12563581764698029,0.3658386468887329
3,random_curve,6.68,2.7875678539276123,-0.46256178617477417,0.25,0.15738339722156525,0.30593836307525635,0.4635828137397766,-0.12950369715690613,0.34044286608695984
3,random_curve,6.7,2.797910690307617,-0.461241751909256,0.25,0.15782970190048218,0.30593836307525635,0.48838675022125244,-0.1335306465625763,0.34024518728256226
3,random_curve,6.72,2.808589220046997,-0.4597391188144684,0.25,0.1597510427236557,0.30593836307525635,0.5113925337791443,-0.13756728172302246,0.3339040279388428
3,random_curve,6.74,2.818455696105957,-0.4573400914669037,0.25,0.16363748908042908,0.30593836307525635,0.49006524682044983,-0.14041197299957275,0.32070451974868774
3,random_curve,6.76,2.828242778778076,-0.4552658498287201,0.25,0.16664013266563416,0.30593836307525635,0.45979011058807373,-0.14351464807987213,0.3015998303890228
3,random_curve,6.78,2.838252067565918,-0.45340830087661743,0.25,0.1692105233669281,0.30593836307525635,0.4912733733654022,-0.14691612124443054,0.3381342589855194
3,random_curve,6.8,2.8488478660583496,-0.45147866010665894,0.25,0.17065118253231049,0.30593836307525635,0.5064448118209839,-0.15054872632026672,0.35351473093032837
3,random_curve,6.82,2.8590004444122314,-0.4488544166088104,0.25,0.17040111124515533,0.30593836307525635,0.49827972054481506,-0.1533980518579483,0.3401199281215668
3,random_curve,6.84,2.867572546005249,-0.4444873332977295,0.25,0.16907714307308197,0.30593836307525635,0.47360002994537354,-0.15388880670070648,0.3747570216655731
3,random_curve,6.86,2.875028371810913,-0.4392990469932556,0.25,0.16778096556663513,0.30593836307525635,0.46354877948760986,-0.15311101078987122,0.4139767587184906
3,random_curve,6.88,2.882495164871216,-0.43265432119369507,0.25,0.1672045737504959,0.30593836307525635,0.520785927772522,-0.15107634663581848,0.4773878753185272
3,random_curve,6.9,2.8904857635498047,-0.42434313893318176,0.25,0.16713494062423706,0.30593836307525635,0.5860408544540405,-0.1478586345911026,0.5228980183601379
3,random_curve,6.92,2.8992960453033447,-0.41449451446533203,0.25,0.16752882301807404,0.30593836307525635,0.6629910469055176,-0.14378118515014648,0.5131598711013794
3,random_curve,6.94,2.9096105098724365,-0.4039267897605896,0.25,0.16741076111793518,0.30593836307525635,0.7390435934066772,-0.13970181345939636,0.4702893793582916
3,random_curve,6.96,2.9204108715057373,-0.39360687136650085,0.25,0.16588889062404633,0.30593836307525635,0.704128623008728,-0.13607820868492126,0.4183178246021271
3,random_curve,6.98,2.930534601211548,-0.3842625617980957,0.25,0.1634136587381363,0.30593836307525635,0.6372145414352417,-0.13308966159820557,0.3833671808242798
3,random_curve,7.0,2.940305709838867,-0.37652939558029175,0.25,0.16056835651397705,0.30593836307525635,0.5909491777420044,-0.13111667335033417,0.37382614612579346
3,random_curve,7.0200000000000005,2.9502205848693848,-0.3704800307750702,0.25,0.1583574116230011,0.30593836307525635,0.5725928544998169,-0.1306830644607544,0.3837641477584839
3,random_curve,7.04,2.9605464935302734,-0.3659828007221222,0.25,0.15724745392799377,0.30593836307525635,0.5498276948928833,-0.13180452585220337,0.40348175168037415
3,random_curve,7.0600000000000005,2.9711310863494873,-0.3628910183906555,0.25,0.1571337878704071,0.30593836307525635,0.5017765760421753,-0.13443265855312347,0.40498942136764526
3,random_curve,7.08,2.9803049564361572,-0.3605371117591858,0.25,0.1588720679283142,0.30593836307525635,0.41935110092163086,-0.1367727518081665,0.3519057333469391
3,random_curve,7.1000000000000005,2.9892754554748535,-0.35928407311439514,0.25,0.1612297147512436,0.30593836307525635,0.42807841300964355,-0.13998088240623474,0.4024714231491089
3,random_curve,7.12,2.9990456104278564,-0.3584294319152832,0.25,0.16363541781902313,0.30593836307525635,0.4540846347808838,-0.14392243325710297,0.4263734221458435
3,random_curve,7.140000000000001,3.008573055267334,-0.3573993146419525,0.25,0.16460125148296356,0.30593836307525635,0.43041181564331055,-0.14759351313114166,0.4178224503993988
3,random_curve,7.16,3.016746997833252,-0.3553943336009979,0.25,0.16445603966712952,0.30593836307525635,0.3904998004436493,-0.1499578058719635,0.389708548784256
3,random_curve,7.18,3.023678779602051,-0.35245445370674133,0.25,0.16371195018291473,0.30593836307525635,0.3765724301338196,-0.1506166160106659,0.4098989963531494
3,random_curve,7.2,3.0303196907043457,-0.3483896255493164,0.25,0.16284944117069244,0.30593836307525635,0.4136902093887329,-0.15014560520648956,0.47974395751953125
3,random_curve,7.22,3.037498950958252,-0.3429633677005768,0.25,0.162180557847023,0.30593836307525635,0.471578449010849,-0.14872531592845917,0.5119137167930603
3,random_curve,7.24,3.044839382171631,-0.33640769124031067,0.25,0.16198666393756866,0.30593836307525635,0.4869540333747864,-0.14638349413871765,0.5119053721427917
3,random_curve,7.26,3.0529277324676514,-0.3297402560710907,0.20999999344348907,0.16195401549339294,0.30593836307525635,0.5474305152893066,-0.14452220499515533,0.488040566444397
3,random_curve,7.28,3.0623536109924316,-0.32289668917655945,0.20999999344348907,0.1615297496318817,0.30593836307525635,0.6021252870559692,-0.14273834228515625,0.4493464231491089
3,random_curve,7.3,3.0721800327301025,-0.3159661293029785,0.20999999344348907,0.1603628396987915,0.30593836307525635,0.5791248679161072,-0.141060009598732,0.4384562075138092
3,random_curve,7.32,3.080911874771118,-0.3095947802066803,0.20999999344348907,0.15957355499267578,0.30593836307525635,0.4935798645019531,-0.1393793225288391,0.4475584328174591
3,random_curve,7.34,3.089308738708496,-0.3047401010990143,0.20999999344348907,0.159066841006279,0.30593836307525635,0.47245272994041443,-0.13914187252521515,0.4246284067630768
3,random_curve,7.36,3.0975358486175537,-0.3014673888683319,0.20999999344348907,0.15801170468330383,0.30593836307525635,0.4091463088989258,-0.13983923196792603,0.39284148812294006
3,random_curve,7.38,3.1050775051116943,-0.30005794763565063,0.20999999344348907,0.1568157821893692,0.30593836307525635,0.33626049757003784,-0.1419055461883545,0.3767530024051666
3,random_curve,7.4,3.1119091510772705,-0.30019015073776245,0.20999999344348907,0.15609756112098694,0.30593836307525635,0.2715197205543518,-0.14504140615463257,0.3763517439365387
3,random_curve,7.42,3.1183395385742188,-0.3009282350540161,0.20999999344348907,0.15582381188869476,0.30593836307525635,0.2781195640563965,-0.14854364097118378,0.3661624789237976
3,random_curve,7.44,3.125121831893921,-0.30151742696762085,0.20999999344348907,0.15568767488002777,0.30593836307525635,0.3083301782608032,-0.15206770598888397,0.3317941129207611
3,random_curve,7.46,3.1321568489074707,-0.3015221059322357,0.20999999344348907,0.15568028390407562,0.30593836307525635,0.32049620151519775,-0.1554977297782898,0.3097481429576874
3,random_curve,7.48,3.1389129161834717,-0.30109596252441406,0.20999999344348907,0.15602712333202362,0.30593836307525635,0.31152772903442383,-0.15798011422157288,0.32329118251800537
3,random_curve,7.5,3.145655393600464,-0.29999271035194397,0.20999999344348907,0.15703152120113373,0.30593836307525635,0.3423026502132416,-0.15984366834163666,0.3605667054653168
3,random_curve,7.5200000000000005,3.1524465084075928,-0.29802846908569336,0.20999999344348907,0.15795719623565674,0.30593836307525635,0.3455944359302521,-0.16094830632209778,0.3708062767982483
3,random_curve,7.54,3.158505916595459,-0.29518547654151917,0.20999999344348907,0.15849669277668,0.30593836307525635,0.31172019243240356,-0.16094668209552765,0.37026146054267883
3,random_curve,7.5600000000000005,3.163088083267212,-0.2917154133319855,0.20999999344348907,0.15906566381454468,0.30593836307525635,0.25549161434173584,-0.15975016355514526,0.37814727425575256
3,random_curve,7.58,3.1667299270629883,-0.2882343530654907,0.20999999344348907,0.15936747193336487,0.30593836307525635,0.22605061531066895,-0.15814447402954102,0.399754136800766
3,random_curve,7.6000000000000005,3.169590950012207,-0.2848396599292755,0.20999999344348907,0.15912039577960968,0.30593836307525635,0.1790105104446411,-0.1566409319639206,0.40331271290779114
3,random_curve,7.62,3.171266555786133,-0.2814098298549652,0.20999999344348907,0.1579226702451706,0.30593836307525635,0.11890216171741486,-0.1541847586631775,0.4114832878112793
3,random_curve,7.640000000000001,3.1715087890625,-0.2778750956058502,0.20999999344348907,0.15582548081874847,0.30593836307525635,0.05342019721865654,-0.15105164051055908,0.42437517642974854
3,random_curve,7.66,3.171095371246338,-0.2748250961303711,0.20999999344348907,0.1535225361585617,0.30593836307525635,0.03801710158586502,-0.14809587597846985,0.4304664433002472
3,random_curve,7.68,3.1704444885253906,-0.271883487701416,0.20999999344348907,0.1514081507921219,0.30593836307525635,0.025790397077798843,-0.14514294266700745,0.4383126497268677
3,random_curve,7.7,3.1690194606781006,-0.2684174180030823,0.20999999344348907,0.1493026614189148,0.30593836307525635,-0.0030783116817474365,-0.14139676094055176,0.44638872146606445
3,random_curve,7.72,3.167444944381714,-0.26485589146614075,0.20999999344348907,0.1476958841085434,0.30593836307525635,0.008216660469770432,-0.13750271499156952,0.4664463996887207
3,random_curve,7.74,3.166642189025879,-0.26230213046073914,0.20999999344348907,0.14760906994342804,0.30593836307525635,0.0269571915268898,-0.13484278321266174,0.4798556864261627
3,random_curve,7.76,3.16664719581604,-0.2611030638217926,0.20999999344348907,0.1498410999774933,0.30593836307525635,0.025843951851129532,-0.13374866545200348,0.4643656015396118
3,random_curve,7.78,3.167102813720703,-0.26053565740585327,0.20999999344348907,0.15370085835456848,0.30593836307525635,0.038874559104442596,-0.13341465592384338,0.45065948367118835
3,random_curve,7.8,3.167600631713867,-0.2594233453273773,0.20999999344348907,0.15734754502773285,0.30593836307525635,0.05002942681312561,-0.1325996220111847,0.4280150830745697
3,random_curve,7.82,3.168015241622925,-0.2583200931549072,0.20999999344348907,0.16044685244560242,0.30593836307525635,0.03159858658909798,-0.1317591518163681,0.4444334805011749
3,random_curve,7.84,3.1682121753692627,-0.2575564980506897,0.20999999344348907,0.16251948475837708,0.30593836307525635,0.020072516053915024,-0.13114093244075775,0.43352210521698
3,random_curve,7.86,3.168698787689209,-0.257060170173645,0.20999999344348907,0.16351231932640076,0.30593836307525635,0.036668796092271805,-0.13088445365428925,0.4282618761062622
3,random_curve,7.88,3.1692638397216797,-0.25647035241127014,0.20999999344348907,0.16352629661560059,0.30593836307525635,0.036348577588796616,-0.1305743157863617,0.4198320209980011
3,random_curve,7.9,3.1699020862579346,-0.25523531436920166,0.20999999344348907,0.16280755400657654,0.30593836307525635,0.07472830265760422,-0.12970402836799622,0.4468552768230438
3,random_curve,7.92,3.1712231636047363,-0.25338125228881836,0.20999999344348907,0.16229309141635895,0.30593836307525635,0.11946910619735718,-0.1285446286201477,0.45367667078971863
3,random_curve,7.94,3.1731269359588623,-0.2515205144882202,0.20999999344348907,0.16129304468631744,0.30593836307525635,0.1289939433336258,-0.1276153326034546,0.4511737823486328
3,random_curve,7.96,3.175398588180542,-0.24979540705680847,0.20999999344348907,0.15945573151111603,0.30593836307525635,0.142485573887825,-0.12695914506912231,0.4429170489311218
3,random_curve,7.98,3.1779563426971436,-0.2474323958158493,0.20999999344348907,0.15649516880512238,0.30593836307525635,0.18662643432617188,-0.12583579123020172,0.4338291883468628
3,random_curve,8.0,3.181047201156616,-0.24447867274284363,0.20999999344348907,0.15268965065479279,0.30593836307525635,0.21684491634368896,-0.12438853085041046,0.475393682718277
3,random_curve,8.02,3.184561014175415,-0.24081218242645264,0.20999999344348907,0.14900505542755127,0.30593836307525635,0.252052366733551,-0.12246114015579224,0.49622222781181335
3,random_curve,8.040000000000001,3.188678741455078,-0.23593470454216003,0.20999999344348907,0.14594173431396484,0.30593836307525635,0.30690881609916687,-0.1201389878988266,0.5202459096908569
3,random_curve,8.06,3.1941277980804443,-0.230243518948555,0.20999999344348907,0.14407697319984436,0.30593836307525635,0.41422975063323975,-0.11697826534509659,0.5305606126785278
3,random_curve,8.08,3.2014706134796143,-0.22354933619499207,0.20999999344348907,0.1432570070028305,0.30593836307525635,0.5041388273239136,-0.11361914873123169,0.5225653648376465
3,random_curve,8.1,3.2096452713012695,-0.21633480489253998,0.20999999344348907,0.1437690407037735,0.30593836307525635,0.5212738513946533,-0.11009922623634338,0.5210149884223938
3,random_curve,8.120000000000001,3.2179458141326904,-0.2095433473587036,0.20999999344348907,0.14560827612876892,0.30593836307525635,0.4980487823486328,-0.10701827704906464,0.5145189166069031
3,random_curve,8.14,3.227323532104492,-0.20391234755516052,0.20999999344348907,0.1480591595172882,0.30593836307525635,0.5683004856109619,-0.10574386268854141,0.4749668836593628
3,random_curve,8.16,3.237975835800171,-0.1989847868680954,0.20999999344348907,0.15039238333702087,0.30593836307525635,0.5846683979034424,-0.10499699413776398,0.4337221682071686
3,random_curve,8.18,3.2487738132476807,-0.1951952576637268,0.20999999344348907,0.15206687152385712,0.30593836307525635,0.5487302541732788,-0.10536393523216248,0.3998605012893677
3,random_curve,8.2,3.258838176727295,-0.19206158816814423,0.20999999344348907,0.15297654271125793,0.30593836307525635,0.5069416165351868,-0.10659046471118927,0.3797154724597931
3,random_curve,8.22,3.268418550491333,-0.1894783228635788,0.20999999344348907,0.1534128189086914,0.30593836307525635,0.4836742877960205,-0.10738236457109451,0.38945502042770386
3,random_curve,8.24,3.2778780460357666,-0.18745915591716766,0.20999999344348907,0.15364040434360504,0.30593836307525635,0.48587724566459656,-0.10866475850343704,0.3825899064540863
3,random_curve,8.26,3.28692889213562,-0.18531155586242676,0.20999999344348907,0.15356846153736115,0.30593836307525635,0.44787243008613586,-0.10968868434429169,0.3810288906097412
3,random_curve,8.28,3.295163154602051,-0.18282407522201538,0.20999999344348907,0.1533653885126114,0.30593836307525635,0.41569647192955017,-0.11011772602796555,0.36697259545326233
3,random_curve,8.3,3.3025426864624023,-0.17997786402702332,0.20999999344348907,0.1525680273771286,0.30593836307525635,0.37096327543258667,-0.11030327528715134,0.3765113949775696
3,random_curve,8.32,3.308316946029663,-0.17686772346496582,0.20999999344348907,0.1508655995130539,0.30593836307525635,0.2907939553260803,-0.10913930833339691,0.38848695158958435
3,random_curve,8.34,3.3125393390655518,-0.17347005009651184,0.20999999344348907,0.14861251413822174,0.30593836307525635,0.22450800240039825,-0.10722026228904724,0.38513436913490295
3,random_curve,8.36,3.31526780128479,-0.16939961910247803,0.20999999344348907,0.14615075290203094,0.30593836307525635,0.1731344759464264,-0.10419793426990509,0.37752413749694824
3,random_curve,8.38,3.3169233798980713,-0.16485123336315155,0.20999999344348907,0.1440344601869583,0.30593836307525635,0.14325618743896484,-0.10038819909095764,0.4067516028881073
3,random_curve,8.4,3.3181731700897217,-0.15935112535953522,0.20999999344348907,0.14241811633110046,0.30593836307525635,0.1553049236536026,-0.09554779529571533,0.4495960772037506
3,random_curve,8.42,3.31956148147583,-0.1531267762184143,0.20999999344348907,0.14124494791030884,0.30593836307525635,0.167398601770401,-0.09006193280220032,0.47443079948425293
3,random_curve,8.44,3.321317434310913,-0.14702759683132172,0.20999999344348907,0.140131875872612,0.30593836307525635,0.1810017228126526,-0.08480919152498245,0.4773198068141937
3,random_curve,8.46,3.3232028484344482,-0.14150986075401306,0.20999999344348907,0.13872139155864716,0.30593836307525635,0.16768881678581238,-0.0801493376493454,0.43777841329574585
3,random_curve,8.48,3.325106620788574,-0.13681966066360474,0.20999999344348907,0.13712766766548157,0.30593836307525635,0.1592017412185669,-0.07681027799844742,0.41856440901756287
3,random_curve,8.5,3.3267526626586914,-0.13218046724796295,0.20999999344348907,0.1357257068157196,0.30593836307525635,0.12528064846992493,-0.07282678037881851,0.43059080839157104
3,random_curve,8.52,3.327991485595703,-0.12788313627243042,0.20999999344348907,0.13484181463718414,0.30593836307525635,0.11890759319067001,-0.06905589997768402,0.41026410460472107
3,random_curve,8.540000000000001,3.329946517944336,-0.12538976967334747,0.20999999344348907,0.1352866142988205,0.30593836307525635,0.13109081983566284,-0.06721793115139008,0.4461502730846405
3,random_curve,8.56,3.33249831199646,-0.12562939524650574,0.20999999344348907,0.13774897158145905,0.30593836307525635,0.09548981487751007,-0.06817010045051575,0.4400239586830139
3,random_curve,8.58,3.335127592086792,-0.12769214808940887,0.20999999344348907,0.14087818562984467,0.30593836307525635,0.07729987800121307,-0.07089276611804962,0.4163997769355774
3,random_curve,8.6,3.335833787918091,-0.1300417184829712,0.20999999344348907,0.1433277130126953,0.30593836307525635,-0.04851595684885979,-0.07334613800048828,0.396452397108078
3,random_curve,8.620000000000001,3.3345816135406494,-0.13148680329322815,0.20999999344348907,0.14585326611995697,0.30593836307525635,-0.08977871388196945,-0.07437765598297119,0.4249742925167084
3,random_curve,8.64,3.3331964015960693,-0.1313105970621109,0.20999999344348907,0.14879003167152405,0.30593836307525635,-0.0357513390481472,-0.07381654530763626,0.5022953152656555
3,random_curve,8.66,3.333387613296509,-0.12974797189235687,0.20999999344348907,0.15343600511550903,0.30593836307525635,0.09729745239019394,-0.0723719596862793,0.556825578212738
3,random_curve,8.68,3.335681438446045,-0.1268424391746521,0.20999999344348907,0.1581384837627411,0.30593836307525635,0.19040930271148682,-0.07023458182811737,0.5634047985076904
3,random_curve,8.700000000000001,3.3396596908569336,-0.12336587905883789,0.20999999344348907,0.16169121861457825,0.30593836307525635,0.26873794198036194,-0.06802636384963989,0.5885275602340698
3,random_curve,8.72,3.3447747230529785,-0.12016279250383377,0.20999999344348907,0.16450481116771698,0.30593836307525635,0.29668498039245605,-0.06640221178531647,0.5463628768920898
3,random_curve,8.74,3.351067543029785,-0.11828048527240753,0.20999999344348907,0.16700376570224762,0.30593836307525635,0.357941597700119,-0.06637822836637497,0.4988225996494293
3,random_curve,8.76,3.358851671218872,-0.11687365919351578,0.20999999344348907,0.17009665071964264,0.30593836307525635,0.4463660717010498,-0.0672324150800705,0.48122438788414
3,random_curve,8.78,3.3685760498046875,-0.1155606061220169,0.20999999344348907,0.1745004951953888,0.30593836307525635,0.5303627848625183,-0.06902921199798584,0.4248694181442261
3,random_curve,8.8,3.3797049522399902,-0.11453250795602798,0.20999999344348907,0.179592102766037,0.30593836307525635,0.5761002898216248,-0.0708705484867096,0.37869957089424133
3,random_curve,8.82,3.3923285007476807,-0.11408725380897522,0.20999999344348907,0.18581923842430115,0.30593836307525635,0.6622431874275208,-0.07365630567073822,0.42570966482162476
3,random_curve,8.84,3.4073426723480225,-0.113174669444561,0.20999999344348907,0.19144174456596375,0.30593836307525635,0.7909877300262451,-0.07693991810083389,0.4352772533893585
3,random_curve,8.86,3.4239084720611572,-0.11083845049142838,0.20999999344348907,0.19425809383392334,0.30593836307525635,0.8506142497062683,-0.07840638607740402,0.425881952047348
3,random_curve,8.88,3.4397504329681396,-0.10718288272619247,0.20999999344348907,0.19507287442684174,0.30593836307525635,0.7853584289550781,-0.07893858104944229,0.42154625058174133
3,random_curve,8.9,3.4543113708496094,-0.10272759944200516,0.20999999344348907,0.19525259733200073,0.30593836307525635,0.7485955357551575,-0.07743589580059052,0.4108223617076874
3,random_curve,8.92,3.468554973602295,-0.0977768525481224,0.20999999344348907,0.19502930343151093,0.30593836307525635,0.7521708011627197,-0.07538497447967529,0.4312219023704529
3,random_curve,8.94,3.48260235786438,-0.09225005656480789,0.20999999344348907,0.19372457265853882,0.30593836307525635,0.7320052981376648,-0.07305087149143219,0.4352593719959259
3,random_curve,8.96,3.496840000152588,-0.08614861965179443,0.20999999344348907,0.19091275334358215,0.30593836307525635,0.7596014738082886,-0.06942551583051682,0.4746789336204529
3,random_curve,8.98,3.5115272998809814,-0.08046425879001617,0.20999999344348907,0.18729330599308014,0.30593836307525635,0.791131854057312,-0.06683103740215302,0.47747594118118286
3,random_curve,9.0,3.5275096893310547,-0.07471664994955063,0.20999999344348907,0.18287676572799683,0.30593836307525635,0.8575839996337891,-0.06336772441864014,0.4351152181625366
3,random_curve,9.02,3.5433456897735596,-0.06841200590133667,0.20999999344348907,0.1766049861907959,0.30593836307525635,0.782044529914856,-0.05933240056037903,0.444405734539032
3,random_curve,9.040000000000001,3.5562596321105957,-0.06343230605125427,0.20999999344348907,0.1705823838710785,0.30593836307525635,0.5821598172187805,-0.05650385469198227,0.4640571177005768
3,random_curve,9.06,3.566174268722534,-0.061433129012584686,0.20999999344348907,0.16656142473220825,0.30593836307525635,0.4435761272907257,-0.05562708526849747,0.41335153579711914
3,random_curve,9.08,3.573939561843872,-0.06172827258706093,0.20999999344348907,0.16441363096237183,0.30593836307525635,0.3294818103313446,-0.05678962171077728,0.38537952303886414
3,random_curve,9.1,3.5796194076538086,-0.06346184015274048,0.20999999344348907,0.16441360116004944,0.30593836307525635,0.23419171571731567,-0.05914809927344322,0.35657721757888794
3,random_curve,9.120000000000001,3.58443284034729,-0.06582042574882507,0.20999999344348907,0.16529591381549835,0.30593836307525635,0.21048332750797272,-0.062030673027038574,0.3347996175289154
3,random_curve,9.14,3.5888493061065674,-0.06815807521343231,0.20999999344348907,0.16631411015987396,0.30593836307525635,0.20573249459266663,-0.06531268358230591,0.3220539093017578
3,random_curve,9.16,3.592658281326294,-0.07082074135541916,0.20999999344348907,0.16707421839237213,0.30593836307525635,0.16371050477027893,-0.06829225271940231,0.31236836314201355
3,random_curve,9.18,3.596195936203003,-0.07402661442756653,0.20999999344348907,0.16730418801307678,0.30593836307525635,0.15789681673049927,-0.07178974896669388,0.28161537647247314
3,random_curve,9.200000000000001,3.5995187759399414,-0.07694364339113235,0.20999999344348907,0.16684000194072723,0.30593836307525635,0.15081417560577393,-0.07498104125261307,0.27436181902885437
3,random_curve,9.22,3.6025054454803467,-0.07972859591245651,0.20999999344348907,0.16590818762779236,0.30593836307525635,0.12119059264659882,-0.07801191508769989,0.2895592451095581
3,random_curve,9.24,3.6047513484954834,-0.08147681504487991,0.20999999344348907,0.16557763516902924,0.30593836307525635,0.09446597099304199,-0.07994633167982101,0.30912986397743225
3,random_curve,9.26,3.607107162475586,-0.08236543089151382,0.20999999344348907,0.16616849601268768,0.30593836307525635,0.12461214512586594,-0.08103373646736145,0.32172927260398865
3,random_curve,9.28,3.609964609146118,-0.08242491632699966,0.20999999344348907,0.16699565947055817,0.30593836307525635,0.1586863100528717,-0.08133810013532639,0.3197782635688782
3,random_curve,9.3,3.6132075786590576,-0.08164490014314651,0.20999999344348907,0.16728048026561737,0.30593836307525635,0.16022801399230957,-0.0808391273021698,0.3109247386455536
3,random_curve,9.32,3.6158621311187744,-0.08016031235456467,0.20999999344348907,0.1675800383090973,0.30593836307525635,0.12416654825210571,-0.07958769798278809,0.3160518407821655
3,random_curve,9.34,3.6187314987182617,-0.07808727771043777,0.20999999344348907,0.16830429434776306,0.30593836307525635,0.17104996740818024,-0.07776842266321182,0.3194047212600708
3,random_curve,9.36,3.622012138366699,-0.0755576640367508,0.20999999344348907,0.16884471476078033,0.30593836307525635,0.17625266313552856,-0.07552953064441681,0.3046007752418518
3,random_curve,9.38,3.625454902648926,-0.07263275235891342,0.20999999344348907,0.16898271441459656,0.30593836307525635,0.18891388177871704,-0.07291069626808167,0.29230833053588867
3,random_curve,9.4,3.6289777755737305,-0.0694875568151474,0.20999999344348907,0.16887158155441284,0.30593836307525635,0.18725916743278503,-0.07047804445028305,0.2841266989707947
3,random_curve,9.42,3.632652997970581,-0.06654322892427444,0.20999999344348907,0.16908973455429077,0.30593836307525635,0.19983582198619843,-0.06776445358991623,0.28416991233825684
3,random_curve,9.44,3.6366939544677734,-0.06374724954366684,0.20999999344348907,0.16948328912258148,0.30593836307525635,0.2193259745836258,-0.06522134691476822,0.2845458686351776
3,random_curve,9.46,3.640637159347534,-0.06106685847043991,0.20999999344348907,0.169633150100708,0.30593836307525635,0.20209969580173492,-0.06278762221336365,0.27801069617271423
3,random_curve,9.48,3.6442596912384033,-0.05865568295121193,0.20999999344348907,0.16986648738384247,0.30593836307525635,0.18777494132518768,-0.060602955520153046,0.2887345552444458
3,random_curve,9.5,3.6481354236602783,-0.05676451697945595,0.20999999344348907,0.1700218915939331,0.30593836307525635,0.21554288268089294,-0.05895283818244934,0.32052040100097656
3,random_curve,9.52,3.6524367332458496,-0.054981719702482224,0.20999999344348907,0.1704903542995453,0.30593836307525635,0.22297918796539307,-0.05743696540594101,0.32814985513687134
3,random_curve,9.540000000000001,3.6564035415649414,-0.05281998589634895,0.20999999344348907,0.17107263207435608,0.30593836307525635,0.19731342792510986,-0.0555223673582077,0.33195361495018005
3,random_curve,9.56,3.660069465637207,-0.05050693824887276,0.20999999344348907,0.17169421911239624,0.30593836307525635,0.18222233653068542,-0.05343830585479736,0.3436052203178406
3,random_curve,9.58,3.6637306213378906,-0.04866071045398712,0.20999999344348907,0.17173369228839874,0.30593836307525635,0.17959646880626678,-0.0522460974752903,0.359581857919693
3,random_curve,9.6,3.667497158050537,-0.04746796190738678,0.20999999344348907,0.17055295407772064,0.30593836307525635,0.1953430473804474,-0.051200199872255325,0.3526879847049713
3,random_curve,9.620000000000001,3.6716794967651367,-0.04662402346730232,0.20999999344348907,0.16829074919223785,0.30593836307525635,0.22129344940185547,-0.050518959760665894,0.32945215702056885
3,random_curve,9.64,3.676171064376831,-0.045478206127882004,0.20999999344348907,0.1651802659034729,0.30593836307525635,0.22433669865131378,-0.04954804852604866,0.35332122445106506
3,random_curve,9.66,3.6804304122924805,-0.04318777471780777,0.20999999344348907,0.16171644628047943,0.30593836307525635,0.2154829502105713,-0.04742438718676567,0.3928331136703491
3,random_curve,9.68,3.6851179599761963,-0.0405786968767643,0.20999999344348907,0.15820516645908356,0.30593836307525635,0.25955986976623535,-0.04499891400337219,0.4151816964149475
3,random_curve,9.700000000000001,3.690589666366577,-0.03770023211836815,0.20999999344348907,0.15525496006011963,0.30593836307525635,0.28713592886924744,-0.04233463481068611,0.4237562417984009
3,random_curve,9.72,3.6961474418640137,-0.03506417199969292,0.20999999344348907,0.15373143553733826,0.30593836307525635,0.2750757932662964,-0.03991591930389404,0.4181530177593231
3,random_curve,9.74,3.701148509979248,-0.032989177852869034,0.20999999344348907,0.15342028439044952,0.30593836307525635,0.23167572915554047,-0.038036275655031204,0.41460755467414856
3,random_curve,9.76,3.7061519622802734,-0.031898122280836105,0.20999999344348907,0.1540500521659851,0.30593836307525635,0.259782075881958,-0.0374424047768116,0.39974498748779297
3,random_curve,9.78,3.7111828327178955,-0.03193361684679985,0.20999999344348907,0.15504777431488037,0.30593836307525635,0.24156427383422852,-0.03757089748978615,0.36715197563171387
3,random_curve,9.8,3.7158496379852295,-0.032781749963760376,0.20999999344348907,0.15644468367099762,0.30593836307525635,0.22313793003559113,-0.03850515931844711,0.34739187359809875
3,random_curve,9.82,3.7200710773468018,-0.034608546644449234,0.20999999344348907,0.1582375168800354,0.30593836307525635,0.1996159553527832,-0.04040968418121338,0.31379759311676025
3,random_curve,9.84,3.724370241165161,-0.037192463874816895,0.20999999344348907,0.16065602004528046,0.30593836307525635,0.2341373860836029,-0.04307263717055321,0.30323168635368347
3,random_curve,9.86,3.7292041778564453,-0.04013817757368088,0.20999999344348907,0.16404609382152557,0.30593836307525635,0.2564675807952881,-0.046107206493616104,0.3098745048046112
3,random_curve,9.88,3.734755277633667,-0.043287407606840134,0.20999999344348907,0.16762028634548187,0.30593836307525635,0.30921000242233276,-0.04935852065682411,0.27814894914627075
3,random_curve,9.9,3.74171781539917,-0.04641798883676529,0.20999999344348907,0.17047928273677826,0.30593836307525635,0.38311123847961426,-0.05295125022530556,0.2758212089538574
3,random_curve,9.92,3.7497646808624268,-0.04887552931904793,0.20999999344348907,0.17346860468387604,0.30593836307525635,0.41231831908226013,-0.05541452765464783,0.3124563694000244
3,random_curve,9.94,3.7578389644622803,-0.05028371140360832,0.20999999344348907,0.17634473741054535,0.30593836307525635,0.37774863839149475,-0.05682847276329994,0.31515005230903625
3,random_curve,9.96,3.764878034591675,-0.05019377917051315,0.20999999344348907,0.1785929650068283,0.30593836307525635,0.3361996114253998,-0.0567435622215271,0.35526397824287415
3,random_curve,9.98,3.7717795372009277,-0.04872678220272064,0.20999999344348907,0.18147213757038116,0.30593836307525635,0.3512199819087982,-0.055281490087509155,0.40111982822418213
3,random_curve,10.0,3.779054641723633,-0.04683772474527359,0.20999999344348907,0.18552540242671967,0.30593836307525635,0.37396812438964844,-0.05339762941002846,0.43014100193977356
3,random_curve,10.02,3.786790609359741,-0.04471801221370697,0.20999999344348907,0.18923911452293396,0.30593836307525635,0.3924872577190399,-0.05147740617394447,0.41211652755737305
3,random_curve,10.040000000000001,3.7945964336395264,-0.042363736778497696,0.20999999344348907,0.1913101077079773,0.30593836307525635,0.38309773802757263,-0.049011196941137314,0.4004145860671997
3,random_curve,10.06,3.802626371383667,-0.039650943130254745,0.20999999344348907,0.19116123020648956,0.30593836307525635,0.4031444787979126,-0.04618328437209129,0.4182808995246887
3,random_curve,10.08,3.811133623123169,-0.03764886036515236,0.20999999344348907,0.1887831836938858,0.30593836307525635,0.4463282823562622,-0.0440591536462307,0.4067678153514862
3,random_curve,10.1,3.8209517002105713,-0.036479875445365906,0.20999999344348907,0.18408522009849548,0.30593836307525635,0.5198510885238647,-0.042971670627593994,0.38602110743522644
3,random_curve,10.120000000000001,3.8308072090148926,-0.036046769469976425,0.20999999344348907,0.177363321185112,0.30593836307525635,0.44655370712280273,-0.04227646440267563,0.38722261786460876
3,random_curve,10.14,3.838684558868408,-0.03605397045612335,0.20999999344348907,0.17164920270442963,0.30593836307525635,0.33252760767936707,-0.0420740507543087,0.3776794672012329
3,random_curve,10.16,3.8447299003601074,-0.03776464983820915,0.20999999344348907,0.1674317866563797,0.30593836307525635,0.2834271788597107,-0.04362325742840767,0.3248995244503021
3,random_curve,10.18,3.8499808311462402,-0.040543410927057266,0.20999999344348907,0.16317996382713318,0.30593836307525635,0.2515009641647339,-0.04626130685210228,0.2797979712486267
3,random_curve,10.200000000000001,3.8544256687164307,-0.04278058931231499,0.20999999344348907,0.16053174436092377,0.30593836307525635,0.19643212854862213,-0.04837941378355026,0.25066083669662476
3,random_curve,10.22,3.857456922531128,-0.04410134255886078,0.20999999344348907,0.1602064073085785,0.30593836307525635,0.12224956601858139,-0.04961904138326645,0.2579039931297302
3,random_curve,10.24,3.8596339225769043,-0.04532655328512192,0.20999999344348907,0.16170699894428253,0.30593836307525635,0.09714534133672714,-0.050960391759872437,0.2586902379989624
3,random_curve,10.26,3.8609588146209717,-0.046405017375946045,0.20999999344348907,0.1640251874923706,0.30593836307525635,0.045928940176963806,-0.051990605890750885,0.2546367943286896
3,random_curve,10.28,3.8618087768554688,-0.046861596405506134,0.20999999344348907,0.16681307554244995,0.30593836307525635,0.03970713168382645,-0.05241638049483299,0.25448933243751526
3,random_curve,10.3,3.8624699115753174,-0.04643440619111061,0.20999999344348907,0.16939187049865723,0.30593836307525635,0.029899142682552338,-0.051965732127428055,0.26138487458229065
3,random_curve,10.32,3.8630576133728027,-0.04553690180182457,0.20999999344348907,0.1709091067314148,0.30593836307525635,0.025758780539035797,-0.051047712564468384,0.2528640031814575
3,random_curve,10.34,3.863621234893799,-0.04461643844842911,0.20999999344348907,0.17094741761684418,0.30593836307525635,0.025626560673117638,-0.05010760948061943,0.24438931047916412
3,random_curve,10.36,3.8642537593841553,-0.04400572553277016,0.20999999344348907,0.16936014592647552,0.30593836307525635,0.03993642330169678,-0.04947458952665329,0.23327699303627014
3,random_curve,10.38,3.865168809890747,-0.043459825217723846,0.20999999344348907,0.16673409938812256,0.30593836307525635,0.04923029989004135,-0.048896193504333496,0.2369028627872467
3,random_curve,10.4,3.866299629211426,-0.04241487383842468,0.20999999344348907,0.16371893882751465,0.30593836307525635,0.057465892285108566,-0.04781132563948631,0.2505304515361786
3,random_curve,10.42,3.868164300918579,-0.041172094643116,0.20999999344348907,0.16136609017848969,0.30593836307525635,0.11895230412483215,-0.04650241509079933,0.27441802620887756
3,random_curve,10.44,3.8711800575256348,-0.04026216268539429,0.20999999344348907,0.1605992168188095,0.30593836307525635,0.1720839887857437,-0.045484818518161774,0.2685069441795349
3,random_curve,10.46,3.875441789627075,-0.04005047678947449,0.20999999344348907,0.1610446274280548,0.30593836307525635,0.24209755659103394,-0.04512029513716698,0.27515771985054016
3,random_curve,10.48,3.880347728729248,-0.039852820336818695,0.20999999344348907,0.16231472790241241,0.30593836307525635,0.24596694111824036,-0.04474667087197304,0.2639692425727844
3,random_curve,10.5,3.8849892616271973,-0.03911687433719635,0.20999999344348907,0.16391946375370026,0.30593836307525635,0.21605591475963593,-0.04384458810091019,0.26731428503990173
3,random_curve,10.52,3.8891053199768066,-0.038004204630851746,0.20999999344348907,0.16543971002101898,0.30593836307525635,0.18725061416625977,-0.042584896087646484,0.2552887797355652
3,random_curve,10.540000000000001,3.8928823471069336,-0.03726000338792801,0.20999999344348907,0.16679814457893372,0.30593836307525635,0.18433785438537598,-0.041705597192049026,0.26261281967163086
3,random_curve,10.56,3.8962972164154053,-0.03642214834690094,0.20999999344348907,0.16749919950962067,0.30593836307525635,0.16026723384857178,-0.04074570909142494,0.2457066923379898
3,random_curve,10.58,3.899380922317505,-0.03593973442912102,0.20999999344348907,0.16732677817344666,0.30593836307525635,0.1411270797252655,-0.04027176648378372,0.2324550449848175
3,random_curve,10.6,3.901860237121582,-0.036018066108226776,0.20999999344348907,0.1659834384918213,0.30593836307525635,0.10665824264287949,-0.04024558886885643,0.227842777967453
3,random_curve,10.620000000000001,3.9035730361938477,-0.036718495190143585,0.20999999344348907,0.16425453126430511,0.30593836307525635,0.07047143578529358,-0.040873244404792786,0.2222769856452942
3,random_curve,10.64,3.904592990875244,-0.03761860728263855,0.20999999344348907,0.1627066284418106,0.30593836307525635,0.039122387766838074,-0.04172959551215172,0.2303813248872757
3,random_curve,10.66,3.9047694206237793,-0.03818720951676369,0.20999999344348907,0.1608555018901825,0.30593836307525635,-0.01036373432725668,-0.04229025915265083,0.23003116250038147
3,random_curve,10.68,3.9042115211486816,-0.03875865042209625,0.20999999344348907,0.15947411954402924,0.30593836307525635,-0.037004031240940094,-0.042884692549705505,0.22951991856098175
3,random_curve,10.700000000000001,3.9038119316101074,-0.03939834609627724,0.20999999344348907,0.15932904183864594,0.30593836307525635,-0.00021980213932693005,-0.04354065656661987,0.25786322355270386
3,random_curve,10.72,3.9040236473083496,-0.040086302906274796,0.20999999344348907,0.15984584391117096,0.30593836307525635,0.024389777332544327,-0.044219084084033966,0.2512856125831604
3,random_curve,10.74,3.9042840003967285,-0.04098718613386154,0.20999999344348907,0.16080816090106964,0.30593836307525635,0.011441699229180813,-0.04510819911956787,0.24994714558124542
3,random_curve,10.76,3.904649496078491,-0.042293570935726166,0.20999999344348907,0.16198481619358063,0.30593836307525635,0.027599621564149857,-0.04639802873134613,0.2479477971792221
3,random_curve,10.78,3.9052155017852783,-0.04311663657426834,0.20999999344348907,0.16332019865512848,0.30593836307525635,0.03367828577756882,-0.04719652235507965,0.2514147162437439
3,random_curve,10.8,3.9052987098693848,-0.043021269142627716,0.20999999344348907,0.16460612416267395,0.30593836307525635,-0.016194771975278854,-0.04709773510694504,0.24553118646144867
3,random_curve,10.82,3.9047181606292725,-0.042819276452064514,0.20999999344348907,0.16535961627960205,0.30593836307525635,-0.0377127006649971,-0.046920374035835266,0.2310071587562561
3,random_curve,10.84,3.903916358947754,-0.042264197021722794,0.20999999344348907,0.16497346758842468,0.30593836307525635,-0.04969010129570961,-0.0463995635509491,0.25594282150268555
3,random_curve,10.86,3.9029271602630615,-0.04108525812625885,0.20999999344348907,0.16387365758419037,0.30593836307525635,-0.05075240507721901,-0.04526333883404732,0.2614381015300751
3,random_curve,10.88,3.9018447399139404,-0.039789047092199326,0.20999999344348907,0.16303738951683044,0.30593836307525635,-0.06053188070654869,-0.04401387646794319,0.2841005325317383
3,random_curve,10.9,3.9009571075439453,-0.038116998970508575,0.20999999344348907,0.16265730559825897,0.30593836307525635,-0.03932062163949013,-0.04238070175051689,0.2896450161933899
3,random_curve,10.92,3.900650978088379,-0.03616142272949219,0.20999999344348907,0.16220009326934814,0.30593836307525635,0.006655914708971977,-0.040439754724502563,0.28745582699775696
3,random_curve,10.94,3.9009006023406982,-0.034280892461538315,0.20999999344348907,0.1615944355726242,0.30593836307525635,0.004602126311510801,-0.03855038061738014,0.2870929539203644
3,random_curve,10.96,3.9016337394714355,-0.0327339842915535,0.20999999344348907,0.1606864631175995,0.30593836307525635,0.05720899999141693,-0.03697396442294121,0.29472801089286804
3,random_curve,10.98,3.9034271240234375,-0.03169725462794304,0.20999999344348907,0.15978839993476868,0.30593836307525635,0.10537297278642654,-0.03586260974407196,0.32424670457839966
3,random_curve,11.0,3.9054901599884033,-0.03106258437037468,0.20999999344348907,0.16006606817245483,0.30593836307525635,0.09623100608587265,-0.03514159843325615,0.33168095350265503
3,random_curve,11.02,3.907081127166748,-0.03033439815044403,0.20999999344348907,0.16142290830612183,0.30593836307525635,0.05791328847408295,-0.0343470424413681,0.34872540831565857
3,random_curve,11.040000000000001,3.9081850051879883,-0.029726261273026466,0.20999999344348907,0.16331511735916138,0.30593836307525635,0.047911230474710464,-0.033692944794893265,0.3363531529903412
3,random_curve,11.06,3.909855365753174,-0.029657935723662376,0.20999999344348907,0.16514073312282562,0.30593836307525635,0.10816121846437454,-0.0335543155670166,0.3469443917274475
3,random_curve,11.08,3.9121458530426025,-0.030124761164188385,0.20999999344348907,0.16579031944274902,0.30593836307525635,0.11884930729866028,-0.03392424434423447,0.31934934854507446
3,random_curve,11.1,3.914016008377075,-0.030896084383130074,0.20999999344348907,0.16557149589061737,0.30593836307525635,0.07470501959323883,-0.03461610525846481,0.29744666814804077
3,random_curve,11.120000000000001,3.9157187938690186,-0.03183983638882637,0.20999999344348907,0.16579760611057281,0.30593836307525635,0.09609144926071167,-0.03548729047179222,0.27830520272254944
3,random_curve,11.14,3.917637586593628,-0.033531948924064636,0.20999999344348907,0.16688738763332367,0.30593836307525635,0.09896721690893173,-0.03709707409143448,0.2538287937641144
3,random_curve,11.16,3.9194560050964355,-0.03542381525039673,0.20999999344348907,0.16792748868465424,0.30593836307525635,0.09059221297502518,-0.03891066089272499,0.24013866484165192
3,random_curve,11.18,3.921198606491089,-0.03762606531381607,0.20999999344348907,0.1686290055513382,0.30593836307525635,0.08993233740329742,-0.04103755205869675,0.22857089340686798
3,random_curve,11.200000000000001,3.922618865966797,-0.04006369039416313,0.20999999344348907,0.1693846881389618,0.30593836307525635,0.06466571241617203,-0.0434131845831871,0.2043572962284088
4,s_curve,0.0,0.0,0.0,0.29319998621940613,0.3499999940395355,0.5810300707817078,0.0,0.0,0.0
4,s_curve,0.02,8.47959890961647e-05,-0.0001504702668171376,0.29319998621940613,0.34521740674972534,0.5810300707817078,0.0028443923220038414,-0.00017229898367077112,0.220555379986763
4,s_curve,0.04,0.00021845009177923203,-0.0003910271043423563,0.29319998621940613,0.3366778790950775,0.5810300707817078,-0.0031081982888281345,-0.00044670249917544425,0.3253255784511566
4,s_curve,0.06,0.0004888949915766716,-0.00011319492477923632,0.29319998621940613,0.32524606585502625,0.5810300707817078,0.01657864823937416,-0.0003636089968495071,0.38505446910858154
4,s_curve,0.08,0.0007442319765686989,0.00047871569404378533,0.29319998621940613,0.31035181879997253,0.5810300707817078,0.027534153312444687,-9.98243922367692e-06,0.3897179961204529
4,s_curve,0.1,0.0011722780764102936,0.0004279755230527371,0.29319998621940613,0.2915916442871094,0.5810300707817078,0.009492101147770882,-0.0002879559760913253,0.4259350299835205
4,s_curve,0.12,0.001828172244131565,0.0001378447632305324,0.29319998621940613,0.26855695247650146,0.5810300707817078,0.023336222395300865,-0.000891207018867135,0.4731673300266266
4,s_curve,0.14,0.002070498652756214,-7.237481622723863e-05,0.29319998621940613,0.24167074263095856,0.5810300707817078,-0.0031697028316557407,-0.0012000995920971036,0.582581102848053
4,s_curve,0.16,0.002343816217035055,-5.187884016777389e-05,0.29319998621940613,0.21240593492984772,0.5810300707817078,0.025645729154348373,-0.0013334315735846758,0.6060617566108704
4,s_curve,0.18,0.004167132079601288,-0.0006541493930853903,0.29319998621940613,0.18452312052249908,0.5810300707817078,0.08532343804836273,-0.002839871449396014,0.6041591763496399
4,s_curve,0.2,0.00878544058650732,-0.0015927443746477365,0.29319998621940613,0.16463474929332733,0.5810300707817078,0.23124374449253082,-0.006165563594549894,0.6926683783531189
4,s_curve,0.22,0.01655592955648899,-0.0024043978191912174,0.29319998621940613,0.15379904210567474,0.5810300707817078,0.3559586703777313,-0.011120346374809742,0.7193900942802429
4,s_curve,0.24,0.023950085043907166,-0.000832720601465553,0.29319998621940613,0.153898686170578,0.5810300707817078,0.3567977249622345,-0.013878192752599716,0.7072165608406067
4,s_curve,0.26,0.03201139718294144,0.0018347031436860561,0.29319998621940613,0.16200681030750275,0.5810300707817078,0.4487379193305969,-0.016125058755278587,0.6893004775047302
4,s_curve,0.28,0.04321875423192978,0.0036186380311846733,0.29319998621940613,0.17467425763607025,0.5810300707817078,0.5769662261009216,-0.02078583650290966,0.6574318408966064
4,s_curve,0.3,0.0571913905441761,0.004935756325721741,0.29319998621940613,0.18972377479076385,0.5810300707817078,0.6562238931655884,-0.02735472470521927,0.6094561815261841
4,s_curve,0.32,0.07243650406599045,0.006307477597147226,0.29319998621940613,0.205137699842453,0.5810300707817078,0.7119454145431519,-0.03457646071910858,0.5843901634216309
4,s_curve,0.34,0.08899758756160736,0.007924295961856842,0.29319998621940613,0.2193247675895691,0.5810300707817078,0.7725263833999634,-0.04237733036279678,0.5341680645942688
4,s_curve,0.36,0.10722611099481583,0.009365092031657696,0.29319998621940613,0.23056118190288544,0.5810300707817078,0.8026500344276428,-0.05112062022089958,0.44845879077911377
4,s_curve,0.38,0.125136598944664,0.010529017075896263,0.29319998621940613,0.23967993259429932,0.5810300707817078,0.7688753008842468,-0.05992228165268898,0.3856324553489685
4,s_curve,0.4,0.14254049956798553,0.011971255764365196,0.29319998621940613,0.24811214208602905,0.5810300707817078,0.7784494161605835,-0.06830915063619614,0.3694342374801636
4,s_curve,0.42,0.16100506484508514,0.014412730000913143,0.29319998621940613,0.2559066116809845,0.5810300707817078,0.8943448662757874,-0.07625080645084381,0.4171510636806488
4,s_curve,0.44,0.18157202005386353,0.017361603677272797,0.29319998621940613,0.2614976465702057,0.5810300707817078,0.9710594415664673,-0.08490382134914398,0.4032161831855774
4,s_curve,0.46,0.2030123919248581,0.019855504855513573,0.29319998621940613,0.26368027925491333,0.5810300707817078,0.960479199886322,-0.09448006749153137,0.39542675018310547
4,s_curve,0.48,0.22418245673179626,0.021761707961559296,0.29319998621940613,0.2623836100101471,0.5810300707817078,0.9321513175964355,-0.10419811308383942,0.3964691162109375
4,s_curve,0.5,0.2436116486787796,0.023357899859547615,0.29319998621940613,0.2602519094944,0.5810300707817078,0.8562252521514893,-0.11342653632164001,0.4558478593826294
4,s_curve,0.52,0.2617451548576355,0.0270831361413002,0.29319998621940613,0.25831538438796997,0.5810300707817078,0.9021711349487305,-0.11982360482215881,0.4549998342990875
4,s_curve,0.54,0.2802424132823944,0.033099427819252014,0.29319998621940613,0.2572407126426697,0.5810300707817078,0.9913524389266968,-0.12446586787700653,0.42377397418022156
4,s_curve,0.56,0.3000204563140869,0.03996822237968445,0.29319998621940613,0.2584242522716522,0.5810300707817078,1.047835111618042,-0.12915612757205963,0.3944770395755768
4,s_curve,0.58,0.31971684098243713,0.04713338240981102,0.29319998621940613,0.25936412811279297,0.5810300707817078,1.0108563899993896,-0.13322684168815613,0.3404381275177002
4,s_curve,0.6,0.33920300006866455,0.05476943403482437,0.29319998621940613,0.25679221749305725,0.5810300707817078,1.0295960903167725,-0.1369512677192688,0.3170821964740753
4,s_curve,0.62,0.35824957489967346,0.06156056746840477,0.29319998621940613,0.25185710191726685,0.5810300707817078,0.9348049163818359,-0.1407473087310791,0.3399835526943207
4,s_curve,0.64,0.37608492374420166,0.06663357466459274,0.29319998621940613,0.24831992387771606,0.5810300707817078,0.8510997295379639,-0.14570003747940063,0.2913399636745453
4,s_curve,0.66,0.3927675783634186,0.07092104852199554,0.29319998621940613,0.2446739822626114,0.5810300707817078,0.807776153087616,-0.1502084583044052,0.3204716742038727
4,s_curve,0.68,0.4091314375400543,0.0750657469034195,0.29319998621940613,0.23876309394836426,0.5810300707817078,0.8050715327262878,-0.15468361973762512,0.34163615107536316
4,s_curve,0.7000000000000001,0.4247373342514038,0.07828997075557709,0.29319998621940613,0.2309970110654831,0.5810300707817078,0.6923946738243103,-0.1598360538482666,0.32310670614242554
4,s_curve,0.72,0.4380134642124176,0.07988786697387695,0.29319998621940613,0.22516098618507385,0.5810300707817078,0.5639210939407349,-0.16479161381721497,0.34283626079559326
4,s_curve,0.74,0.4498840868473053,0.08114311099052429,0.29319998621940613,0.220941960811615,0.5810300707817078,0.5568327903747559,-0.16937483847141266,0.40014588832855225
4,s_curve,0.76,0.4610266089439392,0.08257395029067993,0.29319998621940613,0.2176845818758011,0.5810300707817078,0.5158377289772034,-0.17345520853996277,0.40281036496162415
4,s_curve,0.78,0.4713060259819031,0.08520953357219696,0.29319998621940613,0.2152775079011917,0.5810300707817078,0.5330443382263184,-0.176314115524292,0.4317750632762909
4,s_curve,0.8,0.4812714457511902,0.08906495571136475,0.29319998621940613,0.21402183175086975,0.5810300707817078,0.545426607131958,-0.17750117182731628,0.45612505078315735
4,s_curve,0.8200000000000001,0.4917587339878082,0.09297145158052444,0.29319998621940613,0.213103786110878,0.5810300707817078,0.5875948071479797,-0.17888414859771729,0.47035321593284607
4,s_curve,0.84,0.5032195448875427,0.09689053893089294,0.29319998621940613,0.21245768666267395,0.5810300707817078,0.6161271929740906,-0.1807059347629547,0.44149723649024963
4,s_curve,0.86,0.5149459838867188,0.10092547535896301,0.29319998621940613,0.212199866771698,0.5810300707817078,0.6099908351898193,-0.18273068964481354,0.43103042244911194
4,s_curve,0.88,0.5262504816055298,0.10454412549734116,0.29319998621940613,0.21169881522655487,0.5810300707817078,0.5558609962463379,-0.18450060486793518,0.4415685832500458
4,s_curve,0.9,0.5365951657295227,0.10807942599058151,0.29319998621940613,0.2093973159790039,0.5810300707817078,0.5317917466163635,-0.18591956794261932,0.42569059133529663
4,s_curve,0.92,0.5467016100883484,0.11125344038009644,0.29319998621940613,0.204663947224617,0.5810300707817078,0.5062401294708252,-0.18793044984340668,0.4202173352241516
4,s_curve,0.9400000000000001,0.5555636882781982,0.11333191394805908,0.29319998621940613,0.19903504848480225,0.5810300707817078,0.38416802883148193,-0.18979285657405853,0.41039222478866577
4,s_curve,0.96,0.5634021759033203,0.11436505615711212,0.29319998621940613,0.19418233633041382,0.5810300707817078,0.35718590021133423,-0.1921699345111847,0.4332234859466553
4,s_curve,0.98,0.5707353353500366,0.11560153216123581,0.29319998621940613,0.1907220333814621,0.5810300707817078,0.3520471155643463,-0.19414912164211273,0.462909460067749
4,s_curve,1.0,0.5767890810966492,0.11622153222560883,0.29319998621940613,0.18808792531490326,0.5810300707817078,0.23427428305149078,-0.1961461901664734,0.4802762269973755
4,s_curve,1.02,0.5814510583877563,0.11689174920320511,0.29319998621940613,0.1870683878660202,0.5810300707817078,0.2155061662197113,-0.19750945270061493,0.47966229915618896
4,s_curve,1.04,0.5852124691009521,0.11783578991889954,0.29319998621940613,0.18858128786087036,0.5810300707817078,0.1588219404220581,-0.19869603216648102,0.4865128993988037
4,s_curve,1.06,0.5875477194786072,0.1189570501446724,0.29319998621940613,0.192233607172966,0.5810300707817078,0.11041368544101715,-0.19860202074050903,0.4903549253940582
4,s_curve,1.08,0.5894134044647217,0.12178954482078552,0.29319998621940613,0.19752511382102966,0.5810300707817078,0.17372865974903107,-0.19675174355506897,0.4888147711753845
4,s_curve,1.1,0.5921761393547058,0.12650799751281738,0.29319998621940613,0.20356088876724243,0.5810300707817078,0.25057369470596313,-0.19353151321411133,0.4924534261226654
4,s_curve,1.12,0.5951764583587646,0.13315528631210327,0.29319998621940613,0.20967896282672882,0.5810300707817078,0.2809586524963379,-0.18863829970359802,0.4953414499759674
4,s_curve,1.1400000000000001,0.5982275009155273,0.14110791683197021,0.29319998621940613,0.2161046862602234,0.5810300707817078,0.3232499361038208,-0.18256893754005432,0.5604231953620911
4,s_curve,1.16,0.6020551919937134,0.15048427879810333,0.29319998621940613,0.22209598124027252,0.5810300707817078,0.3744390904903412,-0.1755051165819168,0.5917075872421265
4,s_curve,1.18,0.6068543791770935,0.159616619348526,0.29319998621940613,0.22458547353744507,0.5810300707817078,0.4188748598098755,-0.16905340552330017,0.5433945655822754
4,s_curve,1.2,0.6127148866653442,0.16780897974967957,0.29319998621940613,0.22396236658096313,0.5810300707817078,0.4151662588119507,-0.16420656442642212,0.5078822374343872
4,s_curve,1.22,0.6186274886131287,0.17507997155189514,0.29319998621940613,0.2216043919324875,0.5810300707817078,0.4060710072517395,-0.1596817672252655,0.4891836643218994
4,s_curve,1.24,0.6249942779541016,0.18269018828868866,0.29319998621940613,0.2171727567911148,0.5810300707817078,0.4397130608558655,-0.15501271188259125,0.4812922775745392
4,s_curve,1.26,0.6311918497085571,0.18955005705356598,0.29319998621940613,0.20962108671665192,0.5810300707817078,0.38568317890167236,-0.15097588300704956,0.4753364622592926
4,s_curve,1.28,0.6370223164558411,0.19552093744277954,0.29319998621940613,0.20312392711639404,0.5810300707817078,0.3685012757778168,-0.14813847839832306,0.4543275535106659
4,s_curve,1.3,0.6425238847732544,0.2004186064004898,0.29319998621940613,0.19796445965766907,0.5810300707817078,0.32273298501968384,-0.1454588621854782,0.4471535086631775
4,s_curve,1.32,0.6476333141326904,0.20512905716896057,0.29319998621940613,0.19309201836585999,0.5810300707817078,0.3320141136646271,-0.14281845092773438,0.46232664585113525
4,s_curve,1.34,0.6528313755989075,0.21017226576805115,0.29319998621940613,0.1881839632987976,0.5810300707817078,0.3452121615409851,-0.13989683985710144,0.4950498342514038
4,s_curve,1.36,0.6586154103279114,0.2161771059036255,0.29319998621940613,0.18429674208164215,0.5810300707817078,0.40363582968711853,-0.13627730309963226,0.5123904347419739
4,s_curve,1.3800000000000001,0.6651696562767029,0.22281719744205475,0.29319998621940613,0.18217207491397858,0.5810300707817078,0.46646586060523987,-0.13232988119125366,0.5664846897125244
4,s_curve,1.4000000000000001,0.6746704578399658,0.23150521516799927,0.29319998621940613,0.18189670145511627,0.5810300707817078,0.6744484305381775,-0.12774498760700226,0.6205839514732361
4,s_curve,1.42,0.6874930262565613,0.24124689400196075,0.29319998621940613,0.18182343244552612,0.5810300707817078,0.8265790939331055,-0.12259159237146378,0.6386125087738037
4,s_curve,1.44,0.7025935649871826,0.2500322163105011,0.29319998621940613,0.18001675605773926,0.5810300707817078,0.8611330389976501,-0.11953766644001007,0.6172550320625305
4,s_curve,1.46,0.7190099954605103,0.25722387433052063,0.29319998621940613,0.17764021456241608,0.5810300707817078,0.8844902515411377,-0.1173577755689621,0.580772340297699
4,s_curve,1.48,0.7343102693557739,0.2631490230560303,0.29319998621940613,0.17666122317314148,0.5810300707817078,0.7804899215698242,-0.11668954789638519,0.5924215912818909
4,s_curve,1.5,0.7495041489601135,0.2678760588169098,0.29319998621940613,0.17818504571914673,0.5810300707817078,0.8022565841674805,-0.11596721410751343,0.49968498945236206
4,s_curve,1.52,0.7650347948074341,0.2715504765510559,0.29319998621940613,0.179371640086174,0.5810300707817078,0.7923132181167603,-0.11634847521781921,0.496731162071228
4,s_curve,1.54,0.7805132269859314,0.27477073669433594,0.29319998621940613,0.17943492531776428,0.5810300707817078,0.7627096772193909,-0.11742335557937622,0.48713845014572144
4,s_curve,1.56,0.7943474650382996,0.2767826020717621,0.29319998621940613,0.17838749289512634,0.5810300707817078,0.6455193161964417,-0.11847663670778275,0.4800795316696167
4,s_curve,1.58,0.8057090044021606,0.2782785892486572,0.29319998621940613,0.17708717286586761,0.5810300707817078,0.5234575271606445,-0.11949418485164642,0.4913526177406311
4,s_curve,1.6,0.8150331377983093,0.28163638710975647,0.29319998621940613,0.17523109912872314,0.5810300707817078,0.47589007019996643,-0.1185825914144516,0.5298276543617249
4,s_curve,1.62,0.8241223096847534,0.2863228917121887,0.29319998621940613,0.17506471276283264,0.5810300707817078,0.5265716910362244,-0.11561853438615799,0.6497269868850708
4,s_curve,1.6400000000000001,0.8346617221832275,0.29239848256111145,0.29319998621940613,0.17685507237911224,0.5810300707817078,0.6208800673484802,-0.11155081540346146,0.6869217157363892
4,s_curve,1.6600000000000001,0.8476183414459229,0.29934874176979065,0.29319998621940613,0.18025100231170654,0.5810300707817078,0.7576262354850769,-0.10744576156139374,0.6965482831001282
4,s_curve,1.68,0.862841010093689,0.3069017827510834,0.29319998621940613,0.18385756015777588,0.5810300707817078,0.8413733839988708,-0.10213783383369446,0.6674711108207703
4,s_curve,1.7,0.8804956078529358,0.31423360109329224,0.29319998621940613,0.1855441927909851,0.5810300707817078,0.9661991596221924,-0.09785857051610947,0.6379114985466003
4,s_curve,1.72,0.8993998169898987,0.32065120339393616,0.29319998621940613,0.18406599760055542,0.5810300707817078,0.9697173237800598,-0.09341525286436081,0.5551156997680664
4,s_curve,1.74,0.9172822833061218,0.3264482021331787,0.29319998621940613,0.17872284352779388,0.5810300707817078,0.8892362713813782,-0.08989822864532471,0.49173933267593384
4,s_curve,1.76,0.933940052986145,0.3321659564971924,0.29319998621940613,0.1695205271244049,0.5810300707817078,0.8502741456031799,-0.08522351086139679,0.4497911036014557
4,s_curve,1.78,0.9514740109443665,0.338798463344574,0.29319998621940613,0.15846838057041168,0.5810300707817078,0.9250879287719727,-0.0801788866519928,0.4084928333759308
4,s_curve,1.8,0.9684720039367676,0.3458922505378723,0.29319998621940613,0.1479445844888687,0.5810300707817078,0.8279470205307007,-0.07343874126672745,0.45901232957839966
5,random_curve,0.0,0.0,0.0,0.1704999953508377,0.3499999940395355,0.4475550353527069,0.0,0.0,0.0
5,random_curve,0.02,-0.0002427389845252037,-0.0002975985989905894,0.1704999953508377,0.34451931715011597,0.4475550353527069,-0.005997493863105774,-0.0003830189525615424,0.3963601291179657
5,random_curve,0.04,0.00011240504682064056,-0.0005290252156555653,0.1704999953508377,0.3350239098072052,0.4475550353527069,0.030993923544883728,-0.0003687232965603471,0.5263749361038208
5,random_curve,0.06,0.0011827843263745308,-0.000653147988487035,0.1704999953508377,0.3231269419193268,0.4475550353527069,0.044951654970645905,0.00014391931472346187,0.5958771705627441
5,random_curve,0.08,0.001806989312171936,-0.0009181826608255506,0.1704999953508377,0.3088630437850952,0.4475550353527069,0.020736202597618103,0.00028510630363598466,0.6031481623649597
5,random_curve,0.1,0.001996218226850033,-0.0011147852055728436,0.1704999953508377,0.29074299335479736,0.4475550353527069,0.002628668211400509,0.0002327017718926072,0.6132283210754395
5,random_curve,0.12,0.0023422129452228546,-0.001170731266029179,0.1704999953508377,0.2683940529823303,0.4475550353527069,0.020109960809350014,0.0003854522365145385,0.6112368702888489
5,random_curve,0.14,0.0021629435941576958,-0.000694727583322674,0.1704999953508377,0.24184225499629974,0.4475550353527069,-0.028478112071752548,0.0006723814876750112,0.6035789251327515
5,random_curve,0.16,0.0017589358612895012,-0.0005505036097019911,0.1704999953508377,0.21141456067562103,0.4475550353527069,-0.0031672404147684574,0.0005586304469034076,0.589465856552124
5,random_curve,0.18,0.003839164972305298,-0.0009154350846074522,0.1704999953508377,0.18076276779174805,0.4475550353527069,0.17876097559928894,0.0014536208473145962,0.5977849364280701
5,random_curve,0.2,0.008654746226966381,-0.002141042612493038,0.1704999953508377,0.15553049743175507,0.4475550353527069,0.2816193997859955,0.00321359746158123,0.649417519569397
5,random_curve,0.22,0.015704257413744926,-0.0040201423689723015,0.1704999953508377,0.1388721615076065,0.4475550353527069,0.38606953620910645,0.005720464047044516,0.663053035736084
5,random_curve,0.24,0.024127714335918427,-0.006245836615562439,0.1704999953508377,0.1307946741580963,0.4475550353527069,0.42145711183547974,0.008732001297175884,0.6812446117401123
5,random_curve,0.26,0.03433391824364662,-0.008729716762900352,0.1704999953508377,0.1303415298461914,0.4475550353527069,0.5296459197998047,0.012603419832885265,0.6469367146492004
5,random_curve,0.28,0.04568157345056534,-0.010906579904258251,0.1704999953508377,0.13489915430545807,0.4475550353527069,0.5042685866355896,0.01730075106024742,0.6289647221565247
5,random_curve,0.3,0.05616345256567001,-0.012808429077267647,0.1704999953508377,0.14393852651119232,0.4475550353527069,0.45898792147636414,0.02172909490764141,0.6457993388175964
5,random_curve,0.32,0.06553012132644653,-0.013363323174417019,0.1704999953508377,0.153748020529747,0.4475550353527069,0.34600770473480225,0.026625651866197586,0.6131800413131714
5,random_curve,0.34,0.07401174306869507,-0.012665344402194023,0.1704999953508377,0.1620904803276062,0.4475550353527069,0.2968296706676483,0.03204471990466118,0.5958266854286194
5,random_curve,0.36,0.08164571970701218,-0.010426649823784828,0.1704999953508377,0.16788707673549652,0.4475550353527069,0.2175310254096985,0.03824389725923538,0.5993596315383911
5,random_curve,0.38,0.08865705877542496,-0.007225513458251953,0.1704999953508377,0.17000368237495422,0.4475550353527069,0.19130083918571472,0.04500368610024452,0.6043314337730408
5,random_curve,0.4,0.09539619833230972,-0.004151986911892891,0.1704999953508377,0.16804730892181396,0.4475550353527069,0.19918940961360931,0.05135335773229599,0.6055180430412292
5,random_curve,0.42,0.10269233584403992,-0.0016068092081695795,0.1704999953508377,0.1637057363986969,0.4475550353527069,0.25204628705978394,0.057583004236221313,0.5944648385047913
5,random_curve,0.44,0.11025738716125488,0.000659047975204885,0.1704999953508377,0.15743103623390198,0.4475550353527069,0.24737291038036346,0.0637347400188446,0.594453752040863
5,random_curve,0.46,0.11699454486370087,0.0021720498334616423,0.1704999953508377,0.150858536362648,0.4475550353527069,0.209214985370636,0.06879713386297226,0.5864291787147522
5,random_curve,0.48,0.12184780091047287,0.0027035202365368605,0.1704999953508377,0.14686934649944305,0.4475550353527069,0.1719810664653778,0.07198366522789001,0.58709317445755
5,random_curve,0.5,0.12629571557044983,0.0019015406724065542,0.1704999953508377,0.1455620527267456,0.4475550353527069,0.2410479038953781,0.0738416314125061,0.5847001671791077
5,random_curve,0.52,0.13094748556613922,-0.0003015594556927681,0.1704999953508377,0.14641226828098297,0.4475550353527069,0.27216508984565735,0.0746602714061737,0.5851107835769653
5,random_curve,0.54,0.13453932106494904,-0.0038043800741434097,0.1704999953508377,0.14848609268665314,0.4475550353527069,0.23178742825984955,0.07380743324756622,0.5682122707366943
5,random_curve,0.56,0.13683587312698364,-0.007655012421309948,0.1704999953508377,0.1517333984375,0.4475550353527069,0.18645024299621582,0.07193438708782196,0.5632995367050171
5,random_curve,0.58,0.13914068043231964,-0.011221128515899181,0.1704999953508377,0.15635427832603455,0.4475550353527069,0.19715210795402527,0.07030050456523895,0.5745954513549805
5,random_curve,0.6,0.1413186490535736,-0.014116557314991951,0.1704999953508377,0.16112077236175537,0.4475550353527069,0.14294181764125824,0.06934510916471481,0.5611052513122559
5,random_curve,0.62,0.14315147697925568,-0.016092341393232346,0.1704999953508377,0.16506220400333405,0.4475550353527069,0.12838837504386902,0.06873033195734024,0.5831871032714844
5,random_curve,0.64,0.14480865001678467,-0.016913799569010735,0.1704999953508377,0.16841062903404236,0.4475550353527069,0.08420412242412567,0.0689748227596283,0.6166043877601624
5,random_curve,0.66,0.1470530480146408,-0.017452483996748924,0.1704999953508377,0.1721164435148239,0.4475550353527069,0.13769008219242096,0.06978189945220947,0.654404878616333
5,random_curve,0.68,0.1508701890707016,-0.018300574272871017,0.1704999953508377,0.17563824355602264,0.4475550353527069,0.2133100926876068,0.07121099531650543,0.6745221018791199
5,random_curve,0.7000000000000001,0.15624184906482697,-0.019249550998210907,0.1704999953508377,0.1780802309513092,0.4475550353527069,0.271330863237381,0.07342486828565598,0.6469131112098694
5,random_curve,0.72,0.1629636436700821,-0.020398126915097237,0.1704999953508377,0.17921192944049835,0.4475550353527069,0.3376363217830658,0.07622747123241425,0.6292790770530701
5,random_curve,0.74,0.17104767262935638,-0.0229659341275692,0.1704999953508377,0.17854833602905273,0.4475550353527069,0.46059972047805786,0.07861398905515671,0.5673219561576843
5,random_curve,0.76,0.17999807000160217,-0.02708466909825802,0.1704999953508377,0.17740470170974731,0.4475550353527069,0.5374062657356262,0.08019818365573883,0.5073757171630859
5,random_curve,0.78,0.19022011756896973,-0.03292224183678627,0.1704999953508377,0.17650489509105682,0.4475550353527069,0.6407880783081055,0.08128637820482254,0.48206475377082825
5,random_curve,0.8,0.20121148228645325,-0.03986704349517822,0.1704999953508377,0.1751186102628708,0.4475550353527069,0.6802927851676941,0.08150561153888702,0.45129984617233276
5,random_curve,0.8200000000000001,0.2135353833436966,-0.0467863455414772,0.1704999953508377,0.17318765819072723,0.4475550353527069,0.736740231513977,0.08247684687376022,0.5109399557113647
5,random_curve,0.84,0.22617200016975403,-0.052483879029750824,0.1704999953508377,0.16949249804019928,0.4475550353527069,0.6354102492332458,0.08464127033948898,0.4873008728027344
5,random_curve,0.86,0.23773682117462158,-0.05638786405324936,0.1704999953508377,0.16561535000801086,0.4475550353527069,0.5550999641418457,0.08790037781000137,0.4833037257194519
5,random_curve,0.88,0.24895846843719482,-0.05887189880013466,0.1704999953508377,0.1616784632205963,0.4475550353527069,0.5298888087272644,0.09180821478366852,0.552929162979126
5,random_curve,0.9,0.2606675326824188,-0.06136951595544815,0.1704999953508377,0.1581934690475464,0.4475550353527069,0.5856732726097107,0.09596546739339828,0.6343255043029785
5,random_curve,0.92,0.2737770080566406,-0.06372026354074478,0.1704999953508377,0.15582841634750366,0.4475550353527069,0.6320794820785522,0.10099631547927856,0.6692880392074585
5,random_curve,0.9400000000000001,0.2883124053478241,-0.06538476794958115,0.1704999953508377,0.15353398025035858,0.4475550353527069,0.6628980040550232,0.10755497217178345,0.6814185380935669
5,random_curve,0.96,0.30248597264289856,-0.06537973135709763,0.1704999953508377,0.15177364647388458,0.4475550353527069,0.5317139625549316,0.11491870135068893,0.6853393316268921
5,random_curve,0.98,0.31651782989501953,-0.0646781474351883,0.1704999953508377,0.15087109804153442,0.4475550353527069,0.6075671315193176,0.12280414998531342,0.6592561602592468
5,random_curve,1.0,0.33138319849967957,-0.06422640383243561,0.1704999953508377,0.15039239823818207,0.4475550353527069,0.6295323371887207,0.13130560517311096,0.624153733253479
5,random_curve,1.02,0.3459678888320923,-0.06410965323448181,0.1704999953508377,0.1508452594280243,0.4475550353527069,0.6139999628067017,0.13870248198509216,0.6208383440971375
5,random_curve,1.04,0.3594038784503937,-0.0648593083024025,0.1704999953508377,0.15132635831832886,0.4475550353527069,0.5904217958450317,0.14477452635765076,0.6117064356803894
5,random_curve,1.06,0.37206539511680603,-0.0674048587679863,0.1704999953508377,0.15140552818775177,0.4475550353527069,0.6395460367202759,0.14890411496162415,0.5699052810668945
5,random_curve,1.08,0.3840806782245636,-0.07218363881111145,0.1704999953508377,0.1515405923128128,0.4475550353527069,0.6692636609077454,0.151060551404953,0.5087161064147949
5,random_curve,1.1,0.39559677243232727,-0.07935888320207596,0.1704999953508377,0.1514056771993637,0.4475550353527069,0.709876537322998,0.1502644121646881,0.4780561029911041
5,random_curve,1.12,0.4065806567668915,-0.08779522776603699,0.1704999953508377,0.15171575546264648,0.4475550353527069,0.686816394329071,0.14810621738433838,0.45088014006614685
5,random_curve,1.1400000000000001,0.41776254773139954,-0.09717728942632675,0.1704999953508377,0.15263400971889496,0.4475550353527069,0.7539193034172058,0.14553304016590118,0.4568651616573334
5,random_curve,1.16,0.4292577803134918,-0.10664033889770508,0.1704999953508377,0.15437239408493042,0.4475550353527069,0.7047866582870483,0.142299622297287,0.4731414020061493
5,random_curve,1.18,0.4399077296257019,-0.11453281342983246,0.1704999953508377,0.15655402839183807,0.4475550353527069,0.5975819230079651,0.140083909034729,0.4885619282722473
5,random_curve,1.2,0.44934576749801636,-0.11983317881822586,0.1704999953508377,0.15862922370433807,0.4475550353527069,0.4939454197883606,0.14005616307258606,0.5344690680503845
5,random_curve,1.22,0.45877039432525635,-0.12369220703840256,0.1704999953508377,0.16119247674942017,0.4475550353527069,0.5169718265533447,0.1405576765537262,0.620573103427887
5,random_curve,1.24,0.4691879153251648,-0.12703023850917816,0.1704999953508377,0.16383494436740875,0.4475550353527069,0.5524647831916809,0.14195206761360168,0.6587777137756348
5,random_curve,1.26,0.48014920949935913,-0.1297082155942917,0.1704999953508377,0.16632375121116638,0.4475550353527069,0.5328343510627747,0.14417481422424316,0.6697893142700195
5,random_curve,1.28,0.49071505665779114,-0.13117018342018127,0.1704999953508377,0.16867269575595856,0.4475550353527069,0.4763908386230469,0.14769607782363892,0.6623426675796509
5,random_curve,1.3,0.5016545653343201,-0.13291925191879272,0.1704999953508377,0.17111994326114655,0.4475550353527069,0.5810585618019104,0.15037524700164795,0.6430354118347168
5,random_curve,1.32,0.5144727230072021,-0.13599881529808044,0.1704999953508377,0.17287588119506836,0.4475550353527069,0.6958611011505127,0.1525668501853943,0.5715775489807129
5,random_curve,1.34,0.5290603041648865,-0.14012163877487183,0.1704999953508377,0.1722225397825241,0.4475550353527069,0.7789848446846008,0.15485654771327972,0.5301254391670227
5,random_curve,1.36,0.5430505275726318,-0.1448514312505722,0.1704999953508377,0.16889715194702148,0.4475550353527069,0.6837893724441528,0.1554272174835205,0.49287110567092896
5,random_curve,1.3800000000000001,0.5553540587425232,-0.15037372708320618,0.1704999953508377,0.16577237844467163,0.4475550353527069,0.648257851600647,0.155394047498703,0.471179723739624
5,random_curve,1.4000000000000001,0.5663368701934814,-0.15693449974060059,0.1704999953508377,0.1634477823972702,0.4475550353527069,0.609301745891571,0.15266761183738708,0.45866912603378296
5,random_curve,1.42,0.5759028196334839,-0.1644262820482254,0.1704999953508377,0.16151519119739532,0.4475550353527069,0.5631098747253418,0.14860782027244568,0.42398345470428467
5,random_curve,1.44,0.5847025513648987,-0.1729736626148224,0.1704999953508377,0.16008098423480988,0.4475550353527069,0.5588414072990417,0.1433035433292389,0.3885027766227722
5,random_curve,1.46,0.5939112901687622,-0.1815118044614792,0.1704999953508377,0.1602443903684616,0.4475550353527069,0.5999528765678406,0.13846732676029205,0.38575688004493713
5,random_curve,1.48,0.6043686270713806,-0.1905541867017746,0.1704999953508377,0.1619536131620407,0.4475550353527069,0.6425144672393799,0.13267022371292114,0.40137749910354614
5,random_curve,1.5,0.6147129535675049,-0.19930757582187653,0.1704999953508377,0.1663445234298706,0.4475550353527069,0.6065480709075928,0.12711958587169647,0.36099159717559814
5,random_curve,1.52,0.6243029832839966,-0.20784375071525574,0.1704999953508377,0.1721358746290207,0.4475550353527069,0.5383021235466003,0.12188486009836197,0.4150521457195282
5,random_curve,1.54,0.6340507864952087,-0.21537671983242035,0.1704999953508377,0.17791903018951416,0.4475550353527069,0.5686877965927124,0.11682484298944473,0.46572694182395935
5,random_curve,1.56,0.6437893509864807,-0.22115713357925415,0.1704999953508377,0.18204857409000397,0.4475550353527069,0.5169560313224792,0.11346720159053802,0.44071945548057556
5,random_curve,1.58,0.6529698371887207,-0.2255716770887375,0.1704999953508377,0.18435445427894592,0.4475550353527069,0.48204144835472107,0.11181098967790604,0.49343231320381165
5,random_curve,1.6,0.6619131565093994,-0.22928650677204132,0.1704999953508377,0.18520307540893555,0.4475550353527069,0.4760149121284485,0.10982751846313477,0.5605537295341492
5,random_curve,1.62,0.6711651086807251,-0.23300929367542267,0.1704999953508377,0.185149148106575,0.4475550353527069,0.504636287689209,0.10789373517036438,0.6016117930412292
5,random_curve,1.6400000000000001,0.6810996532440186,-0.23663108050823212,0.1704999953508377,0.18409428000450134,0.4475550353527069,0.5313022136688232,0.10698143392801285,0.5929499268531799
5,random_curve,1.6600000000000001,0.6914652585983276,-0.23968996107578278,0.1704999953508377,0.18208031356334686,0.4475550353527069,0.5418245792388916,0.10538890957832336,0.5780162811279297
5,random_curve,1.68,0.702342689037323,-0.24158725142478943,0.1704999953508377,0.17938917875289917,0.4475550353527069,0.560341477394104,0.10501772165298462,0.5672212243080139
5,random_curve,1.7,0.7143908143043518,-0.24438685178756714,0.1704999953508377,0.1757030338048935,0.4475550353527069,0.6568604707717896,0.10391519963741302,0.5238471627235413
5,random_curve,1.72,0.7273051142692566,-0.24885468184947968,0.25,0.17040784657001495,0.4475550353527069,0.6421687602996826,0.10149183869361877,0.4442024230957031
5,random_curve,1.74,0.7388629913330078,-0.25435522198677063,0.25,0.1650475263595581,0.4475550353527069,0.5614795088768005,0.09705492109060287,0.452491819858551
5,random_curve,1.76,0.7490870356559753,-0.260431706905365,0.25,0.15998269617557526,0.4475550353527069,0.5035640001296997,0.092753566801548,0.44668862223625183
5,random_curve,1.78,0.7594980597496033,-0.26644763350486755,0.25,0.15622198581695557,0.4475550353527069,0.5629158616065979,0.08717483282089233,0.44105878472328186
5,random_curve,1.8,0.770717203617096,-0.2722318768501282,0.25,0.15456436574459076,0.4475550353527069,0.5531406998634338,0.08186110854148865,0.43770116567611694
5,random_curve,1.82,0.7820397019386292,-0.2760571837425232,0.25,0.1580367386341095,0.4475550353527069,0.5953624248504639,0.07850892841815948,0.36439546942710876
5,random_curve,1.84,0.794055700302124,-0.27956098318099976,0.25,0.1643076092004776,0.4475550353527069,0.6015965938568115,0.07585529237985611,0.41373562812805176
5,random_curve,1.86,0.8056619763374329,-0.28418922424316406,0.25,0.17120599746704102,0.4475550353527069,0.5503423810005188,0.0711526945233345,0.4396554231643677
5,random_curve,1.8800000000000001,0.8159250617027283,-0.2902865409851074,0.25,0.17653320729732513,0.4475550353527069,0.4768410325050354,0.06498964875936508,0.4398154318332672
5,random_curve,1.9000000000000001,0.8247402906417847,-0.29621395468711853,0.25,0.17943121492862701,0.4475550353527069,0.40051689743995667,0.05963397026062012,0.41924849152565
5,random_curve,1.92,0.832423985004425,-0.301090806722641,0.25,0.1816074401140213,0.4475550353527069,0.3687571585178375,0.05435742065310478,0.42959660291671753
5,random_curve,1.94,0.840262770652771,-0.30486392974853516,0.25,0.18404926359653473,0.4475550353527069,0.4029320478439331,0.05017484351992607,0.47404059767723083
5,random_curve,1.96,0.848860502243042,-0.30760958790779114,0.25,0.1867842972278595,0.4475550353527069,0.45401647686958313,0.046978142112493515,0.5314832925796509
5,random_curve,1.98,0.8588632345199585,-0.3096786141395569,0.25,0.18972036242485046,0.4475550353527069,0.5269108414649963,0.0451766662299633,0.5741062164306641
5,random_curve,2.0,0.8706051111221313,-0.31199201941490173,0.25,0.19371069967746735,0.4475550353527069,0.6100319623947144,0.04173142835497856,0.5541216135025024
5,random_curve,2.02,0.8836698532104492,-0.3147507309913635,0.25,0.1969357579946518,0.4475550353527069,0.6526238322257996,0.037714242935180664,0.4772701859474182
5,random_curve,2.04,0.8969740271568298,-0.3185204565525055,0.25,0.19755424559116364,0.4475550353527069,0.6075595021247864,0.03347747400403023,0.42045333981513977
5,random_curve,2.06,0.9092646837234497,-0.3230119049549103,0.25,0.1969999223947525,0.4475550353527069,0.5499024987220764,0.027319958433508873,0.41404908895492554
5,random_curve,2.08,0.9205521941184998,-0.32743343710899353,0.25,0.1960678994655609,0.4475550353527069,0.5181618332862854,0.021371223032474518,0.3798275291919708
5,random_curve,2.1,0.9322817921638489,-0.33176299929618835,0.25,0.19544494152069092,0.4475550353527069,0.5749333500862122,0.015452065505087376,0.40081846714019775
5,random_curve,2.12,0.9450463056564331,-0.33650389313697815,0.25,0.19392164051532745,0.4475550353527069,0.5969958305358887,0.009517049416899681,0.38263964653015137
5,random_curve,2.14,0.9579669833183289,-0.3413400650024414,0.25,0.19184088706970215,0.4475550353527069,0.5580163598060608,0.0024605097714811563,0.3446609675884247
5,random_curve,2.16,0.9695860743522644,-0.3449155390262604,0.25,0.19134855270385742,0.4475550353527069,0.5192845463752747,-0.0031239851377904415,0.28841957449913025
5,random_curve,2.18,0.9797726273536682,-0.3477507531642914,0.25,0.19050192832946777,0.4475550353527069,0.43103817105293274,-0.007725296076387167,0.2969827651977539
5,random_curve,2.2,0.9883039593696594,-0.3493238687515259,0.25,0.18918104469776154,0.4475550353527069,0.38471347093582153,-0.010285497643053532,0.31532159447669983
5,random_curve,2.22,0.9961448907852173,-0.3494994044303894,0.25,0.18659351766109467,0.4475550353527069,0.3883216679096222,-0.012127936817705631,0.35566216707229614
5,random_curve,2.24,1.0039293766021729,-0.34799155592918396,0.25,0.1845095008611679,0.4475550353527069,0.41476669907569885,-0.012313631363213062,0.4347181022167206
5,random_curve,2.2600000000000002,1.01276433467865,-0.34587883949279785,0.25,0.18304197490215302,0.4475550353527069,0.49184945225715637,-0.012132212519645691,0.5220950245857239
5,random_curve,2.2800000000000002,1.02350914478302,-0.3435947895050049,0.25,0.18232110142707825,0.4475550353527069,0.5912975668907166,-0.011548396199941635,0.5838398337364197
5,random_curve,2.3000000000000003,1.0354336500167847,-0.3412836194038391,0.25,0.1823790818452835,0.4475550353527069,0.6194044351577759,-0.012226339429616928,0.5785359144210815
5,random_curve,2.32,1.0487316846847534,-0.33962711691856384,0.25,0.18202894926071167,0.4475550353527069,0.6896787881851196,-0.013875238597393036,0.5175162553787231
5,random_curve,2.34,1.0629146099090576,-0.33897924423217773,0.25,0.17980648577213287,0.4475550353527069,0.6760927438735962,-0.016718683764338493,0.44439488649368286
5,random_curve,2.36,1.0756323337554932,-0.338755339384079,0.25,0.17736664414405823,0.4475550353527069,0.5639970302581787,-0.019333019852638245,0.417559951543808
5,random_curve,2.38,1.086161494255066,-0.3391307294368744,0.25,0.17503933608531952,0.4475550353527069,0.4482317566871643,-0.022565461695194244,0.4042891263961792
5,random_curve,2.4,1.0958577394485474,-0.3404668867588043,0.25,0.17386913299560547,0.4475550353527069,0.4380757510662079,-0.026495125144720078,0.4128829836845398
5,random_curve,2.42,1.1041759252548218,-0.3414837718009949,0.25,0.17610721290111542,0.4475550353527069,0.3551710247993469,-0.029741821810603142,0.3480301797389984
5,random_curve,2.44,1.1113312244415283,-0.3430946171283722,0.25,0.17976944148540497,0.4475550353527069,0.29644662141799927,-0.0327683761715889,0.36487025022506714
5,random_curve,2.46,1.1179814338684082,-0.3448304831981659,0.25,0.18331852555274963,0.4475550353527069,0.2936725914478302,-0.0363999679684639,0.3988458812236786
5,random_curve,2.48,1.1256203651428223,-0.3466919958591461,0.25,0.18621240556240082,0.4475550353527069,0.35814571380615234,-0.040445029735565186,0.40553727746009827
5,random_curve,2.5,1.133780837059021,-0.34814417362213135,0.25,0.18856826424598694,0.4475550353527069,0.36952659487724304,-0.044254008680582047,0.3865061402320862
5,random_curve,2.52,1.141097903251648,-0.34798431396484375,0.25,0.1900191456079483,0.4475550353527069,0.3574599027633667,-0.046273261308670044,0.4007008969783783
5,random_curve,2.54,1.1484214067459106,-0.3462260365486145,0.25,0.19181862473487854,0.4475550353527069,0.40353721380233765,-0.04676804319024086,0.4891200065612793
5,random_curve,2.56,1.156174898147583,-0.3439272940158844,0.25,0.19479261338710785,0.4475550353527069,0.4265209138393402,-0.04646652191877365,0.5524303913116455
5,random_curve,2.58,1.1651667356491089,-0.3413166105747223,0.25,0.1988677829504013,0.4475550353527069,0.5044358372688293,-0.04684261232614517,0.5683847665786743
5,random_curve,2.6,1.1761425733566284,-0.33893802762031555,0.25,0.2029346227645874,0.4475550353527069,0.5944342017173767,-0.0480680912733078,0.5463627576828003
5,random_curve,2.62,1.1890910863876343,-0.3374463617801666,0.25,0.20563848316669464,0.4475550353527069,0.6552329659461975,-0.05076037347316742,0.498943567276001
5,random_curve,2.64,1.2031656503677368,-0.33650678396224976,0.25,0.20530374348163605,0.4475550353527069,0.6761075258255005,-0.05406451225280762,0.42767390608787537
5,random_curve,2.66,1.2162517309188843,-0.33626917004585266,0.25,0.20291700959205627,0.4475550353527069,0.5909494757652283,-0.0582083985209465,0.34805575013160706
5,random_curve,2.68,1.228482961654663,-0.3368237316608429,0.25,0.19988270103931427,0.4475550353527069,0.5515264868736267,-0.06281369924545288,0.3051724135875702
5,random_curve,2.7,1.240376353263855,-0.33824464678764343,0.25,0.19560055434703827,0.4475550353527069,0.527857780456543,-0.06812290102243423,0.30778244137763977
5,random_curve,2.72,1.2531057596206665,-0.3393898010253906,0.25,0.19167578220367432,0.4475550353527069,0.611160159111023,-0.07327780872583389,0.36549392342567444
5,random_curve,2.74,1.2664470672607422,-0.3393514156341553,0.25,0.18917043507099152,0.4475550353527069,0.618151843547821,-0.07786737382411957,0.366127073764801
5,random_curve,2.7600000000000002,1.278766393661499,-0.3391755521297455,0.25,0.18673154711723328,0.4475550353527069,0.5327410697937012,-0.08197366446256638,0.3874228596687317
5,random_curve,2.7800000000000002,1.2892298698425293,-0.339240163564682,0.25,0.18396984040737152,0.4475550353527069,0.4661117196083069,-0.08566206693649292,0.42427587509155273
5,random_curve,2.8000000000000003,1.2985215187072754,-0.33844563364982605,0.25,0.1811639964580536,0.4475550353527069,0.458744078874588,-0.0880061537027359,0.43916264176368713
5,random_curve,2.82,1.307578682899475,-0.3353569209575653,0.25,0.17955222725868225,0.4475550353527069,0.5038571357727051,-0.0883444994688034,0.5262913107872009
5,random_curve,2.84,1.3172495365142822,-0.33108657598495483,0.25,0.17955288290977478,0.4475550353527069,0.5573914647102356,-0.087797150015831,0.5904325246810913
5,random_curve,2.86,1.3283203840255737,-0.3262633681297302,0.25,0.18117058277130127,0.4475550353527069,0.6320576071739197,-0.08723161369562149,0.6002068519592285
5,random_curve,2.88,1.3407829999923706,-0.3215773105621338,0.25,0.1834244430065155,0.4475550353527069,0.698789656162262,-0.08721974492073059,0.5629957914352417
5,random_curve,2.9,1.3546056747436523,-0.3170371949672699,0.25,0.1846480667591095,0.4475550353527069,0.7425553798675537,-0.08798861503601074,0.5112385749816895
5,random_curve,2.92,1.3688093423843384,-0.3125818073749542,0.25,0.18299484252929688,0.4475550353527069,0.7430816888809204,-0.08897432684898376,0.46222975850105286
5,random_curve,2.94,1.3828065395355225,-0.3084985017776489,0.25,0.1780516356229782,0.4475550353527069,0.6979894042015076,-0.09020575881004333,0.42751795053482056
5,random_curve,2.96,1.3962352275848389,-0.30585649609565735,0.25,0.1721508651971817,0.4475550353527069,0.6455003619194031,-0.09263497591018677,0.42203328013420105
5,random_curve,2.98,1.4092869758605957,-0.30472487211227417,0.25,0.16603830456733704,0.4475550353527069,0.6166335344314575,-0.09633362293243408,0.44818082451820374
5,random_curve,3.0,1.422250747680664,-0.3052579462528229,0.25,0.16053089499473572,0.4475550353527069,0.5725988745689392,-0.10156962275505066,0.46724578738212585
5,random_curve,3.02,1.433496117591858,-0.30620837211608887,0.25,0.15832193195819855,0.4475550353527069,0.473319947719574,-0.10653741657733917,0.46861931681632996
5,random_curve,3.04,1.4445337057113647,-0.30800220370292664,0.25,0.15849065780639648,0.4475550353527069,0.4973016381263733,-0.11221565306186676,0.46116140484809875
5,random_curve,3.06,1.4563100337982178,-0.3106805682182312,0.25,0.16054289042949677,0.4475550353527069,0.4961209297180176,-0.11898625642061234,0.47304293513298035
5,random_curve,3.08,1.4680684804916382,-0.3140726089477539,0.25,0.16292688250541687,0.4475550353527069,0.46668800711631775,-0.12650661170482635,0.4674355089664459
5,random_curve,3.1,1.4787429571151733,-0.31805115938186646,0.25,0.16424226760864258,0.4475550353527069,0.4017771780490875,-0.13404740393161774,0.45941266417503357
5,random_curve,3.12,1.4882590770721436,-0.32107946276664734,0.25,0.16442956030368805,0.4475550353527069,0.39565110206604004,-0.14028584957122803,0.40997493267059326
5,random_curve,3.14,1.4974126815795898,-0.32255446910858154,0.25,0.16470421850681305,0.4475550353527069,0.4293547570705414,-0.14494429528713226,0.43292513489723206
5,random_curve,3.16,1.5072673559188843,-0.32250627875328064,0.25,0.16582587361335754,0.4475550353527069,0.5025895833969116,-0.14843210577964783,0.4754061698913574
5,random_curve,3.18,1.5179758071899414,-0.32091957330703735,0.25,0.16773198544979095,0.4475550353527069,0.563259482383728,-0.15092983841896057,0.5139610767364502
5,random_curve,3.2,1.530004858970642,-0.31880125403404236,0.25,0.17123234272003174,0.4475550353527069,0.6515296101570129,-0.15316326916217804,0.5235019326210022
5,random_curve,3.22,1.5442588329315186,-0.31634804606437683,0.25,0.17535820603370667,0.4475550353527069,0.7548985481262207,-0.15586309134960175,0.47775623202323914
5,random_curve,3.24,1.5597301721572876,-0.31349802017211914,0.25,0.1782151311635971,0.4475550353527069,0.7949744462966919,-0.15881012380123138,0.43519723415374756
5,random_curve,3.2600000000000002,1.575181245803833,-0.31070131063461304,0.25,0.1800304800271988,0.4475550353527069,0.7504382729530334,-0.16142238676548004,0.405365526676178
5,random_curve,3.2800000000000002,1.5897027254104614,-0.308340847492218,0.25,0.18126752972602844,0.4475550353527069,0.6937935948371887,-0.16412955522537231,0.379202276468277
5,random_curve,3.3000000000000003,1.603604793548584,-0.30707842111587524,0.25,0.18188661336898804,0.4475550353527069,0.666339635848999,-0.1678580343723297,0.3887490928173065
5,random_curve,3.3200000000000003,1.6176185607910156,-0.30682405829429626,0.25,0.18170690536499023,0.4475550353527069,0.6699798703193665,-0.17216810584068298,0.4079248309135437
5,random_curve,3.34,1.6319149732589722,-0.3075345754623413,0.25,0.18041358888149261,0.4475550353527069,0.6579293012619019,-0.17748256027698517,0.39305707812309265
5,random_curve,3.36,1.646834373474121,-0.30872854590415955,0.25,0.17925190925598145,0.4475550353527069,0.7239843606948853,-0.1836782991886139,0.42714813351631165
5,random_curve,3.38,1.662636160850525,-0.30912378430366516,0.25,0.18010766804218292,0.4475550353527069,0.7692384719848633,-0.18890248239040375,0.4662892520427704
5,random_curve,3.4,1.6793477535247803,-0.3095461428165436,0.25,0.18127615749835968,0.4475550353527069,0.7942407727241516,-0.1944316029548645,0.432325541973114
5,random_curve,3.42,1.6959558725357056,-0.31001517176628113,0.25,0.18168571591377258,0.4475550353527069,0.7738748788833618,-0.2000499814748764,0.41919413208961487
5,random_curve,3.44,1.7119123935699463,-0.3091943860054016,0.25,0.18097907304763794,0.4475550353527069,0.774351179599762,-0.2038206160068512,0.40745124220848083
5,random_curve,3.46,1.7267249822616577,-0.3063769042491913,0.25,0.17942219972610474,0.4475550353527069,0.7489064335823059,-0.20560050010681152,0.4275515675544739
5,random_curve,3.48,1.7409862279891968,-0.30222830176353455,0.25,0.1779841035604477,0.4475550353527069,0.7508640289306641,-0.2053210735321045,0.4526349604129791
5,random_curve,3.5,1.7551953792572021,-0.29734188318252563,0.25,0.17706406116485596,0.4475550353527069,0.7534480690956116,-0.2047673761844635,0.45702460408210754
5,random_curve,3.52,1.7697123289108276,-0.292588472366333,0.25,0.17683887481689453,0.4475550353527069,0.7803655862808228,-0.20353883504867554,0.47335681319236755
5,random_curve,3.54,1.7847105264663696,-0.28771618008613586,0.25,0.17701539397239685,0.4475550353527069,0.8019470572471619,-0.20230720937252045,0.4387959837913513
5,random_curve,3.56,1.8002070188522339,-0.28258320689201355,0.25,0.17672787606716156,0.4475550353527069,0.829253077507019,-0.20105762779712677,0.43672260642051697
5,random_curve,3.58,1.815873146057129,-0.27724918723106384,0.25,0.17443083226680756,0.4475550353527069,0.8193765878677368,-0.19902141392230988,0.421199232339859
5,random_curve,3.6,1.8303526639938354,-0.2736993730068207,0.25,0.1706080138683319,0.4475550353527069,0.6949453353881836,-0.19872240722179413,0.41375112533569336
5,random_curve,3.62,1.842331886291504,-0.27240973711013794,0.25,0.1675357222557068,0.4475550353527069,0.524543046951294,-0.199492946267128,0.3965147137641907
5,random_curve,3.64,1.8517556190490723,-0.27330827713012695,0.25,0.16556738317012787,0.4475550353527069,0.40436187386512756,-0.2019841969013214,0.4263395667076111
5,random_curve,3.66,1.8588480949401855,-0.2760734260082245,0.25,0.16434088349342346,0.4475550353527069,0.27539217472076416,-0.2063746452331543,0.43977078795433044
5,random_curve,3.68,1.864364743232727,-0.27984464168548584,0.25,0.1638564169406891,0.4475550353527069,0.23372264206409454,-0.21085667610168457,0.4411269724369049
5,random_curve,3.7,1.8693933486938477,-0.2835451066493988,0.25,0.16404195129871368,0.4475550353527069,0.21637274324893951,-0.21520265936851501,0.4304310381412506
5,random_curve,3.72,1.8740779161453247,-0.2856487035751343,0.25,0.1643657237291336,0.4475550353527069,0.22801439464092255,-0.21791991591453552,0.4301324784755707
5,random_curve,3.74,1.8780624866485596,-0.28677278757095337,0.25,0.16538187861442566,0.4475550353527069,0.15851040184497833,-0.21957208216190338,0.437470942735672
5,random_curve,3.7600000000000002,1.881820797920227,-0.28762176632881165,0.25,0.16666188836097717,0.4475550353527069,0.19550354778766632,-0.2209210842847824,0.4200860559940338
5,random_curve,3.7800000000000002,1.885552167892456,-0.28764256834983826,0.25,0.16763125360012054,0.4475550353527069,0.16744957864284515,-0.22144587337970734,0.40346038341522217
5,random_curve,3.8000000000000003,1.8885440826416016,-0.28752973675727844,0.25,0.16793425381183624,0.4475550353527069,0.13245633244514465,-0.22173833847045898,0.39555713534355164
5,random_curve,3.8200000000000003,1.8910107612609863,-0.28785648941993713,0.25,0.1679045408964157,0.4475550353527069,0.10510317981243134,-0.2229587286710739,0.4050891101360321
5,random_curve,3.84,1.8933980464935303,-0.28793686628341675,0.25,0.1681698113679886,0.4475550353527069,0.12498405575752258,-0.22327251732349396,0.4038803279399872
5,random_curve,3.86,1.8957759141921997,-0.28726059198379517,0.25,0.1682979017496109,0.4475550353527069,0.10858377069234848,-0.22283238172531128,0.4247225522994995
5,random_curve,3.88,1.897838830947876,-0.2864151895046234,0.25,0.16892248392105103,0.4475550353527069,0.09996560961008072,-0.22219307720661163,0.43133029341697693
5,random_curve,3.9,1.8997650146484375,-0.2857249975204468,0.25,0.16965235769748688,0.4475550353527069,0.09378073364496231,-0.22169485688209534,0.43478700518608093
5,random_curve,3.92,1.9019205570220947,-0.2848263084888458,0.25,0.17019905149936676,0.4475550353527069,0.1220143735408783,-0.22101159393787384,0.4392414391040802
5,random_curve,3.94,1.904008388519287,-0.2839277982711792,0.25,0.17047497630119324,0.4475550353527069,0.09165599197149277,-0.2203218787908554,0.4471089243888855
5,random_curve,3.96,1.9056873321533203,-0.28326839208602905,0.25,0.1703321784734726,0.4475550353527069,0.08006124198436737,-0.21983006596565247,0.44057849049568176
5,random_curve,3.98,1.9071511030197144,-0.2824825048446655,0.25,0.1699749380350113,0.4475550353527069,0.06996052712202072,-0.219191312789917,0.4553965926170349
5,random_curve,4.0,1.9091105461120605,-0.281279593706131,0.25,0.1704961359500885,0.4475550353527069,0.12882505357265472,-0.21818609535694122,0.46813467144966125
5,random_curve,4.0200000000000005,1.9119598865509033,-0.27993932366371155,0.25,0.17184603214263916,0.4475550353527069,0.1604927033185959,-0.21713131666183472,0.4656881093978882
5,random_curve,4.04,1.9155300855636597,-0.27869775891304016,0.25,0.17264463007450104,0.4475550353527069,0.1963394284248352,-0.2162453830242157,0.4655226469039917
5,random_curve,4.0600000000000005,1.919613003730774,-0.2781645357608795,0.25,0.17312480509281158,0.4475550353527069,0.2117169052362442,-0.2161145955324173,0.45690083503723145
5,random_curve,4.08,1.9247797727584839,-0.27856582403182983,0.25,0.17476829886436462,0.4475550353527069,0.2795293927192688,-0.2174980789422989,0.44206395745277405
5,random_curve,4.1,1.930537462234497,-0.2797127366065979,0.25,0.1773683726787567,0.4475550353527069,0.28323447704315186,-0.2189846634864807,0.4279986023902893
5,random_curve,4.12,1.9367741346359253,-0.28059932589530945,0.25,0.18006618320941925,0.4475550353527069,0.3249043822288513,-0.2202398031949997,0.4236009418964386
5,random_curve,4.14,1.9420924186706543,-0.2804417014122009,0.25,0.18384011089801788,0.4475550353527069,0.2382878065109253,-0.22039808332920074,0.4037582278251648
5,random_curve,4.16,1.9472506046295166,-0.2804047167301178,0.25,0.18899290263652802,0.4475550353527069,0.27955207228660583,-0.2206672728061676,0.42345207929611206
5,random_curve,4.18,1.952978491783142,-0.28074923157691956,0.25,0.19560091197490692,0.4475550353527069,0.28061267733573914,-0.22135110199451447,0.41634923219680786
5,random_curve,4.2,1.958716630935669,-0.2805447280406952,0.25,0.20228874683380127,0.4475550353527069,0.27235332131385803,-0.22188547253608704,0.4248577654361725
5,random_curve,4.22,1.9634898900985718,-0.2799592614173889,0.25,0.2083432823419571,0.4475550353527069,0.2036452740430832,-0.22139501571655273,0.40352365374565125
5,random_curve,4.24,1.9670194387435913,-0.2786250412464142,0.25,0.21346110105514526,0.4475550353527069,0.16771270334720612,-0.22013121843338013,0.40882283449172974
5,random_curve,4.26,1.970200777053833,-0.27573391795158386,0.25,0.21817797422409058,0.4475550353527069,0.17517203092575073,-0.21730391681194305,0.43025514483451843
5,random_curve,4.28,1.974031686782837,-0.271545946598053,0.25,0.2224159687757492,0.4475550353527069,0.22367146611213684,-0.2131929248571396,0.4820573031902313
5,random_curve,4.3,1.9790631532669067,-0.26701587438583374,0.25,0.22557663917541504,0.4475550353527069,0.28948697447776794,-0.20876377820968628,0.48699402809143066
5,random_curve,4.32,1.9847397804260254,-0.26286134123802185,0.25,0.2267824411392212,0.4475550353527069,0.2842208743095398,-0.20532967150211334,0.4531475603580475
5,random_curve,4.34,1.9906284809112549,-0.25870561599731445,0.25,0.2249128669500351,0.4475550353527069,0.29815760254859924,-0.20105770230293274,0.43560791015625
5,random_curve,4.36,1.996764063835144,-0.2546665668487549,0.25,0.21954719722270966,0.4475550353527069,0.30809181928634644,-0.1968974769115448,0.4318511486053467
5,random_curve,4.38,2.002732992172241,-0.2509681284427643,0.25,0.21132799983024597,0.4475550353527069,0.27842503786087036,-0.1930811107158661,0.4095485508441925
5,random_curve,4.4,2.007920503616333,-0.24849000573158264,0.25,0.20283348858356476,0.4475550353527069,0.23730191588401794,-0.19050034880638123,0.40059760212898254
5,random_curve,4.42,2.0123488903045654,-0.2471262514591217,0.25,0.1953294575214386,0.4475550353527069,0.20684224367141724,-0.18904882669448853,0.4077662527561188
5,random_curve,4.44,2.016068935394287,-0.24709972739219666,0.25,0.1899797022342682,0.4475550353527069,0.16928361356258392,-0.1889483481645584,0.4347454905509949
5,random_curve,4.46,2.0200812816619873,-0.24749290943145752,0.25,0.1882701963186264,0.4475550353527069,0.22131304442882538,-0.18975217640399933,0.42692047357559204
5,random_curve,4.48,2.0248448848724365,-0.2474595308303833,0.25,0.18892160058021545,0.4475550353527069,0.24750597774982452,-0.1894361525774002,0.4157201945781708
5,random_curve,4.5,2.029733657836914,-0.24757108092308044,0.25,0.1899225264787674,0.4475550353527069,0.24257230758666992,-0.18925738334655762,0.42152202129364014
5,random_curve,4.5200000000000005,2.0343165397644043,-0.2477578967809677,0.25,0.191629096865654,0.4475550353527069,0.2083893120288849,-0.1891719102859497,0.4250721335411072
5,random_curve,4.54,2.03798508644104,-0.24838681519031525,0.25,0.1937035769224167,0.4475550353527069,0.15499091148376465,-0.1895820051431656,0.4265117645263672
5,random_curve,4.5600000000000005,2.0407445430755615,-0.2490033358335495,0.25,0.19558049738407135,0.4475550353527069,0.117428258061409,-0.1900336891412735,0.4110487103462219
5,random_curve,4.58,2.04246187210083,-0.24892932176589966,0.25,0.19796140491962433,0.4475550353527069,0.0558696873486042,-0.1898578703403473,0.39407333731651306
5,random_curve,4.6000000000000005,2.0442090034484863,-0.24843943119049072,0.25,0.201035276055336,0.4475550353527069,0.12128278613090515,-0.1892651617527008,0.42588210105895996
5,random_curve,4.62,2.0478506088256836,-0.2470390498638153,0.25,0.2055153101682663,0.4475550353527069,0.21624670922756195,-0.1876511424779892,0.4520619809627533
5,random_curve,4.64,2.0529024600982666,-0.24492627382278442,0.25,0.21085889637470245,0.4475550353527069,0.27227523922920227,-0.18572789430618286,0.47101250290870667
5,random_curve,4.66,2.0594992637634277,-0.2420090287923813,0.25,0.21569141745567322,0.4475550353527069,0.34548547863960266,-0.18217860162258148,0.4641503691673279
5,random_curve,4.68,2.0669755935668945,-0.23914389312267303,0.25,0.2193327695131302,0.4475550353527069,0.3547552525997162,-0.17859503626823425,0.4311493933200836
5,random_curve,4.7,2.0742335319519043,-0.23674295842647552,0.25,0.2203880399465561,0.4475550353527069,0.3526565730571747,-0.17549480497837067,0.393033504486084
5,random_curve,4.72,2.0816609859466553,-0.23387424647808075,0.25,0.21869918704032898,0.4475550353527069,0.36327502131462097,-0.17191247642040253,0.38075050711631775
5,random_curve,4.74,2.0897507667541504,-0.23156142234802246,0.25,0.21559979021549225,0.4475550353527069,0.40848588943481445,-0.16921600699424744,0.36915579438209534
5,random_curve,4.76,2.09804368019104,-0.22965289652347565,0.25,0.21231219172477722,0.4475550353527069,0.40395694971084595,-0.16620448231697083,0.3575986921787262
5,random_curve,4.78,2.1077258586883545,-0.2277388572692871,0.25,0.20992666482925415,0.4475550353527069,0.5009145736694336,-0.16299976408481598,0.3592086136341095
5,random_curve,4.8,2.1184093952178955,-0.22580252587795258,0.25,0.2113603949546814,0.4475550353527069,0.5196812152862549,-0.1596376597881317,0.3670613169670105
5,random_curve,4.82,2.1288676261901855,-0.22457093000411987,0.25,0.21567247807979584,0.4475550353527069,0.49233654141426086,-0.15726158022880554,0.3899436593055725
5,random_curve,4.84,2.1385815143585205,-0.22301827371120453,0.25,0.2211720496416092,0.4475550353527069,0.44559451937675476,-0.15407633781433105,0.4541202783584595
5,random_curve,4.86,2.1474738121032715,-0.2213929146528244,0.25,0.22737173736095428,0.4475550353527069,0.4463602602481842,-0.15095946192741394,0.5675642490386963
5,random_curve,4.88,2.1578259468078613,-0.2186001092195511,0.25,0.23502576351165771,0.4475550353527069,0.5255218148231506,-0.14694759249687195,0.5968964099884033
5,random_curve,4.9,2.1712234020233154,-0.21488314867019653,0.25,0.24385540187358856,0.4475550353527069,0.6820171475410461,-0.14058341085910797,0.5936573147773743
5,random_curve,4.92,2.187188148498535,-0.21164655685424805,0.25,0.25181108713150024,0.4475550353527069,0.7945101261138916,-0.1341674029827118,0.5351719260215759
5,random_curve,4.94,2.203974962234497,-0.20910856127738953,0.25,0.25617820024490356,0.4475550353527069,0.7818899750709534,-0.12852175533771515,0.4594897925853729
5,random_curve,4.96,2.220229387283325,-0.20655155181884766,0.25,0.2570700943470001,0.4475550353527069,0.7368525862693787,-0.12223626673221588,0.3863784670829773
5,random_curve,4.98,2.235447883605957,-0.20448189973831177,0.29319998621940613,0.2564636170864105,0.4475550353527069,0.6963870525360107,-0.11712376028299332,0.31231793761253357
5,random_curve,5.0,2.2497479915618896,-0.20330365002155304,0.29319998621940613,0.2543488144874573,0.4475550353527069,0.6618986129760742,-0.11225111782550812,0.2749521732330322
5,random_curve,5.0200000000000005,2.262765407562256,-0.2026008814573288,0.29319998621940613,0.24905335903167725,0.4475550353527069,0.6158430576324463,-0.10817249864339828,0.2666207253932953
5,random_curve,5.04,2.2761902809143066,-0.2018771916627884,0.29319998621940613,0.24024493992328644,0.4475550353527069,0.6528859734535217,-0.10437129437923431,0.30567213892936707
5,random_curve,5.0600000000000005,2.290559768676758,-0.20104387402534485,0.29319998621940613,0.22841580212116241,0.4475550353527069,0.6722305417060852,-0.09946872293949127,0.32036176323890686
5,random_curve,5.08,2.3044004440307617,-0.19958534836769104,0.29319998621940613,0.2157599776983261,0.4475550353527069,0.611504852771759,-0.09411801397800446,0.3776809573173523
5,random_curve,5.1000000000000005,2.3174891471862793,-0.19692185521125793,0.29319998621940613,0.20301510393619537,0.4475550353527069,0.5583866834640503,-0.08820927888154984,0.41846349835395813
5,random_curve,5.12,2.330219030380249,-0.19369088113307953,0.29319998621940613,0.19112658500671387,0.4475550353527069,0.5479665994644165,-0.08122855424880981,0.46170711517333984
5,random_curve,5.14,2.342684268951416,-0.1903405487537384,0.29319998621940613,0.18077237904071808,0.4475550353527069,0.5151975154876709,-0.07421543449163437,0.507699191570282
5,random_curve,5.16,2.3541805744171143,-0.18723946809768677,0.29319998621940613,0.17310556769371033,0.4475550353527069,0.4741920530796051,-0.06773681193590164,0.5607997179031372
5,random_curve,5.18,2.365712881088257,-0.1860004961490631,0.29319998621940613,0.16901279985904694,0.4475550353527069,0.5608379244804382,-0.06330495327711105,0.573969841003418
5,random_curve,5.2,2.3775174617767334,-0.18679089844226837,0.29319998621940613,0.16820630431175232,0.4475550353527069,0.5623803734779358,-0.06021926924586296,0.5863304138183594
5,random_curve,5.22,2.387789487838745,-0.18947933614253998,0.29319998621940613,0.17038486897945404,0.4475550353527069,0.506964921951294,-0.05942641943693161,0.6041052341461182
5,random_curve,5.24,2.3963589668273926,-0.19285424053668976,0.29319998621940613,0.17375563085079193,0.4475550353527069,0.416794091463089,-0.05983570218086243,0.5857310891151428
5,random_curve,5.26,2.4039318561553955,-0.19649048149585724,0.29319998621940613,0.17661793529987335,0.4475550353527069,0.4170471429824829,-0.061075665056705475,0.5478370785713196
5,random_curve,5.28,2.410673141479492,-0.19985857605934143,0.29319998621940613,0.17720869183540344,0.4475550353527069,0.3443133533000946,-0.06195638328790665,0.5154152512550354
5,random_curve,5.3,2.41636323928833,-0.2035667896270752,0.29319998621940613,0.17655310034751892,0.4475550353527069,0.3090484142303467,-0.06351374089717865,0.5200024247169495
5,random_curve,5.32,2.421360969543457,-0.20752602815628052,0.29319998621940613,0.17592088878154755,0.4475550353527069,0.30846288800239563,-0.06554217636585236,0.5061084032058716
5,random_curve,5.34,2.426344394683838,-0.2110532969236374,0.29319998621940613,0.1769517958164215,0.4475550353527069,0.3311980068683624,-0.06716911494731903,0.5158036351203918
5,random_curve,5.36,2.432628870010376,-0.21446427702903748,0.29319998621940613,0.17833025753498077,0.4475550353527069,0.36727502942085266,-0.06824518740177155,0.41477587819099426
5,random_curve,5.38,2.4396920204162598,-0.2167215794324875,0.29319998621940613,0.1809663027524948,0.4475550353527069,0.368329256772995,-0.06818678975105286,0.38747847080230713
5,random_curve,5.4,2.4474809169769287,-0.2176382839679718,0.29319998621940613,0.18336915969848633,0.4475550353527069,0.3877169191837311,-0.06631458550691605,0.4089331030845642
5,random_curve,5.42,2.455805778503418,-0.21740390360355377,0.29319998621940613,0.1851353943347931,0.4475550353527069,0.3903160095214844,-0.0631764605641365,0.43822672963142395
5,random_curve,5.44,2.465035915374756,-0.21688920259475708,0.29319998621940613,0.1863778978586197,0.4475550353527069,0.45259368419647217,-0.0594584159553051,0.5517176985740662
5,random_curve,5.46,2.4755325317382812,-0.21668636798858643,0.29319998621940613,0.18644848465919495,0.4475550353527069,0.5274004340171814,-0.05558842793107033,0.6504819393157959
5,random_curve,5.48,2.487823724746704,-0.21690507233142853,0.29319998621940613,0.1862640231847763,0.4475550353527069,0.6224549412727356,-0.05160963907837868,0.6815439462661743
5,random_curve,5.5,2.5024805068969727,-0.21855880320072174,0.29319998621940613,0.18562819063663483,0.4475550353527069,0.7596575021743774,-0.04789913818240166,0.6758994460105896
5,random_curve,5.5200000000000005,2.5183217525482178,-0.2209109514951706,0.29319998621940613,0.18258832395076752,0.4475550353527069,0.7816706299781799,-0.04441601037979126,0.5663741230964661
5,random_curve,5.54,2.533524513244629,-0.2235957831144333,0.29319998621940613,0.1765664964914322,0.4475550353527069,0.7346541881561279,-0.04153214395046234,0.4850601553916931
5,random_curve,5.5600000000000005,2.5463931560516357,-0.22810949385166168,0.29319998621940613,0.17039847373962402,0.4475550353527069,0.6541119813919067,-0.041066478937864304,0.441799134016037
5,random_curve,5.58,2.5588769912719727,-0.2337796539068222,0.29319998621940613,0.1674806773662567,0.4475550353527069,0.7345716953277588,-0.04181806370615959,0.47873252630233765
5,random_curve,5.6000000000000005,2.5724308490753174,-0.2411670982837677,0.29319998621940613,0.16745862364768982,0.4475550353527069,0.8089816570281982,-0.04379639774560928,0.4969938397407532
5,random_curve,5.62,2.587369680404663,-0.25037822127342224,0.29319998621940613,0.169501394033432,0.4475550353527069,0.9018794894218445,-0.046935442835092545,0.4768580496311188
5,random_curve,5.64,2.6024744510650635,-0.26008346676826477,0.29319998621940613,0.1718049943447113,0.4475550353527069,0.8451099395751953,-0.050423216074705124,0.4231323003768921
5,random_curve,5.66,2.6167221069335938,-0.2675269544124603,0.29319998621940613,0.17379902303218842,0.4475550353527069,0.7583807706832886,-0.05220722034573555,0.41479918360710144
5,random_curve,5.68,2.6303491592407227,-0.2735513746738434,0.29319998621940613,0.17619465291500092,0.4475550353527069,0.7520379424095154,-0.052892860025167465,0.47042587399482727
5,random_curve,5.7,2.644986629486084,-0.2786724269390106,0.29319998621940613,0.18039372563362122,0.4475550353527069,0.792245626449585,-0.05226286128163338,0.48215165734291077
5,random_curve,5.72,2.660419225692749,-0.28384411334991455,0.29319998621940613,0.18549206852912903,0.4475550353527069,0.8260297775268555,-0.051601093262434006,0.5171966552734375
5,random_curve,5.74,2.6765246391296387,-0.28984323143959045,0.29319998621940613,0.19084052741527557,0.4475550353527069,0.8857332468032837,-0.051472991704940796,0.5564118027687073
5,random_curve,5.76,2.6936142444610596,-0.2966209053993225,0.29319998621940613,0.19642026722431183,0.4475550353527069,0.9431447982788086,-0.05163447558879852,0.5049015879631042
5,random_curve,5.78,2.7112746238708496,-0.3031698763370514,0.29319998621940613,0.20021148025989532,0.4475550353527069,0.9352793097496033,-0.05165422335267067,0.46087995171546936
5,random_curve,5.8,2.728661298751831,-0.30957111716270447,0.29319998621940613,0.2001029998064041,0.4475550353527069,0.9178303480148315,-0.05142845958471298,0.4272213280200958
5,random_curve,5.82,2.745948553085327,-0.3161531686782837,0.29319998621940613,0.19609138369560242,0.4475550353527069,0.9065529704093933,-0.05186287686228752,0.37839531898498535
5,random_curve,5.84,2.761514663696289,-0.3228530287742615,0.29319998621940613,0.1904473602771759,0.4475550353527069,0.7973947525024414,-0.05298283323645592,0.3528617024421692
5,random_curve,5.86,2.775224447250366,-0.3299559950828552,0.29319998621940613,0.18562428653240204,0.4475550353527069,0.7415177226066589,-0.054974958300590515,0.316243439912796
5,random_curve,5.88,2.7880516052246094,-0.3375418186187744,0.29319998621940613,0.1820412278175354,0.4475550353527069,0.7263867259025574,-0.05810065567493439,0.31706950068473816
5,random_curve,5.9,2.800891160964966,-0.3450604975223541,0.29319998621940613,0.17979511618614197,0.4475550353527069,0.7376880049705505,-0.0607004277408123,0.35879525542259216
5,random_curve,5.92,2.8145599365234375,-0.352775901556015,0.29319998621940613,0.17809709906578064,0.4475550353527069,0.7924814820289612,-0.064010851085186,0.387939989566803
5,random_curve,5.94,2.8287298679351807,-0.3609759211540222,0.29319998621940613,0.17610979080200195,0.4475550353527069,0.8012076020240784,-0.06763529032468796,0.3546208441257477
5,random_curve,5.96,2.8421311378479004,-0.3686325252056122,0.29319998621940613,0.17498727142810822,0.4475550353527069,0.6986730694770813,-0.07050357013940811,0.31990206241607666
5,random_curve,5.98,2.8543143272399902,-0.3743742108345032,0.29319998621940613,0.1760786771774292,0.4475550353527069,0.6316201686859131,-0.07270532101392746,0.2868477404117584
5,random_curve,6.0,2.865079879760742,-0.3792652189731598,0.29319998621940613,0.1774020791053772,0.4475550353527069,0.5380926728248596,-0.07447522133588791,0.3045220375061035
5,random_curve,6.0200000000000005,2.8738954067230225,-0.38275444507598877,0.29319998621940613,0.17779193818569183,0.4475550353527069,0.423555850982666,-0.07542823255062103,0.3255216181278229
5,random_curve,6.04,2.881408214569092,-0.38481128215789795,0.29319998621940613,0.1762971431016922,0.4475550353527069,0.37125059962272644,-0.07478485256433487,0.3407115042209625
5,random_curve,6.0600000000000005,2.888148307800293,-0.38646194338798523,0.29319998621940613,0.17334941029548645,0.4475550353527069,0.3448309302330017,-0.07473550736904144,0.37326616048812866
5,random_curve,6.08,2.8950870037078857,-0.38741806149482727,0.29319998621940613,0.1690761148929596,0.4475550353527069,0.3557228147983551,-0.07396413385868073,0.4300385117530823
5,random_curve,6.1000000000000005,2.9028656482696533,-0.38778650760650635,0.29319998621940613,0.1645423024892807,0.4475550353527069,0.3997285068035126,-0.07241737097501755,0.4367644786834717
5,random_curve,6.12,2.9107413291931152,-0.38714927434921265,0.29319998621940613,0.16139578819274902,0.4475550353527069,0.3591090142726898,-0.06987176835536957,0.4461812973022461
5,random_curve,6.140000000000001,2.919064998626709,-0.3861706256866455,0.29319998621940613,0.15922512114048004,0.4475550353527069,0.42780354619026184,-0.06688547134399414,0.44096508622169495
5,random_curve,6.16,2.9281041622161865,-0.38534408807754517,0.29319998621940613,0.1565781831741333,0.4475550353527069,0.42763784527778625,-0.06329218298196793,0.4183419644832611
5,random_curve,6.18,2.9363150596618652,-0.38386523723602295,0.29319998621940613,0.15390907227993011,0.4475550353527069,0.330498605966568,-0.06009751558303833,0.39228034019470215
5,random_curve,6.2,2.942866325378418,-0.3821769654750824,0.29319998621940613,0.1519109010696411,0.4475550353527069,0.28011903166770935,-0.05705191195011139,0.39264556765556335
5,random_curve,6.22,2.9484546184539795,-0.3809334337711334,0.29319998621940613,0.15093755722045898,0.4475550353527069,0.24590301513671875,-0.054646048694849014,0.4271916449069977
5,random_curve,6.24,2.9536988735198975,-0.37976181507110596,0.29319998621940613,0.15189926326274872,0.4475550353527069,0.2502615451812744,-0.05238376185297966,0.4527532756328583
5,random_curve,6.26,2.9587156772613525,-0.3791900873184204,0.29319998621940613,0.15445975959300995,0.4475550353527069,0.24056684970855713,-0.0507560595870018,0.46570640802383423
5,random_curve,6.28,2.96394681930542,-0.3798341155052185,0.29319998621940613,0.15796226263046265,0.4475550353527069,0.28576236963272095,-0.050270505249500275,0.467948853969574
5,random_curve,6.3,2.9703614711761475,-0.38136959075927734,0.29319998621940613,0.1622212678194046,0.4475550353527069,0.37104538083076477,-0.049675099551677704,0.4519796073436737
5,random_curve,6.32,2.9773809909820557,-0.38368743658065796,0.29319998621940613,0.16543181240558624,0.4475550353527069,0.36018049716949463,-0.0507078617811203,0.4446459710597992
5,random_curve,6.34,2.9844725131988525,-0.3861468434333801,0.29319998621940613,0.165925532579422,0.4475550353527069,0.36952900886535645,-0.051867127418518066,0.4133997857570648
5,random_curve,6.36,2.9901888370513916,-0.38830500841140747,0.29319998621940613,0.1648246794939041,0.4475550353527069,0.2601631283760071,-0.05297447741031647,0.4088963270187378
5,random_curve,6.38,2.9951746463775635,-0.3893797993659973,0.29319998621940613,0.16354142129421234,0.4475550353527069,0.28152647614479065,-0.05314561352133751,0.4474858343601227
5,random_curve,6.4,3.0014524459838867,-0.38936522603034973,0.29319998621940613,0.16335614025592804,0.4475550353527069,0.3419240713119507,-0.05201501026749611,0.5122604966163635
5,random_curve,6.42,3.0094752311706543,-0.3884865641593933,0.29319998621940613,0.1645737588405609,0.4475550353527069,0.42534205317497253,-0.04972381144762039,0.5481142997741699
5,random_curve,6.44,3.0190141201019287,-0.3864104449748993,0.1704999953508377,0.167683407664299,0.4475550353527069,0.4833979308605194,-0.04543919116258621,0.5351638793945312
5,random_curve,6.46,3.0301525592803955,-0.38365891575813293,0.1704999953508377,0.1716976910829544,0.4475550353527069,0.5733544826507568,-0.04116497188806534,0.48990488052368164
5,random_curve,6.48,3.042937755584717,-0.3811984360218048,0.1704999953508377,0.17494183778762817,0.4475550353527069,0.6450204253196716,-0.036949899047613144,0.4541873633861542
5,random_curve,6.5,3.0562705993652344,-0.37928709387779236,0.1704999953508377,0.1765209138393402,0.4475550353527069,0.6444368958473206,-0.032361239194869995,0.4096889793872833
5,random_curve,6.5200000000000005,3.0688865184783936,-0.37802091240882874,0.1704999953508377,0.17619416117668152,0.4475550353527069,0.6045579314231873,-0.02987319976091385,0.37675371766090393
5,random_curve,6.54,3.080963611602783,-0.3775981664657593,0.1704999953508377,0.17485781013965607,0.4475550353527069,0.6069492697715759,-0.02827703207731247,0.3542780876159668
5,random_curve,6.5600000000000005,3.093383312225342,-0.37786734104156494,0.1704999953508377,0.1731244921684265,0.4475550353527069,0.6449458599090576,-0.027336155995726585,0.3696962296962738
5,random_curve,6.58,3.1065125465393066,-0.3788324296474457,0.1704999953508377,0.1709277182817459,0.4475550353527069,0.6775956749916077,-0.0265062153339386,0.3584361672401428
5,random_curve,6.6000000000000005,3.1199378967285156,-0.3806189298629761,0.1704999953508377,0.16811610758304596,0.4475550353527069,0.679685115814209,-0.027579858899116516,0.34562647342681885
5,random_curve,6.62,3.132507085800171,-0.38152652978897095,0.1704999953508377,0.16735796630382538,0.4475550353527069,0.630571722984314,-0.027821134775877,0.3717357814311981
5,random_curve,6.640000000000001,3.144228935241699,-0.38227978348731995,0.1704999953508377,0.16703534126281738,0.4475550353527069,0.5433535575866699,-0.027257291600108147,0.3710685670375824
5,random_curve,6.66,3.1541378498077393,-0.38317161798477173,0.1704999953508377,0.16604728996753693,0.4475550353527069,0.45861759781837463,-0.02808554284274578,0.409112811088562
5,random_curve,6.68,3.1621155738830566,-0.38276273012161255,0.1704999953508377,0.16411907970905304,0.4475550353527069,0.3577520549297333,-0.027625488117337227,0.40179455280303955
5,random_curve,6.7,3.1689131259918213,-0.38136181235313416,0.1704999953508377,0.1621672511100769,0.4475550353527069,0.3468362092971802,-0.026180993765592575,0.43508243560791016
5,random_curve,6.72,3.176486015319824,-0.3794934153556824,0.1704999953508377,0.16061264276504517,0.4475550353527069,0.42175719141960144,-0.024264058098196983,0.5302363038063049
5,random_curve,6.74,3.18597674369812,-0.37723785638809204,0.1704999953508377,0.15942129492759705,0.4475550353527069,0.5211602449417114,-0.021257439628243446,0.556309163570404
5,random_curve,6.76,3.196960210800171,-0.3744504451751709,0.1704999953508377,0.15879403054714203,0.4475550353527069,0.5751557946205139,-0.018928183242678642,0.555618166923523
5,random_curve,6.78,3.209174156188965,-0.37176570296287537,0.1704999953508377,0.15839870274066925,0.4475550353527069,0.6515927910804749,-0.016752565279603004,0.518064558506012
5,random_curve,6.8,3.222853899002075,-0.369255393743515,0.1704999953508377,0.15769970417022705,0.4475550353527069,0.7164589166641235,-0.013928983360528946,0.46960359811782837
5,random_curve,6.82,3.2372145652770996,-0.3664403557777405,0.1704999953508377,0.15626057982444763,0.4475550353527069,0.7163300514221191,-0.012419182807207108,0.45430323481559753
5,random_curve,6.84,3.250739574432373,-0.3629038631916046,0.1704999953508377,0.15499038994312286,0.4475550353527069,0.6545308828353882,-0.010115576907992363,0.45916905999183655
5,random_curve,6.86,3.2637016773223877,-0.3598468601703644,0.1704999953508377,0.15388454496860504,0.4475550353527069,0.6507542729377747,-0.007393513340502977,0.42807304859161377
5,random_curve,6.88,3.275958299636841,-0.35803982615470886,0.1704999953508377,0.15272152423858643,0.4475550353527069,0.5884196758270264,-0.007302872370928526,0.3870418071746826
5,random_curve,6.9,3.2869691848754883,-0.35747578740119934,0.1704999953508377,0.1517145186662674,0.4475550353527069,0.5237323641777039,-0.008270551450550556,0.35038602352142334
5,random_curve,6.92,3.2970478534698486,-0.3585953712463379,0.1704999953508377,0.15110549330711365,0.4475550353527069,0.46990278363227844,-0.010776380077004433,0.3090342879295349
5,random_curve,6.94,3.306772232055664,-0.3606566786766052,0.1704999953508377,0.15175817906856537,0.4475550353527069,0.468278169631958,-0.013407774269580841,0.28959861397743225
5,random_curve,6.96,3.316471815109253,-0.3631882667541504,0.1704999953508377,0.1537584662437439,0.4475550353527069,0.4344039559364319,-0.0177022535353899,0.30142083764076233
5,random_curve,6.98,3.3255040645599365,-0.36535587906837463,0.1704999953508377,0.15699359774589539,0.4475550353527069,0.4198383092880249,-0.02151479199528694,0.28831180930137634
5,random_curve,7.0,3.3341081142425537,-0.3675684928894043,0.1704999953508377,0.15951447188854218,0.4475550353527069,0.3868735730648041,-0.025291763246059418,0.33283963799476624
5,random_curve,7.0200000000000005,3.342352867126465,-0.369362473487854,0.1704999953508377,0.16175296902656555,0.4475550353527069,0.3896471858024597,-0.0285904873162508,0.3872636556625366
5,random_curve,7.04,3.350306749343872,-0.3705552816390991,0.1704999953508377,0.1634405255317688,0.4475550353527069,0.35634341835975647,-0.030463699251413345,0.39469268918037415
5,random_curve,7.0600000000000005,3.3569633960723877,-0.37111619114875793,0.1704999953508377,0.16372047364711761,0.4475550353527069,0.29373934864997864,-0.03255699202418327,0.3878437578678131
5,random_curve,7.08,3.362647294998169,-0.3705582916736603,0.1704999953508377,0.16356253623962402,0.4475550353527069,0.2842179834842682,-0.03333596512675285,0.4271303415298462
5,random_curve,7.1000000000000005,3.3680408000946045,-0.3691295385360718,0.1704999953508377,0.16401006281375885,0.4475550353527069,0.2930300533771515,-0.03320043534040451,0.469731867313385
5,random_curve,7.12,3.3739566802978516,-0.36655282974243164,0.1704999953508377,0.1648433804512024,0.4475550353527069,0.34131401777267456,-0.032069869339466095,0.5050680041313171
5,random_curve,7.140000000000001,3.3806679248809814,-0.3629554808139801,0.1704999953508377,0.1659075766801834,0.4475550353527069,0.39075610041618347,-0.030131565406918526,0.5105857849121094
5,random_curve,7.16,3.3882696628570557,-0.3585168421268463,0.1704999953508377,0.16699324548244476,0.4475550353527069,0.447628915309906,-0.026703178882598877,0.5119880437850952
5,random_curve,7.18,3.3972911834716797,-0.35423538088798523,0.1704999953508377,0.1675708293914795,0.4475550353527069,0.5340352058410645,-0.025084111839532852,0.46685028076171875
5,random_curve,7.2,3.407942056655884,-0.3500102758407593,0.1704999953508377,0.16675303876399994,0.4475550353527069,0.587653398513794,-0.023969879373908043,0.416047066450119
5,random_curve,7.22,3.418868064880371,-0.3455306589603424,0.1704999953508377,0.16535775363445282,0.4475550353527069,0.577409029006958,-0.022687166929244995,0.3693363070487976
5,random_curve,7.24,3.4292964935302734,-0.34143924713134766,0.1704999953508377,0.16356898844242096,0.4475550353527069,0.5299237966537476,-0.020864851772785187,0.3407652974128723
5,random_curve,7.26,3.4391441345214844,-0.33835312724113464,0.1704999953508377,0.16155989468097687,0.4475550353527069,0.5069432258605957,-0.021071504801511765,0.3151024878025055
5,random_curve,7.28,3.4488437175750732,-0.3366667926311493,0.1704999953508377,0.15944160521030426,0.4475550353527069,0.4718429446220398,-0.022558141499757767,0.2957621216773987
5,random_curve,7.3,3.458033800125122,-0.33642178773880005,0.1704999953508377,0.15703590214252472,0.4475550353527069,0.41092270612716675,-0.0252491757273674,0.2814197540283203
5,random_curve,7.32,3.465157985687256,-0.33674803376197815,0.1704999953508377,0.15667933225631714,0.4475550353527069,0.300489604473114,-0.027824638411402702,0.2656433880329132
5,random_curve,7.34,3.4708962440490723,-0.3373618721961975,0.1704999953508377,0.1574837565422058,0.4475550353527069,0.2285478413105011,-0.029398230835795403,0.26797616481781006
5,random_curve,7.36,3.4755170345306396,-0.3380330801010132,0.1704999953508377,0.15920008718967438,0.4475550353527069,0.18743419647216797,-0.03167324885725975,0.3284909427165985
5,random_curve,7.38,3.4791786670684814,-0.33878499269485474,0.1704999953508377,0.16051651537418365,0.4475550353527069,0.1342480331659317,-0.03368159756064415,0.37607845664024353
5,random_curve,7.4,3.4822092056274414,-0.33933600783348083,0.1704999953508377,0.16051515936851501,0.4475550353527069,0.1283690631389618,-0.03527718409895897,0.40388402342796326
5,random_curve,7.42,3.485286235809326,-0.33937132358551025,0.1704999953508377,0.15889178216457367,0.4475550353527069,0.1537056267261505,-0.03640756011009216,0.38328126072883606
5,random_curve,7.44,3.488485813140869,-0.33905136585235596,0.1704999953508377,0.15617817640304565,0.4475550353527069,0.1640615016222,-0.03724973276257515,0.3850782513618469
5,random_curve,7.46,3.4918465614318848,-0.33801496028900146,0.1704999953508377,0.153519868850708,0.4475550353527069,0.19063815474510193,-0.03748004510998726,0.4190004765987396
5,random_curve,7.48,3.4956958293914795,-0.3358233571052551,0.1704999953508377,0.15135294198989868,0.4475550353527069,0.2450215220451355,-0.036805350333452225,0.465453565120697
5,random_curve,7.5,3.500375747680664,-0.3327915072441101,0.1704999953508377,0.15012826025485992,0.4475550353527069,0.3134731650352478,-0.035641901195049286,0.4775266647338867
5,random_curve,7.5200000000000005,3.5064640045166016,-0.32891348004341125,0.1704999953508377,0.14956256747245789,0.4475550353527069,0.38157930970191956,-0.034190185368061066,0.4717366397380829
5,random_curve,7.54,3.5130014419555664,-0.32442301511764526,0.1704999953508377,0.14975464344024658,0.4475550353527069,0.38710540533065796,-0.03154692053794861,0.46159249544143677
5,random_curve,7.5600000000000005,3.5192034244537354,-0.3197765350341797,0.1704999953508377,0.1510365903377533,0.4475550353527069,0.3640088737010956,-0.029703469946980476,0.46849778294563293
5,random_curve,7.58,3.526012420654297,-0.31577184796333313,0.1704999953508377,0.15272197127342224,0.4475550353527069,0.4071798622608185,-0.02868839167058468,0.4370121359825134
5,random_curve,7.6000000000000005,3.533752679824829,-0.312722772359848,0.1704999953508377,0.15414457023143768,0.4475550353527069,0.4171210527420044,-0.028917495161294937,0.37816208600997925
5,random_curve,7.62,3.541525363922119,-0.3102926015853882,0.1704999953508377,0.15480385720729828,0.4475550353527069,0.38849371671676636,-0.029728684574365616,0.330517053604126
5,random_curve,7.640000000000001,3.548753023147583,-0.30842578411102295,0.1704999953508377,0.1548682451248169,0.4475550353527069,0.350848913192749,-0.030844489112496376,0.3065280020236969
5,random_curve,7.66,3.555925130844116,-0.3069465458393097,0.1704999953508377,0.15509174764156342,0.4475550353527069,0.3614979386329651,-0.031636789441108704,0.2883516252040863
5,random_curve,7.68,3.563178062438965,-0.3060256838798523,0.1704999953508377,0.15548846125602722,0.4475550353527069,0.3463728725910187,-0.03387836366891861,0.27450183033943176
5,random_curve,7.7,3.5701217651367188,-0.305363267660141,0.1704999953508377,0.15631581842899323,0.4475550353527069,0.3211008906364441,-0.03622287139296532,0.27451375126838684
5,random_curve,7.72,3.576549530029297,-0.3047793507575989,0.1704999953508377,0.15739130973815918,0.4475550353527069,0.2904829680919647,-0.0384196899831295,0.24246028065681458
5,random_curve,7.74,3.5826416015625,-0.30447670817375183,0.1704999953508377,0.15874449908733368,0.4475550353527069,0.27514001727104187,-0.04072889685630798,0.29583123326301575
5,random_curve,7.76,3.5885543823242188,-0.3042909502983093,0.1704999953508377,0.16055896878242493,0.4475550353527069,0.26526328921318054,-0.04306793212890625,0.33899617195129395
5,random_curve,7.78,3.593939781188965,-0.3036310374736786,0.1704999953508377,0.16186536848545074,0.4475550353527069,0.2374996542930603,-0.044753920286893845,0.3495701551437378
5,random_curve,7.8,3.5975747108459473,-0.3022021949291229,0.1704999953508377,0.1617954671382904,0.4475550353527069,0.1665593981742859,-0.04500126093626022,0.339682400226593
5,random_curve,7.82,3.600325584411621,-0.3003914952278137,0.1704999953508377,0.16065934300422668,0.4475550353527069,0.17755019664764404,-0.04385114461183548,0.35119113326072693
5,random_curve,7.84,3.6033644676208496,-0.2977426052093506,0.1704999953508377,0.15905846655368805,0.4475550353527069,0.2177956998348236,-0.0428650863468647,0.3873295187950134
5,random_curve,7.86,3.607048988342285,-0.294085294008255,0.1704999953508377,0.15754914283752441,0.4475550353527069,0.2754974365234375,-0.041272178292274475,0.4357704222202301
5,random_curve,7.88,3.611212730407715,-0.2895422577857971,0.1704999953508377,0.15624460577964783,0.4475550353527069,0.30255818367004395,-0.039106473326683044,0.44473060965538025
5,random_curve,7.9,3.615878105163574,-0.2849412262439728,0.1704999953508377,0.1549697369337082,0.4475550353527069,0.32683366537094116,-0.037116169929504395,0.42651841044425964
5,random_curve,7.92,3.6211283206939697,-0.28075292706489563,0.1704999953508377,0.1539916843175888,0.4475550353527069,0.3239861726760864,-0.03575865179300308,0.39659324288368225
5,random_curve,7.94,3.626054048538208,-0.27766767144203186,0.1704999953508377,0.15366822481155396,0.4475550353527069,0.25073492527008057,-0.03523774817585945,0.3998654782772064
5,random_curve,7.96,3.629964828491211,-0.27623993158340454,0.1704999953508377,0.15427662432193756,0.4475550353527069,0.16680186986923218,-0.03573526442050934,0.4117732048034668
5,random_curve,7.98,3.6336536407470703,-0.27611833810806274,0.1704999953508377,0.15525183081626892,0.4475550353527069,0.1653221845626831,-0.037296898663043976,0.41792550683021545
5,random_curve,8.0,3.637432336807251,-0.27690961956977844,0.1704999953508377,0.15606150031089783,0.4475550353527069,0.13403360545635223,-0.039713189005851746,0.38347509503364563
5,random_curve,8.02,3.640439510345459,-0.27757585048675537,0.1704999953508377,0.1570582240819931,0.4475550353527069,0.10393964499235153,-0.041059352457523346,0.3666626214981079
5,random_curve,8.040000000000001,3.6429576873779297,-0.2783503532409668,0.1704999953508377,0.15821415185928345,0.4475550353527069,0.08571749925613403,-0.042943548411130905,0.34556493163108826
5,random_curve,8.06,3.6453704833984375,-0.27933141589164734,0.1704999953508377,0.15935727953910828,0.4475550353527069,0.07928049564361572,-0.04495878517627716,0.3270256817340851
5,random_curve,8.08,3.6473934650421143,-0.2802717089653015,0.1704999953508377,0.16042999923229218,0.4475550353527069,0.053341303020715714,-0.04675184190273285,0.3076210916042328
5,random_curve,8.1,3.6489295959472656,-0.28075212240219116,0.1704999953508377,0.16166579723358154,0.4475550353527069,0.05586306005716324,-0.04790821671485901,0.2935084104537964
5,random_curve,8.120000000000001,3.6498966217041016,-0.28109750151634216,0.1704999953508377,0.1626233607530594,0.4475550353527069,0.01724744215607643,-0.048673901706933975,0.29187309741973877
5,random_curve,8.14,3.650458335876465,-0.28174540400505066,0.1704999953508377,0.16277232766151428,0.4475550353527069,0.005866313353180885,-0.049511514604091644,0.2973971366882324
5,random_curve,8.16,3.650721549987793,-0.28231438994407654,0.1704999953508377,0.16236373782157898,0.4475550353527069,-0.007399789057672024,-0.050137098878622055,0.28251948952674866
5,random_curve,8.18,3.650430679321289,-0.28293731808662415,0.1704999953508377,0.16152074933052063,0.4475550353527069,-0.04693688452243805,-0.05054515600204468,0.2896365225315094
5,random_curve,8.2,3.649402141571045,-0.2835114002227783,0.1704999953508377,0.15985938906669617,0.4475550353527069,-0.07030733674764633,-0.05055762827396393,0.31669533252716064
5,random_curve,8.22,3.648392915725708,-0.2837856113910675,0.1704999953508377,0.1574489027261734,0.4475550353527069,-0.03671187534928322,-0.05031595379114151,0.31169360876083374
5,random_curve,8.24,3.6482036113739014,-0.2838188707828522,0.1704999953508377,0.1548459380865097,0.4475550353527069,0.01754053868353367,-0.050254661589860916,0.30055856704711914
5,random_curve,8.26,3.6489720344543457,-0.2839466333389282,0.1704999953508377,0.15244577825069427,0.4475550353527069,0.03972433879971504,-0.0507342591881752,0.26890867948532104
5,random_curve,8.28,3.6500606536865234,-0.28425291180610657,0.1704999953508377,0.15024587512016296,0.4475550353527069,0.0401780866086483,-0.051523737609386444,0.25275474786758423
5,random_curve,8.3,3.6513426303863525,-0.2843276262283325,0.1704999953508377,0.1485155075788498,0.4475550353527069,0.06660737097263336,-0.05220227688550949,0.2496330291032791
5,random_curve,8.32,3.6529831886291504,-0.28409329056739807,0.1704999953508377,0.1478034257888794,0.4475550353527069,0.09067940711975098,-0.05278081074357033,0.24038046598434448
5,random_curve,8.34,3.6548590660095215,-0.2833938002586365,0.1704999953508377,0.1481477916240692,0.4475550353527069,0.10882038623094559,-0.05306331068277359,0.24007856845855713
5,random_curve,8.36,3.656677484512329,-0.2819060981273651,0.1704999953508377,0.14955884218215942,0.4475550353527069,0.12412668019533157,-0.05262604355812073,0.23667338490486145
5,random_curve,8.38,3.658399820327759,-0.2795885503292084,0.1704999953508377,0.15219508111476898,0.4475550353527069,0.14114758372306824,-0.051413990557193756,0.24355050921440125
5,random_curve,8.4,3.660006046295166,-0.27701249718666077,0.1704999953508377,0.15586507320404053,0.4475550353527069,0.12256480753421783,-0.04991937056183815,0.2413712441921234
5,random_curve,8.42,3.6612069606781006,-0.2744830250740051,0.1704999953508377,0.1599368453025818,0.4475550353527069,0.11870688199996948,-0.04827188700437546,0.25696325302124023
5,random_curve,8.44,3.662870168685913,-0.2719360291957855,0.1704999953508377,0.1638675332069397,0.4475550353527069,0.16133403778076172,-0.046830035746097565,0.26689276099205017
5,random_curve,8.46,3.665325403213501,-0.26887670159339905,0.1704999953508377,0.1677781194448471,0.4475550353527069,0.19763198494911194,-0.045316871255636215,0.3008264899253845
5,random_curve,8.48,3.6681690216064453,-0.2654915452003479,0.1704999953508377,0.17200921475887299,0.4475550353527069,0.21186596155166626,-0.04370321333408356,0.28240999579429626
5,random_curve,8.5,3.6707842350006104,-0.2618291974067688,0.1704999953508377,0.17584407329559326,0.4475550353527069,0.18804138898849487,-0.041736900806427,0.2644882798194885
5,random_curve,8.52,3.6723082065582275,-0.25765854120254517,0.1704999953508377,0.17895422875881195,0.4475550353527069,0.15073934197425842,-0.03880241513252258,0.274464875459671
5,random_curve,8.540000000000001,3.673382043838501,-0.25334692001342773,0.1704999953508377,0.18093346059322357,0.4475550353527069,0.1608383059501648,-0.03552890568971634,0.32547086477279663
5,random_curve,8.56,3.675048351287842,-0.2487601339817047,0.1704999953508377,0.18168742954730988,0.4475550353527069,0.20605888962745667,-0.03229697793722153,0.3571726977825165
5,random_curve,8.58,3.6774885654449463,-0.24421779811382294,0.1704999953508377,0.18124352395534515,0.4475550353527069,0.2402155101299286,-0.028984922915697098,0.3592078387737274
5,random_curve,8.6,3.680734395980835,-0.23952969908714294,0.1704999953508377,0.17911653220653534,0.4475550353527069,0.2737351357936859,-0.02654922939836979,0.3624785840511322
5,random_curve,8.620000000000001,3.684781789779663,-0.23467206954956055,0.1704999953508377,0.17509043216705322,0.4475550353527069,0.31221991777420044,-0.024367714300751686,0.357713520526886
5,random_curve,8.64,3.689082145690918,-0.230136439204216,0.1704999953508377,0.1693793535232544,0.4475550353527069,0.2760937809944153,-0.02259155362844467,0.3653862476348877
5,random_curve,8.66,3.6936168670654297,-0.22728073596954346,0.1704999953508377,0.16367460787296295,0.4475550353527069,0.2589513063430786,-0.02238726243376732,0.36822831630706787
5,random_curve,8.68,3.6981654167175293,-0.22623386979103088,0.1704999953508377,0.15866871178150177,0.4475550353527069,0.19523635506629944,-0.02375614084303379,0.3576146960258484
5,random_curve,8.700000000000001,3.701827049255371,-0.22682073712348938,0.1704999953508377,0.1555853933095932,0.4475550353527069,0.09482723474502563,-0.026095982640981674,0.34432703256607056
5,random_curve,8.72,3.704247236251831,-0.22860290110111237,0.1704999953508377,0.15463735163211823,0.4475550353527069,0.026891805231571198,-0.028849802911281586,0.33755961060523987
5,random_curve,8.74,3.706094980239868,-0.23072466254234314,0.1704999953508377,0.15473337471485138,0.4475550353527069,0.025699585676193237,-0.03161132335662842,0.3265669345855713
5,random_curve,8.76,3.707594633102417,-0.23255498707294464,0.1704999953508377,0.15541906654834747,0.4475550353527069,0.011499743908643723,-0.033946361392736435,0.3039449155330658
5,random_curve,8.78,3.7087788581848145,-0.23384033143520355,0.1704999953508377,0.1568436622619629,0.4475550353527069,0.03110688179731369,-0.03565172106027603,0.30770164728164673
5,random_curve,8.8,3.7097415924072266,-0.2349986881017685,0.1704999953508377,0.15910117328166962,0.4475550353527069,-0.001092754304409027,-0.037136323750019073,0.28698238730430603
5,random_curve,8.82,3.710517644882202,-0.23608244955539703,0.1704999953508377,0.16148754954338074,0.4475550353527069,0.017374392598867416,-0.03846294805407524,0.28217989206314087
5,random_curve,8.84,3.7115256786346436,-0.2369529753923416,0.1704999953508377,0.16332945227622986,0.4475550353527069,0.026666276156902313,-0.03972098231315613,0.2601982355117798
5,random_curve,8.86,3.7127037048339844,-0.23770764470100403,0.1704999953508377,0.16454346477985382,0.4475550353527069,0.03169858083128929,-0.040963731706142426,0.22208087146282196
5,random_curve,8.88,3.7133896350860596,-0.23836763203144073,0.1704999953508377,0.16504259407520294,0.4475550353527069,-0.0015251142904162407,-0.04187833517789841,0.24592258036136627
5,random_curve,8.9,3.7140135765075684,-0.23868653178215027,0.1704999953508377,0.16484986245632172,0.4475550353527069,0.032137587666511536,-0.04246658459305763,0.25661537051200867
5,random_curve,8.92,3.7146434783935547,-0.23886482417583466,0.1704999953508377,0.16411669552326202,0.4475550353527069,0.021951867267489433,-0.042936064302921295,0.25398385524749756
5,random_curve,8.94,3.715169668197632,-0.2388169765472412,0.1704999953508377,0.16284272074699402,0.4475550353527069,0.025571197271347046,-0.043157853186130524,0.26913541555404663
5,random_curve,8.96,3.7157199382781982,-0.23888838291168213,0.1704999953508377,0.16155818104743958,0.4475550353527069,0.013941183686256409,-0.043494947254657745,0.26550593972206116
5,random_curve,8.98,3.7164769172668457,-0.23872902989387512,0.1704999953508377,0.1608295887708664,0.4475550353527069,0.04810040444135666,-0.04373563453555107,0.26279085874557495
5,random_curve,9.0,3.7176711559295654,-0.23789584636688232,0.1704999953508377,0.16055189073085785,0.4475550353527069,0.08957545459270477,-0.043611593544483185,0.2682797908782959
5,random_curve,9.02,3.7191903591156006,-0.23636244237422943,0.1704999953508377,0.16081352531909943,0.4475550353527069,0.11304078996181488,-0.04304379224777222,0.2574843764305115
5,random_curve,9.040000000000001,3.720460891723633,-0.23427408933639526,0.1704999953508377,0.16149289906024933,0.4475550353527069,0.09959062933921814,-0.041871078312397,0.2626573145389557
5,random_curve,9.06,3.7221405506134033,-0.2316611409187317,0.1704999953508377,0.16239014267921448,0.4475550353527069,0.16618382930755615,-0.03997744992375374,0.2693987488746643
5,random_curve,9.08,3.724050998687744,-0.22844624519348145,0.1704999953508377,0.1634339988231659,0.4475550353527069,0.1543971598148346,-0.038221873342990875,0.2660711109638214
5,random_curve,9.1,3.7253165245056152,-0.22518524527549744,0.1704999953508377,0.16423796117305756,0.4475550353527069,0.12275078892707825,-0.03609203174710274,0.2749188244342804
5,random_curve,9.120000000000001,3.725677251815796,-0.22224177420139313,0.1704999953508377,0.1643945723772049,0.4475550353527069,0.07688576728105545,-0.03376375511288643,0.2726656198501587
5,random_curve,9.14,3.7257542610168457,-0.21932843327522278,0.1704999953508377,0.16398842632770538,0.4475550353527069,0.08056506514549255,-0.03131391108036041,0.2639356255531311
5,random_curve,9.16,3.7255711555480957,-0.21623125672340393,0.1704999953508377,0.16331946849822998,0.4475550353527069,0.06596337258815765,-0.028571894392371178,0.2701117992401123
5,random_curve,9.18,3.725682020187378,-0.2133665680885315,0.1704999953508377,0.16285987198352814,0.4475550353527069,0.09149707108736038,-0.026181207969784737,0.2751712501049042
5,random_curve,9.200000000000001,3.7259671688079834,-0.21015149354934692,0.1704999953508377,0.1622176319360733,0.4475550353527069,0.10310202836990356,-0.02358156628906727,0.25917112827301025
5,random_curve,9.22,3.7266740798950195,-0.20711007714271545,0.1704999953508377,0.16136187314987183,0.4475550353527069,0.11705326288938522,-0.021349335089325905,0.2776835858821869
5,random_curve,9.24,3.727003574371338,-0.2040933221578598,0.1704999953508377,0.1606159806251526,0.4475550353527069,0.0741860419511795,-0.018942207098007202,0.3164747655391693
5,random_curve,9.26,3.7268779277801514,-0.20128552615642548,0.1704999953508377,0.16022327542304993,0.4475550353527069,0.06653717905282974,-0.01647733896970749,0.35208234190940857
5,random_curve,9.28,3.7271499633789062,-0.19844207167625427,0.1704999953508377,0.16051140427589417,0.4475550353527069,0.10338468104600906,-0.014188487082719803,0.3356761932373047
5,random_curve,9.3,3.7277896404266357,-0.19593608379364014,0.1704999953508377,0.16168388724327087,0.4475550353527069,0.08397234976291656,-0.012378936633467674,0.3305802643299103
5,random_curve,9.32,3.728618621826172,-0.19388099014759064,0.1704999953508377,0.16342899203300476,0.4475550353527069,0.09127967059612274,-0.011053028516471386,0.31972381472587585
5,random_curve,9.34,3.7301530838012695,-0.19201695919036865,0.1704999953508377,0.16540926694869995,0.4475550353527069,0.1303875893354416,-0.010256718844175339,0.33060044050216675
5,random_curve,9.36,3.7319576740264893,-0.19021625816822052,0.1704999953508377,0.16713055968284607,0.4475550353527069,0.11783244460821152,-0.009654794819653034,0.3012937605381012
5,random_curve,9.38,3.7334091663360596,-0.18851344287395477,0.1704999953508377,0.16815826296806335,0.4475550353527069,0.09193560481071472,-0.008953183889389038,0.3084796965122223
5,random_curve,9.4,3.7340829372406006,-0.1875060796737671,0.1704999953508377,0.16810786724090576,0.4475550353527069,0.023453321307897568,-0.00844210758805275,0.29815372824668884
5,random_curve,9.42,3.7345261573791504,-0.18742896616458893,0.1704999953508377,0.16727201640605927,0.4475550353527069,0.02438289299607277,-0.008606339804828167,0.2676030993461609
5,random_curve,9.44,3.735503911972046,-0.18762513995170593,0.1704999953508377,0.16646763682365417,0.4475550353527069,0.047412216663360596,-0.009281681850552559,0.28771206736564636
5,random_curve,9.46,3.736447811126709,-0.1878054291009903,0.1704999953508377,0.16536591947078705,0.4475550353527069,0.02757846564054489,-0.009925870224833488,0.2611429691314697
5,random_curve,9.48,3.736807346343994,-0.18801040947437286,0.1704999953508377,0.16369566321372986,0.4475550353527069,-0.005512557458132505,-0.010287735611200333,0.2921886444091797
5,random_curve,9.5,3.7369253635406494,-0.18796534836292267,0.1704999953508377,0.16245150566101074,0.4475550353527069,0.020049022510647774,-0.010310504585504532,0.29599839448928833
5,random_curve,9.52,3.737375497817993,-0.18720406293869019,0.1704999953508377,0.16213728487491608,0.4475550353527069,0.051912821829319,-0.009893612004816532,0.35811230540275574
5,random_curve,9.540000000000001,3.738114356994629,-0.18631134927272797,0.1704999953508377,0.1630168855190277,0.4475550353527069,0.05255851894617081,-0.009514314122498035,0.32717767357826233
5,random_curve,9.56,3.738525390625,-0.18499881029129028,0.1704999953508377,0.1651175320148468,0.4475550353527069,0.05243414267897606,-0.008606001734733582,0.3771241307258606
5,random_curve,9.58,3.738779067993164,-0.18356862664222717,0.1704999953508377,0.1670350432395935,0.4475550353527069,0.04486459493637085,-0.007515442557632923,0.35562294721603394
5,random_curve,9.6,3.7391915321350098,-0.18290655314922333,0.1704999953508377,0.1683529019355774,0.4475550353527069,0.026215292513370514,-0.007163780741393566,0.3308645188808441
5,random_curve,9.620000000000001,3.739595651626587,-0.18297962844371796,0.1704999953508377,0.16876991093158722,0.4475550353527069,0.009450998157262802,-0.0074360668659210205,0.3066288232803345
5,random_curve,9.64,3.7396607398986816,-0.18277038633823395,0.1704999953508377,0.16864262521266937,0.4475550353527069,0.00611631665378809,-0.007291038054972887,0.30285948514938354
5,random_curve,9.66,3.7391834259033203,-0.18179821968078613,0.1704999953508377,0.16828244924545288,0.4475550353527069,0.004522502422332764,-0.0062123555690050125,0.3090415894985199
5,random_curve,9.68,3.738497257232666,-0.17984198033809662,0.1704999953508377,0.16762688755989075,0.4475550353527069,0.035383544862270355,-0.004184209741652012,0.3012969195842743
5,random_curve,9.700000000000001,3.737992525100708,-0.1773415058851242,0.1704999953508377,0.16742877662181854,0.4475550353527069,0.04794535040855408,-0.001785152591764927,0.2982947528362274
5,random_curve,9.72,3.737273693084717,-0.1752021759748459,0.1704999953508377,0.16751189529895782,0.4475550353527069,0.00206129252910614,0.0004164278507232666,0.29507875442504883
5,random_curve,9.74,3.736257314682007,-0.1743650883436203,0.1704999953508377,0.16708309948444366,0.4475550353527069,-0.04239881783723831,0.0016595693305134773,0.2794409692287445
5,random_curve,9.76,3.735485553741455,-0.17449899017810822,0.1704999953508377,0.16705983877182007,0.4475550353527069,-0.028466254472732544,0.0019458597525954247,0.2614889144897461
5,random_curve,9.78,3.73512601852417,-0.17506864666938782,0.1704999953508377,0.16732293367385864,0.4475550353527069,-0.03230438008904457,0.0016456972807645798,0.2571980059146881
5,random_curve,9.8,3.7348878383636475,-0.17659693956375122,0.1704999953508377,0.16694983839988708,0.4475550353527069,-0.06353463232517242,0.00046324310824275017,0.23668502271175385
5,random_curve,9.82,3.7346274852752686,-0.1783747673034668,0.1704999953508377,0.16630767285823822,0.4475550353527069,-0.04979505389928818,-0.0009209574200212955,0.25039419531822205
5,random_curve,9.84,3.734323024749756,-0.17922933399677277,0.1704999953508377,0.16569021344184875,0.4475550353527069,-0.022708721458911896,-0.001493209507316351,0.2817676365375519
5,random_curve,9.86,3.7334721088409424,-0.17953287065029144,0.1704999953508377,0.16532061994075775,0.4475550353527069,-0.058670736849308014,-0.0013107946142554283,0.25972428917884827
5,random_curve,9.88,3.7322864532470703,-0.17986415326595306,0.1704999953508377,0.16534315049648285,0.4475550353527069,-0.05898432806134224,-0.000978283118456602,0.27363038063049316
5,random_curve,9.9,3.7314565181732178,-0.18024635314941406,0.1704999953508377,0.1657557636499405,0.4475550353527069,-0.03755220025777817,-0.0008739903569221497,0.26622897386550903
5,random_curve,9.92,3.7312772274017334,-0.1805620789527893,0.1704999953508377,0.16604390740394592,0.4475550353527069,-0.0009381115669384599,-0.0010507246479392052,0.2972660958766937
5,random_curve,9.94,3.731487274169922,-0.18065574765205383,0.1704999953508377,0.16577045619487762,0.4475550353527069,0.011400253511965275,-0.0012398413382470608,0.2852174639701843
5,random_curve,9.96,3.7314627170562744,-0.18057411909103394,0.1704999953508377,0.1656198799610138,0.4475550353527069,-0.009105075150728226,-0.0011573275551199913,0.28569748997688293
5,random_curve,9.98,3.7306525707244873,-0.17995339632034302,0.1704999953508377,0.16565805673599243,0.4475550353527069,-0.022473620250821114,-0.00020618131384253502,0.30743589997291565
5,random_curve,10.0,3.7293689250946045,-0.17917850613594055,0.1704999953508377,0.1649613082408905,0.4475550353527069,-0.04411095753312111,0.0011225794441998005,0.322346031665802
5,random_curve,10.02,3.727827310562134,-0.1788759082555771,0.1704999953508377,0.16389325261116028,0.4475550353527069,-0.06714468449354172,0.002181651070713997,0.27181392908096313
5,random_curve,10.040000000000001,3.72579026222229,-0.17851373553276062,0.1704999953508377,0.16300234198570251,0.4475550353527069,-0.08387624472379684,0.003548884764313698,0.3179225027561188
5,random_curve,10.06,3.7239959239959717,-0.17770810425281525,0.1704999953508377,0.1624339073896408,0.4475550353527069,-0.032656945288181305,0.0051690880209207535,0.34144845604896545
5,random_curve,10.08,3.7235498428344727,-0.1767139881849289,0.1704999953508377,0.16191045939922333,0.4475550353527069,0.04089042916893959,0.006250311620533466,0.34134000539779663
5,random_curve,10.1,3.7238974571228027,-0.17554108798503876,0.1704999953508377,0.16149193048477173,0.4475550353527069,0.04949237033724785,0.007072214037179947,0.3461211025714874
5,random_curve,10.120000000000001,3.7248356342315674,-0.17424212396144867,0.1704999953508377,0.16209959983825684,0.4475550353527069,0.09093774855136871,0.007695212960243225,0.35929542779922485
5,random_curve,10.14,3.726435661315918,-0.17307311296463013,0.1704999953508377,0.1637571007013321,0.4475550353527069,0.10392478108406067,0.007863492704927921,0.3398227095603943
5,random_curve,10.16,3.7285313606262207,-0.1721150279045105,0.1704999953508377,0.16585193574428558,0.4475550353527069,0.12216805666685104,0.007594137918204069,0.3195859491825104
5,random_curve,10.18,3.730801582336426,-0.1712552011013031,0.1704999953508377,0.1678757518529892,0.4475550353527069,0.11466477811336517,0.0071501899510622025,0.3212185502052307
5,random_curve,10.200000000000001,3.73290753364563,-0.1706092655658722,0.1704999953508377,0.16935712099075317,0.4475550353527069,0.09865911304950714,0.006608739495277405,0.2791211009025574
5,random_curve,10.22,3.7347605228424072,-0.1704343557357788,0.1704999953508377,0.17062509059906006,0.4475550353527069,0.07234299927949905,0.005796082783490419,0.259814977645874
5,random_curve,10.24,3.7359206676483154,-0.17106612026691437,0.1704999953508377,0.17113080620765686,0.4475550353527069,0.004014786332845688,0.004653768613934517,0.25520768761634827
5,random_curve,10.26,3.7364041805267334,-0.17242029309272766,0.1704999953508377,0.17108747363090515,0.4475550353527069,-0.030074167996644974,0.003245393745601177,0.21012508869171143
5,random_curve,10.28,3.7359490394592285,-0.17384493350982666,0.1704999953508377,0.17039062082767487,0.4475550353527069,-0.0770067423582077,0.0022641783580183983,0.22009235620498657
5,random_curve,10.3,3.734358549118042,-0.17567399144172668,0.1704999953508377,0.16912463307380676,0.4475550353527069,-0.14223280549049377,0.0015268498100340366,0.24713477492332458
5,random_curve,10.32,3.731997489929199,-0.17767278850078583,0.1704999953508377,0.16759753227233887,0.4475550353527069,-0.1573685109615326,0.001044564414769411,0.2671152353286743
5,random_curve,10.34,3.729271411895752,-0.17955340445041656,0.1704999953508377,0.16575632989406586,0.4475550353527069,-0.1733475923538208,0.0008528120815753937,0.29096144437789917
5,random_curve,10.36,3.7259740829467773,-0.18078294396400452,0.1704999953508377,0.164621964097023,0.4475550353527069,-0.16692912578582764,0.0015141034964472055,0.3269551992416382
5,random_curve,10.38,3.723073720932007,-0.1817038208246231,0.1704999953508377,0.16386805474758148,0.4475550353527069,-0.13127043843269348,0.002233068458735943,0.34575363993644714
5,random_curve,10.4,3.720957040786743,-0.18258684873580933,0.1704999953508377,0.1630125343799591,0.4475550353527069,-0.09240742772817612,0.0025774631649255753,0.34872278571128845
5,random_curve,10.42,3.7197113037109375,-0.18299153447151184,0.1704999953508377,0.1627083122730255,0.4475550353527069,-0.03209526091814041,0.0028784386813640594,0.3932177722454071
5,random_curve,10.44,3.7196037769317627,-0.18259365856647491,0.1704999953508377,0.1627991944551468,0.4475550353527069,0.03444196283817291,0.0032743075862526894,0.41262087225914
5,random_curve,10.46,3.720245599746704,-0.18164381384849548,0.1704999953508377,0.1631421148777008,0.4475550353527069,0.06301029026508331,0.003752816002815962,0.4198908507823944
5,random_curve,10.48,3.7214152812957764,-0.18032091856002808,0.1704999953508377,0.16465340554714203,0.4475550353527069,0.09811682999134064,0.0042760614305734634,0.40294310450553894
5,random_curve,10.5,3.723283529281616,-0.17860841751098633,0.1704999953508377,0.1674700379371643,0.4475550353527069,0.13964784145355225,0.004769554361701012,0.4016881287097931
5,random_curve,10.52,3.7255375385284424,-0.17712174355983734,0.1704999953508377,0.17094607651233673,0.4475550353527069,0.12882322072982788,0.004869747906923294,0.3969813883304596
5,random_curve,10.540000000000001,3.7275428771972656,-0.17628449201583862,0.1704999953508377,0.17379185557365417,0.4475550353527069,0.09115540981292725,0.004544042516499758,0.35656866431236267
5,random_curve,10.56,3.72937273979187,-0.17562049627304077,0.1704999953508377,0.17536649107933044,0.4475550353527069,0.09868074953556061,0.004161382559686899,0.318837434053421
5,random_curve,10.58,3.7311010360717773,-0.1749793440103531,0.1704999953508377,0.1762172430753708,0.4475550353527069,0.0842437744140625,0.0038119363598525524,0.29706335067749023
5,random_curve,10.6,3.732814073562622,-0.17464782297611237,0.1704999953508377,0.17692506313323975,0.4475550353527069,0.07854916155338287,0.003205792512744665,0.2634681463241577
5,random_curve,10.620000000000001,3.734308958053589,-0.17479510605335236,0.1704999953508377,0.17699462175369263,0.4475550353527069,0.047619547694921494,0.0023037209175527096,0.2622842788696289
5,random_curve,10.64,3.7353100776672363,-0.17570465803146362,0.1704999953508377,0.17668339610099792,0.4475550353527069,-0.005433952435851097,0.0010065725073218346,0.2054700404405594
5,random_curve,10.66,3.735523223876953,-0.17664767801761627,0.1704999953508377,0.17675407230854034,0.4475550353527069,-0.021732959896326065,8.996576070785522e-05,0.20390667021274567
5,random_curve,10.68,3.7353227138519287,-0.1769178807735443,0.1704999953508377,0.17686575651168823,0.4475550353527069,-0.011318275704979897,-3.6845915019512177e-05,0.23389379680156708
5,random_curve,10.700000000000001,3.7347421646118164,-0.17699551582336426,0.1704999953508377,0.17628887295722961,0.4475550353527069,-0.04321560636162758,0.00019824737682938576,0.22792111337184906
5,random_curve,10.72,3.7334365844726562,-0.17711228132247925,0.1704999953508377,0.17522673308849335,0.4475550353527069,-0.07266891747713089,0.0007763607427477837,0.21826587617397308
5,random_curve,10.74,3.7318382263183594,-0.177573561668396,0.1704999953508377,0.17378467321395874,0.4475550353527069,-0.08456800878047943,0.0012120623141527176,0.23023755848407745
5,random_curve,10.76,3.730419635772705,-0.17784373462200165,0.1704999953508377,0.17240171134471893,0.4475550353527069,-0.05018835514783859,0.001717748586088419,0.24367079138755798
5,random_curve,10.78,3.729309558868408,-0.17754705250263214,0.1704999953508377,0.17108166217803955,0.4475550353527069,-0.02455076016485691,0.002547694370150566,0.30268195271492004
5,random_curve,10.8,3.728081226348877,-0.1763782501220703,0.1704999953508377,0.16948705911636353,0.4475550353527069,-0.01710224524140358,0.004184383898973465,0.3190588653087616
5,random_curve,10.82,3.727428674697876,-0.17437875270843506,0.1704999953508377,0.16819645464420319,0.4475550353527069,0.05502806231379509,0.006232044193893671,0.3573290705680847
5,random_curve,10.84,3.7275493144989014,-0.17260634899139404,0.1704999953508377,0.16764037311077118,0.4475550353527069,0.053291693329811096,0.007684153970330954,0.3773938715457916
5,random_curve,10.86,3.7284700870513916,-0.17097289860248566,0.1704999953508377,0.16789503395557404,0.4475550353527069,0.10391948372125626,0.008602051995694637,0.37051671743392944
5,random_curve,10.88,3.7302982807159424,-0.1693001240491867,0.1704999953508377,0.1689104288816452,0.4475550353527069,0.1342528760433197,0.009082391858100891,0.3732525110244751
5,random_curve,10.9,3.732107162475586,-0.16747331619262695,0.1704999953508377,0.171169713139534,0.4475550353527069,0.11292599141597748,0.009704399853944778,0.3678784966468811
5,random_curve,10.92,3.733424425125122,-0.16633060574531555,0.1704999953508377,0.17394070327281952,0.4475550353527069,0.06278591603040695,0.00999702513217926,0.35859110951423645
5,random_curve,10.94,3.7348248958587646,-0.1663532257080078,0.1704999953508377,0.17636613547801971,0.4475550353527069,0.05318819731473923,0.009250517003238201,0.31339317560195923
5,random_curve,10.96,3.7357122898101807,-0.16684883832931519,0.1704999953508377,0.1782911866903305,0.4475550353527069,0.0011122319847345352,0.008803848177194595,0.29354387521743774
5,random_curve,10.98,3.735889196395874,-0.16739605367183685,0.1704999953508377,0.1801171600818634,0.4475550353527069,-0.0147428959608078,0.008246926590800285,0.29049956798553467
5,random_curve,11.0,3.7357821464538574,-0.16812215745449066,0.1704999953508377,0.18134471774101257,0.4475550353527069,-0.030033107846975327,0.007690877187997103,0.2944086790084839
5,random_curve,11.02,3.735179901123047,-0.16922394931316376,0.1704999953508377,0.18075300753116608,0.4475550353527069,-0.07272422313690186,0.007082522846758366,0.27777642011642456
5,random_curve,11.040000000000001,3.7343173027038574,-0.17017969489097595,0.1704999953508377,0.17847172915935516,0.4475550353527069,-0.05177897587418556,0.00673688342794776,0.2723867893218994
5,random_curve,11.06,3.7332046031951904,-0.1706923246383667,0.1704999953508377,0.175774484872818,0.4475550353527069,-0.06524330377578735,0.0068994080647826195,0.257738322019577
5,random_curve,11.08,3.7313807010650635,-0.17058925330638885,0.1704999953508377,0.1733100712299347,0.4475550353527069,-0.07458027452230453,0.007962675765156746,0.2772557735443115
5,random_curve,11.1,3.729830741882324,-0.17039774358272552,0.1704999953508377,0.17092949151992798,0.4475550353527069,-0.04625999182462692,0.00895402580499649,0.2977401912212372
5,random_curve,11.120000000000001,3.7287676334381104,-0.1707821935415268,0.1704999953508377,0.1685531735420227,0.4475550353527069,-0.06034783646464348,0.009198281913995743,0.3042537271976471
5,random_curve,11.14,3.7274885177612305,-0.17141328752040863,0.1704999953508377,0.16605892777442932,0.4475550353527069,-0.07541874796152115,0.009349810890853405,0.32524269819259644
5,random_curve,11.16,3.7260446548461914,-0.17205479741096497,0.1704999953508377,0.1635054498910904,0.4475550353527069,-0.08049214631319046,0.009580716490745544,0.3421246409416199
5,random_curve,11.18,3.724799156188965,-0.17311295866966248,0.1704999953508377,0.16147704422473907,0.4475550353527069,-0.08252467215061188,0.009353503584861755,0.3605833947658539
5,random_curve,11.200000000000001,3.7242281436920166,-0.17423145473003387,0.1704999953508377,0.1610967367887497,0.4475550353527069,-0.02664067968726158,0.008714323863387108,0.37748971581459045
5,random_curve,11.22,3.7242636680603027,-0.1745794117450714,0.1704999953508377,0.16209323704242706,0.4475550353527069,0.014942960813641548,0.008401387371122837,0.3931533992290497
5,random_curve,11.24,3.7252016067504883,-0.17430992424488068,0.1704999953508377,0.1637295037508011,0.4475550353527069,0.0754847303032875,0.008127015084028244,0.4041351079940796
5,random_curve,11.26,3.7271831035614014,-0.17362529039382935,0.1704999953508377,0.1663406789302826,0.4475550353527069,0.12225233018398285,0.007644779980182648,0.3642785847187042
5,random_curve,11.28,3.7293217182159424,-0.17262181639671326,0.1704999953508377,0.16945794224739075,0.4475550353527069,0.10637903213500977,0.0073477765545248985,0.34670940041542053
5,random_curve,11.3,3.731113910675049,-0.17144209146499634,0.1704999953508377,0.17248614132404327,0.4475550353527069,0.10121265053749084,0.007385070435702801,0.332369863986969
5,random_curve,11.32,3.732935667037964,-0.17005552351474762,0.1704999953508377,0.17517682909965515,0.4475550353527069,0.1244141235947609,0.007581260520964861,0.3144456148147583
5,random_curve,11.34,3.734236478805542,-0.16875945031642914,0.1704999953508377,0.17678548395633698,0.4475550353527069,0.06274716556072235,0.007979834452271461,0.30132585763931274
5,random_curve,11.36,3.734480381011963,-0.16769732534885406,0.1704999953508377,0.177211195230484,0.4475550353527069,0.018463924527168274,0.008746476843953133,0.27933576703071594
5,random_curve,11.38,3.734276294708252,-0.16678427159786224,0.1704999953508377,0.17691756784915924,0.4475550353527069,0.014514866285026073,0.009626973420381546,0.2725822329521179
5,random_curve,11.4,3.7339298725128174,-0.16589035093784332,0.1704999953508377,0.1751135140657425,0.4475550353527069,0.0073585547506809235,0.010567490011453629,0.27415910363197327
5,random_curve,11.42,3.733487844467163,-0.16553954780101776,0.1704999953508377,0.1726364940404892,0.4475550353527069,-0.023314427584409714,0.011100401170551777,0.25470396876335144
5,random_curve,11.44,3.7326676845550537,-0.16559316217899323,0.1704999953508377,0.17037971317768097,0.4475550353527069,-0.046366509050130844,0.011494085192680359,0.2670850157737732
5,random_curve,11.46,3.732114553451538,-0.16591598093509674,0.1704999953508377,0.16761285066604614,0.4475550353527069,-0.026443522423505783,0.011517448350787163,0.3046714961528778
5,random_curve,11.48,3.7318990230560303,-0.16632428765296936,0.1704999953508377,0.16532562673091888,0.4475550353527069,-0.011589290574193,0.01128790620714426,0.2738913893699646
5,random_curve,11.5,3.732520580291748,-0.16695274412631989,0.1704999953508377,0.1643124222755432,0.4475550353527069,0.031823042780160904,0.01042436994612217,0.2823116183280945
5,random_curve,11.52,3.733926296234131,-0.16727346181869507,0.1704999953508377,0.16474369168281555,0.4475550353527069,0.06083444133400917,0.009401079267263412,0.3317147493362427
5,random_curve,11.540000000000001,3.7358644008636475,-0.1671304851770401,0.1704999953508377,0.1660504937171936,0.4475550353527069,0.10570329427719116,0.008484525606036186,0.35568705201148987
5,random_curve,11.56,3.7389864921569824,-0.1667463332414627,0.1704999953508377,0.1673172116279602,0.4475550353527069,0.17202574014663696,0.007137992884963751,0.3614988327026367
5,random_curve,11.58,3.742628574371338,-0.16590894758701324,0.1704999953508377,0.1691874861717224,0.4475550353527069,0.17968538403511047,0.0058959973976016045,0.3300815522670746
5,random_curve,11.6,3.7460482120513916,-0.1644541621208191,0.1704999953508377,0.1720838099718094,0.4475550353527069,0.19178904592990875,0.005294582806527615,0.3518833518028259
5,random_curve,11.620000000000001,3.7494373321533203,-0.16180375218391418,0.1704999953508377,0.17499564588069916,0.4475550353527069,0.23161092400550842,0.005719455890357494,0.3645879030227661
5,random_curve,11.64,3.752580404281616,-0.1588408648967743,0.1704999953508377,0.17706634104251862,0.4475550353527069,0.19254815578460693,0.006539972499012947,0.3547229766845703
5,random_curve,11.66,3.755095958709717,-0.15648223459720612,0.1704999953508377,0.1785542517900467,0.4475550353527069,0.15023335814476013,0.007185932714492083,0.3329032063484192
5,random_curve,11.68,3.7571468353271484,-0.15456657111644745,0.1704999953508377,0.18026965856552124,0.4475550353527069,0.121170774102211,0.007706423755735159,0.2984447479248047
5,random_curve,11.700000000000001,3.758845567703247,-0.15325981378555298,0.1704999953508377,0.18227852880954742,0.4475550353527069,0.08953207731246948,0.007901044562458992,0.27812281250953674
5,random_curve,11.72,3.759788751602173,-0.1525888293981552,0.1704999953508377,0.1834867298603058,0.4475550353527069,0.043075382709503174,0.007963011972606182,0.24731437861919403
5,random_curve,11.74,3.7611191272735596,-0.1525925248861313,0.1704999953508377,0.18321987986564636,0.4475550353527069,0.07697758823633194,0.007247836794704199,0.21230454742908478
5,random_curve,11.76,3.76342511177063,-0.15315482020378113,0.1704999953508377,0.1818859875202179,0.4475550353527069,0.09769263118505478,0.005538635887205601,0.18600043654441833
5,random_curve,11.78,3.7667322158813477,-0.15402990579605103,0.1704999953508377,0.17949163913726807,0.4475550353527069,0.14194540679454803,0.0030293911695480347,0.1666935533285141
5,random_curve,11.8,3.770505905151367,-0.15465328097343445,0.1704999953508377,0.17639972269535065,0.4475550353527069,0.1497596800327301,0.0004830397665500641,0.17503836750984192
5,random_curve,11.82,3.774725914001465,-0.15480561554431915,0.1704999953508377,0.17402225732803345,0.4475550353527069,0.18874865770339966,-0.00190430274233222,0.1633920818567276
5,random_curve,11.84,3.7786457538604736,-0.15450546145439148,0.1704999953508377,0.17194804549217224,0.4475550353527069,0.15468549728393555,-0.0037487661466002464,0.20171210169792175
5,random_curve,11.86,3.7808353900909424,-0.15315213799476624,0.1704999953508377,0.17000509798526764,0.4475550353527069,0.11472702026367188,-0.0037775561213493347,0.20964597165584564
5,random_curve,11.88,3.7814536094665527,-0.15043726563453674,0.20999999344348907,0.16796013712882996,0.4475550353527069,0.09171825647354126,-0.0014547193422913551,0.2736993432044983
5,random_curve,11.9,3.7811620235443115,-0.1469118446111679,0.20999999344348907,0.16601422429084778,0.4475550353527069,0.08040813356637955,0.0016533387824892998,0.2993675172328949
5,random_curve,11.92,3.780744791030884,-0.14324231445789337,0.20999999344348907,0.16340111196041107,0.4475550353527069,0.09183107316493988,0.004950805567204952,0.31638655066490173
5,random_curve,11.94,3.780714750289917,-0.1392573118209839,0.20999999344348907,0.16041037440299988,0.4475550353527069,0.118044413626194,0.008299781009554863,0.3339973986148834
5,random_curve,11.96,3.7815093994140625,-0.13536261022090912,0.20999999344348907,0.15804077684879303,0.4475550353527069,0.16027222573757172,0.011121036484837532,0.3284439444541931
5,random_curve,11.98,3.783226490020752,-0.1319362074136734,0.20999999344348907,0.15627339482307434,0.4475550353527069,0.1702265441417694,0.013044869527220726,0.34788644313812256
5,random_curve,12.0,3.7853477001190186,-0.12890642881393433,0.20999999344348907,0.1552475094795227,0.4475550353527069,0.17211663722991943,0.014415429905056953,0.36449864506721497
5,random_curve,12.02,3.7874672412872314,-0.12622836232185364,0.20999999344348907,0.15461662411689758,0.4475550353527069,0.16177314519882202,0.015492781065404415,0.4048899710178375
5,random_curve,12.040000000000001,3.790191650390625,-0.12364992499351501,0.20999999344348907,0.1547711193561554,0.4475550353527069,0.2059924304485321,0.016155147925019264,0.386379599571228
5,random_curve,12.06,3.79386305809021,-0.12126527726650238,0.20999999344348907,0.15581506490707397,0.4475550353527069,0.22733049094676971,0.016136188060045242,0.3538528084754944
5,random_curve,12.08,3.797697067260742,-0.11917051672935486,0.20999999344348907,0.15757733583450317,0.4475550353527069,0.21236330270767212,0.015785647556185722,0.33645129203796387
5,random_curve,12.1,3.8014018535614014,-0.1175132542848587,0.20999999344348907,0.16012006998062134,0.4475550353527069,0.19055186212062836,0.015140099450945854,0.3032589256763458
5,random_curve,12.120000000000001,3.8048527240753174,-0.11615517735481262,0.20999999344348907,0.16281689703464508,0.4475550353527069,0.17479373514652252,0.014383585192263126,0.2890724837779999
5,random_curve,12.14,3.808088779449463,-0.11497288197278976,0.20999999344348907,0.1649714559316635,0.4475550353527069,0.16100147366523743,0.013597862794995308,0.2466783970594406
5,random_curve,12.16,3.8105483055114746,-0.11400892585515976,0.20999999344348907,0.1668345034122467,0.4475550353527069,0.1129930168390274,0.01305534690618515,0.2292533665895462
5,random_curve,12.18,3.812340021133423,-0.11336549371480942,0.20999999344348907,0.16826632618904114,0.4475550353527069,0.08350952714681625,0.012610970064997673,0.22598272562026978
5,random_curve,12.200000000000001,3.8135879039764404,-0.11292144656181335,0.20999999344348907,0.16909457743167877,0.4475550353527069,0.04768269136548042,0.012588845565915108,0.219761922955513
5,random_curve,12.22,3.813908576965332,-0.1127803847193718,0.20999999344348907,0.1697211116552353,0.4475550353527069,-0.0031870712991803885,0.01252669282257557,0.22154900431632996
5,random_curve,12.24,3.8132717609405518,-0.11283635348081589,0.20999999344348907,0.169902041554451,0.4475550353527069,-0.05334855988621712,0.012836038134992123,0.25317317247390747
5,random_curve,12.26,3.811516046524048,-0.11328653246164322,0.20999999344348907,0.1688726544380188,0.4475550353527069,-0.11146050691604614,0.013443512842059135,0.27707892656326294
5,random_curve,12.280000000000001,3.8094420433044434,-0.11390979588031769,0.20999999344348907,0.16668102145195007,0.4475550353527069,-0.0943642258644104,0.014085249044001102,0.3064281642436981
5,random_curve,12.3,3.807573080062866,-0.114702008664608,0.20999999344348907,0.16396817564964294,0.4475550353527069,-0.10352735221385956,0.014472310431301594,0.3177160918712616
5,random_curve,12.32,3.805849313735962,-0.11533164232969284,0.20999999344348907,0.16132743656635284,0.4475550353527069,-0.07595675438642502,0.014913098886609077,0.3210355341434479
5,random_curve,12.34,3.8048529624938965,-0.11596357077360153,0.20999999344348907,0.1590585559606552,0.4475550353527069,-0.04397042840719223,0.014945603907108307,0.3448006212711334
5,random_curve,12.36,3.8050663471221924,-0.1167733371257782,0.20999999344348907,0.15750619769096375,0.4475550353527069,0.012199869379401207,0.01415477879345417,0.3494545817375183
5,random_curve,12.38,3.8065452575683594,-0.11728156358003616,0.20999999344348907,0.1569991111755371,0.4475550353527069,0.07599982619285583,0.01290704682469368,0.3745110034942627
5,random_curve,12.4,3.808762550354004,-0.1173064112663269,0.20999999344348907,0.15731626749038696,0.4475550353527069,0.10162308812141418,0.011647719889879227,0.3712230324745178
5,random_curve,12.42,3.8111326694488525,-0.11685476452112198,0.20999999344348907,0.15810507535934448,0.4475550353527069,0.11413171142339706,0.010698216035962105,0.3684406280517578
5,random_curve,12.44,3.813828945159912,-0.11612662672996521,0.20999999344348907,0.15951189398765564,0.4475550353527069,0.14351601898670197,0.009795823134481907,0.3609215021133423
5,random_curve,12.46,3.8168749809265137,-0.11537235975265503,0.20999999344348907,0.16122809052467346,0.4475550353527069,0.15463870763778687,0.008719703182578087,0.37034156918525696
5,random_curve,12.48,3.8202924728393555,-0.11425668001174927,0.20999999344348907,0.1628693789243698,0.4475550353527069,0.18593865633010864,0.00773581862449646,0.33600571751594543
5,random_curve,12.5,3.8234968185424805,-0.11286831647157669,0.20999999344348907,0.16429725289344788,0.4475550353527069,0.16158287227153778,0.007097174413502216,0.32477954030036926
5,random_curve,12.52,3.8259928226470947,-0.11128289252519608,0.20999999344348907,0.16561496257781982,0.4475550353527069,0.1372699737548828,0.0070176939480006695,0.28803712129592896
5,random_curve,12.540000000000001,3.8279056549072266,-0.10949082672595978,0.20999999344348907,0.16667640209197998,0.4475550353527069,0.12008814513683319,0.007435397244989872,0.23880627751350403
5,random_curve,12.56,3.829461097717285,-0.10778601467609406,0.20999999344348907,0.16736893355846405,0.4475550353527069,0.11127801239490509,0.00798039324581623,0.22008420526981354
5,random_curve,12.58,3.831193447113037,-0.1064896285533905,0.20999999344348907,0.16774983704090118,0.4475550353527069,0.10576112568378448,0.008087811060249805,0.19734929502010345
5,random_curve,12.6,3.832733154296875,-0.10548758506774902,0.20999999344348907,0.16867844760417938,0.4475550353527069,0.08730253577232361,0.00805872492492199,0.21044707298278809
5,random_curve,12.620000000000001,3.8342843055725098,-0.1049133762717247,0.20999999344348907,0.17084528505802155,0.4475550353527069,0.08328836411237717,0.00766840111464262,0.21636457741260529
5,random_curve,12.64,3.836242437362671,-0.10480804741382599,0.20999999344348907,0.1735890954732895,0.4475550353527069,0.09343108534812927,0.006661826279014349,0.2446468025445938
5,random_curve,12.66,3.838547706604004,-0.1047455370426178,0.20999999344348907,0.1765548437833786,0.4475550353527069,0.09751465916633606,0.005425805225968361,0.24794460833072662
5,random_curve,12.68,3.8408453464508057,-0.10480624437332153,0.20999999344348907,0.17934121191501617,0.4475550353527069,0.08153706043958664,0.0040918500162661076,0.25225216150283813
5,random_curve,12.700000000000001,3.8429903984069824,-0.10549621284008026,0.20999999344348907,0.18052802979946136,0.4475550353527069,0.060293033719062805,0.0023212339729070663,0.24689021706581116
5,random_curve,12.72,3.844522714614868,-0.10595107823610306,0.20999999344348907,0.17996354401111603,0.4475550353527069,0.04635343700647354,0.0010879230685532093,0.2382514774799347
5,random_curve,12.74,3.8459160327911377,-0.10582862794399261,0.20999999344348907,0.17874741554260254,0.4475550353527069,0.07682174444198608,0.00041108857840299606,0.2688080072402954
5,random_curve,12.76,3.8479106426239014,-0.10509896278381348,0.20999999344348907,0.17766520380973816,0.4475550353527069,0.1261131912469864,-9.804358705878258e-05,0.30763792991638184
5,random_curve,12.780000000000001,3.8505806922912598,-0.10368981957435608,0.20999999344348907,0.17660582065582275,0.4475550353527069,0.17367318272590637,-0.0004209629260003567,0.3221292793750763
5,random_curve,12.8,3.8536648750305176,-0.1018587052822113,0.20999999344348907,0.1748100370168686,0.4475550353527069,0.19032436609268188,-0.0006252625025808811,0.32880738377571106
5,random_curve,12.82,3.8569180965423584,-0.099544458091259,0.20999999344348907,0.17178945243358612,0.4475550353527069,0.2087860107421875,-0.0005232887342572212,0.3426329791545868
5,random_curve,12.84,3.85973858833313,-0.09706046432256699,0.20999999344348907,0.16784609854221344,0.4475550353527069,0.16414792835712433,-3.877934068441391e-05,0.38878586888313293
5,random_curve,12.86,3.8624863624572754,-0.09564080834388733,0.20999999344348907,0.1644209623336792,0.4475550353527069,0.1476462036371231,-0.00019831303507089615,0.3777642548084259
5,random_curve,12.88,3.865839719772339,-0.09567028284072876,0.20999999344348907,0.16190536320209503,0.4475550353527069,0.12402936816215515,-0.0021216822788119316,0.3338022530078888
5,random_curve,12.9,3.8689322471618652,-0.09683988243341446,0.20999999344348907,0.1604495495557785,0.4475550353527069,0.06703904271125793,-0.004837011452764273,0.3133317530155182
5,random_curve,12.92,3.8710505962371826,-0.09860938787460327,0.20999999344348907,0.16058753430843353,0.4475550353527069,0.021522846072912216,-0.0074950759299099445,0.29922738671302795
5,random_curve,12.94,3.8726141452789307,-0.100507453083992,0.20999999344348907,0.16242599487304688,0.4475550353527069,0.0035180039703845978,-0.00994490273296833,0.2587338089942932
5,random_curve,12.96,3.87381911277771,-0.10201520472764969,0.20999999344348907,0.16500571370124817,0.4475550353527069,-0.0003852471709251404,-0.01186996791511774,0.22594250738620758
5,random_curve,12.98,3.874767541885376,-0.10313795506954193,0.20999999344348907,0.16777698695659637,0.4475550353527069,0.008775059133768082,-0.013332435861229897,0.22417668998241425
5,random_curve,13.0,3.875476598739624,-0.10369575023651123,0.20999999344348907,0.17004287242889404,0.4475550353527069,0.008631631731987,-0.014193716458976269,0.2029748111963272
5,random_curve,13.02,3.8754866123199463,-0.10387679934501648,0.20999999344348907,0.17143067717552185,0.4475550353527069,-0.01839909888803959,-0.014348605647683144,0.21129857003688812
5,random_curve,13.040000000000001,3.874699115753174,-0.10345222055912018,0.20999999344348907,0.17186689376831055,0.4475550353527069,-0.030074389651417732,-0.013552699238061905,0.20892491936683655
5,random_curve,13.06,3.8735151290893555,-0.10235070437192917,0.20999999344348907,0.17146261036396027,0.4475550353527069,-0.01521681621670723,-0.011974329128861427,0.22868944704532623
5,random_curve,13.08,3.872363567352295,-0.10138092935085297,0.20999999344348907,0.17054565250873566,0.4475550353527069,-0.02323649264872074,-0.010522902011871338,0.21213828027248383
5,random_curve,13.1,3.8720507621765137,-0.10060078650712967,0.20999999344348907,0.16927368938922882,0.4475550353527069,0.031141778454184532,-0.00970277190208435,0.22725629806518555
5,random_curve,13.120000000000001,3.8722779750823975,-0.09967554360628128,0.20999999344348907,0.1675318330526352,0.4475550353527069,0.03345533832907677,-0.009068875573575497,0.22539560496807098
5,random_curve,13.14,3.8729300498962402,-0.0983520895242691,0.20999999344348907,0.16594281792640686,0.4475550353527069,0.08685282617807388,-0.008347388356924057,0.24521684646606445
5,random_curve,13.16,3.874399423599243,-0.09670538455247879,0.20999999344348907,0.16498048603534698,0.4475550353527069,0.12847182154655457,-0.007822336629033089,0.24717706441879272
5,random_curve,13.18,3.875994920730591,-0.09505034983158112,0.20999999344348907,0.16452577710151672,0.4475550353527069,0.0966508537530899,-0.0073618460446596146,0.2295714020729065
5,random_curve,13.200000000000001,3.877349853515625,-0.09337136894464493,0.20999999344348907,0.16456091403961182,0.4475550353527069,0.09957976639270782,-0.006745382212102413,0.2393123209476471
5,random_curve,13.22,3.8789665699005127,-0.09136805683374405,0.20999999344348907,0.16520044207572937,0.4475550353527069,0.13697487115859985,-0.006009862758219242,0.2599515914916992
5,random_curve,13.24,3.8810997009277344,-0.08917585760354996,0.20999999344348907,0.16648663580417633,0.4475550353527069,0.163409024477005,-0.005411122459918261,0.2648710310459137
5,random_curve,13.26,3.8835017681121826,-0.08677651733160019,0.20999999344348907,0.16817261278629303,0.4475550353527069,0.1731281578540802,-0.004793963395059109,0.2788778841495514
5,random_curve,13.280000000000001,3.8857951164245605,-0.08441511541604996,0.20999999344348907,0.16953213512897491,0.4475550353527069,0.15390175580978394,-0.004146502818912268,0.2624703049659729
5,random_curve,13.3,3.887737274169922,-0.08237764984369278,0.20999999344348907,0.17006094753742218,0.4475550353527069,0.12604479491710663,-0.003567139385268092,0.2580244243144989
5,random_curve,13.32,3.8889381885528564,-0.080356664955616,0.20999999344348907,0.16973772644996643,0.4475550353527069,0.092475526034832,-0.002581577282398939,0.2281014323234558
5,random_curve,13.34,3.889110803604126,-0.07833897322416306,0.20999999344348907,0.16923832893371582,0.4475550353527069,0.04494951292872429,-0.001016381662338972,0.2065022736787796
5,random_curve,13.36,3.8885223865509033,-0.07628282904624939,0.20999999344348907,0.16913574934005737,0.4475550353527069,0.02994936890900135,0.00101149408146739,0.2177172154188156
5,random_curve,13.38,3.8875184059143066,-0.07430949062108994,0.20999999344348907,0.16958051919937134,0.4475550353527069,0.006689425557851791,0.0032064649276435375,0.22287411987781525
5,random_curve,13.4,3.8863365650177,-0.07274316251277924,0.20999999344348907,0.17052660882472992,0.4475550353527069,-0.011323709040880203,0.0051667094230651855,0.23380640149116516
5,random_curve,13.42,3.8847861289978027,-0.0716678649187088,0.20999999344348907,0.17169734835624695,0.4475550353527069,-0.05051411688327789,0.0069309985265135765,0.23184382915496826
5,random_curve,13.44,3.8829920291900635,-0.07093775272369385,0.20999999344348907,0.1721758097410202,0.4475550353527069,-0.049977272748947144,0.008548782207071781,0.24720607697963715
5,random_curve,13.46,3.8809151649475098,-0.07017219811677933,0.20999999344348907,0.17153947055339813,0.4475550353527069,-0.07343236356973648,0.010355912148952484,0.2350083291530609
5,random_curve,13.48,3.8790149688720703,-0.0695645734667778,0.20999999344348907,0.1700679212808609,0.4475550353527069,-0.04476187378168106,0.011932828463613987,0.24923552572727203
5,random_curve,13.5,3.8775553703308105,-0.06901700794696808,0.20999999344348907,0.1685834676027298,0.4475550353527069,-0.04135086387395859,0.013210724107921124,0.2596689760684967
5,random_curve,13.52,3.876837968826294,-0.06864509731531143,0.20999999344348907,0.16674759984016418,0.4475550353527069,4.056468605995178e-05,0.013923526741564274,0.2872976064682007
5,random_curve,13.540000000000001,3.8771750926971436,-0.06781646609306335,0.20999999344348907,0.16557632386684418,0.4475550353527069,0.06741256266832352,0.014415551908314228,0.27369260787963867
5,random_curve,13.56,3.878445625305176,-0.06689176708459854,0.20999999344348907,0.16543078422546387,0.4475550353527069,0.08529426157474518,0.014458145946264267,0.3018796443939209
5,random_curve,13.58,3.880061149597168,-0.06598900258541107,0.20999999344348907,0.16559231281280518,0.4475550353527069,0.09838118404150009,0.014287285506725311,0.2950587272644043
5,random_curve,13.6,3.8813271522521973,-0.06484273821115494,0.20999999344348907,0.1664576679468155,0.4475550353527069,0.07713013887405396,0.01451505534350872,0.3129892349243164
5,random_curve,13.620000000000001,3.882111072540283,-0.06364817172288895,0.20999999344348907,0.16797108948230743,0.4475550353527069,0.06310318410396576,0.015055648051202297,0.3131125867366791
5,random_curve,13.64,3.882167339324951,-0.062027253210544586,0.20999999344348907,0.169883131980896,0.4475550353527069,0.04017818719148636,0.016359718516469002,0.32242849469184875
5,random_curve,13.66,3.8814947605133057,-0.060198042541742325,0.20999999344348907,0.17203782498836517,0.4475550353527069,0.008592799305915833,0.018248222768306732,0.31042978167533875
5,random_curve,13.68,3.880530595779419,-0.05849914997816086,0.20999999344348907,0.17463165521621704,0.4475550353527069,0.0071072764694690704,0.02019445225596428,0.2973228394985199
5,random_curve,13.700000000000001,3.880244255065918,-0.05682976543903351,0.20999999344348907,0.1771588921546936,0.4475550353527069,0.059122808277606964,0.021732492372393608,0.2878790497779846
5,random_curve,13.72,3.880734920501709,-0.05534418299794197,0.20999999344348907,0.1783118098974228,0.4475550353527069,0.05841667950153351,0.02267901413142681,0.26612043380737305
5,random_curve,13.74,3.881204128265381,-0.05451030656695366,0.20999999344348907,0.17803016304969788,0.4475550353527069,0.03506949171423912,0.023100558668375015,0.24943915009498596
5,random_curve,13.76,3.8812379837036133,-0.053684867918491364,0.20999999344348907,0.1772444248199463,0.4475550353527069,0.013467894867062569,0.023761700838804245,0.2427017092704773
5,random_curve,13.780000000000001,3.880981206893921,-0.05278799310326576,0.20999999344348907,0.17559441924095154,0.4475550353527069,0.015350631438195705,0.02464630827307701,0.2542884051799774
5,random_curve,13.8,3.8804421424865723,-0.0518665537238121,0.20999999344348907,0.1737860143184662,0.4475550353527069,-0.0027385521680116653,0.025711029767990112,0.2612901031970978
5,random_curve,13.82,3.8799843788146973,-0.05107283592224121,0.20999999344348907,0.17302817106246948,0.4475550353527069,0.01371803693473339,0.026624439284205437,0.28097522258758545
5,random_curve,13.84,3.8800175189971924,-0.050444893538951874,0.20999999344348907,0.17416313290596008,0.4475550353527069,0.02703886851668358,0.027123212814331055,0.2469845861196518
5,random_curve,13.86,3.880042314529419,-0.04966036602854729,0.20999999344348907,0.17720673978328705,0.4475550353527069,0.019806422293186188,0.02775576524436474,0.2312517613172531
5,random_curve,13.88,3.8800411224365234,-0.04905683547258377,0.20999999344348907,0.18049249053001404,0.4475550353527069,0.014184759929776192,0.028253862634301186,0.22985884547233582
5,random_curve,13.9,3.879758358001709,-0.04887379705905914,0.20999999344348907,0.18322186172008514,0.4475550353527069,-0.02043551206588745,0.028564855456352234,0.20948828756809235
5,random_curve,13.92,3.878389835357666,-0.048999931663274765,0.20999999344348907,0.1857394427061081,0.4475550353527069,-0.09126312285661697,0.029235919937491417,0.22612261772155762
5,random_curve,13.94,3.8764305114746094,-0.048791080713272095,0.20999999344348907,0.18684159219264984,0.4475550353527069,-0.06297179311513901,0.030517656356096268,0.273897260427475
5,random_curve,13.96,3.874537944793701,-0.04885942488908768,0.20999999344348907,0.1862478405237198,0.4475550353527069,-0.08891268819570541,0.0315331295132637,0.24717487394809723
5,random_curve,13.98,3.872361898422241,-0.049371685832738876,0.20999999344348907,0.18537093698978424,0.4475550353527069,-0.11520887911319733,0.03234327211976051,0.2234487533569336
5,random_curve,14.0,3.8701045513153076,-0.04999878630042076,0.20999999344348907,0.18466974794864655,0.4475550353527069,-0.10664132237434387,0.03310481086373329,0.25063055753707886
5,random_curve,14.02,3.8678383827209473,-0.05063408985733986,0.20999999344348907,0.18416982889175415,0.4475550353527069,-0.11042134463787079,0.0338645800948143,0.25481078028678894
5,random_curve,14.040000000000001,3.865670919418335,-0.05153997987508774,0.20999999344348907,0.1837875247001648,0.4475550353527069,-0.11818666011095047,0.034345440566539764,0.29270339012145996
5,random_curve,14.06,3.864034652709961,-0.05249285697937012,0.20999999344348907,0.18317893147468567,0.4475550353527069,-0.07238757610321045,0.03448674455285072,0.3076898455619812
5,random_curve,14.08,3.863123893737793,-0.05378971993923187,0.20999999344348907,0.1827247142791748,0.4475550353527069,-0.07769087702035904,0.033933669328689575,0.30263185501098633
5,random_curve,14.1,3.862779140472412,-0.054997339844703674,0.20999999344348907,0.18165308237075806,0.4475550353527069,-0.021997148171067238,0.0331336110830307,0.2765672504901886
5,random_curve,14.120000000000001,3.8633334636688232,-0.05576706305146217,0.20999999344348907,0.17998456954956055,0.4475550353527069,0.0208482313901186,0.03218529373407364,0.2834312915802002
5,random_curve,14.14,3.8643100261688232,-0.05577867478132248,0.20999999344348907,0.17908214032649994,0.4475550353527069,0.055865295231342316,0.03162267431616783,0.29291832447052
5,random_curve,14.16,3.8656005859375,-0.05524143576622009,0.20999999344348907,0.17917373776435852,0.4475550353527069,0.07712412625551224,0.031334586441516876,0.29213079810142517
5,random_curve,14.18,3.8670074939727783,-0.05414491891860962,0.20999999344348907,0.17983147501945496,0.4475550353527069,0.09795522689819336,0.03144155815243721,0.29351338744163513
5,random_curve,14.200000000000001,3.867877960205078,-0.052911803126335144,0.20999999344348907,0.1801806390285492,0.4475550353527069,0.048465680330991745,0.03196491301059723,0.3008221983909607
5,random_curve,14.22,3.868384838104248,-0.051756903529167175,0.20999999344348907,0.1808188110589981,0.4475550353527069,0.0598309189081192,0.03262970596551895,0.29580336809158325
5,random_curve,14.24,3.8685085773468018,-0.05032241716980934,0.20999999344348907,0.1821943074464798,0.4475550353527069,0.03197011724114418,0.03374191001057625,0.3009895980358124
5,random_curve,14.26,3.868483066558838,-0.049271341413259506,0.20999999344348907,0.18410539627075195,0.4475550353527069,0.025203609839081764,0.034622639417648315,0.3163309395313263
5,random_curve,14.280000000000001,3.8683900833129883,-0.048579081892967224,0.20999999344348907,0.18523620069026947,0.4475550353527069,0.008244392462074757,0.03524584695696831,0.304596483707428
5,random_curve,14.3,3.86838436126709,-0.04878982901573181,0.20999999344348907,0.18485082685947418,0.4475550353527069,-0.016219420358538628,0.035075392574071884,0.28013521432876587
5,random_curve,14.32,3.868837594985962,-0.04984978213906288,0.20999999344348907,0.1844349205493927,0.4475550353527069,-0.007540469989180565,0.03394512087106705,0.2735954225063324
5,random_curve,14.34,3.869687080383301,-0.0509033277630806,0.20999999344348907,0.18451929092407227,0.4475550353527069,0.01575777679681778,0.03259572386741638,0.27326011657714844
5,random_curve,14.36,3.8704874515533447,-0.052668314427137375,0.20999999344348907,0.1847057193517685,0.4475550353527069,-0.043646425008773804,0.030687781050801277,0.2812817096710205
5,random_curve,14.38,3.8714873790740967,-0.055259205400943756,0.20999999344348907,0.18446765840053558,0.4475550353527069,-0.022995401173830032,0.027986127883195877,0.26669827103614807
5,random_curve,14.4,3.872243642807007,-0.057733576744794846,0.20999999344348907,0.18442709743976593,0.4475550353527069,-0.04840937256813049,0.025518499314785004,0.2548190653324127
5,random_curve,14.42,3.872617244720459,-0.05919761210680008,0.20999999344348907,0.18385574221611023,0.4475550353527069,-0.009431595914065838,0.02410028502345085,0.27074435353279114
5,random_curve,14.44,3.873194932937622,-0.059676479548215866,0.20999999344348907,0.18341732025146484,0.4475550353527069,0.02794455923140049,0.02337845414876938,0.27918538451194763
5,random_curve,14.46,3.874185562133789,-0.06012365594506264,0.20999999344348907,0.18325483798980713,0.4475550353527069,0.02812272310256958,0.022448884323239326,0.3322964906692505
5,random_curve,14.48,3.874647855758667,-0.06066945567727089,0.20999999344348907,0.1832265406847,0.4475550353527069,-0.015489177778363228,0.0217372365295887,0.3590123951435089
5,random_curve,14.5,3.874447822570801,-0.061403919011354446,0.20999999344348907,0.183497816324234,0.4475550353527069,-0.039315588772296906,0.021245187148451805,0.36973944306373596
5,random_curve,14.52,3.874295711517334,-0.06220293417572975,0.20999999344348907,0.1838987171649933,0.4475550353527069,-0.017533646896481514,0.020672794431447983,0.3453889787197113
5,random_curve,14.540000000000001,3.8743033409118652,-0.06278116255998611,0.20999999344348907,0.1846393495798111,0.4475550353527069,-0.015060877427458763,0.02019190602004528,0.3134910464286804
5,random_curve,14.56,3.8742833137512207,-0.06301146000623703,0.20999999344348907,0.1857369989156723,0.4475550353527069,0.0003387902397662401,0.020013440400362015,0.28400659561157227
5,random_curve,14.58,3.8742077350616455,-0.06300384551286697,0.20999999344348907,0.1865612119436264,0.4475550353527069,-0.0016458481550216675,0.020062517374753952,0.2641585171222687
5,random_curve,14.6,3.87400484085083,-0.062394168227910995,0.20999999344348907,0.18678012490272522,0.4475550353527069,0.019842829555273056,0.020679909735918045,0.27777883410453796
5,random_curve,14.620000000000001,3.8740556240081787,-0.06087591499090195,0.20999999344348907,0.18588273227214813,0.4475550353527069,0.06128043308854103,0.02190246991813183,0.2941833734512329
5,random_curve,14.64,3.8744401931762695,-0.058820486068725586,0.20999999344348907,0.18472668528556824,0.4475550353527069,0.08205712586641312,0.023378733545541763,0.2879745662212372
5,random_curve,14.66,3.875424861907959,-0.057491518557071686,0.20999999344348907,0.1846867948770523,0.4475550353527069,0.07299230992794037,0.02391640841960907,0.30396854877471924
5,random_curve,14.68,3.87679386138916,-0.05681930482387543,0.20999999344348907,0.185531347990036,0.4475550353527069,0.07633289694786072,0.023695144802331924,0.3095434308052063
5,random_curve,14.700000000000001,3.8777427673339844,-0.05602406710386276,0.20999999344348907,0.18593592941761017,0.4475550353527069,0.04776095598936081,0.02381318248808384,0.3146330714225769
5,random_curve,14.72,3.8775110244750977,-0.05593772232532501,0.20999999344348907,0.18591095507144928,0.4475550353527069,-0.049172498285770416,0.02401558682322502,0.29469117522239685
5,random_curve,14.74,3.876821279525757,-0.056984513998031616,0.20999999344348907,0.18580572307109833,0.4475550353527069,-0.06583315879106522,0.023543454706668854,0.2963630259037018
5,random_curve,14.76,3.8764712810516357,-0.05808035284280777,0.20999999344348907,0.18445852398872375,0.4475550353527069,-0.02927502430975437,0.022838491946458817,0.28727325797080994
5,random_curve,14.780000000000001,3.8765344619750977,-0.059116050601005554,0.20999999344348907,0.1828208863735199,0.4475550353527069,-0.022765982896089554,0.021949104964733124,0.2889488637447357
5,random_curve,14.8,3.877401828765869,-0.059760935604572296,0.20999999344348907,0.18164393305778503,0.4475550353527069,0.04893726482987404,0.020926393568515778,0.27285799384117126
5,random_curve,14.82,3.8794751167297363,-0.05927224084734917,0.20999999344348907,0.1818467378616333,0.4475550353527069,0.1385851800441742,0.02015502192080021,0.25925639271736145
5,random_curve,14.84,3.881918430328369,-0.0581248477101326,0.20999999344348907,0.18384502828121185,0.4475550353527069,0.1247628703713417,0.019716985523700714,0.2793305516242981
5,random_curve,14.86,3.883925437927246,-0.05728047713637352,0.20999999344348907,0.18751396238803864,0.4475550353527069,0.08835373818874359,0.019276292994618416,0.2818344533443451
5,random_curve,14.88,3.884720802307129,-0.056657638400793076,0.20999999344348907,0.19068489968776703,0.4475550353527069,0.02307804860174656,0.019339194521307945,0.2866065204143524
5,random_curve,14.9,3.885535955429077,-0.05641385540366173,0.20999999344348907,0.19351209700107574,0.4475550353527069,0.05339594930410385,0.019078480079770088,0.2632797658443451
5,random_curve,14.92,3.8860607147216797,-0.05684536322951317,0.20999999344348907,0.19595672190189362,0.4475550353527069,-0.01645381562411785,0.018425654619932175,0.25478383898735046
5,random_curve,14.94,3.8854286670684814,-0.057157620787620544,0.20999999344348907,0.19719667732715607,0.4475550353527069,-0.04824994504451752,0.018526239320635796,0.2785438299179077
5,random_curve,14.96,3.8840105533599854,-0.057652056217193604,0.20999999344348907,0.19685320556163788,0.4475550353527069,-0.08882076293230057,0.01892183907330036,0.25498655438423157
5,random_curve,14.98,3.881640672683716,-0.05831228196620941,0.20999999344348907,0.19451001286506653,0.4475550353527069,-0.13684342801570892,0.01971980556845665,0.26802095770835876
5,random_curve,15.0,3.879457473754883,-0.05913647264242172,0.20999999344348907,0.1914205551147461,0.4475550353527069,-0.09151289612054825,0.020276911556720734,0.26044052839279175
5,random_curve,15.02,3.877495765686035,-0.059772759675979614,0.20999999344348907,0.18788376450538635,0.4475550353527069,-0.10564924031496048,0.020863449200987816,0.2830584943294525
5,random_curve,15.040000000000001,3.875528335571289,-0.060020118951797485,0.20999999344348907,0.18372881412506104,0.4475550353527069,-0.06317277997732162,0.021773776039481163,0.307367742061615
5,random_curve,15.06,3.873969793319702,-0.05984197556972504,0.20999999344348907,0.1801641583442688,0.4475550353527069,-0.059161487966775894,0.022803233936429024,0.3117418587207794
5,random_curve,15.08,3.8727147579193115,-0.05880092829465866,0.20999999344348907,0.17874491214752197,0.4475550353527069,0.011520624160766602,0.024372002109885216,0.3237481415271759
5,random_curve,15.1,3.871849775314331,-0.0569680891931057,0.20999999344348907,0.17913685739040375,0.4475550353527069,0.023740040138363838,0.026372458785772324,0.31769269704818726
5,random_curve,15.120000000000001,3.871406078338623,-0.054513316601514816,0.20999999344348907,0.18049606680870056,0.4475550353527069,0.07123946398496628,0.02864691987633705,0.31832578778266907
5,random_curve,15.14,3.871978759765625,-0.051244210451841354,0.20999999344348907,0.18293923139572144,0.4475550353527069,0.15008722245693207,0.031016947701573372,0.3125440776348114
5,random_curve,15.16,3.872946262359619,-0.04740969091653824,0.20999999344348907,0.18551906943321228,0.4475550353527069,0.14390037953853607,0.03362938016653061,0.3123853802680969
5,random_curve,15.18,3.8737974166870117,-0.04364299401640892,0.20999999344348907,0.18789073824882507,0.4475550353527069,0.1362474262714386,0.03625180944800377,0.30203181505203247
5,random_curve,15.200000000000001,3.8749425411224365,-0.04052642360329628,0.20999999344348907,0.19047735631465912,0.4475550353527069,0.13159604370594025,0.038171932101249695,0.27868103981018066
5,random_curve,15.22,3.8760197162628174,-0.03835625201463699,0.20999999344348907,0.19234131276607513,0.4475550353527069,0.0882049947977066,0.03935052827000618,0.27063485980033875
5,random_curve,15.24,3.8766989707946777,-0.03671211376786232,0.20999999344348907,0.19324539601802826,0.4475550353527069,0.05962889641523361,0.040320925414562225,0.27552762627601624
5,random_curve,15.26,3.8768720626831055,-0.03597070649266243,0.20999999344348907,0.19265353679656982,0.4475550353527069,0.01002933643758297,0.04083395376801491,0.31524693965911865
5,random_curve,15.280000000000001,3.8766398429870605,-0.03607647866010666,0.20999999344348907,0.19047151505947113,0.4475550353527069,-0.03353920206427574,0.0408782921731472,0.3513999283313751
5,random_curve,15.3,3.8753838539123535,-0.03725878894329071,0.20999999344348907,0.18741342425346375,0.4475550353527069,-0.12364491075277328,0.04061514139175415,0.3717040717601776
5,random_curve,15.32,3.8736116886138916,-0.040286578238010406,0.20999999344348907,0.18443402647972107,0.4475550353527069,-0.184228777885437,0.0391232967376709,0.41458046436309814
5,random_curve,15.34,3.8724451065063477,-0.04402486979961395,0.20999999344348907,0.18193680047988892,0.4475550353527069,-0.12455438822507858,0.03670291602611542,0.4652794301509857
5,random_curve,15.36,3.8721790313720703,-0.04742828384041786,0.20999999344348907,0.18091219663619995,0.4475550353527069,-0.08964668959379196,0.03404855728149414,0.46076953411102295
5,random_curve,15.38,3.872600793838501,-0.05046292766928673,0.20999999344348907,0.18268504738807678,0.4475550353527069,-0.05129249393939972,0.03130859509110451,0.4402584433555603
5,random_curve,15.4,3.874055862426758,-0.0526018962264061,0.20999999344348907,0.18711866438388824,0.4475550353527069,0.038740191608667374,0.028721656650304794,0.4046861231327057
5,random_curve,15.42,3.8765976428985596,-0.05413098260760307,0.20999999344348907,0.19257734715938568,0.4475550353527069,0.07679037004709244,0.026021942496299744,0.35266050696372986
5,random_curve,15.44,3.878831148147583,-0.05463997647166252,0.20999999344348907,0.19780093431472778,0.4475550353527069,0.07472718507051468,0.024337556213140488,0.29686176776885986
5,random_curve,15.46,3.880178689956665,-0.053876880556344986,0.20999999344348907,0.20188093185424805,0.4475550353527069,0.08782359957695007,0.02420334704220295,0.25481829047203064
5,random_curve,15.48,3.881025552749634,-0.052130769938230515,0.20999999344348907,0.204919695854187,0.4475550353527069,0.08188463747501373,0.025162868201732635,0.22957754135131836
5,random_curve,15.5,3.8814992904663086,-0.05018473044037819,0.20999999344348907,0.206599161028862,0.4475550353527069,0.06257851421833038,0.026498477905988693,0.1949719935655594
5,random_curve,15.52,3.8817310333251953,-0.04820362851023674,0.20999999344348907,0.20603816211223602,0.4475550353527069,0.06599214673042297,0.028000030666589737,0.18343080580234528
5,random_curve,15.540000000000001,3.881427526473999,-0.04640088975429535,0.20999999344348907,0.20404621958732605,0.4475550353527069,0.014118656516075134,0.029657702893018723,0.1887545883655548
5,random_curve,15.56,3.880573272705078,-0.04518596827983856,0.20999999344348907,0.201374351978302,0.4475550353527069,-0.012626005336642265,0.03114280477166176,0.20981332659721375
5,random_curve,15.58,3.8797619342803955,-0.04424178600311279,0.20999999344348907,0.19730614125728607,0.4475550353527069,-0.004185426980257034,0.03238046169281006,0.247256800532341
5,random_curve,15.6,3.87906813621521,-0.04385916516184807,0.20999999344348907,0.19186493754386902,0.4475550353527069,-0.02890332043170929,0.03308872506022453,0.2942736744880676
5,random_curve,15.620000000000001,3.878671646118164,-0.04324169084429741,0.20999999344348907,0.18707847595214844,0.4475550353527069,0.0298813134431839,0.033822182565927505,0.32325729727745056
5,random_curve,15.64,3.879014492034912,-0.042360562831163406,0.20999999344348907,0.18372662365436554,0.4475550353527069,0.04766120761632919,0.034354232251644135,0.33947330713272095
5,random_curve,15.66,3.8802647590637207,-0.041350748389959335,0.20999999344348907,0.18180328607559204,0.4475550353527069,0.10654210299253464,0.034478455781936646,0.35978439450263977
