trace_env,route_kind,time_s,x_m,y_m,target_height_m,actual_height_m,requested_speed_mps,tangent_speed_mps,cross_track_m,residual_rms
0,straight,0.0,0.0,0.0,0.1704999953508377,0.3499999940395355,0.34855663776397705,0.0,0.0,0.0
0,straight,0.02,-0.00038796011358499527,7.990645826794207e-05,0.1704999953508377,0.3446546196937561,0.34855663776397705,-0.026422524824738503,7.990645826794207e-05,0.26504990458488464
0,straight,0.04,-0.00025809090584516525,-0.0002776741166599095,0.1704999953508377,0.33514031767845154,0.34855663776397705,0.026662971824407578,-0.0002776741166599095,0.31826338171958923
0,straight,0.06,0.0003583598881959915,-0.0005922793643549085,0.1704999953508377,0.32325077056884766,0.34855663776397705,0.02605258673429489,-0.0005922793643549085,0.33047592639923096
0,straight,0.08,0.00047690700739622116,-0.0004698162083514035,0.1704999953508377,0.3086773753166199,0.34855663776397705,-0.004706394858658314,-0.0004698162083514035,0.31029996275901794
0,straight,0.1,0.00030949153006076813,-0.0003751230542548001,0.1704999953508377,0.29052990674972534,0.34855663776397705,-0.009760911576449871,-0.0003751230542548001,0.30854910612106323
0,straight,0.12,0.0006783148273825645,-0.0008260534377768636,0.1704999953508377,0.268368124961853,0.34855663776397705,0.026720261201262474,-0.0008260534377768636,0.3068326711654663
0,straight,0.14,0.0004933588206768036,-0.0007286379113793373,0.1704999953508377,0.24197956919670105,0.34855663776397705,-0.02179832197725773,-0.0007286379113793373,0.33469030261039734
0,straight,0.16,0.0001101866364479065,-0.0002133150410372764,0.1704999953508377,0.21192961931228638,0.34855663776397705,-0.018747147172689438,-0.0002133150410372764,0.3379291594028473
0,straight,0.18,-0.0007623163983225822,0.0003837851108983159,0.1704999953508377,0.18066085875034332,0.34855663776397705,-0.059720173478126526,0.0003837851108983159,0.36973729729652405
0,straight,0.2,-0.0015375204384326935,0.0010095356265082955,0.1704999953508377,0.1563199758529663,0.34855663776397705,-0.02090333215892315,0.0010095356265082955,0.42636457085609436
0,straight,0.22,-0.001566651277244091,0.002764038508757949,0.1704999953508377,0.1407889723777771,0.34855663776397705,0.015172172337770462,0.002764038508757949,0.4941946566104889
0,straight,0.24,-0.001395280472934246,0.005217280238866806,0.1704999953508377,0.1332862824201584,0.34855663776397705,0.008432130329310894,0.005217280238866806,0.5558359026908875
0,straight,0.26,-0.0002941945567727089,0.007417964283376932,0.1704999953508377,0.13285762071609497,0.34855663776397705,0.08145228028297424,0.007417964283376932,0.5662094950675964
0,straight,0.28,0.0028675077483057976,0.008547773584723473,0.1704999953508377,0.13881003856658936,0.34855663776397705,0.22456085681915283,0.008547773584723473,0.5778836607933044
0,straight,0.3,0.00865168683230877,0.008451816625893116,0.1704999953508377,0.1490180492401123,0.34855663776397705,0.3487314283847809,0.008451816625893116,0.5760653018951416
0,straight,0.32,0.016880225390195847,0.0074432180263102055,0.1704999953508377,0.16194719076156616,0.34855663776397705,0.4612705111503601,0.0074432180263102055,0.5603793263435364
0,straight,0.34,0.027788233011960983,0.005428500473499298,0.1704999953508377,0.17577087879180908,0.34855663776397705,0.6070812940597534,0.005428500473499298,0.5289350152015686
0,straight,0.36,0.04083612561225891,0.0028466011863201857,0.1704999953508377,0.18882814049720764,0.34855663776397705,0.6775304675102234,0.0028466011863201857,0.501783013343811
0,straight,0.38,0.054320093244314194,7.5303250923752785e-06,0.1704999953508377,0.19899369776248932,0.34855663776397705,0.6667807698249817,7.5303250923752785e-06,0.46586164832115173
0,straight,0.4,0.06743206083774567,-0.002959887031465769,0.1704999953508377,0.20504018664360046,0.34855663776397705,0.6498398780822754,-0.002959887031465769,0.41349098086357117
0,straight,0.42,0.0806519165635109,-0.006030099466443062,0.1704999953508377,0.20648784935474396,0.34855663776397705,0.6650166511535645,-0.006030099466443062,0.3896457254886627
0,straight,0.44,0.09391368180513382,-0.009163936600089073,0.1704999953508377,0.20431339740753174,0.34855663776397705,0.6624857187271118,-0.009163936600089073,0.3952096700668335
0,straight,0.46,0.10686522722244263,-0.012552294880151749,0.1704999953508377,0.19849897921085358,0.34855663776397705,0.6414531469345093,-0.012552294880151749,0.3995163142681122
0,straight,0.48,0.11919712275266647,-0.014779173769056797,0.1704999953508377,0.1898672878742218,0.34855663776397705,0.6010429263114929,-0.014779173769056797,0.42762431502342224
0,straight,0.5,0.13121485710144043,-0.016399726271629333,0.1704999953508377,0.17962291836738586,0.34855663776397705,0.6048375964164734,-0.016399726271629333,0.42327237129211426
0,straight,0.52,0.14319273829460144,-0.01658094860613346,0.1704999953508377,0.16839586198329926,0.34855663776397705,0.6017085313796997,-0.01658094860613346,0.4315136969089508
0,straight,0.54,0.15409666299819946,-0.013396797701716423,0.1704999953508377,0.161228209733963,0.34855663776397705,0.4368290901184082,-0.013396797701716423,0.4238376319408417
0,straight,0.56,0.16191670298576355,-0.006476319395005703,0.1704999953508377,0.16168753802776337,0.34855663776397705,0.3716188967227936,-0.006476319395005703,0.45456066727638245
0,straight,0.58,0.16919301450252533,-0.0007083555683493614,0.1704999953508377,0.16307277977466583,0.34855663776397705,0.35168319940567017,-0.0007083555683493614,0.42199090123176575
0,straight,0.6,0.17624437808990479,0.0027739109937101603,0.1704999953508377,0.16516338288784027,0.34855663776397705,0.3584037125110626,0.0027739109937101603,0.3803706169128418
0,straight,0.62,0.1824139505624771,0.003745022928342223,0.1704999953508377,0.16778512299060822,0.34855663776397705,0.2903406620025635,0.003745022928342223,0.3451928198337555
0,straight,0.64,0.18828901648521423,0.0018647875403985381,0.1704999953508377,0.1707761436700821,0.34855663776397705,0.30189040303230286,0.0018647875403985381,0.30738115310668945
0,straight,0.66,0.19482658803462982,-0.0014811796136200428,0.1704999953508377,0.17516577243804932,0.34855663776397705,0.3663633167743683,-0.0014811796136200428,0.33478617668151855
0,straight,0.68,0.20227055251598358,-0.004975094459950924,0.1704999953508377,0.17867200076580048,0.34855663776397705,0.3717815577983856,-0.004975094459950924,0.4010727107524872
0,straight,0.7000000000000001,0.20928426086902618,-0.007371664047241211,0.1704999953508377,0.18007534742355347,0.34855663776397705,0.3343864381313324,-0.007371664047241211,0.4022051990032196
0,straight,0.72,0.2151215374469757,-0.008471917361021042,0.1704999953508377,0.18034961819648743,0.34855663776397705,0.27438220381736755,-0.008471917361021042,0.40806880593299866
0,straight,0.74,0.22049058973789215,-0.008776403963565826,0.1704999953508377,0.18053659796714783,0.34855663776397705,0.29086318612098694,-0.008776403963565826,0.4091189205646515
0,straight,0.76,0.22660154104232788,-0.008622059598565102,0.1704999953508377,0.18138782680034637,0.34855663776397705,0.3223266899585724,-0.008622059598565102,0.44205188751220703
0,straight,0.78,0.23302683234214783,-0.00731493066996336,0.1704999953508377,0.1828414499759674,0.34855663776397705,0.3252944052219391,-0.00731493066996336,0.4469988942146301
0,straight,0.8,0.23982200026512146,-0.004939819220453501,0.1704999953508377,0.18472573161125183,0.34855663776397705,0.3511500954627991,-0.004939819220453501,0.44130659103393555
0,straight,0.8200000000000001,0.2477085292339325,-0.0025304355658590794,0.1704999953508377,0.18607231974601746,0.34855663776397705,0.42202046513557434,-0.0025304355658590794,0.422276109457016
0,straight,0.84,0.2564760744571686,-0.0009751105681061745,0.1704999953508377,0.1847892552614212,0.34855663776397705,0.4478929936885834,-0.0009751105681061745,0.385996550321579
0,straight,0.86,0.26558759808540344,-0.00023841671645641327,0.1704999953508377,0.18038614094257355,0.34855663776397705,0.45890724658966064,-0.00023841671645641327,0.3541059195995331
0,straight,0.88,0.27426230907440186,-0.001169733703136444,0.1704999953508377,0.1744123101234436,0.34855663776397705,0.42593324184417725,-0.001169733703136444,0.31822454929351807
0,straight,0.9,0.28223949670791626,-0.003307532984763384,0.1704999953508377,0.16854792833328247,0.34855663776397705,0.41254952549934387,-0.003307532984763384,0.3069499433040619
0,straight,0.92,0.2908533215522766,-0.006471053697168827,0.1704999953508377,0.163133442401886,0.34855663776397705,0.47139835357666016,-0.006471053697168827,0.3188878297805786
0,straight,0.9400000000000001,0.3008311986923218,-0.010022403672337532,0.1704999953508377,0.15797215700149536,0.34855663776397705,0.523927628993988,-0.010022403672337532,0.33714941143989563
0,straight,0.96,0.3110256493091583,-0.013308962807059288,0.1704999953508377,0.1536683440208435,0.34855663776397705,0.516884446144104,-0.013308962807059288,0.3897535502910614
0,straight,0.98,0.3201453983783722,-0.015852121636271477,0.1704999953508377,0.15189005434513092,0.34855663776397705,0.4215964376926422,-0.015852121636271477,0.4182738661766052
0,straight,1.0,0.32791054248809814,-0.017776241526007652,0.1704999953508377,0.152669295668602,0.34855663776397705,0.36228272318840027,-0.017776241526007652,0.41581419110298157
0,straight,1.02,0.33416134119033813,-0.018881604075431824,0.1704999953508377,0.1548651158809662,0.34855663776397705,0.27203369140625,-0.018881604075431824,0.40638795495033264
0,straight,1.04,0.3380274772644043,-0.01910398341715336,0.1704999953508377,0.15797944366931915,0.34855663776397705,0.13791754841804504,-0.01910398341715336,0.4037438929080963
0,straight,1.06,0.33990606665611267,-0.019769445061683655,0.1704999953508377,0.16084696352481842,0.34855663776397705,0.06462614983320236,-0.019769445061683655,0.4175545573234558
0,straight,1.08,0.34021270275115967,-0.01982063055038452,0.1704999953508377,0.16398142278194427,0.34855663776397705,-0.030918780714273453,-0.01982063055038452,0.4014746844768524
0,straight,1.1,0.3387359082698822,-0.019054874777793884,0.1704999953508377,0.16667281091213226,0.34855663776397705,-0.10386614501476288,-0.019054874777793884,0.4025709629058838
0,straight,1.12,0.3363942801952362,-0.018445760011672974,0.1704999953508377,0.1679605096578598,0.34855663776397705,-0.11805953830480576,-0.018445760011672974,0.39999836683273315
0,straight,1.1400000000000001,0.3341856002807617,-0.01870480552315712,0.1704999953508377,0.16748541593551636,0.34855663776397705,-0.09411663562059402,-0.01870480552315712,0.3989005982875824
0,straight,1.16,0.3324872553348541,-0.019905008375644684,0.1704999953508377,0.16553214192390442,0.34855663776397705,-0.07153524458408356,-0.019905008375644684,0.38477909564971924
0,straight,1.18,0.33107730746269226,-0.022122634574770927,0.1704999953508377,0.16274262964725494,0.34855663776397705,-0.0769045501947403,-0.022122634574770927,0.37541621923446655
0,straight,1.2,0.3287598192691803,-0.02383865974843502,0.1704999953508377,0.16013571619987488,0.34855663776397705,-0.134292334318161,-0.02383865974843502,0.3573758602142334
0,straight,1.22,0.3258446753025055,-0.024608787149190903,0.1704999953508377,0.15791122615337372,0.34855663776397705,-0.15451548993587494,-0.024608787149190903,0.35895678400993347
0,straight,1.24,0.3216506540775299,-0.024608993902802467,0.1704999953508377,0.15623679757118225,0.34855663776397705,-0.24987269937992096,-0.024608993902802467,0.35172194242477417
0,straight,1.26,0.3167566955089569,-0.025041650980710983,0.1704999953508377,0.15476204454898834,0.34855663776397705,-0.24620619416236877,-0.025041650980710983,0.35981494188308716
0,straight,1.28,0.3121867775917053,-0.02615707367658615,0.1704999953508377,0.1530650407075882,0.34855663776397705,-0.2175273299217224,-0.02615707367658615,0.3495785892009735
0,straight,1.3,0.30840879678726196,-0.02806387096643448,0.1704999953508377,0.15216851234436035,0.34855663776397705,-0.1612568199634552,-0.02806387096643448,0.36782726645469666
0,straight,1.32,0.30513983964920044,-0.030348770320415497,0.1704999953508377,0.15247350931167603,0.34855663776397705,-0.1577228158712387,-0.030348770320415497,0.3805326819419861
0,straight,1.34,0.30164000391960144,-0.03262577950954437,0.1704999953508377,0.15366138517856598,0.34855663776397705,-0.19515874981880188,-0.03262577950954437,0.40302836894989014
0,straight,1.36,0.29860690236091614,-0.03434194251894951,0.1704999953508377,0.15485499799251556,0.34855663776397705,-0.11301347613334656,-0.03434194251894951,0.3943762183189392
0,straight,1.3800000000000001,0.2966538667678833,-0.034484848380088806,0.1704999953508377,0.1565137803554535,0.34855663776397705,-0.08148524910211563,-0.034484848380088806,0.4174172282218933
0,straight,1.4000000000000001,0.2956741750240326,-0.03327465057373047,0.1704999953508377,0.15919125080108643,0.34855663776397705,-0.02193189412355423,-0.03327465057373047,0.4197348952293396
0,straight,1.42,0.295716255903244,-0.030893433839082718,0.1704999953508377,0.1614556610584259,0.34855663776397705,0.02443942427635193,-0.030893433839082718,0.4310792088508606
0,straight,1.44,0.29714059829711914,-0.027260342612862587,0.1704999953508377,0.16243313252925873,0.34855663776397705,0.09338045865297318,-0.027260342612862587,0.42759066820144653
0,straight,1.46,0.29942160844802856,-0.022859664633870125,0.1704999953508377,0.162093386054039,0.34855663776397705,0.11628195643424988,-0.022859664633870125,0.43849244713783264
0,straight,1.48,0.30195653438568115,-0.017985450103878975,0.1704999953508377,0.16068021953105927,0.34855663776397705,0.13481968641281128,-0.017985450103878975,0.4355071783065796
0,straight,1.5,0.30481669306755066,-0.012837614864110947,0.1704999953508377,0.15879179537296295,0.34855663776397705,0.144147589802742,-0.012837614864110947,0.42135804891586304
0,straight,1.52,0.3080660104751587,-0.007612517103552818,0.1704999953508377,0.1569260060787201,0.34855663776397705,0.1750061959028244,-0.007612517103552818,0.3849719762802124
0,straight,1.54,0.3121754229068756,-0.0027815084904432297,0.1704999953508377,0.15458722412586212,0.34855663776397705,0.2293459177017212,-0.0027815084904432297,0.36322787404060364
0,straight,1.56,0.3171270489692688,0.0013794389087706804,0.1704999953508377,0.15232379734516144,0.34855663776397705,0.2581275701522827,0.0013794389087706804,0.34373223781585693
0,straight,1.58,0.32259202003479004,0.0047307088971138,0.1704999953508377,0.15083086490631104,0.34855663776397705,0.2776552140712738,0.0047307088971138,0.31579288840293884
0,straight,1.6,0.32806769013404846,0.007014101836830378,0.1704999953508377,0.14994625747203827,0.34855663776397705,0.2574964761734009,0.007014101836830378,0.3021758496761322
0,straight,1.62,0.3335385322570801,0.008502152748405933,0.1704999953508377,0.14947359263896942,0.34855663776397705,0.2730965316295624,0.008502152748405933,0.3228825032711029
0,straight,1.6400000000000001,0.33898234367370605,0.009362947195768356,0.1704999953508377,0.1495237499475479,0.34855663776397705,0.25634217262268066,0.009362947195768356,0.32428795099258423
0,straight,1.6600000000000001,0.3435499966144562,0.009846918284893036,0.1704999953508377,0.1499098539352417,0.34855663776397705,0.19751843810081482,0.009846918284893036,0.35056301951408386
0,straight,1.68,0.3471682071685791,0.009686235338449478,0.1704999953508377,0.15048225224018097,0.34855663776397705,0.15625154972076416,0.009686235338449478,0.3267022371292114
0,straight,1.7,0.35025614500045776,0.008630066178739071,0.1704999953508377,0.15073202550411224,0.34855663776397705,0.13901221752166748,0.008630066178739071,0.31410589814186096
0,straight,1.72,0.3526482880115509,0.007045610807836056,0.1704999953508377,0.15028253197669983,0.34855663776397705,0.09217653423547745,0.007045610807836056,0.2957005500793457
0,straight,1.74,0.3539160192012787,0.005058445036411285,0.1704999953508377,0.1494404673576355,0.34855663776397705,0.031534839421510696,0.005058445036411285,0.2810651361942291
0,straight,1.76,0.35390493273735046,0.0027783357072621584,0.1704999953508377,0.14803257584571838,0.34855663776397705,-0.028267111629247665,0.0027783357072621584,0.2508930265903473
0,straight,1.78,0.35279059410095215,0.00017761299386620522,0.1704999953508377,0.14609862864017487,0.34855663776397705,-0.08189672231674194,0.00017761299386620522,0.24281920492649078
0,straight,1.8,0.3508375883102417,-0.002587346825748682,0.1704999953508377,0.14413665235042572,0.34855663776397705,-0.11079084873199463,-0.002587346825748682,0.23507626354694366
0,straight,1.82,0.34811997413635254,-0.0051398687064647675,0.1704999953508377,0.14220885932445526,0.34855663776397705,-0.15653440356254578,-0.0051398687064647675,0.22705887258052826
0,straight,1.84,0.34465205669403076,-0.007450253702700138,0.1704999953508377,0.1407085359096527,0.34855663776397705,-0.19117744266986847,-0.007450253702700138,0.21865028142929077
0,straight,1.86,0.3408869206905365,-0.009891090914607048,0.1704999953508377,0.14064432680606842,0.34855663776397705,-0.18212074041366577,-0.009891090914607048,0.22983114421367645
0,straight,1.8800000000000001,0.3375685214996338,-0.012425534427165985,0.1704999953508377,0.14175274968147278,0.34855663776397705,-0.15111900866031647,-0.012425534427165985,0.22550949454307556
0,straight,1.9000000000000001,0.3352792263031006,-0.015246138907968998,0.1704999953508377,0.14336344599723816,0.34855663776397705,-0.08293875306844711,-0.015246138907968998,0.22421196103096008
0,straight,1.92,0.33378535509109497,-0.017816249281167984,0.1704999953508377,0.14495062828063965,0.34855663776397705,-0.06950292736291885,-0.017816249281167984,0.22520706057548523
0,straight,1.94,0.332717627286911,-0.02031014673411846,0.1704999953508377,0.14681312441825867,0.34855663776397705,-0.04166487231850624,-0.02031014673411846,0.22703956067562103
0,straight,1.96,0.3322746157646179,-0.0227576345205307,0.1704999953508377,0.14905518293380737,0.34855663776397705,-0.00615522637963295,-0.0227576345205307,0.22579646110534668
0,straight,1.98,0.33231621980667114,-0.024624023586511612,0.1704999953508377,0.15152151882648468,0.34855663776397705,0.005233466159552336,-0.024624023586511612,0.22564242780208588
0,straight,2.0,0.33318081498146057,-0.02593068778514862,0.1704999953508377,0.1538659781217575,0.34855663776397705,0.07233569025993347,-0.02593068778514862,0.23219427466392517
0,straight,2.02,0.33562105894088745,-0.027399439364671707,0.1704999953508377,0.15564677119255066,0.34855663776397705,0.15530893206596375,-0.027399439364671707,0.23839110136032104
0,straight,2.04,0.33884868025779724,-0.029058312997221947,0.1704999953508377,0.15648846328258514,0.34855663776397705,0.16413557529449463,-0.029058312997221947,0.24822290241718292
0,straight,2.06,0.3424016833305359,-0.03087809309363365,0.1704999953508377,0.15625838935375214,0.34855663776397705,0.18691539764404297,-0.03087809309363365,0.2538369596004486
0,straight,2.08,0.3461354374885559,-0.03217557817697525,0.1704999953508377,0.1553083211183548,0.34855663776397705,0.18102988600730896,-0.03217557817697525,0.27191632986068726
0,straight,2.1,0.3500317633152008,-0.03344852477312088,0.1704999953508377,0.1540507972240448,0.34855663776397705,0.1980530470609665,-0.03344852477312088,0.27689921855926514
0,straight,2.12,0.35436972975730896,-0.034676264971494675,0.1704999953508377,0.1523890197277069,0.34855663776397705,0.22900618612766266,-0.034676264971494675,0.28985705971717834
0,straight,2.14,0.3586260974407196,-0.035157591104507446,0.1704999953508377,0.15062877535820007,0.34855663776397705,0.20199604332447052,-0.035157591104507446,0.29561007022857666
0,straight,2.16,0.3622549772262573,-0.03494976460933685,0.1704999953508377,0.1492719054222107,0.34855663776397705,0.16404862701892853,-0.03494976460933685,0.28988924622535706
0,straight,2.18,0.3656720221042633,-0.034747183322906494,0.1704999953508377,0.14851202070713043,0.34855663776397705,0.17645463347434998,-0.034747183322906494,0.29532110691070557
0,straight,2.2,0.36901071667671204,-0.03425757214426994,0.1704999953508377,0.14833280444145203,0.34855663776397705,0.1611417979001999,-0.03425757214426994,0.30039381980895996
0,straight,2.22,0.3724501132965088,-0.033293869346380234,0.1704999953508377,0.1485278159379959,0.34855663776397705,0.18336434662342072,-0.033293869346380234,0.30592358112335205
0,straight,2.24,0.3755216896533966,-0.03154250234365463,0.1704999953508377,0.14915965497493744,0.34855663776397705,0.13298359513282776,-0.03154250234365463,0.314367413520813
0,straight,2.2600000000000002,0.3783820867538452,-0.029446091502904892,0.1704999953508377,0.15036876499652863,0.34855663776397705,0.15653987228870392,-0.029446091502904892,0.32594460248947144
0,straight,2.2800000000000002,0.3810408115386963,-0.027306243777275085,0.1704999953508377,0.1517583578824997,0.34855663776397705,0.12251093238592148,-0.027306243777275085,0.3392046391963959
0,straight,2.3000000000000003,0.3830505907535553,-0.025169048458337784,0.1704999953508377,0.1528163105249405,0.34855663776397705,0.0991876870393753,-0.025169048458337784,0.35822057723999023
0,straight,2.32,0.3846583366394043,-0.0236669834703207,0.1704999953508377,0.1530311107635498,0.34855663776397705,0.08121320605278015,-0.0236669834703207,0.35905733704566956
0,straight,2.34,0.38620105385780334,-0.022848190739750862,0.1704999953508377,0.15281778573989868,0.34855663776397705,0.08864810317754745,-0.022848190739750862,0.36388933658599854
0,straight,2.36,0.38800153136253357,-0.022530078887939453,0.1704999953508377,0.15247859060764313,0.34855663776397705,0.106415756046772,-0.022530078887939453,0.36829882860183716
0,straight,2.38,0.38976725935935974,-0.02254752814769745,0.1704999953508377,0.15229099988937378,0.34855663776397705,0.09467370808124542,-0.02254752814769745,0.3746100664138794
0,straight,2.4,0.39132577180862427,-0.022780686616897583,0.1704999953508377,0.15215107798576355,0.34855663776397705,0.07813097536563873,-0.022780686616897583,0.37820371985435486
0,straight,2.42,0.3925718069076538,-0.022900935262441635,0.1704999953508377,0.15289324522018433,0.34855663776397705,0.05640126019716263,-0.022900935262441635,0.40545961260795593
0,straight,2.44,0.39375248551368713,-0.02257787063717842,0.1704999953508377,0.15389063954353333,0.34855663776397705,0.06172642111778259,-0.02257787063717842,0.4070515036582947
0,straight,2.46,0.39504140615463257,-0.02143004722893238,0.1704999953508377,0.15410330891609192,0.34855663776397705,0.06646092236042023,-0.02143004722893238,0.40209105610847473
0,straight,2.48,0.3960302770137787,-0.019901013001799583,0.1704999953508377,0.15379683673381805,0.34855663776397705,0.04569736868143082,-0.019901013001799583,0.40990206599235535
0,straight,2.5,0.39697521924972534,-0.01840920001268387,0.1704999953508377,0.15341156721115112,0.34855663776397705,0.06371420621871948,-0.01840920001268387,0.37696483731269836
0,straight,2.52,0.398486465215683,-0.016536634415388107,0.1704999953508377,0.15318134427070618,0.34855663776397705,0.09261107444763184,-0.016536634415388107,0.37859907746315
0,straight,2.54,0.4006946384906769,-0.014343390241265297,0.1704999953508377,0.15325625240802765,0.34855663776397705,0.12256205081939697,-0.014343390241265297,0.36133381724357605
0,straight,2.56,0.4035313129425049,-0.011755449697375298,0.1704999953508377,0.15345780551433563,0.34855663776397705,0.15082654356956482,-0.011755449697375298,0.3332257866859436
0,straight,2.58,0.4069634675979614,-0.009144511073827744,0.1704999953508377,0.1536286175251007,0.34855663776397705,0.17449530959129333,-0.009144511073827744,0.3228652775287628
0,straight,2.6,0.4106702208518982,-0.006942143663764,0.1704999953508377,0.15398357808589935,0.34855663776397705,0.18157851696014404,-0.006942143663764,0.31439828872680664
0,straight,2.62,0.4141770601272583,-0.005203675478696823,0.1704999953508377,0.15439698100090027,0.34855663776397705,0.15370619297027588,-0.005203675478696823,0.3078274130821228
0,straight,2.64,0.416897714138031,-0.004220157861709595,0.1704999953508377,0.1548236906528473,0.34855663776397705,0.10685528814792633,-0.004220157861709595,0.30767548084259033
0,straight,2.66,0.4188773036003113,-0.004392261616885662,0.1704999953508377,0.1552177220582962,0.34855663776397705,0.07831881940364838,-0.004392261616885662,0.30717140436172485
0,straight,2.68,0.42033281922340393,-0.005520569626241922,0.1704999953508377,0.15561921894550323,0.34855663776397705,0.05550263449549675,-0.005520569626241922,0.30055901408195496
0,straight,2.7,0.42126211524009705,-0.006744879297912121,0.1704999953508377,0.15577523410320282,0.34855663776397705,0.02885000966489315,-0.006744879297912121,0.3120311498641968
0,straight,2.72,0.4213453531265259,-0.008076515980064869,0.1704999953508377,0.1557171642780304,0.34855663776397705,-0.023250628262758255,-0.008076515980064869,0.2965916693210602
0,straight,2.74,0.420820415019989,-0.009743021801114082,0.1704999953508377,0.15551383793354034,0.34855663776397705,-0.03388630226254463,-0.009743021801114082,0.28564417362213135
0,straight,2.7600000000000002,0.4199954867362976,-0.011927067302167416,0.1704999953508377,0.1549782156944275,0.34855663776397705,-0.05237350985407829,-0.011927067302167416,0.26867157220840454
0,straight,2.7800000000000002,0.41881683468818665,-0.014385281130671501,0.1704999953508377,0.15392953157424927,0.34855663776397705,-0.06904798001050949,-0.014385281130671501,0.26375657320022583
0,straight,2.8000000000000003,0.41744670271873474,-0.016765767708420753,0.1704999953508377,0.1524820625782013,0.34855663776397705,-0.06265027821063995,-0.016765767708420753,0.2504134774208069
0,straight,2.82,0.416032999753952,-0.018949709832668304,0.1704999953508377,0.15127067267894745,0.34855663776397705,-0.08719943463802338,-0.018949709832668304,0.25063756108283997
0,straight,2.84,0.41444265842437744,-0.020882287994027138,0.1704999953508377,0.15056009590625763,0.34855663776397705,-0.07898576557636261,-0.020882287994027138,0.2301589697599411
0,straight,2.86,0.41326308250427246,-0.02280043065547943,0.1704999953508377,0.15006209909915924,0.34855663776397705,-0.046297747641801834,-0.02280043065547943,0.24026253819465637
0,straight,2.88,0.41218191385269165,-0.023977134376764297,0.1704999953508377,0.1499297171831131,0.34855663776397705,-0.06072885915637016,-0.023977134376764297,0.23509685695171356
0,straight,2.9,0.4110673666000366,-0.02417954057455063,0.1704999953508377,0.1504475623369217,0.34855663776397705,-0.0619947612285614,-0.02417954057455063,0.2422010898590088
0,straight,2.92,0.4105343818664551,-0.024440035223960876,0.1704999953508377,0.15084706246852875,0.34855663776397705,-0.004161564167588949,-0.024440035223960876,0.24673140048980713
0,straight,2.94,0.41100457310676575,-0.024754056707024574,0.1704999953508377,0.15121793746948242,0.34855663776397705,0.044223278760910034,-0.024754056707024574,0.22177039086818695
0,straight,2.96,0.41194188594818115,-0.02471860684454441,0.1704999953508377,0.15130341053009033,0.34855663776397705,0.04564778879284859,-0.02471860684454441,0.22308030724525452
0,straight,2.98,0.4132438898086548,-0.024505726993083954,0.1704999953508377,0.1510799080133438,0.34855663776397705,0.07748688012361526,-0.024505726993083954,0.23048536479473114
0,straight,3.0,0.41496485471725464,-0.02377726510167122,0.1704999953508377,0.1508128046989441,0.34855663776397705,0.0925389751791954,-0.02377726510167122,0.23917005956172943
0,straight,3.02,0.4169182777404785,-0.022863736376166344,0.1704999953508377,0.1501428484916687,0.34855663776397705,0.09761021286249161,-0.022863736376166344,0.23435792326927185
0,straight,3.04,0.41854751110076904,-0.022051889449357986,0.1704999953508377,0.1489095538854599,0.34855663776397705,0.06593906134366989,-0.022051889449357986,0.22892612218856812
0,straight,3.06,0.4198254644870758,-0.02144061215221882,0.1704999953508377,0.14750461280345917,0.34855663776397705,0.059898920357227325,-0.02144061215221882,0.24422073364257812
0,straight,3.08,0.4211336672306061,-0.020972277969121933,0.1704999953508377,0.14631277322769165,0.34855663776397705,0.06758786737918854,-0.020972277969121933,0.2463831752538681
0,straight,3.1,0.42269131541252136,-0.020271621644496918,0.1704999953508377,0.14521069824695587,0.34855663776397705,0.08197097480297089,-0.020271621644496918,0.24641332030296326
0,straight,3.12,0.42420095205307007,-0.01946946419775486,0.1704999953508377,0.14474131166934967,0.34855663776397705,0.0668451339006424,-0.01946946419775486,0.2495528757572174
0,straight,3.14,0.42590928077697754,-0.019270706921815872,0.1704999953508377,0.14553552865982056,0.34855663776397705,0.10026640444993973,-0.019270706921815872,0.2640780508518219
0,straight,3.16,0.4280988276004791,-0.019636012613773346,0.1704999953508377,0.1464095413684845,0.34855663776397705,0.11551297456026077,-0.019636012613773346,0.273372083902359
0,straight,3.18,0.4304885268211365,-0.020080355927348137,0.1704999953508377,0.14702492952346802,0.34855663776397705,0.12096674740314484,-0.020080355927348137,0.26896005868911743
0,straight,3.2,0.4326152801513672,-0.020254218950867653,0.1704999953508377,0.14772915840148926,0.34855663776397705,0.09305059909820557,-0.020254218950867653,0.25242647528648376
0,straight,3.22,0.4347330629825592,-0.020172739401459694,0.1704999953508377,0.14839449524879456,0.34855663776397705,0.11825353652238846,-0.020172739401459694,0.27127599716186523
0,straight,3.24,0.43735429644584656,-0.020209085196256638,0.1704999953508377,0.14890636503696442,0.34855663776397705,0.1348148137331009,-0.020209085196256638,0.27666154503822327
0,straight,3.2600000000000002,0.43972307443618774,-0.01988091878592968,0.1704999953508377,0.14921651780605316,0.34855663776397705,0.10113400220870972,-0.01988091878592968,0.2874697148799896
0,straight,3.2800000000000002,0.4415896236896515,-0.018813379108905792,0.1704999953508377,0.14921268820762634,0.34855663776397705,0.08437465876340866,-0.018813379108905792,0.29588747024536133
0,straight,3.3000000000000003,0.4436798691749573,-0.017542675137519836,0.1704999953508377,0.1487172394990921,0.34855663776397705,0.11930348724126816,-0.017542675137519836,0.2978491485118866
0,straight,3.3200000000000003,0.4456837773323059,-0.016350634396076202,0.1704999953508377,0.14807897806167603,0.34855663776397705,0.0886136069893837,-0.016350634396076202,0.299332857131958
0,straight,3.34,0.44768527150154114,-0.015064310282468796,0.1704999953508377,0.14729611575603485,0.34855663776397705,0.11269485950469971,-0.015064310282468796,0.30514001846313477
0,straight,3.36,0.4496629238128662,-0.013897375203669071,0.1704999953508377,0.14645010232925415,0.34855663776397705,0.09549674391746521,-0.013897375203669071,0.29568159580230713
0,straight,3.38,0.4516931176185608,-0.012884627096354961,0.1704999953508377,0.1462266445159912,0.34855663776397705,0.11185748875141144,-0.012884627096354961,0.29857897758483887
0,straight,3.4,0.4539165496826172,-0.01204986684024334,0.1704999953508377,0.1467112898826599,0.34855663776397705,0.12131108343601227,-0.01204986684024334,0.3122193515300751
0,straight,3.42,0.45562878251075745,-0.011380655691027641,0.1704999953508377,0.1476539820432663,0.34855663776397705,0.07052191346883774,-0.011380655691027641,0.3162385821342468
0,straight,3.44,0.4565660357475281,-0.010588917881250381,0.1704999953508377,0.1491934210062027,0.34855663776397705,0.043923866003751755,-0.010588917881250381,0.32969212532043457
0,straight,3.46,0.45754021406173706,-0.009804027155041695,0.1704999953508377,0.15115132927894592,0.34855663776397705,0.0642533153295517,-0.009804027155041695,0.3476885259151459
0,straight,3.48,0.45883044600486755,-0.009366058744490147,0.1704999953508377,0.15257278084754944,0.34855663776397705,0.08732647448778152,-0.009366058744490147,0.3608362376689911
0,straight,3.5,0.4604724645614624,-0.009200862608850002,0.1704999953508377,0.15307165682315826,0.34855663776397705,0.09124897420406342,-0.009200862608850002,0.35461878776550293
0,straight,3.52,0.4620569348335266,-0.009115882217884064,0.1704999953508377,0.15302711725234985,0.34855663776397705,0.08150037378072739,-0.009115882217884064,0.3671816885471344
0,straight,3.54,0.46334078907966614,-0.009067879989743233,0.1704999953508377,0.1534336805343628,0.34855663776397705,0.06094066798686981,-0.009067879989743233,0.3854629397392273
0,straight,3.56,0.4643988609313965,-0.009002923965454102,0.1704999953508377,0.1544962376356125,0.34855663776397705,0.04802967235445976,-0.009002923965454102,0.39755502343177795
0,straight,3.58,0.4650321304798126,-0.008796555921435356,0.1704999953508377,0.15550728142261505,0.34855663776397705,0.02040339633822441,-0.008796555921435356,0.3984612822532654
0,straight,3.6,0.46491795778274536,-0.008518758229911327,0.1704999953508377,0.15570974349975586,0.34855663776397705,-0.030590586364269257,-0.008518758229911327,0.40255120396614075
0,straight,3.62,0.46462199091911316,-0.007975969463586807,0.1704999953508377,0.15511488914489746,0.34855663776397705,-0.002719137817621231,-0.007975969463586807,0.393647700548172
0,straight,3.64,0.4646516442298889,-0.007414078805595636,0.1704999953508377,0.15385134518146515,0.34855663776397705,0.006144569721072912,-0.007414078805595636,0.386666476726532
0,straight,3.66,0.4645507037639618,-0.006842510774731636,0.1704999953508377,0.1526515781879425,0.34855663776397705,0.0026385176461189985,-0.006842510774731636,0.36633577942848206
0,straight,3.68,0.46482500433921814,-0.006324854213744402,0.1704999953508377,0.15198998153209686,0.34855663776397705,0.03276597335934639,-0.006324854213744402,0.3803035020828247
0,straight,3.7,0.46578800678253174,-0.00575264310464263,0.1704999953508377,0.1521700918674469,0.34855663776397705,0.059425901621580124,-0.00575264310464263,0.3677603602409363
0,straight,3.72,0.4672630727291107,-0.004874477628618479,0.1704999953508377,0.15330101549625397,0.34855663776397705,0.08417655527591705,-0.004874477628618479,0.3575563132762909
0,straight,3.74,0.46896910667419434,-0.0037449835799634457,0.1704999953508377,0.15492230653762817,0.34855663776397705,0.07842937111854553,-0.0037449835799634457,0.35375189781188965
0,straight,3.7600000000000002,0.4703632593154907,-0.002559441141784191,0.1704999953508377,0.15674211084842682,0.34855663776397705,0.05129837244749069,-0.002559441141784191,0.3436996042728424
0,straight,3.7800000000000002,0.4718048572540283,-0.0015863170847296715,0.1704999953508377,0.15858103334903717,0.34855663776397705,0.07073532789945602,-0.0015863170847296715,0.33861956000328064
0,straight,3.8000000000000003,0.47347119450569153,-0.0008491766639053822,0.1704999953508377,0.16022264957427979,0.34855663776397705,0.08046253770589828,-0.0008491766639053822,0.3329762816429138
0,straight,3.8200000000000003,0.4749540388584137,-0.000569238793104887,0.1704999953508377,0.16119065880775452,0.34855663776397705,0.055374059826135635,-0.000569238793104887,0.3412652909755707
0,straight,3.84,0.4756564199924469,-0.0006050965748727322,0.1704999953508377,0.16189569234848022,0.34855663776397705,0.00750659080222249,-0.0006050965748727322,0.33586248755455017
0,straight,3.86,0.4755629897117615,-0.0009616543538868427,0.1704999953508377,0.16245810687541962,0.34855663776397705,-0.026244299486279488,-0.0009616543538868427,0.3152855634689331
0,straight,3.88,0.47517624497413635,-0.002093845047056675,0.1704999953508377,0.16225968301296234,0.34855663776397705,-0.023756105452775955,-0.002093845047056675,0.29900625348091125
0,straight,3.9,0.4751759469509125,-0.003488945309072733,0.1704999953508377,0.16240917146205902,0.34855663776397705,0.008499220944941044,-0.003488945309072733,0.2807924151420593
0,straight,3.92,0.4749765992164612,-0.005090369377285242,0.1704999953508377,0.16268159449100494,0.34855663776397705,-0.03418649360537529,-0.005090369377285242,0.2794125974178314
0,straight,3.94,0.47410374879837036,-0.007127490825951099,0.1704999953508377,0.16206388175487518,0.34855663776397705,-0.05388082563877106,-0.007127490825951099,0.2726893723011017
0,straight,3.96,0.4730229377746582,-0.009665031917393208,0.1704999953508377,0.16068245470523834,0.34855663776397705,-0.05524773895740509,-0.009665031917393208,0.2521120309829712
0,straight,3.98,0.4714979827404022,-0.012368664145469666,0.1704999953508377,0.1590658277273178,0.34855663776397705,-0.09386032074689865,-0.012368664145469666,0.23700332641601562
0,straight,4.0,0.4698856472969055,-0.014950920827686787,0.1704999953508377,0.15764379501342773,0.34855663776397705,-0.07134243845939636,-0.014950920827686787,0.2232455015182495
0,straight,4.0200000000000005,0.4689887464046478,-0.017414916306734085,0.1704999953508377,0.15592633187770844,0.34855663776397705,-0.024167494848370552,-0.017414916306734085,0.24203214049339294
0,straight,4.04,0.46855849027633667,-0.01972360722720623,0.1704999953508377,0.15370717644691467,0.34855663776397705,-0.020285937935113907,-0.01972360722720623,0.23274627327919006
0,straight,4.0600000000000005,0.4680492877960205,-0.021569496020674706,0.1704999953508377,0.15163972973823547,0.34855663776397705,-0.026964370161294937,-0.021569496020674706,0.22984579205513
0,straight,4.08,0.4677102863788605,-0.02248300425708294,0.1704999953508377,0.1501370519399643,0.34855663776397705,-0.010186652652919292,-0.02248300425708294,0.2208755612373352
0,straight,4.1,0.46763962507247925,-0.022646231576800346,0.1704999953508377,0.1492566615343094,0.34855663776397705,-0.0004691935610026121,-0.022646231576800346,0.2277032732963562
0,straight,4.12,0.46760404109954834,-0.02269488200545311,0.1704999953508377,0.1487409919500351,0.34855663776397705,-0.0021297794301062822,-0.02269488200545311,0.22659975290298462
0,straight,4.14,0.46720072627067566,-0.022671587765216827,0.1704999953508377,0.14837083220481873,0.34855663776397705,-0.035616375505924225,-0.022671587765216827,0.21494249999523163
0,straight,4.16,0.4662734270095825,-0.022610004991292953,0.1704999953508377,0.14844611287117004,0.34855663776397705,-0.05556783452630043,-0.022610004991292953,0.22171543538570404
0,straight,4.18,0.4650108218193054,-0.02267991378903389,0.1704999953508377,0.149457648396492,0.34855663776397705,-0.0705830380320549,-0.02267991378903389,0.22846364974975586
0,straight,4.2,0.46367478370666504,-0.02271156944334507,0.1704999953508377,0.15090909600257874,0.34855663776397705,-0.06590957194566727,-0.02271156944334507,0.23971444368362427
0,straight,4.22,0.461875855922699,-0.02266242541372776,0.1704999953508377,0.15208137035369873,0.34855663776397705,-0.11054596304893494,-0.02266242541372776,0.2414597123861313
0,straight,4.24,0.4599559009075165,-0.022591153159737587,0.1704999953508377,0.1529013067483902,0.34855663776397705,-0.08133693784475327,-0.022591153159737587,0.22435708343982697
0,straight,4.26,0.458739697933197,-0.02284705825150013,0.1704999953508377,0.15330462157726288,0.34855663776397705,-0.043646179139614105,-0.02284705825150013,0.22073933482170105
0,straight,4.28,0.4582471549510956,-0.02313212864100933,0.1704999953508377,0.15306302905082703,0.34855663776397705,-0.008645857684314251,-0.02313212864100933,0.20904994010925293
0,straight,4.3,0.45822083950042725,-0.023335417732596397,0.1704999953508377,0.15263763070106506,0.34855663776397705,0.0059980605728924274,-0.023335417732596397,0.2147148996591568
0,straight,4.32,0.45879292488098145,-0.02294517681002617,0.1704999953508377,0.15253421664237976,0.34855663776397705,0.04751923307776451,-0.02294517681002617,0.23142677545547485
0,straight,4.34,0.46079543232917786,-0.02214442379772663,0.1704999953508377,0.1523910015821457,0.34855663776397705,0.14322470128536224,-0.02214442379772663,0.24181491136550903
0,straight,4.36,0.46385473012924194,-0.021573860198259354,0.1704999953508377,0.1521073281764984,0.34855663776397705,0.15924477577209473,-0.021573860198259354,0.24676325917243958
0,straight,4.38,0.46728643774986267,-0.02061494253575802,0.1704999953508377,0.15206994116306305,0.34855663776397705,0.17726708948612213,-0.02061494253575802,0.24802494049072266
0,straight,4.4,0.4712231457233429,-0.019184540957212448,0.1704999953508377,0.1519327461719513,0.34855663776397705,0.20833614468574524,-0.019184540957212448,0.27207377552986145
0,straight,4.42,0.4757995903491974,-0.0175838153809309,0.1704999953508377,0.15138988196849823,0.34855663776397705,0.2380310744047165,-0.0175838153809309,0.28586509823799133
0,straight,4.44,0.48070716857910156,-0.01595519855618477,0.1704999953508377,0.15069489181041718,0.34855663776397705,0.24984371662139893,-0.01595519855618477,0.285378634929657
0,straight,4.46,0.48570454120635986,-0.014066510833799839,0.1704999953508377,0.15013718605041504,0.34855663776397705,0.24689435958862305,-0.014066510833799839,0.30746862292289734
0,straight,4.48,0.49015432596206665,-0.012029847130179405,0.1704999953508377,0.14946776628494263,0.34855663776397705,0.20352867245674133,-0.012029847130179405,0.30684196949005127
0,straight,4.5,0.49409356713294983,-0.01026186253875494,0.1704999953508377,0.14888836443424225,0.34855663776397705,0.1973479986190796,-0.01026186253875494,0.30775606632232666
0,straight,4.5200000000000005,0.49735140800476074,-0.008816041052341461,0.1704999953508377,0.14877080917358398,0.34855663776397705,0.14547955989837646,-0.008816041052341461,0.31198567152023315
0,straight,4.54,0.4996023178100586,-0.007517614867538214,0.1704999953508377,0.14892582595348358,0.34855663776397705,0.09828886389732361,-0.007517614867538214,0.3218194842338562
0,straight,4.5600000000000005,0.501611590385437,-0.006562236230820417,0.1704999953508377,0.14899471402168274,0.34855663776397705,0.12556272745132446,-0.006562236230820417,0.3317106068134308
0,straight,4.58,0.5041032433509827,-0.006280493922531605,0.1704999953508377,0.148894265294075,0.34855663776397705,0.13430306315422058,-0.006280493922531605,0.3265784978866577
0,straight,4.6000000000000005,0.5066479444503784,-0.0067912680096924305,0.1704999953508377,0.1494959592819214,0.34855663776397705,0.14555871486663818,-0.0067912680096924305,0.32980749011039734
0,straight,4.62,0.5096336603164673,-0.008261393755674362,0.1704999953508377,0.15022100508213043,0.34855663776397705,0.1706196814775467,-0.008261393755674362,0.371036171913147
0,straight,4.64,0.5127951502799988,-0.010302651673555374,0.1704999953508377,0.15097294747829437,0.34855663776397705,0.15848205983638763,-0.010302651673555374,0.3838103115558624
0,straight,4.66,0.5157144069671631,-0.012357981875538826,0.1704999953508377,0.15267477929592133,0.34855663776397705,0.13960188627243042,-0.012357981875538826,0.41959184408187866
0,straight,4.68,0.5179752111434937,-0.01433095708489418,0.1704999953508377,0.15512998402118683,0.34855663776397705,0.09651617705821991,-0.01433095708489418,0.4509168565273285
0,straight,4.7,0.5191235542297363,-0.015414956957101822,0.1704999953508377,0.15716108679771423,0.34855663776397705,0.0200777780264616,-0.015414956957101822,0.43184560537338257
0,straight,4.72,0.5186315178871155,-0.015679534524679184,0.1704999953508377,0.1587664783000946,0.34855663776397705,-0.04757207632064819,-0.015679534524679184,0.40306907892227173
0,straight,4.74,0.5176278352737427,-0.015320418402552605,0.1704999953508377,0.16061387956142426,0.34855663776397705,-0.034989066421985626,-0.015320418402552605,0.3734374940395355
0,straight,4.76,0.5167561173439026,-0.014796986244618893,0.1704999953508377,0.1624051183462143,0.34855663776397705,-0.03575613349676132,-0.014796986244618893,0.3777332901954651
0,straight,4.78,0.5165477395057678,-0.01430371031165123,0.1704999953508377,0.16394788026809692,0.34855663776397705,0.005114283412694931,-0.01430371031165123,0.35318705439567566
0,straight,4.8,0.5169984698295593,-0.013628533110022545,0.1704999953508377,0.16516855359077454,0.34855663776397705,0.028034832328557968,-0.013628533110022545,0.32582369446754456
0,straight,4.82,0.5179610848426819,-0.012821026146411896,0.1704999953508377,0.1657457798719406,0.34855663776397705,0.054069146513938904,-0.012821026146411896,0.32499009370803833
0,straight,4.84,0.5195454955101013,-0.012071752920746803,0.1704999953508377,0.16511943936347961,0.34855663776397705,0.08514531701803207,-0.012071752920746803,0.32269155979156494
0,straight,4.86,0.5217077136039734,-0.011320879682898521,0.1704999953508377,0.16322720050811768,0.34855663776397705,0.10859056562185287,-0.011320879682898521,0.3218977153301239
0,straight,4.88,0.5237389802932739,-0.010613847523927689,0.1704999953508377,0.16064421832561493,0.34855663776397705,0.08532240241765976,-0.010613847523927689,0.3392612636089325
0,straight,4.9,0.525730311870575,-0.010274816304445267,0.1704999953508377,0.1580151468515396,0.34855663776397705,0.0998045802116394,-0.010274816304445267,0.323936402797699
0,straight,4.92,0.5282639861106873,-0.01036708615720272,0.1704999953508377,0.15583130717277527,0.34855663776397705,0.13913598656654358,-0.01036708615720272,0.3013622462749481
0,straight,4.94,0.5308824777603149,-0.010725580155849457,0.1704999953508377,0.15387272834777832,0.34855663776397705,0.11677064001560211,-0.010725580155849457,0.30322694778442383
0,straight,4.96,0.5333297252655029,-0.01159830205142498,0.1704999953508377,0.15189078450202942,0.34855663776397705,0.12043892592191696,-0.01159830205142498,0.29287439584732056
0,straight,4.98,0.5361398458480835,-0.012956990860402584,0.1704999953508377,0.15021947026252747,0.34855663776397705,0.15325245261192322,-0.012956990860402584,0.28037896752357483
0,straight,5.0,0.5393535494804382,-0.014529082924127579,0.1704999953508377,0.1490688920021057,0.34855663776397705,0.1620619297027588,-0.014529082924127579,0.2659885287284851
0,straight,5.0200000000000005,0.5424600839614868,-0.015923310071229935,0.1704999953508377,0.147952139377594,0.34855663776397705,0.1451541632413864,-0.015923310071229935,0.26644158363342285
0,straight,5.04,0.5447317361831665,-0.017192276194691658,0.1704999953508377,0.14730137586593628,0.34855663776397705,0.0823926031589508,-0.017192276194691658,0.2561122179031372
0,straight,5.0600000000000005,0.5461832880973816,-0.018133828416466713,0.1704999953508377,0.14749448001384735,0.34855663776397705,0.061600424349308014,-0.018133828416466713,0.27117788791656494
0,straight,5.08,0.5470954179763794,-0.018315279856324196,0.1704999953508377,0.14812467992305756,0.34855663776397705,0.03048309125006199,-0.018315279856324196,0.2781250774860382
0,straight,5.1000000000000005,0.5477520823478699,-0.018208792433142662,0.1704999953508377,0.149073526263237,0.34855663776397705,0.033686306327581406,-0.018208792433142662,0.2638055384159088
0,straight,5.12,0.5482234358787537,-0.01760854385793209,0.1704999953508377,0.15031366050243378,0.34855663776397705,0.01279465015977621,-0.01760854385793209,0.250762939453125
0,straight,5.14,0.5487478375434875,-0.016491662710905075,0.1704999953508377,0.15172596275806427,0.34855663776397705,0.0371028371155262,-0.016491662710905075,0.2680128812789917
0,straight,5.16,0.5498682260513306,-0.015152118168771267,0.1704999953508377,0.1527860164642334,0.34855663776397705,0.06987712532281876,-0.015152118168771267,0.27751651406288147
0,straight,5.18,0.5510843992233276,-0.013899530284106731,0.1704999953508377,0.15321515500545502,0.34855663776397705,0.04900893568992615,-0.013899530284106731,0.27215102314949036
0,straight,5.2,0.5519817471504211,-0.01366579718887806,0.1704999953508377,0.15306471288204193,0.34855663776397705,0.040445476770401,-0.01366579718887806,0.25167402625083923
0,straight,5.22,0.5529590249061584,-0.014225730672478676,0.1704999953508377,0.15251149237155914,0.34855663776397705,0.058081649243831635,-0.014225730672478676,0.26611849665641785
0,straight,5.24,0.5542286038398743,-0.014622880145907402,0.1704999953508377,0.15081655979156494,0.34855663776397705,0.0679902657866478,-0.014622880145907402,0.3019656836986542
0,straight,5.26,0.5558286905288696,-0.01490199938416481,0.1704999953508377,0.14892500638961792,0.34855663776397705,0.0909486934542656,-0.01490199938416481,0.28518664836883545
0,straight,5.28,0.5579315423965454,-0.015774186700582504,0.1704999953508377,0.14735963940620422,0.34855663776397705,0.11784303188323975,-0.015774186700582504,0.28297561407089233
0,straight,5.3,0.5605863928794861,-0.016507506370544434,0.1704999953508377,0.14648200571537018,0.34855663776397705,0.14546912908554077,-0.016507506370544434,0.313943475484848
0,straight,5.32,0.5635156035423279,-0.016853654757142067,0.1704999953508377,0.14627845585346222,0.34855663776397705,0.15187686681747437,-0.016853654757142067,0.3248751759529114
0,straight,5.34,0.5667181015014648,-0.01725480519235134,0.1704999953508377,0.14589890837669373,0.34855663776397705,0.17278246581554413,-0.01725480519235134,0.33564621210098267
0,straight,5.36,0.5708288550376892,-0.017141878604888916,0.1704999953508377,0.14574727416038513,0.34855663776397705,0.2327483743429184,-0.017141878604888916,0.34285271167755127
0,straight,5.38,0.5757202506065369,-0.016407344490289688,0.1704999953508377,0.14624671638011932,0.34855663776397705,0.25296351313591003,-0.016407344490289688,0.34886908531188965
0,straight,5.4,0.5810463428497314,-0.014982960186898708,0.1704999953508377,0.14700376987457275,0.34855663776397705,0.27510926127433777,-0.014982960186898708,0.36190053820610046
0,straight,5.42,0.5860258936882019,-0.013222701847553253,0.1704999953508377,0.1476801335811615,0.34855663776397705,0.2320985645055771,-0.013222701847553253,0.38051363825798035
0,straight,5.44,0.5906291604042053,-0.011499175801873207,0.1704999953508377,0.1478945016860962,0.34855663776397705,0.23789885640144348,-0.011499175801873207,0.3913056254386902
0,straight,5.46,0.5954545140266418,-0.009516315534710884,0.1704999953508377,0.14715197682380676,0.34855663776397705,0.23930466175079346,-0.009516315534710884,0.4097227156162262
0,straight,5.48,0.5999985337257385,-0.007084884215146303,0.1704999953508377,0.14579088985919952,0.34855663776397705,0.22449961304664612,-0.007084884215146303,0.4061920940876007
0,straight,5.5,0.6040390729904175,-0.004511257633566856,0.1704999953508377,0.14460912346839905,0.34855663776397705,0.17171795666217804,-0.004511257633566856,0.4061209261417389
0,straight,5.5200000000000005,0.6073267459869385,-0.0025196229107677937,0.1704999953508377,0.14498642086982727,0.34855663776397705,0.15830647945404053,-0.0025196229107677937,0.39614200592041016
0,straight,5.54,0.6106669306755066,-0.001217725221067667,0.1704999953508377,0.14583593606948853,0.34855663776397705,0.18301747739315033,-0.001217725221067667,0.39227762818336487
0,straight,5.5600000000000005,0.6142587065696716,-0.00011500576511025429,0.1704999953508377,0.14716044068336487,0.34855663776397705,0.18918415904045105,-0.00011500576511025429,0.38224169611930847
0,straight,5.58,0.6181325912475586,-0.00025181565433740616,0.1704999953508377,0.1485811024904251,0.34855663776397705,0.21225179731845856,-0.00025181565433740616,0.36672472953796387
0,straight,5.6000000000000005,0.6227497458457947,-0.001582798082381487,0.1704999953508377,0.15015043318271637,0.34855663776397705,0.26372361183166504,-0.001582798082381487,0.3640455901622772
0,straight,5.62,0.6278982758522034,-0.0031957263126969337,0.1704999953508377,0.15274274349212646,0.34855663776397705,0.26485657691955566,-0.0031957263126969337,0.3964320421218872
0,straight,5.64,0.6326797604560852,-0.00446954183280468,0.1704999953508377,0.15633165836334229,0.34855663776397705,0.21319258213043213,-0.00446954183280468,0.4125171899795532
0,straight,5.66,0.6358591914176941,-0.005132237449288368,0.1704999953508377,0.15923719108104706,0.34855663776397705,0.11780983954668045,-0.005132237449288368,0.40897810459136963
0,straight,5.68,0.6373573541641235,-0.004822498187422752,0.1704999953508377,0.1614610105752945,0.34855663776397705,0.0635313093662262,-0.004822498187422752,0.3730108141899109
0,straight,5.7,0.6386905908584595,-0.00373259698972106,0.1704999953508377,0.16371725499629974,0.34855663776397705,0.09363798797130585,-0.00373259698972106,0.3517869710922241
0,straight,5.72,0.641111433506012,-0.002213247586041689,0.1704999953508377,0.16649264097213745,0.34855663776397705,0.1529361754655838,-0.002213247586041689,0.37869152426719666
0,straight,5.74,0.645153820514679,-0.00015678349882364273,0.1704999953508377,0.16916078329086304,0.34855663776397705,0.23243027925491333,-0.00015678349882364273,0.39784401655197144
0,straight,5.76,0.6502501368522644,0.0023452467285096645,0.1704999953508377,0.1716509610414505,0.34855663776397705,0.26046326756477356,0.0023452467285096645,0.3882043957710266
0,straight,5.78,0.6563934087753296,0.004911935888230801,0.1704999953508377,0.17380258440971375,0.34855663776397705,0.3330353796482086,0.004911935888230801,0.3885604441165924
0,straight,5.8,0.6639599800109863,0.007193686440587044,0.1704999953508377,0.17496462166309357,0.34855663776397705,0.3978108763694763,0.007193686440587044,0.3936239778995514
0,straight,5.82,0.6718979477882385,0.009638587012887001,0.1704999953508377,0.17486903071403503,0.34855663776397705,0.381112664937973,0.009638587012887001,0.39388006925582886
0,straight,5.84,0.6792396306991577,0.01205945760011673,0.1704999953508377,0.1737593412399292,0.34855663776397705,0.3355542719364166,0.01205945760011673,0.3836338520050049
0,straight,5.86,0.6860389113426208,0.013942745514214039,0.1704999953508377,0.1717524528503418,0.34855663776397705,0.34037452936172485,0.013942745514214039,0.38051676750183105
0,straight,5.88,0.6930840015411377,0.0146437743678689,0.1704999953508377,0.16841931641101837,0.34855663776397705,0.3595367670059204,0.0146437743678689,0.3507436513900757
0,straight,5.9,0.6998223066329956,0.014347006566822529,0.1704999953508377,0.1644713133573532,0.34855663776397705,0.3339836895465851,0.014347006566822529,0.3381045460700989
0,straight,5.92,0.7066835761070251,0.013542432337999344,0.1704999953508377,0.1600446254014969,0.34855663776397705,0.3636776804924011,0.013542432337999344,0.33167150616645813
0,straight,5.94,0.7135418057441711,0.013134511187672615,0.1704999953508377,0.15574432909488678,0.34855663776397705,0.351387083530426,0.013134511187672615,0.3381177484989166
0,straight,5.96,0.7202341556549072,0.012917252257466316,0.1704999953508377,0.1521744728088379,0.34855663776397705,0.3385992646217346,0.012917252257466316,0.34079352021217346
0,straight,5.98,0.7266058325767517,0.012973641976714134,0.1704999953508377,0.14939336478710175,0.34855663776397705,0.31860828399658203,0.012973641976714134,0.3533981740474701
0,straight,6.0,0.7322908043861389,0.013346543535590172,0.1704999953508377,0.14742283523082733,0.34855663776397705,0.2755616009235382,0.013346543535590172,0.35937628149986267
0,straight,6.0200000000000005,0.7374125123023987,0.013816962018609047,0.1704999953508377,0.1466793417930603,0.34855663776397705,0.2605815827846527,0.013816962018609047,0.3579936921596527
0,straight,6.04,0.7423538565635681,0.013886883854866028,0.1704999953508377,0.1468268781900406,0.34855663776397705,0.24946805834770203,0.013886883854866028,0.36532527208328247
0,straight,6.0600000000000005,0.747296154499054,0.013470588251948357,0.1704999953508377,0.1469787359237671,0.34855663776397705,0.2495446801185608,0.013470588251948357,0.3747709393501282
0,straight,6.08,0.751906156539917,0.012521427124738693,0.1704999953508377,0.14708760380744934,0.34855663776397705,0.2160433828830719,0.012521427124738693,0.3758683204650879
0,straight,6.1000000000000005,0.7561038136482239,0.011213747784495354,0.1704999953508377,0.1477576196193695,0.34855663776397705,0.21079601347446442,0.011213747784495354,0.39630967378616333
0,straight,6.12,0.7602711319923401,0.009958073496818542,0.1704999953508377,0.14884503185749054,0.34855663776397705,0.20975542068481445,0.009958073496818542,0.412075012922287
0,straight,6.140000000000001,0.7647324204444885,0.008710728026926517,0.1704999953508377,0.15046851336956024,0.34855663776397705,0.23844529688358307,0.008710728026926517,0.41236886382102966
0,straight,6.16,0.7688865661621094,0.007764191832393408,0.1704999953508377,0.1521620899438858,0.34855663776397705,0.192412331700325,0.007764191832393408,0.41125622391700745
0,straight,6.18,0.7728896737098694,0.00730899116024375,0.1704999953508377,0.15365220606327057,0.34855663776397705,0.2036442756652832,0.00730899116024375,0.41257190704345703
0,straight,6.2,0.7767990231513977,0.007039688527584076,0.1704999953508377,0.1542908400297165,0.34855663776397705,0.17935506999492645,0.007039688527584076,0.41728609800338745
0,straight,6.22,0.779819130897522,0.006736087147146463,0.1704999953508377,0.1539033204317093,0.34855663776397705,0.12432608753442764,0.006736087147146463,0.40699729323387146
0,straight,6.24,0.7819840312004089,0.006231248844414949,0.1704999953508377,0.15261027216911316,0.34855663776397705,0.08963420242071152,0.006231248844414949,0.37733954191207886
0,straight,6.26,0.7838147878646851,0.006487388629466295,0.1704999953508377,0.15067701041698456,0.34855663776397705,0.08393075317144394,0.006487388629466295,0.36288708448410034
0,straight,6.28,0.7855442762374878,0.007270114496350288,0.1704999953508377,0.14830900728702545,0.34855663776397705,0.07793179154396057,0.007270114496350288,0.37451088428497314
0,straight,6.3,0.7871420979499817,0.008431890979409218,0.1704999953508377,0.14600425958633423,0.34855663776397705,0.06430251151323318,0.008431890979409218,0.3411014676094055
0,straight,6.32,0.7884689569473267,0.009698666632175446,0.1704999953508377,0.14427080750465393,0.34855663776397705,0.042047932744026184,0.009698666632175446,0.32418516278266907
0,straight,6.34,0.789567768573761,0.011224704794585705,0.1704999953508377,0.1435033529996872,0.34855663776397705,0.050189562141895294,0.011224704794585705,0.31590789556503296
0,straight,6.36,0.7906758785247803,0.012772535905241966,0.1704999953508377,0.1435932070016861,0.34855663776397705,0.04624922201037407,0.012772535905241966,0.3075461983680725
0,straight,6.38,0.7916936278343201,0.013965189456939697,0.1704999953508377,0.14411015808582306,0.34855663776397705,0.037388876080513,0.013965189456939697,0.2822069227695465
0,straight,6.4,0.7923604846000671,0.014873985201120377,0.1704999953508377,0.14483758807182312,0.34855663776397705,0.012713409960269928,0.014873985201120377,0.2721177041530609
0,straight,6.42,0.7929214835166931,0.01550300046801567,0.1704999953508377,0.145918607711792,0.34855663776397705,0.029710546135902405,0.01550300046801567,0.2767297029495239
0,straight,6.44,0.7940442562103271,0.015381714329123497,0.1704999953508377,0.14735867083072662,0.34855663776397705,0.06703317910432816,0.015381714329123497,0.25783583521842957
0,straight,6.46,0.7955343127250671,0.014805231243371964,0.1704999953508377,0.14914506673812866,0.34855663776397705,0.07384973764419556,0.014805231243371964,0.24874162673950195
0,straight,6.48,0.7973161339759827,0.014137787744402885,0.1704999953508377,0.1505657434463501,0.34855663776397705,0.09471288323402405,0.014137787744402885,0.245310977101326
0,straight,6.5,0.7997669577598572,0.012990372255444527,0.1704999953508377,0.151696115732193,0.34855663776397705,0.14168299734592438,0.012990372255444527,0.2583778202533722
0,straight,6.5200000000000005,0.8028126955032349,0.011440420523285866,0.1704999953508377,0.15261277556419373,0.34855663776397705,0.1521254926919937,0.011440420523285866,0.2509627938270569
0,straight,6.54,0.8058492541313171,0.009517542086541653,0.1704999953508377,0.1530689299106598,0.34855663776397705,0.14314942061901093,0.009517542086541653,0.24059025943279266
0,straight,6.5600000000000005,0.8081569075584412,0.007767444476485252,0.1704999953508377,0.15270015597343445,0.34855663776397705,0.08802998811006546,0.007767444476485252,0.2543923258781433
0,straight,6.58,0.8106332421302795,0.0058089084923267365,0.1704999953508377,0.15199531614780426,0.34855663776397705,0.150518998503685,0.0058089084923267365,0.25020503997802734
0,straight,6.6000000000000005,0.8137208819389343,0.0037028107326477766,0.1704999953508377,0.15149548649787903,0.34855663776397705,0.144234761595726,0.0037028107326477766,0.2460014969110489
0,straight,6.62,0.8153299689292908,0.0020235590636730194,0.1704999953508377,0.1508532464504242,0.34855663776397705,0.027974773198366165,0.0020235590636730194,0.2590893805027008
0,straight,6.640000000000001,0.8155112862586975,0.00034885480999946594,0.1704999953508377,0.14966438710689545,0.34855663776397705,-0.007367135491222143,0.00034885480999946594,0.24533545970916748
0,straight,6.66,0.8158429265022278,-0.0015802332200109959,0.1704999953508377,0.14819218218326569,0.34855663776397705,0.032917320728302,-0.0015802332200109959,0.24965302646160126
0,straight,6.68,0.8166084289550781,-0.0038651323411613703,0.1704999953508377,0.14689263701438904,0.34855663776397705,0.03748796135187149,-0.0038651323411613703,0.258146196603775
0,straight,6.7,0.8173802495002747,-0.006632108241319656,0.1704999953508377,0.14606450498104095,0.34855663776397705,0.038975220173597336,-0.006632108241319656,0.2472486048936844
0,straight,6.72,0.817624568939209,-0.008900744840502739,0.1704999953508377,0.1459028124809265,0.34855663776397705,-0.014080630615353584,-0.008900744840502739,0.25028887391090393
0,straight,6.74,0.8172960877418518,-0.010842378251254559,0.1704999953508377,0.1463199108839035,0.34855663776397705,-0.017773976549506187,-0.010842378251254559,0.26420858502388
0,straight,6.76,0.8173742890357971,-0.012737837620079517,0.1704999953508377,0.14706426858901978,0.34855663776397705,0.02178257144987583,-0.012737837620079517,0.25241780281066895
0,straight,6.78,0.8178186416625977,-0.014104174450039864,0.1704999953508377,0.14807318150997162,0.34855663776397705,0.023222800344228745,-0.014104174450039864,0.22655843198299408
0,straight,6.8,0.8182392120361328,-0.015584936365485191,0.1704999953508377,0.14881721138954163,0.34855663776397705,0.015252716839313507,-0.015584936365485191,0.2270800918340683
0,straight,6.82,0.8187820911407471,-0.01722833327949047,0.1704999953508377,0.149021178483963,0.34855663776397705,0.035965751856565475,-0.01722833327949047,0.2575001120567322
0,straight,6.84,0.8192226886749268,-0.01862226240336895,0.1704999953508377,0.1486605703830719,0.34855663776397705,0.013497092761099339,-0.01862226240336895,0.26614269614219666
0,straight,6.86,0.8192736506462097,-0.019949574023485184,0.1704999953508377,0.1476123183965683,0.34855663776397705,-0.00593485776335001,-0.019949574023485184,0.2581579387187958
0,straight,6.88,0.8191527724266052,-0.020982922986149788,0.1704999953508377,0.1466863453388214,0.34855663776397705,-0.003912096377462149,-0.020982922986149788,0.27174779772758484
0,straight,6.9,0.8194160461425781,-0.021491164341568947,0.1704999953508377,0.14665761590003967,0.34855663776397705,0.029594294726848602,-0.021491164341568947,0.284395694732666
0,straight,6.92,0.8204284906387329,-0.021674256771802902,0.1704999953508377,0.1466168463230133,0.34855663776397705,0.07324718683958054,-0.021674256771802902,0.2829686999320984
0,straight,6.94,0.8221501111984253,-0.02155257947742939,0.1704999953508377,0.14600780606269836,0.34855663776397705,0.10080766677856445,-0.02155257947742939,0.29531118273735046
0,straight,6.96,0.824108362197876,-0.022103291004896164,0.1704999953508377,0.14549274742603302,0.34855663776397705,0.09720863401889801,-0.022103291004896164,0.29869580268859863
0,straight,6.98,0.8263103365898132,-0.023110568523406982,0.1704999953508377,0.1452949494123459,0.34855663776397705,0.11883509159088135,-0.023110568523406982,0.3054161071777344
0,straight,7.0,0.8288816809654236,-0.023720361292362213,0.1704999953508377,0.1455571949481964,0.34855663776397705,0.13225941359996796,-0.023720361292362213,0.3169323801994324
0,straight,7.0200000000000005,0.8311174511909485,-0.02398872934281826,0.1704999953508377,0.14585988223552704,0.34855663776397705,0.0916500836610794,-0.02398872934281826,0.3484233021736145
0,straight,7.04,0.8329541683197021,-0.024287328124046326,0.1704999953508377,0.14620034396648407,0.34855663776397705,0.09495396912097931,-0.024287328124046326,0.3397245407104492
0,straight,7.0600000000000005,0.835436999797821,-0.023859012871980667,0.1704999953508377,0.1472591608762741,0.34855663776397705,0.1474412977695465,-0.023859012871980667,0.3523334860801697
0,straight,7.08,0.8382810950279236,-0.022901371121406555,0.1704999953508377,0.14845220744609833,0.34855663776397705,0.14052896201610565,-0.022901371121406555,0.3604236841201782
0,straight,7.1000000000000005,0.8414080142974854,-0.021840346977114677,0.1704999953508377,0.14887847006320953,0.34855663776397705,0.17097364366054535,-0.021840346977114677,0.3653658628463745
0,straight,7.12,0.8444225788116455,-0.02088097855448723,0.1704999953508377,0.14875958859920502,0.34855663776397705,0.13806739449501038,-0.02088097855448723,0.367170512676239
0,straight,7.140000000000001,0.847339391708374,-0.0194729994982481,0.1704999953508377,0.14827559888362885,0.34855663776397705,0.15175709128379822,-0.0194729994982481,0.3928649425506592
0,straight,7.16,0.8504345417022705,-0.0177475418895483,0.1704999953508377,0.14727522432804108,0.34855663776397705,0.15850724279880524,-0.0177475418895483,0.3933068811893463
0,straight,7.18,0.8535323739051819,-0.015959225594997406,0.1704999953508377,0.14600171148777008,0.34855663776397705,0.15091422200202942,-0.015959225594997406,0.39091846346855164
0,straight,7.2,0.8561115264892578,-0.014501904137432575,0.1704999953508377,0.14526374638080597,0.34855663776397705,0.1033218577504158,-0.014501904137432575,0.39078450202941895
0,straight,7.22,0.8582063913345337,-0.0134727843105793,0.1704999953508377,0.14593905210494995,0.34855663776397705,0.10304244607686996,-0.0134727843105793,0.3811953365802765
0,straight,7.24,0.8601709604263306,-0.01296857837587595,0.1704999953508377,0.14770004153251648,0.34855663776397705,0.10232986509799957,-0.01296857837587595,0.38944026827812195
0,straight,7.26,0.8616268038749695,-0.013124724850058556,0.1704999953508377,0.14949588477611542,0.34855663776397705,0.06353010982275009,-0.013124724850058556,0.3804430663585663
0,straight,7.28,0.8628393411636353,-0.01382021326571703,0.1704999953508377,0.15021467208862305,0.34855663776397705,0.06239847093820572,-0.01382021326571703,0.3727267384529114
0,straight,7.3,0.8636675477027893,-0.014695029705762863,0.1704999953508377,0.1504252701997757,0.34855663776397705,0.03294212743639946,-0.014695029705762863,0.3686116337776184
0,straight,7.32,0.8639064431190491,-0.015081806108355522,0.1704999953508377,0.15043875575065613,0.34855663776397705,0.005067761521786451,-0.015081806108355522,0.369682252407074
0,straight,7.34,0.863457202911377,-0.014813469722867012,0.1704999953508377,0.15010887384414673,0.34855663776397705,-0.038308531045913696,-0.014813469722867012,0.36021456122398376
0,straight,7.36,0.862330436706543,-0.01394816767424345,0.1704999953508377,0.14947110414505005,0.34855663776397705,-0.06955282390117645,-0.01394816767424345,0.357308030128479
0,straight,7.38,0.8612311482429504,-0.012976069003343582,0.1704999953508377,0.14838792383670807,0.34855663776397705,-0.04598588868975639,-0.012976069003343582,0.36619943380355835
0,straight,7.4,0.8605344891548157,-0.011606086045503616,0.1704999953508377,0.1468198597431183,0.34855663776397705,-0.02834843471646309,-0.011606086045503616,0.3800041675567627
0,straight,7.42,0.8603115081787109,-0.00992174819111824,0.1704999953508377,0.14501447975635529,0.34855663776397705,0.00466929143294692,-0.00992174819111824,0.39047813415527344
0,straight,7.44,0.8605067729949951,-0.00829837005585432,0.1704999953508377,0.14418968558311462,0.34855663776397705,0.016834411770105362,-0.00829837005585432,0.37963008880615234
0,straight,7.46,0.861426591873169,-0.006546092685312033,0.1704999953508377,0.14467959105968475,0.34855663776397705,0.07175874710083008,-0.006546092685312033,0.3827533423900604
0,straight,7.48,0.8635110259056091,-0.004472166765481234,0.1704999953508377,0.14595407247543335,0.34855663776397705,0.1259736567735672,-0.004472166765481234,0.3942052721977234
0,straight,7.5,0.8668566346168518,-0.002668072935193777,0.1704999953508377,0.14674317836761475,0.34855663776397705,0.19546958804130554,-0.002668072935193777,0.41112861037254333
0,straight,7.5200000000000005,0.8709064722061157,-0.0010235556401312351,0.1704999953508377,0.14736852049827576,0.34855663776397705,0.2047196328639984,-0.0010235556401312351,0.4109123647212982
0,straight,7.54,0.8754718899726868,0.0001715105026960373,0.1704999953508377,0.14777706563472748,0.34855663776397705,0.2308017760515213,0.0001715105026960373,0.4090990126132965
0,straight,7.5600000000000005,0.8798239231109619,0.0007353359833359718,0.1704999953508377,0.14801853895187378,0.34855663776397705,0.2088530957698822,0.0007353359833359718,0.41179314255714417
0,straight,7.58,0.883911669254303,0.0010062330402433872,0.1704999953508377,0.1485380232334137,0.34855663776397705,0.19781394302845,0.0010062330402433872,0.3967585861682892
0,straight,7.6000000000000005,0.8882027864456177,0.0005058390088379383,0.1704999953508377,0.14882859587669373,0.34855663776397705,0.22792544960975647,0.0005058390088379383,0.39719343185424805
0,straight,7.62,0.8930740356445312,-0.0010873614810407162,0.1704999953508377,0.14925721287727356,0.34855663776397705,0.261305034160614,-0.0010873614810407162,0.3624352812767029
0,straight,7.640000000000001,0.8988954424858093,-0.0033925343304872513,0.1704999953508377,0.1510583460330963,0.34855663776397705,0.3430805504322052,-0.0033925343304872513,0.3421032130718231
0,straight,7.66,0.9061402678489685,-0.006455698981881142,0.1704999953508377,0.15300053358078003,0.34855663776397705,0.3968789875507355,-0.006455698981881142,0.3501646816730499
0,straight,7.68,0.9145251512527466,-0.00948571227490902,0.1704999953508377,0.1548665314912796,0.34855663776397705,0.43838128447532654,-0.00948571227490902,0.375339150428772
0,straight,7.7,0.9233969449996948,-0.011334313079714775,0.1704999953508377,0.15804599225521088,0.34855663776397705,0.43750566244125366,-0.011334313079714775,0.4230445325374603
0,straight,7.72,0.931242048740387,-0.011683469638228416,0.1704999953508377,0.1615520566701889,0.34855663776397705,0.34384089708328247,-0.011683469638228416,0.4368521571159363
0,straight,7.74,0.9374680519104004,-0.01094723865389824,0.1704999953508377,0.16420778632164001,0.34855663776397705,0.2863349914550781,-0.01094723865389824,0.4082522988319397
0,straight,7.76,0.9429274797439575,-0.010043246671557426,0.1704999953508377,0.1659727543592453,0.34855663776397705,0.2707795798778534,-0.010043246671557426,0.39812836050987244
0,straight,7.78,0.9485715627670288,-0.008955307304859161,0.1704999953508377,0.16787442564964294,0.34855663776397705,0.2937326729297638,-0.008955307304859161,0.42335134744644165
0,straight,7.8,0.9546566009521484,-0.0074273524805903435,0.1704999953508377,0.16976547241210938,0.34855663776397705,0.3105222284793854,-0.0074273524805903435,0.4169136881828308
0,straight,7.82,0.9608281850814819,-0.0054758754558861256,0.1704999953508377,0.17080524563789368,0.34855663776397705,0.2967960834503174,-0.0054758754558861256,0.3983495533466339
0,straight,7.84,0.9666906595230103,-0.00298095028847456,0.1704999953508377,0.1708669364452362,0.34855663776397705,0.2686016857624054,-0.00298095028847456,0.39723214507102966
0,straight,7.86,0.9728209972381592,-0.001029744278639555,0.1704999953508377,0.16982412338256836,0.34855663776397705,0.3272213637828827,-0.001029744278639555,0.39615529775619507
0,straight,7.88,0.9797884821891785,0.0002229004167020321,0.1704999953508377,0.16733820736408234,0.34855663776397705,0.3506374955177307,0.0002229004167020321,0.3852802515029907
0,straight,7.9,0.9867891669273376,0.001084623858332634,0.1704999953508377,0.16397368907928467,0.34855663776397705,0.3242941200733185,0.001084623858332634,0.3798106908798218
0,straight,7.92,0.9926384091377258,0.0015815205406397581,0.1704999953508377,0.16129659116268158,0.34855663776397705,0.2548631429672241,0.0015815205406397581,0.3747323155403137
0,straight,7.94,0.9975846409797668,0.0007885380182415247,0.1704999953508377,0.15903660655021667,0.34855663776397705,0.2376542091369629,0.0007885380182415247,0.35746702551841736
0,straight,7.96,1.0021113157272339,-0.0019528205739334226,0.1704999953508377,0.15681058168411255,0.34855663776397705,0.21160286664962769,-0.0019528205739334226,0.3412465751171112
1,straight,0.0,0.0,0.0,0.1704999953508377,0.3499999940395355,0.375761479139328,0.0,0.0,0.0
1,straight,0.02,7.442478090524673e-05,-0.00011587313929339871,0.1704999953508377,0.34468701481819153,0.375761479139328,0.0011914437636733055,-0.00011587313929339871,0.24902528524398804
1,straight,0.04,9.251758456230164e-05,-0.0007463853107765317,0.1704999953508377,0.33478307723999023,0.375761479139328,0.002769248094409704,-0.0007463853107765317,0.3323037624359131
1,straight,0.06,2.3210421204566956e-05,-0.0008471978362649679,0.1704999953508377,0.32225301861763,0.375761479139328,-0.008994854986667633,-0.0008471978362649679,0.42941826581954956
1,straight,0.08,0.00018905289471149445,-0.0009344053105451167,0.1704999953508377,0.30729377269744873,0.375761479139328,0.015434828586876392,-0.0009344053105451167,0.3687768280506134
1,straight,0.1,0.0003518257290124893,-0.0005244369967840612,0.1704999953508377,0.2890806496143341,0.375761479139328,0.0042820880189538,-0.0005244369967840612,0.33361902832984924
1,straight,0.12,0.00047471653670072556,-0.0007430205587297678,0.1704999953508377,0.2669721841812134,0.375761479139328,0.008509313687682152,-0.0007430205587297678,0.35911083221435547
1,straight,0.14,0.0007863705977797508,-0.00018894116510637105,0.1704999953508377,0.2407369613647461,0.375761479139328,0.015764357522130013,-0.00018894116510637105,0.3519335091114044
1,straight,0.16,0.0009363945573568344,0.00018674499006010592,0.1704999953508377,0.21172823011875153,0.375761479139328,-0.005633594933897257,0.00018674499006010592,0.31568989157676697
1,straight,0.18,0.0008148457854986191,-0.000427941617090255,0.1704999953508377,0.1819918155670166,0.375761479139328,0.02421821653842926,-0.000427941617090255,0.3920654058456421
1,straight,0.2,0.0018019815906882286,-0.0007291613146662712,0.1704999953508377,0.15668588876724243,0.375761479139328,0.0686892569065094,-0.0007291613146662712,0.38378164172172546
1,straight,0.22,0.003769076429307461,-0.0007332884706556797,0.1704999953508377,0.14002682268619537,0.375761479139328,0.11069299280643463,-0.0007332884706556797,0.42562001943588257
1,straight,0.24,0.005810510367155075,-7.197291415650398e-05,0.1704999953508377,0.1318216323852539,0.375761479139328,0.08565735071897507,-7.197291415650398e-05,0.4438570439815521
1,straight,0.26,0.008349083364009857,0.0009158449829556048,0.1704999953508377,0.132584810256958,0.375761479139328,0.14715097844600677,0.0009158449829556048,0.46224266290664673
1,straight,0.28,0.012457381933927536,0.001869315397925675,0.1704999953508377,0.14124958217144012,0.375761479139328,0.24553458392620087,0.001869315397925675,0.4542527496814728
1,straight,0.3,0.01814771071076393,0.0028205958660691977,0.1704999953508377,0.15548846125602722,0.375761479139328,0.322092741727829,0.0028205958660691977,0.4395521879196167
1,straight,0.32,0.025583039969205856,0.003471139818429947,0.1704999953508377,0.1719605028629303,0.375761479139328,0.40770721435546875,0.003471139818429947,0.42797544598579407
1,straight,0.34,0.03469473496079445,0.003249743487685919,0.1704999953508377,0.18817587196826935,0.375761479139328,0.48090842366218567,0.003249743487685919,0.40101179480552673
1,straight,0.36,0.04450323060154915,0.0025109918788075447,0.1704999953508377,0.20120319724082947,0.375761479139328,0.4893913269042969,0.0025109918788075447,0.38135746121406555
1,straight,0.38,0.05393613129854202,0.0017586755566298962,0.1704999953508377,0.20979729294776917,0.375761479139328,0.4609752595424652,0.0017586755566298962,0.3695535659790039
1,straight,0.4,0.06284382194280624,0.0011753186117857695,0.1704999953508377,0.21388620138168335,0.375761479139328,0.4413894712924957,0.0011753186117857695,0.3443432152271271
1,straight,0.42,0.0714513435959816,0.0002530518686398864,0.1704999953508377,0.214069664478302,0.375761479139328,0.43378183245658875,0.0002530518686398864,0.34200042486190796
1,straight,0.44,0.08038173615932465,-0.000511813210323453,0.1704999953508377,0.21029554307460785,0.375761479139328,0.4559740722179413,-0.000511813210323453,0.38821956515312195
1,straight,0.46,0.08947333693504333,-0.0011074317153543234,0.1704999953508377,0.2026040405035019,0.375761479139328,0.45103156566619873,-0.0011074317153543234,0.38486340641975403
1,straight,0.48,0.09820735454559326,-0.002787039615213871,0.1704999953508377,0.19286148250102997,0.375761479139328,0.43192681670188904,-0.002787039615213871,0.34732118248939514
1,straight,0.5,0.10677549988031387,-0.004830650053918362,0.1704999953508377,0.1820119023323059,0.375761479139328,0.41922298073768616,-0.004830650053918362,0.3205564320087433
1,straight,0.52,0.11493204534053802,-0.006015765015035868,0.1704999953508377,0.17182902991771698,0.375761479139328,0.4028886556625366,-0.006015765015035868,0.35483959317207336
1,straight,0.54,0.12298157066106796,-0.006361392326653004,0.1704999953508377,0.16283072531223297,0.375761479139328,0.40087953209877014,-0.006361392326653004,0.36900511384010315
1,straight,0.56,0.13107913732528687,-0.006434841547161341,0.1704999953508377,0.1555015742778778,0.375761479139328,0.4017205536365509,-0.006434841547161341,0.37301650643348694
1,straight,0.58,0.13875216245651245,-0.0063391998410224915,0.1704999953508377,0.15276120603084564,0.375761479139328,0.33990541100502014,-0.0063391998410224915,0.40386953949928284
1,straight,0.6,0.14526335895061493,-0.006034365855157375,0.1704999953508377,0.15452006459236145,0.375761479139328,0.31859588623046875,-0.006034365855157375,0.39658650755882263
1,straight,0.62,0.15109647810459137,-0.006142150145024061,0.1704999953508377,0.15842793881893158,0.375761479139328,0.28311073780059814,-0.006142150145024061,0.3984793424606323
1,straight,0.64,0.1555626094341278,-0.007188529707491398,0.1704999953508377,0.16289690136909485,0.375761479139328,0.18495215475559235,-0.007188529707491398,0.41672536730766296
1,straight,0.66,0.1594391167163849,-0.007928386330604553,0.1704999953508377,0.1666693389415741,0.375761479139328,0.18753401935100555,-0.007928386330604553,0.40554314851760864
1,straight,0.68,0.1626838743686676,-0.006820951588451862,0.1704999953508377,0.16954436898231506,0.375761479139328,0.14496299624443054,-0.006820951588451862,0.4173893630504608
1,straight,0.7000000000000001,0.16502605378627777,-0.003855218645185232,0.1704999953508377,0.17142976820468903,0.375761479139328,0.10461344569921494,-0.003855218645185232,0.4120987355709076
1,straight,0.72,0.16674387454986572,0.0008684895001351833,0.1704999953508377,0.17245228588581085,0.375761479139328,0.08324483782052994,0.0008684895001351833,0.4331178069114685
1,straight,0.74,0.16891776025295258,0.006400564219802618,0.1704999953508377,0.17354005575180054,0.375761479139328,0.13938364386558533,0.006400564219802618,0.4446074068546295
1,straight,0.76,0.17257480323314667,0.012226182036101818,0.1704999953508377,0.17370197176933289,0.375761479139328,0.22371071577072144,0.012226182036101818,0.4320977032184601
1,straight,0.78,0.17768153548240662,0.018256820738315582,0.1704999953508377,0.17158736288547516,0.375761479139328,0.275972455739975,0.018256820738315582,0.4027400016784668
1,straight,0.8,0.18317073583602905,0.02400401420891285,0.1704999953508377,0.1675916314125061,0.375761479139328,0.2853676974773407,0.02400401420891285,0.34374627470970154
1,straight,0.8200000000000001,0.1888887882232666,0.028217295184731483,0.1704999953508377,0.16362282633781433,0.375761479139328,0.3042750060558319,0.028217295184731483,0.3179858326911926
1,straight,0.84,0.1952141374349594,0.030450724065303802,0.1704999953508377,0.15992368757724762,0.375761479139328,0.34767481684684753,0.030450724065303802,0.31733763217926025
1,straight,0.86,0.20286189019680023,0.03070245124399662,0.1704999953508377,0.15672223269939423,0.375761479139328,0.3892029821872711,0.03070245124399662,0.35472580790519714
1,straight,0.88,0.2102370411157608,0.02958172746002674,0.1704999953508377,0.1558380424976349,0.375761479139328,0.36837238073349,0.02958172746002674,0.36705851554870605
1,straight,0.9,0.21765197813510895,0.027517957612872124,0.1704999953508377,0.15700183808803558,0.375761479139328,0.37704670429229736,0.027517957612872124,0.41674861311912537
1,straight,0.92,0.22485263645648956,0.024596771225333214,0.1704999953508377,0.15976272523403168,0.375761479139328,0.34198662638664246,0.024596771225333214,0.4612078070640564
1,straight,0.9400000000000001,0.2308216691017151,0.02145044133067131,0.1704999953508377,0.16249550879001617,0.375761479139328,0.2564091384410858,0.02145044133067131,0.4593546390533447
1,straight,0.96,0.23503972589969635,0.01906762272119522,0.1704999953508377,0.16389821469783783,0.375761479139328,0.18001900613307953,0.01906762272119522,0.44686615467071533
1,straight,0.98,0.23874375224113464,0.017227398231625557,0.1704999953508377,0.16467399895191193,0.375761479139328,0.2012893408536911,0.017227398231625557,0.43088820576667786
1,straight,1.0,0.24300436675548553,0.015702171251177788,0.1704999953508377,0.16554510593414307,0.375761479139328,0.2275276482105255,0.015702171251177788,0.4253787398338318
1,straight,1.02,0.24807502329349518,0.014490155503153801,0.1704999953508377,0.16649259626865387,0.375761479139328,0.2730594277381897,0.014490155503153801,0.41246312856674194
1,straight,1.04,0.2537698745727539,0.013758772052824497,0.1704999953508377,0.16771629452705383,0.375761479139328,0.2902090549468994,0.013758772052824497,0.38590705394744873
1,straight,1.06,0.2599868178367615,0.013147490099072456,0.1704999953508377,0.16911959648132324,0.375761479139328,0.3230764865875244,0.013147490099072456,0.38044095039367676
1,straight,1.08,0.2668873369693756,0.012411737814545631,0.1704999953508377,0.17003796994686127,0.375761479139328,0.3559013605117798,0.012411737814545631,0.37219709157943726
1,straight,1.1,0.2744038999080658,0.011849826201796532,0.1704999953508377,0.1700654923915863,0.375761479139328,0.3768388032913208,0.011849826201796532,0.37556737661361694
1,straight,1.12,0.28223496675491333,0.011800342239439487,0.1704999953508377,0.16886408627033234,0.375761479139328,0.3865659832954407,0.011800342239439487,0.3752458095550537
1,straight,1.1400000000000001,0.2903622090816498,0.011386305093765259,0.1704999953508377,0.16631843149662018,0.375761479139328,0.4041036069393158,0.011386305093765259,0.3682153820991516
1,straight,1.16,0.29836708307266235,0.010232658125460148,0.1704999953508377,0.16340504586696625,0.375761479139328,0.38155949115753174,0.010232658125460148,0.36998510360717773
1,straight,1.18,0.3055044412612915,0.00847595650702715,0.1704999953508377,0.1605285406112671,0.375761479139328,0.3297261893749237,0.00847595650702715,0.3686760365962982
1,straight,1.2,0.3112121522426605,0.0061631472781300545,0.1704999953508377,0.15840964019298553,0.375761479139328,0.24032093584537506,0.0061631472781300545,0.3616330623626709
1,straight,1.22,0.3156415522098541,0.0028823313768953085,0.1704999953508377,0.15668943524360657,0.375761479139328,0.19950143992900848,0.0028823313768953085,0.36022764444351196
1,straight,1.24,0.3189965784549713,-0.001386751770041883,0.1704999953508377,0.15521979331970215,0.375761479139328,0.13828545808792114,-0.001386751770041883,0.3476513922214508
1,straight,1.26,0.32092610001564026,-0.005793650634586811,0.1704999953508377,0.15545876324176788,0.375761479139328,0.06344402581453323,-0.005793650634586811,0.3357613682746887
1,straight,1.28,0.32117047905921936,-0.009427978657186031,0.1704999953508377,0.15708208084106445,0.375761479139328,-0.02936270460486412,-0.009427978657186031,0.3377954363822937
1,straight,1.3,0.3201383650302887,-0.01270363014191389,0.1704999953508377,0.15878672897815704,0.375761479139328,-0.07156515121459961,-0.01270363014191389,0.3164122700691223
1,straight,1.32,0.31833431124687195,-0.015956614166498184,0.1704999953508377,0.15998324751853943,0.375761479139328,-0.10360611230134964,-0.015956614166498184,0.3014429807662964
1,straight,1.34,0.31589820981025696,-0.018706558272242546,0.1704999953508377,0.16063985228538513,0.375761479139328,-0.13374875485897064,-0.018706558272242546,0.28797489404678345
1,straight,1.36,0.31318631768226624,-0.02040385827422142,0.1704999953508377,0.16088272631168365,0.375761479139328,-0.13532453775405884,-0.02040385827422142,0.28061172366142273
1,straight,1.3800000000000001,0.3107907772064209,-0.02160043641924858,0.1704999953508377,0.16069963574409485,0.375761479139328,-0.10341803729534149,-0.02160043641924858,0.2785285711288452
1,straight,1.4000000000000001,0.3092699646949768,-0.022994566708803177,0.1704999953508377,0.15996557474136353,0.375761479139328,-0.05109911039471626,-0.022994566708803177,0.28449833393096924
1,straight,1.42,0.30852848291397095,-0.024461893364787102,0.1704999953508377,0.15900325775146484,0.375761479139328,-0.02542845346033573,-0.024461893364787102,0.2728044390678406
1,straight,1.44,0.30803224444389343,-0.02566613256931305,0.1704999953508377,0.15765738487243652,0.375761479139328,-0.024439668282866478,-0.02566613256931305,0.27444154024124146
1,straight,1.46,0.30813124775886536,-0.026572754606604576,0.1704999953508377,0.1561475694179535,0.375761479139328,0.028651505708694458,-0.026572754606604576,0.2825978100299835
1,straight,1.48,0.3092002272605896,-0.02734924852848053,0.1704999953508377,0.1547829955816269,0.375761479139328,0.07441218942403793,-0.02734924852848053,0.2991919219493866
1,straight,1.5,0.3107157349586487,-0.027838554233312607,0.1704999953508377,0.15354929864406586,0.375761479139328,0.07609474658966064,-0.027838554233312607,0.3139217495918274
1,straight,1.52,0.3124759793281555,-0.027606885880231857,0.1704999953508377,0.1529637724161148,0.375761479139328,0.09643817692995071,-0.027606885880231857,0.3270370364189148
1,straight,1.54,0.3152751326560974,-0.02724291943013668,0.1704999953508377,0.15299645066261292,0.375761479139328,0.17511814832687378,-0.02724291943013668,0.3382677137851715
1,straight,1.56,0.3195364475250244,-0.027012765407562256,0.1704999953508377,0.15303491055965424,0.375761479139328,0.23943348228931427,-0.027012765407562256,0.3541516959667206
1,straight,1.58,0.3247329890727997,-0.02677283249795437,0.1704999953508377,0.15318718552589417,0.375761479139328,0.2724718451499939,-0.02677283249795437,0.36565685272216797
1,straight,1.6,0.3303951025009155,-0.02677329257130623,0.1704999953508377,0.1535768061876297,0.375761479139328,0.28777647018432617,-0.02677329257130623,0.3610478341579437
1,straight,1.62,0.3366256654262543,-0.02662220038473606,0.1704999953508377,0.1546785980463028,0.375761479139328,0.32702434062957764,-0.02662220038473606,0.3605709373950958
1,straight,1.6400000000000001,0.34300920367240906,-0.025720080360770226,0.1704999953508377,0.1562357395887375,0.375761479139328,0.3157816529273987,-0.025720080360770226,0.36379489302635193
1,straight,1.6600000000000001,0.34918925166130066,-0.024912601336836815,0.1704999953508377,0.1575103998184204,0.375761479139328,0.31243839859962463,-0.024912601336836815,0.36537832021713257
1,straight,1.68,0.3555702269077301,-0.024781905114650726,0.1704999953508377,0.1581551730632782,0.375761479139328,0.33293449878692627,-0.024781905114650726,0.34377726912498474
1,straight,1.7,0.36257433891296387,-0.02484372816979885,0.1704999953508377,0.15832774341106415,0.375761479139328,0.3801462948322296,-0.02484372816979885,0.3350360095500946
1,straight,1.72,0.370393842458725,-0.02517124079167843,0.1704999953508377,0.1582259237766266,0.375761479139328,0.4143974184989929,-0.02517124079167843,0.33988136053085327
1,straight,1.74,0.3781536817550659,-0.025575648993253708,0.1704999953508377,0.15864047408103943,0.375761479139328,0.3872714936733246,-0.025575648993253708,0.3529527187347412
1,straight,1.76,0.3857298791408539,-0.02635842002928257,0.1704999953508377,0.1592152863740921,0.375761479139328,0.3765776455402374,-0.02635842002928257,0.353103905916214
1,straight,1.78,0.39309877157211304,-0.027308017015457153,0.1704999953508377,0.16040603816509247,0.375761479139328,0.3685897886753082,-0.027308017015457153,0.4014655351638794
1,straight,1.8,0.40012168884277344,-0.027959216386079788,0.1704999953508377,0.1619979590177536,0.375761479139328,0.3289565145969391,-0.027959216386079788,0.4229370355606079
1,straight,1.82,0.40549007058143616,-0.02764064632356167,0.1704999953508377,0.16252164542675018,0.375761479139328,0.22565114498138428,-0.02764064632356167,0.4281323552131653
1,straight,1.84,0.4088493883609772,-0.025893453508615494,0.1704999953508377,0.16206145286560059,0.375761479139328,0.13387314975261688,-0.025893453508615494,0.40116679668426514
1,straight,1.86,0.41127413511276245,-0.022847354412078857,0.1704999953508377,0.16172079741954803,0.375761479139328,0.12153449654579163,-0.022847354412078857,0.3957366347312927
1,straight,1.8800000000000001,0.41374507546424866,-0.019206829369068146,0.1704999953508377,0.16196304559707642,0.375761479139328,0.13463005423545837,-0.019206829369068146,0.3971446752548218
1,straight,1.9000000000000001,0.4165845811367035,-0.015115431509912014,0.1704999953508377,0.16286404430866241,0.375761479139328,0.1512921154499054,-0.015115431509912014,0.376372754573822
1,straight,1.92,0.4200243353843689,-0.010493183508515358,0.1704999953508377,0.16381284594535828,0.375761479139328,0.18639734387397766,-0.010493183508515358,0.35653597116470337
1,straight,1.94,0.4245096445083618,-0.006311287172138691,0.1704999953508377,0.16451053321361542,0.375761479139328,0.255921870470047,-0.006311287172138691,0.3479367792606354
1,straight,1.96,0.43050891160964966,-0.002397847594693303,0.1704999953508377,0.16448363661766052,0.375761479139328,0.32651153206825256,-0.002397847594693303,0.33652248978614807
1,straight,1.98,0.43721213936805725,0.001259904121980071,0.1704999953508377,0.16352692246437073,0.375761479139328,0.32513153553009033,0.001259904121980071,0.33696556091308594
1,straight,2.0,0.4433384835720062,0.003952019847929478,0.1704999953508377,0.16245940327644348,0.375761479139328,0.27823975682258606,0.003952019847929478,0.34369900822639465
1,straight,2.02,0.448947012424469,0.004830935969948769,0.1704999953508377,0.16112291812896729,0.375761479139328,0.2696857154369354,0.004830935969948769,0.34773164987564087
1,straight,2.04,0.4538760185241699,0.004036706406623125,0.1704999953508377,0.15955616533756256,0.375761479139328,0.22278879582881927,0.004036706406623125,0.3470860421657562
1,straight,2.06,0.4577362835407257,0.002288432791829109,0.1704999953508377,0.1583181917667389,0.375761479139328,0.16333284974098206,0.002288432791829109,0.3491595983505249
1,straight,2.08,0.46064335107803345,2.527865581214428e-05,0.1704999953508377,0.15761645138263702,0.375761479139328,0.12611918151378632,2.527865581214428e-05,0.352913498878479
1,straight,2.1,0.46339738368988037,-0.00265661533921957,0.1704999953508377,0.15723270177841187,0.375761479139328,0.1434575915336609,-0.00265661533921957,0.3617643117904663
1,straight,2.12,0.4657643139362335,-0.0056497943587601185,0.1704999953508377,0.15656566619873047,0.375761479139328,0.09596949815750122,-0.0056497943587601185,0.36440199613571167
1,straight,2.14,0.4671417772769928,-0.009028305299580097,0.1704999953508377,0.15567883849143982,0.375761479139328,0.043034136295318604,-0.009028305299580097,0.3477424681186676
1,straight,2.16,0.4675527811050415,-0.012170118279755116,0.1704999953508377,0.15514260530471802,0.375761479139328,0.00013771718658972532,-0.012170118279755116,0.3337220847606659
1,straight,2.18,0.4677598774433136,-0.014809815213084221,0.1704999953508377,0.15429265797138214,0.375761479139328,0.012851995415985584,-0.014809815213084221,0.3344841003417969
1,straight,2.2,0.46775391697883606,-0.01688731089234352,0.1704999953508377,0.15319715440273285,0.375761479139328,-0.008468633517622948,-0.01688731089234352,0.3132548928260803
1,straight,2.22,0.4671669602394104,-0.018520239740610123,0.1704999953508377,0.152242049574852,0.375761479139328,-0.04643300548195839,-0.018520239740610123,0.3099484145641327
1,straight,2.24,0.46564480662345886,-0.019844090566039085,0.1704999953508377,0.15153563022613525,0.375761479139328,-0.09371395409107208,-0.019844090566039085,0.30067044496536255
1,straight,2.2600000000000002,0.4636964797973633,-0.02162291668355465,0.1704999953508377,0.1516924947500229,0.375761479139328,-0.09752931445837021,-0.02162291668355465,0.2876575291156769
1,straight,2.2800000000000002,0.4615210294723511,-0.023375701159238815,0.1704999953508377,0.15219701826572418,0.375761479139328,-0.11848243325948715,-0.023375701159238815,0.28509339690208435
1,straight,2.3000000000000003,0.459184855222702,-0.024662867188453674,0.1704999953508377,0.15324071049690247,0.375761479139328,-0.11129064112901688,-0.024662867188453674,0.2722660303115845
1,straight,2.32,0.4569912552833557,-0.025577876716852188,0.1704999953508377,0.1545349806547165,0.375761479139328,-0.11199816316366196,-0.025577876716852188,0.2723570168018341
1,straight,2.34,0.4552401900291443,-0.026324834674596786,0.1704999953508377,0.15501821041107178,0.375761479139328,-0.07038514316082001,-0.026324834674596786,0.29760584235191345
1,straight,2.36,0.4541177451610565,-0.02757379040122032,0.1704999953508377,0.1543986201286316,0.375761479139328,-0.04848165437579155,-0.02757379040122032,0.297357976436615
1,straight,2.38,0.4536002576351166,-0.02911791019141674,0.1704999953508377,0.1532723605632782,0.375761479139328,-0.002521694637835026,-0.02911791019141674,0.3043428063392639
1,straight,2.4,0.45387759804725647,-0.030730878934264183,0.1704999953508377,0.15218353271484375,0.375761479139328,0.019212866201996803,-0.030730878934264183,0.3005879521369934
1,straight,2.42,0.4545314908027649,-0.032358184456825256,0.1704999953508377,0.15041445195674896,0.375761479139328,0.04031924530863762,-0.032358184456825256,0.3189396858215332
1,straight,2.44,0.4558902382850647,-0.03396293520927429,0.1704999953508377,0.14842036366462708,0.375761479139328,0.0843324288725853,-0.03396293520927429,0.34150755405426025
1,straight,2.46,0.45789578557014465,-0.03484249487519264,0.1704999953508377,0.1467348337173462,0.375761479139328,0.11394351720809937,-0.03484249487519264,0.3449791669845581
1,straight,2.48,0.4602201581001282,-0.034799713641405106,0.1704999953508377,0.14576126635074615,0.375761479139328,0.11363444477319717,-0.034799713641405106,0.348762571811676
1,straight,2.5,0.4632134437561035,-0.033928774297237396,0.1704999953508377,0.14547842741012573,0.375761479139328,0.1818074733018875,-0.033928774297237396,0.34980711340904236
1,straight,2.52,0.4670453369617462,-0.03246907889842987,0.1704999953508377,0.1456526517868042,0.375761479139328,0.19912654161453247,-0.03246907889842987,0.3558095097541809
1,straight,2.54,0.47123754024505615,-0.030679544433951378,0.1704999953508377,0.14630623161792755,0.375761479139328,0.22609680891036987,-0.030679544433951378,0.3619876205921173
1,straight,2.56,0.4756593704223633,-0.02892521768808365,0.1704999953508377,0.14735209941864014,0.375761479139328,0.22322741150856018,-0.02892521768808365,0.366396427154541
1,straight,2.58,0.48049280047416687,-0.026947245001792908,0.1704999953508377,0.14892055094242096,0.375761479139328,0.2618522047996521,-0.026947245001792908,0.37355923652648926
1,straight,2.6,0.4859185218811035,-0.024800533428788185,0.1704999953508377,0.15076972544193268,0.375761479139328,0.2897210121154785,-0.024800533428788185,0.38258835673332214
1,straight,2.62,0.4918099343776703,-0.02283765748143196,0.1704999953508377,0.15265247225761414,0.375761479139328,0.3157840371131897,-0.02283765748143196,0.3835402727127075
1,straight,2.64,0.49830132722854614,-0.021345557644963264,0.1704999953508377,0.15401364862918854,0.375761479139328,0.3412686884403229,-0.021345557644963264,0.3810565769672394
1,straight,2.66,0.5056799650192261,-0.020012076944112778,0.1704999953508377,0.15528729557991028,0.375761479139328,0.40159228444099426,-0.020012076944112778,0.4018506705760956
1,straight,2.68,0.5136435627937317,-0.01859544962644577,0.1704999953508377,0.1571531742811203,0.375761479139328,0.4149015545845032,-0.01859544962644577,0.41980722546577454
1,straight,2.7,0.5217477679252625,-0.01727568358182907,0.1704999953508377,0.1591101735830307,0.375761479139328,0.4036116600036621,-0.01727568358182907,0.4179345965385437
1,straight,2.72,0.5292785167694092,-0.015963103622198105,0.1704999953508377,0.16062664985656738,0.375761479139328,0.35601791739463806,-0.015963103622198105,0.4248712658882141
1,straight,2.74,0.5363339185714722,-0.014131197705864906,0.1704999953508377,0.1609800010919571,0.375761479139328,0.3426949977874756,-0.014131197705864906,0.41336789727211
1,straight,2.7600000000000002,0.542842447757721,-0.01115058921277523,0.1704999953508377,0.1600964069366455,0.375761479139328,0.3104347586631775,-0.01115058921277523,0.40671244263648987
1,straight,2.7800000000000002,0.5481085777282715,-0.007135072723031044,0.1704999953508377,0.15813493728637695,0.375761479139328,0.24676279723644257,-0.007135072723031044,0.3919048607349396
1,straight,2.8000000000000003,0.5531755685806274,-0.002372891642153263,0.1704999953508377,0.15575706958770752,0.375761479139328,0.26492369174957275,-0.002372891642153263,0.38353803753852844
1,straight,2.82,0.5586608648300171,0.0028915388975292444,0.1704999953508377,0.15343865752220154,0.375761479139328,0.2998502254486084,0.0028915388975292444,0.3796565532684326
1,straight,2.84,0.5652086138725281,0.009029983542859554,0.1704999953508377,0.1513373702764511,0.375761479139328,0.3496154844760895,0.009029983542859554,0.40670350193977356
1,straight,2.86,0.5722132921218872,0.016428446397185326,0.1704999953508377,0.14971975982189178,0.375761479139328,0.3478690981864929,0.016428446397185326,0.41707152128219604
1,straight,2.88,0.5798128247261047,0.023882851004600525,0.1704999953508377,0.1494593769311905,0.375761479139328,0.40120410919189453,0.023882851004600525,0.40784952044487
1,straight,2.9,0.5885555744171143,0.030002716928720474,0.1704999953508377,0.14989300072193146,0.375761479139328,0.4693402349948883,0.030002716928720474,0.41601935029029846
1,straight,2.92,0.5985610485076904,0.03388458490371704,0.1704999953508377,0.1505899578332901,0.375761479139328,0.5326275825500488,0.03388458490371704,0.39593255519866943
1,straight,2.94,0.6093257069587708,0.03560148924589157,0.1704999953508377,0.1515343338251114,0.375761479139328,0.5580146908760071,0.03560148924589157,0.3783341944217682
1,straight,2.96,0.6206831932067871,0.035036422312259674,0.1704999953508377,0.15240582823753357,0.375761479139328,0.5877066850662231,0.035036422312259674,0.3762345314025879
1,straight,2.98,0.6325611472129822,0.033068202435970306,0.1704999953508377,0.15432365238666534,0.375761479139328,0.6324636340141296,0.033068202435970306,0.3812467157840729
1,straight,3.0,0.6457489728927612,0.030192408710718155,0.1704999953508377,0.15790024399757385,0.375761479139328,0.6975604295730591,0.030192408710718155,0.4294434189796448
1,straight,3.02,0.6601846218109131,0.027034437283873558,0.1704999953508377,0.16199609637260437,0.375761479139328,0.739388644695282,0.027034437283873558,0.4506860375404358
1,straight,3.04,0.6746251583099365,0.023859450593590736,0.1704999953508377,0.16465213894844055,0.375761479139328,0.6927013397216797,0.023859450593590736,0.4796604514122009
1,straight,3.06,0.687700092792511,0.021376080811023712,0.1704999953508377,0.1657615751028061,0.375761479139328,0.6128516793251038,0.021376080811023712,0.46149393916130066
1,straight,3.08,0.6990729570388794,0.019962478429079056,0.1704999953508377,0.16584336757659912,0.375761479139328,0.5279457569122314,0.019962478429079056,0.44163575768470764
1,straight,3.1,0.7091701626777649,0.019560256972908974,0.1704999953508377,0.1654154360294342,0.375761479139328,0.4833780527114868,0.019560256972908974,0.42292675375938416
1,straight,3.12,0.7181683778762817,0.020114310085773468,0.1704999953508377,0.16529522836208344,0.375761479139328,0.4153646230697632,0.020114310085773468,0.40910449624061584
1,straight,3.14,0.7263239622116089,0.021598275750875473,0.1704999953508377,0.16599683463573456,0.375761479139328,0.3949779272079468,0.021598275750875473,0.43658894300460815
1,straight,3.16,0.7339534163475037,0.02427372708916664,0.1704999953508377,0.16682933270931244,0.375761479139328,0.3574989140033722,0.02427372708916664,0.42748889327049255
1,straight,3.18,0.7408738732337952,0.02768642082810402,0.1704999953508377,0.1667805016040802,0.375761479139328,0.3185218870639801,0.02768642082810402,0.4339068531990051
1,straight,3.2,0.7467378377914429,0.031410109251737595,0.1704999953508377,0.1654135286808014,0.375761479139328,0.2580016255378723,0.031410109251737595,0.4340481758117676
1,straight,3.22,0.7526178359985352,0.034692805260419846,0.1704999953508377,0.16267435252666473,0.375761479139328,0.3180851340293884,0.034692805260419846,0.41084325313568115
1,straight,3.24,0.759691596031189,0.03716827556490898,0.1704999953508377,0.159242644906044,0.375761479139328,0.355175644159317,0.03716827556490898,0.38609933853149414
1,straight,3.2600000000000002,0.7665163278579712,0.03910456597805023,0.1704999953508377,0.15676024556159973,0.375761479139328,0.31571832299232483,0.03910456597805023,0.3834682106971741
1,straight,3.2800000000000002,0.7715142965316772,0.03941476717591286,0.1704999953508377,0.15530207753181458,0.375761479139328,0.18794754147529602,0.03941476717591286,0.3736227750778198
1,straight,3.3000000000000003,0.774967610836029,0.03771836310625076,0.1704999953508377,0.15424610674381256,0.375761479139328,0.15879234671592712,0.03771836310625076,0.3436732888221741
1,straight,3.3200000000000003,0.7777137756347656,0.03481405973434448,0.1704999953508377,0.15342634916305542,0.375761479139328,0.11706609278917313,0.03481405973434448,0.3166770040988922
1,straight,3.34,0.7794632315635681,0.030922485515475273,0.1704999953508377,0.15315765142440796,0.375761479139328,0.05608709901571274,0.030922485515475273,0.3092047870159149
1,straight,3.36,0.7795312404632568,0.027076760306954384,0.1704999953508377,0.15319502353668213,0.375761479139328,-0.03113819845020771,0.027076760306954384,0.3186364769935608
1,straight,3.38,0.7787469029426575,0.02362661436200142,0.1704999953508377,0.15248776972293854,0.375761479139328,-0.0443258099257946,0.02362661436200142,0.30936378240585327
1,straight,3.4,0.7775627374649048,0.020859289914369583,0.1704999953508377,0.15155258774757385,0.375761479139328,-0.06963694840669632,0.020859289914369583,0.28046566247940063
1,straight,3.42,0.7765094637870789,0.019261213019490242,0.1704999953508377,0.15097439289093018,0.375761479139328,-0.0354897566139698,0.019261213019490242,0.2746189832687378
1,straight,3.44,0.7762789130210876,0.01791481114923954,0.1704999953508377,0.1500711441040039,0.375761479139328,0.0047852168790996075,0.01791481114923954,0.3062359392642975
1,straight,3.46,0.7776775360107422,0.016048066318035126,0.1704999953508377,0.14871491491794586,0.375761479139328,0.11542436480522156,0.016048066318035126,0.3259706199169159
1,straight,3.48,0.7806307077407837,0.013720635324716568,0.1704999953508377,0.14741192758083344,0.375761479139328,0.16810756921768188,0.013720635324716568,0.3593854606151581
1,straight,3.5,0.7840353846549988,0.011263001710176468,0.1704999953508377,0.14661911129951477,0.375761479139328,0.1700560301542282,0.011263001710176468,0.37938761711120605
1,straight,3.52,0.7876567840576172,0.009947285987436771,0.1704999953508377,0.1467200219631195,0.375761479139328,0.1828269213438034,0.009947285987436771,0.3948509991168976
1,straight,3.54,0.7916935086250305,0.009981663897633553,0.1704999953508377,0.14763560891151428,0.375761479139328,0.2131560891866684,0.009981663897633553,0.41506174206733704
1,straight,3.56,0.7966880202293396,0.011340688914060593,0.1704999953508377,0.14888499677181244,0.375761479139328,0.2755420207977295,0.011340688914060593,0.4267036020755768
1,straight,3.58,0.8020927906036377,0.013224860653281212,0.1704999953508377,0.15003058314323425,0.375761479139328,0.2672714293003082,0.013224860653281212,0.42778250575065613
1,straight,3.6,0.8071931600570679,0.015054798685014248,0.1704999953508377,0.15168006718158722,0.375761479139328,0.2378961145877838,0.015054798685014248,0.4136171340942383
1,straight,3.62,0.8117852210998535,0.017001859843730927,0.1704999953508377,0.15402750670909882,0.375761479139328,0.2248247265815735,0.017001859843730927,0.4072229862213135
1,straight,3.64,0.8162302374839783,0.018579352647066116,0.1704999953508377,0.15610983967781067,0.375761479139328,0.22654202580451965,0.018579352647066116,0.3933715522289276
1,straight,3.66,0.8207444548606873,0.01929389126598835,0.1704999953508377,0.15722744166851044,0.375761479139328,0.2364981472492218,0.01929389126598835,0.3743019700050354
1,straight,3.68,0.8257343173027039,0.018972648307681084,0.1704999953508377,0.1576443612575531,0.375761479139328,0.27125757932662964,0.018972648307681084,0.3435913324356079
1,straight,3.7,0.8315367102622986,0.018004661425948143,0.1704999953508377,0.15758657455444336,0.375761479139328,0.3188423216342926,0.018004661425948143,0.35044240951538086
1,straight,3.72,0.8379908204078674,0.016725454479455948,0.1704999953508377,0.15693266689777374,0.375761479139328,0.33957868814468384,0.016725454479455948,0.3649781048297882
1,straight,3.74,0.844475507736206,0.015290855430066586,0.1704999953508377,0.15660512447357178,0.375761479139328,0.3048239052295685,0.015290855430066586,0.3732419013977051
1,straight,3.7600000000000002,0.8501679301261902,0.013766301795840263,0.1704999953508377,0.15719790756702423,0.375761479139328,0.27478909492492676,0.013766301795840263,0.36950594186782837
1,straight,3.7800000000000002,0.8555423021316528,0.011961514130234718,0.1704999953508377,0.15802538394927979,0.375761479139328,0.26405245065689087,0.011961514130234718,0.3995297849178314
1,straight,3.8000000000000003,0.860486626625061,0.010740961879491806,0.1704999953508377,0.159147247672081,0.375761479139328,0.2331559807062149,0.010740961879491806,0.4066723585128784
1,straight,3.8200000000000003,0.8646597862243652,0.010511832311749458,0.1704999953508377,0.15953882038593292,0.375761479139328,0.18483594059944153,0.010511832311749458,0.4189770519733429
1,straight,3.84,0.867304265499115,0.011506670154631138,0.1704999953508377,0.15876610577106476,0.375761479139328,0.09903611242771149,0.011506670154631138,0.40556496381759644
1,straight,3.86,0.869123637676239,0.013485469855368137,0.1704999953508377,0.1573832631111145,0.375761479139328,0.09633392095565796,0.013485469855368137,0.385443776845932
1,straight,3.88,0.871069073677063,0.01631600223481655,0.1704999953508377,0.15614819526672363,0.375761479139328,0.10299340635538101,0.01631600223481655,0.38575679063796997
1,straight,3.9,0.8733850121498108,0.019827699288725853,0.1704999953508377,0.1553620994091034,0.375761479139328,0.12860387563705444,0.019827699288725853,0.39250245690345764
1,straight,3.92,0.876594066619873,0.023950112983584404,0.1704999953508377,0.15503549575805664,0.375761479139328,0.181845024228096,0.023950112983584404,0.3987976312637329
1,straight,3.94,0.8812451958656311,0.02794724516570568,0.1704999953508377,0.1549994945526123,0.375761479139328,0.2709428071975708,0.02794724516570568,0.3953503370285034
1,straight,3.96,0.8876127600669861,0.03149277716875076,0.1704999953508377,0.1547899693250656,0.375761479139328,0.3400203287601471,0.03149277716875076,0.39524367451667786
1,straight,3.98,0.8943926095962524,0.03447830304503441,0.1704999953508377,0.15493719279766083,0.375761479139328,0.3225739896297455,0.03447830304503441,0.39509478211402893
1,straight,4.0,0.9007344841957092,0.036587100476026535,0.1704999953508377,0.1555241346359253,0.375761479139328,0.3020762801170349,0.036587100476026535,0.3989267349243164
1,straight,4.0200000000000005,0.9073072075843811,0.03774630278348923,0.1704999953508377,0.15565268695354462,0.375761479139328,0.34031015634536743,0.03774630278348923,0.40350282192230225
1,straight,4.04,0.9140752553939819,0.037825778126716614,0.1704999953508377,0.15483249723911285,0.375761479139328,0.3293168246746063,0.037825778126716614,0.4059297442436218
1,straight,4.0600000000000005,0.92024827003479,0.03691939264535904,0.1704999953508377,0.15295813977718353,0.375761479139328,0.2904326021671295,0.03691939264535904,0.4005160331726074
1,straight,4.08,0.9256337285041809,0.0353204607963562,0.1704999953508377,0.15064483880996704,0.375761479139328,0.25344568490982056,0.0353204607963562,0.387466698884964
1,straight,4.1,0.9307219982147217,0.0337153896689415,0.1704999953508377,0.14906784892082214,0.375761479139328,0.25507232546806335,0.0337153896689415,0.38773655891418457
1,straight,4.12,0.9354268908500671,0.03269719332456589,0.1704999953508377,0.1484195441007614,0.375761479139328,0.22875332832336426,0.03269719332456589,0.3835926353931427
1,straight,4.14,0.9397633671760559,0.03180877864360809,0.1704999953508377,0.14853693544864655,0.375761479139328,0.21731773018836975,0.03180877864360809,0.3762935698032379
1,straight,4.16,0.9438704252243042,0.030592743307352066,0.1704999953508377,0.14930549263954163,0.375761479139328,0.20205070078372955,0.030592743307352066,0.3626747131347656
1,straight,4.18,0.9479882121086121,0.029392190277576447,0.1704999953508377,0.15067845582962036,0.375761479139328,0.22005543112754822,0.029392190277576447,0.3780292868614197
1,straight,4.2,0.9521493315696716,0.027770984917879105,0.1704999953508377,0.1520627737045288,0.375761479139328,0.21139273047447205,0.027770984917879105,0.38411831855773926
1,straight,4.22,0.956323504447937,0.0255231074988842,0.1704999953508377,0.1533336490392685,0.375761479139328,0.21533557772636414,0.0255231074988842,0.380765438079834
1,straight,4.24,0.9604036808013916,0.02341381087899208,0.1704999953508377,0.15430933237075806,0.375761479139328,0.2003675252199173,0.02341381087899208,0.3901172876358032
1,straight,4.26,0.9645265340805054,0.0218502189964056,0.1704999953508377,0.15559905767440796,0.375761479139328,0.21475474536418915,0.0218502189964056,0.4244331121444702
1,straight,4.28,0.9683668613433838,0.02115469053387642,0.1704999953508377,0.15700197219848633,0.375761479139328,0.16160143911838531,0.02115469053387642,0.4221462607383728
1,straight,4.3,0.9707912802696228,0.021257944405078888,0.1704999953508377,0.15717080235481262,0.375761479139328,0.0956665650010109,0.021257944405078888,0.41903215646743774
1,straight,4.32,0.9725819826126099,0.021547291427850723,0.1704999953508377,0.1568862944841385,0.375761479139328,0.08930688351392746,0.021547291427850723,0.3919648230075836
1,straight,4.34,0.9746248126029968,0.02231890708208084,0.1704999953508377,0.15680986642837524,0.375761479139328,0.1161683201789856,0.02231890708208084,0.38057205080986023
1,straight,4.36,0.9772348403930664,0.023456862196326256,0.1704999953508377,0.15664805471897125,0.375761479139328,0.14050771296024323,0.023456862196326256,0.3752853572368622
1,straight,4.38,0.980138897895813,0.025294991210103035,0.1704999953508377,0.15624630451202393,0.375761479139328,0.1381344348192215,0.025294991210103035,0.3532857894897461
1,straight,4.4,0.9829239249229431,0.027831975370645523,0.1704999953508377,0.15583057701587677,0.375761479139328,0.1282600313425064,0.027831975370645523,0.3566650450229645
1,straight,4.42,0.9858389496803284,0.030024711042642593,0.1704999953508377,0.1554640680551529,0.375761479139328,0.151369109749794,0.030024711042642593,0.3556095361709595
1,straight,4.44,0.988918662071228,0.031348101794719696,0.1704999953508377,0.15481914579868317,0.375761479139328,0.14686253666877747,0.031348101794719696,0.345186710357666
1,straight,4.46,0.9915411472320557,0.03179679811000824,0.1704999953508377,0.1539551019668579,0.375761479139328,0.11125302314758301,0.03179679811000824,0.335703581571579
1,straight,4.48,0.9933927059173584,0.03131682053208351,0.1704999953508377,0.15309596061706543,0.375761479139328,0.07135873287916183,0.03131682053208351,0.3235585391521454
1,straight,4.5,0.9947893023490906,0.029935548081994057,0.1704999953508377,0.15207664668560028,0.375761479139328,0.06464261561632156,0.029935548081994057,0.32265013456344604
1,straight,4.5200000000000005,0.9959743618965149,0.028136316686868668,0.1704999953508377,0.15079660713672638,0.375761479139328,0.05246174708008766,0.028136316686868668,0.3240633010864258
1,straight,4.54,0.9969264268875122,0.02641810104250908,0.1704999953508377,0.14962324500083923,0.375761479139328,0.042816776782274246,0.02641810104250908,0.3059762418270111
1,straight,4.5600000000000005,0.9976822733879089,0.024985285475850105,0.1704999953508377,0.14906109869480133,0.375761479139328,0.029130853712558746,0.024985285475850105,0.29871222376823425
1,straight,4.58,0.9984430074691772,0.023137375712394714,0.1704999953508377,0.148907870054245,0.375761479139328,0.039671920239925385,0.023137375712394714,0.29936307668685913
1,straight,4.6000000000000005,0.9991732239723206,0.02125632017850876,0.1704999953508377,0.14860562980175018,0.375761479139328,0.032444532960653305,0.02125632017850876,0.3019653856754303
1,straight,4.62,1.0001468658447266,0.019968779757618904,0.1704999953508377,0.14836373925209045,0.375761479139328,0.06075834110379219,0.019968779757618904,0.29620128870010376
1,straight,4.64,1.0013911724090576,0.018808122724294662,0.1704999953508377,0.1486072540283203,0.375761479139328,0.0601535327732563,0.018808122724294662,0.29195404052734375
1,straight,4.66,1.0029746294021606,0.018189404159784317,0.1704999953508377,0.14928722381591797,0.375761479139328,0.08720532804727554,0.018189404159784317,0.3071243464946747
1,straight,4.68,1.0047281980514526,0.017777197062969208,0.1704999953508377,0.14947861433029175,0.375761479139328,0.08645812422037125,0.017777197062969208,0.3399978578090668
1,straight,4.7,1.0067007541656494,0.016809919849038124,0.1704999953508377,0.14907734096050262,0.375761479139328,0.10634942352771759,0.016809919849038124,0.32257822155952454
1,straight,4.72,1.0088155269622803,0.015708643943071365,0.1704999953508377,0.14864659309387207,0.375761479139328,0.10329892486333847,0.015708643943071365,0.30255430936813354
1,straight,4.74,1.0109925270080566,0.01444832794368267,0.1704999953508377,0.1482238918542862,0.375761479139328,0.11249615997076035,0.01444832794368267,0.3106711208820343
1,straight,4.76,1.0132440328598022,0.013244345784187317,0.1704999953508377,0.1472320854663849,0.375761479139328,0.11348237842321396,0.013244345784187317,0.3201480507850647
1,straight,4.78,1.015243411064148,0.012325098738074303,0.1704999953508377,0.14645348489284515,0.375761479139328,0.08894998580217361,0.012325098738074303,0.30463945865631104
1,straight,4.8,1.0167971849441528,0.011165467090904713,0.1704999953508377,0.14641769230365753,0.375761479139328,0.06693082302808762,0.011165467090904713,0.2962314486503601
1,straight,4.82,1.0179170370101929,0.009894371032714844,0.1704999953508377,0.14726056158542633,0.375761479139328,0.05468565225601196,0.009894371032714844,0.2979927062988281
1,straight,4.84,1.0189743041992188,0.009014165960252285,0.1704999953508377,0.14877696335315704,0.375761479139328,0.05407107248902321,0.009014165960252285,0.309419721364975
1,straight,4.86,1.0197665691375732,0.008550059050321579,0.1704999953508377,0.1507737934589386,0.375761479139328,0.03394816443324089,0.008550059050321579,0.30712220072746277
1,straight,4.88,1.0201385021209717,0.008130602538585663,0.1704999953508377,0.15264064073562622,0.375761479139328,0.014351670630276203,0.008130602538585663,0.31609493494033813
1,straight,4.9,1.0203473567962646,0.007778579834848642,0.1704999953508377,0.15402564406394958,0.375761479139328,0.017178639769554138,0.007778579834848642,0.32051897048950195
1,straight,4.92,1.0206509828567505,0.007034519221633673,0.1704999953508377,0.15481561422348022,0.375761479139328,0.028550967574119568,0.007034519221633673,0.3309859335422516
1,straight,4.94,1.0214393138885498,0.00610450841486454,0.1704999953508377,0.15471528470516205,0.375761479139328,0.060631658881902695,0.00610450841486454,0.3439759612083435
1,straight,4.96,1.022560954093933,0.005198290571570396,0.1704999953508377,0.15357302129268646,0.375761479139328,0.07218841463327408,0.005198290571570396,0.3632503151893616
1,straight,4.98,1.0242103338241577,0.004293465055525303,0.1704999953508377,0.1522216945886612,0.375761479139328,0.10745690017938614,0.004293465055525303,0.3789583742618561
1,straight,5.0,1.0266169309616089,0.0033149891532957554,0.1704999953508377,0.15114516019821167,0.375761479139328,0.13105475902557373,0.0033149891532957554,0.3986262381076813
1,straight,5.0200000000000005,1.0286972522735596,0.0025932735297828913,0.1704999953508377,0.1505529284477234,0.375761479139328,0.09777091443538666,0.0025932735297828913,0.42198091745376587
1,straight,5.04,1.030832052230835,0.002675495343282819,0.1704999953508377,0.15073834359645844,0.375761479139328,0.11279990524053574,0.002675495343282819,0.4298867881298065
1,straight,5.0600000000000005,1.0334945917129517,0.0034274926874786615,0.1704999953508377,0.15134097635746002,0.375761479139328,0.14129242300987244,0.0034274926874786615,0.42793044447898865
1,straight,5.08,1.036075234413147,0.00467689847573638,0.1704999953508377,0.15139412879943848,0.375761479139328,0.11703012138605118,0.00467689847573638,0.42187267541885376
1,straight,5.1000000000000005,1.038068413734436,0.006678535137325525,0.1704999953508377,0.1508866846561432,0.375761479139328,0.08953257650136948,0.006678535137325525,0.3904581367969513
1,straight,5.12,1.0394548177719116,0.009013015776872635,0.1704999953508377,0.15034854412078857,0.375761479139328,0.06516203284263611,0.009013015776872635,0.37396857142448425
1,straight,5.14,1.0408964157104492,0.011539429426193237,0.1704999953508377,0.15007807314395905,0.375761479139328,0.08524750173091888,0.011539429426193237,0.37143802642822266
1,straight,5.16,1.04302179813385,0.014293793588876724,0.1704999953508377,0.14992012083530426,0.375761479139328,0.1159171313047409,0.014293793588876724,0.3691789209842682
1,straight,5.18,1.0454747676849365,0.01715891994535923,0.1704999953508377,0.15027883648872375,0.375761479139328,0.11655256897211075,0.01715891994535923,0.3422999083995819
1,straight,5.2,1.0477781295776367,0.019807707518339157,0.1704999953508377,0.15111249685287476,0.375761479139328,0.10197088122367859,0.019807707518339157,0.3333442807197571
1,straight,5.22,1.0502409934997559,0.02136152982711792,0.1704999953508377,0.15214082598686218,0.375761479139328,0.12835249304771423,0.02136152982711792,0.3282894194126129
1,straight,5.24,1.052791953086853,0.021577145904302597,0.1704999953508377,0.1531827598810196,0.375761479139328,0.11396502703428268,0.021577145904302597,0.3217717409133911
1,straight,5.26,1.0549017190933228,0.02084299735724926,0.1704999953508377,0.153943732380867,0.375761479139328,0.08633272349834442,0.02084299735724926,0.3160305321216583
1,straight,5.28,1.0563161373138428,0.01961594447493553,0.1704999953508377,0.1543283462524414,0.375761479139328,0.048681218177080154,0.01961594447493553,0.30547094345092773
1,straight,5.3,1.0571677684783936,0.01765003800392151,0.1704999953508377,0.1545209437608719,0.375761479139328,0.03017030842602253,0.01765003800392151,0.29626771807670593
1,straight,5.32,1.0573515892028809,0.015127558261156082,0.1704999953508377,0.1546003520488739,0.375761479139328,-0.011912391521036625,0.015127558261156082,0.28977885842323303
1,straight,5.34,1.0566905736923218,0.0125295240432024,0.1704999953508377,0.15422888100147247,0.375761479139328,-0.055167656391859055,0.0125295240432024,0.287442684173584
1,straight,5.36,1.0553085803985596,0.010262243449687958,0.1704999953508377,0.1533237099647522,0.375761479139328,-0.08227389305830002,0.010262243449687958,0.27107012271881104
1,straight,5.38,1.0536508560180664,0.008507695980370045,0.1704999953508377,0.15240012109279633,0.375761479139328,-0.08507373183965683,0.008507695980370045,0.25065839290618896
1,straight,5.4,1.0522342920303345,0.007224543951451778,0.1704999953508377,0.15103307366371155,0.375761479139328,-0.059501152485609055,0.007224543951451778,0.25307056307792664
1,straight,5.42,1.0511629581451416,0.005941249895840883,0.1704999953508377,0.14921049773693085,0.375761479139328,-0.040263496339321136,0.005941249895840883,0.29950541257858276
1,straight,5.44,1.0509651899337769,0.004655896686017513,0.1704999953508377,0.1478482037782669,0.375761479139328,0.0075690229423344135,0.004655896686017513,0.2731292247772217
1,straight,5.46,1.0516067743301392,0.0030037364922463894,0.1704999953508377,0.147203266620636,0.375761479139328,0.04870632290840149,0.0030037364922463894,0.28317415714263916
1,straight,5.48,1.0536261796951294,0.0007567802676931024,0.1704999953508377,0.147243469953537,0.375761479139328,0.1405295580625534,0.0007567802676931024,0.28999701142311096
1,straight,5.5,1.0562041997909546,-0.0015539070591330528,0.1704999953508377,0.14719736576080322,0.375761479139328,0.11727187782526016,-0.0015539070591330528,0.3102394640445709
1,straight,5.5200000000000005,1.058631181716919,-0.0035980767570436,0.1704999953508377,0.14708517491817474,0.375761479139328,0.11924249678850174,-0.0035980767570436,0.29429763555526733
1,straight,5.54,1.0615628957748413,-0.006219021510332823,0.1704999953508377,0.1477615386247635,0.375761479139328,0.1658720076084137,-0.006219021510332823,0.3010624647140503
1,straight,5.5600000000000005,1.0652141571044922,-0.009150606580078602,0.1704999953508377,0.14869441092014313,0.375761479139328,0.188692107796669,-0.009150606580078602,0.3173850476741791
1,straight,5.58,1.0693223476409912,-0.012230515480041504,0.1704999953508377,0.14967069029808044,0.375761479139328,0.21168510615825653,-0.012230515480041504,0.32286256551742554
1,straight,5.6000000000000005,1.0733686685562134,-0.014646684750914574,0.1704999953508377,0.1503717303276062,0.375761479139328,0.19406375288963318,-0.014646684750914574,0.3424803614616394
1,straight,5.62,1.0774455070495605,-0.016525274142622948,0.1704999953508377,0.15045784413814545,0.375761479139328,0.21665772795677185,-0.016525274142622948,0.3568248748779297
1,straight,5.64,1.082045555114746,-0.017979245632886887,0.1704999953508377,0.14985665678977966,0.375761479139328,0.24360890686511993,-0.017979245632886887,0.3602759540081024
1,straight,5.66,1.0864951610565186,-0.017966749146580696,0.1704999953508377,0.14931240677833557,0.375761479139328,0.2126629650592804,-0.017966749146580696,0.34476345777511597
1,straight,5.68,1.090372085571289,-0.017451250925660133,0.1704999953508377,0.14874309301376343,0.375761479139328,0.17968034744262695,-0.017451250925660133,0.3510545790195465
1,straight,5.7,1.0941057205200195,-0.01671256497502327,0.1704999953508377,0.1485215574502945,0.375761479139328,0.19629977643489838,-0.01671256497502327,0.3566029667854309
1,straight,5.72,1.0975900888442993,-0.015581423416733742,0.1704999953508377,0.14870001375675201,0.375761479139328,0.16344794631004333,-0.015581423416733742,0.3721521496772766
1,straight,5.74,1.1004695892333984,-0.013902900740504265,0.1704999953508377,0.148985356092453,0.375761479139328,0.1418810933828354,-0.013902900740504265,0.3786463737487793
1,straight,5.76,1.103478193283081,-0.012607400305569172,0.1704999953508377,0.14884166419506073,0.375761479139328,0.166388601064682,-0.012607400305569172,0.3804982602596283
1,straight,5.78,1.1071192026138306,-0.01162826456129551,0.1704999953508377,0.14850912988185883,0.375761479139328,0.20845456421375275,-0.01162826456129551,0.3792315423488617
1,straight,5.8,1.1117539405822754,-0.011035643517971039,0.1704999953508377,0.14819775521755219,0.375761479139328,0.26962950825691223,-0.011035643517971039,0.39187708497047424
1,straight,5.82,1.1169251203536987,-0.011118322610855103,0.1704999953508377,0.14925868809223175,0.375761479139328,0.289023756980896,-0.011118322610855103,0.3946017026901245
1,straight,5.84,1.122832179069519,-0.011970573104918003,0.1704999953508377,0.15092213451862335,0.375761479139328,0.306807279586792,-0.011970573104918003,0.4058931767940521
1,straight,5.86,1.1293646097183228,-0.01279827393591404,0.1704999953508377,0.15355508029460907,0.375761479139328,0.3395308554172516,-0.01279827393591404,0.42124709486961365
1,straight,5.88,1.1358580589294434,-0.012628082185983658,0.1704999953508377,0.1562679409980774,0.375761479139328,0.30026575922966003,-0.012628082185983658,0.4405467212200165
1,straight,5.9,1.1409345865249634,-0.011298957280814648,0.1704999953508377,0.15808123350143433,0.375761479139328,0.22254109382629395,-0.011298957280814648,0.4201805889606476
1,straight,5.92,1.1445502042770386,-0.009216606616973877,0.1704999953508377,0.15920713543891907,0.375761479139328,0.15895508229732513,-0.009216606616973877,0.38552865386009216
1,straight,5.94,1.1478303670883179,-0.006469157058745623,0.1704999953508377,0.16056247055530548,0.375761479139328,0.18205013871192932,-0.006469157058745623,0.3803553581237793
1,straight,5.96,1.1514432430267334,-0.0032967571169137955,0.1704999953508377,0.16180963814258575,0.375761479139328,0.18681572377681732,-0.0032967571169137955,0.42733249068260193
1,straight,5.98,1.1555614471435547,0.0005275807343423367,0.1704999953508377,0.16250386834144592,0.375761479139328,0.21416081488132477,0.0005275807343423367,0.41704270243644714
1,straight,6.0,1.1600664854049683,0.004866430070251226,0.1704999953508377,0.16244454681873322,0.375761479139328,0.2270076870918274,0.004866430070251226,0.4151531755924225
1,straight,6.0200000000000005,1.1658447980880737,0.00867064855992794,0.1704999953508377,0.16175198554992676,0.375761479139328,0.32142046093940735,0.00867064855992794,0.4069966673851013
1,straight,6.04,1.172609567642212,0.011475601233541965,0.1704999953508377,0.16037848591804504,0.375761479139328,0.3413717746734619,0.011475601233541965,0.4033069610595703
1,straight,6.0600000000000005,1.179338812828064,0.013071578927338123,0.1704999953508377,0.1586488038301468,0.375761479139328,0.3217253088951111,0.013071578927338123,0.3989569842815399
1,straight,6.08,1.1850776672363281,0.013381529599428177,0.1704999953508377,0.15728214383125305,0.375761479139328,0.25150594115257263,0.013381529599428177,0.3894621431827545
1,straight,6.1000000000000005,1.1900012493133545,0.01308009959757328,0.1704999953508377,0.15593725442886353,0.375761479139328,0.23859284818172455,0.01308009959757328,0.4026325047016144
1,straight,6.12,1.1941596269607544,0.012320555746555328,0.1704999953508377,0.15417559444904327,0.375761479139328,0.1889161318540573,0.012320555746555328,0.4014541208744049
1,straight,6.140000000000001,1.197475790977478,0.011715576983988285,0.1704999953508377,0.15211081504821777,0.375761479139328,0.15653946995735168,0.011715576983988285,0.4040248394012451
1,straight,6.16,1.2002636194229126,0.011872965842485428,0.1704999953508377,0.1507408171892166,0.375761479139328,0.13278990983963013,0.011872965842485428,0.39748018980026245
1,straight,6.18,1.2031115293502808,0.01279355026781559,0.1704999953508377,0.1503031700849533,0.375761479139328,0.16145412623882294,0.01279355026781559,0.40723544359207153
1,straight,6.2,1.206514835357666,0.013947153463959694,0.1704999953508377,0.150350421667099,0.375761479139328,0.19511963427066803,0.013947153463959694,0.3906983733177185
1,straight,6.22,1.2106999158859253,0.01476971060037613,0.1704999953508377,0.1503593772649765,0.375761479139328,0.23998038470745087,0.01476971060037613,0.37411972880363464
1,straight,6.24,1.2157129049301147,0.015224670991301537,0.1704999953508377,0.15019124746322632,0.375761479139328,0.2781181037425995,0.015224670991301537,0.366624116897583
1,straight,6.26,1.2213752269744873,0.015399934723973274,0.1704999953508377,0.15088564157485962,0.375761479139328,0.3148857057094574,0.015399934723973274,0.35902002453804016
1,straight,6.28,1.2282111644744873,0.014880088157951832,0.1704999953508377,0.15218856930732727,0.375761479139328,0.3865853250026703,0.014880088157951832,0.36714473366737366
1,straight,6.3,1.2366509437561035,0.013897808268666267,0.1704999953508377,0.1536005288362503,0.375761479139328,0.4583955705165863,0.013897808268666267,0.38911888003349304
1,straight,6.32,1.2463891506195068,0.012784606777131557,0.1704999953508377,0.15493057668209076,0.375761479139328,0.5136468410491943,0.012784606777131557,0.4183403253555298
1,straight,6.34,1.2570754289627075,0.012044242583215237,0.1704999953508377,0.15660148859024048,0.375761479139328,0.542635977268219,0.012044242583215237,0.4537133276462555
1,straight,6.36,1.267107367515564,0.012175993993878365,0.1704999953508377,0.15775974094867706,0.375761479139328,0.4656434953212738,0.012175993993878365,0.47371113300323486
1,straight,6.38,1.2756365537643433,0.012651750817894936,0.1704999953508377,0.15806376934051514,0.375761479139328,0.39787667989730835,0.012651750817894936,0.44857653975486755
1,straight,6.4,1.2821663618087769,0.014168206602334976,0.1704999953508377,0.15827800333499908,0.375761479139328,0.26845303177833557,0.014168206602334976,0.414201945066452
1,straight,6.42,1.2868510484695435,0.0166678074747324,0.1704999953508377,0.15861336886882782,0.375761479139328,0.20536644756793976,0.0166678074747324,0.3896494209766388
1,straight,6.44,1.2904127836227417,0.019615788012742996,0.1704999953508377,0.1585303694009781,0.375761479139328,0.15613558888435364,0.019615788012742996,0.4107299745082855
1,straight,6.46,1.293642520904541,0.023381125181913376,0.1704999953508377,0.1583949625492096,0.375761479139328,0.14495131373405457,0.023381125181913376,0.39568570256233215
1,straight,6.48,1.2964863777160645,0.027978140860795975,0.1704999953508377,0.15825961530208588,0.375761479139328,0.12272350490093231,0.027978140860795975,0.3736744821071625
1,straight,6.5,1.2995266914367676,0.032418832182884216,0.1704999953508377,0.15781405568122864,0.375761479139328,0.16119816899299622,0.032418832182884216,0.3678513765335083
1,straight,6.5200000000000005,1.3030164241790771,0.03658024221658707,0.1704999953508377,0.15702493488788605,0.375761479139328,0.1653311848640442,0.03658024221658707,0.3556835651397705
1,straight,6.54,1.3063304424285889,0.03976181522011757,0.1704999953508377,0.1559790074825287,0.375761479139328,0.14411845803260803,0.03976181522011757,0.34568682312965393
1,straight,6.5600000000000005,1.3091264963150024,0.0413363017141819,0.1704999953508377,0.1546366661787033,0.375761479139328,0.1245601549744606,0.0413363017141819,0.3559057116508484
1,straight,6.58,1.3116248846054077,0.04130363091826439,0.1704999953508377,0.15287888050079346,0.375761479139328,0.1162218376994133,0.04130363091826439,0.3451966941356659
1,straight,6.6000000000000005,1.3136204481124878,0.040514443069696426,0.1704999953508377,0.15104180574417114,0.375761479139328,0.07831192761659622,0.040514443069696426,0.3363860249519348
1,straight,6.62,1.3151137828826904,0.039146289229393005,0.1704999953508377,0.14916753768920898,0.375761479139328,0.07020886242389679,0.039146289229393005,0.324874609708786
1,straight,6.640000000000001,1.315666675567627,0.03769910708069801,0.1704999953508377,0.14761097729206085,0.375761479139328,-0.010829069651663303,0.03769910708069801,0.31860727071762085
1,straight,6.66,1.3152689933776855,0.03627283126115799,0.1704999953508377,0.14650468528270721,0.375761479139328,-0.025239527225494385,0.03627283126115799,0.30721765756607056
1,straight,6.68,1.3149739503860474,0.03473639488220215,0.1704999953508377,0.1455056071281433,0.375761479139328,-0.008860546164214611,0.03473639488220215,0.29629045724868774
1,straight,6.7,1.3149603605270386,0.033201172947883606,0.1704999953508377,0.1452055722475052,0.375761479139328,0.009958278387784958,0.033201172947883606,0.28761160373687744
1,straight,6.72,1.3147200345993042,0.03203060105443001,0.1704999953508377,0.14503470063209534,0.375761479139328,-0.026597248390316963,0.03203060105443001,0.32739874720573425
1,straight,6.74,1.3147871494293213,0.031153760850429535,0.1704999953508377,0.14477959275245667,0.375761479139328,0.028162045404314995,0.031153760850429535,0.3001568913459778
1,straight,6.76,1.3160268068313599,0.030362773686647415,0.1704999953508377,0.14426015317440033,0.375761479139328,0.09373196214437485,0.030362773686647415,0.32828763127326965
1,straight,6.78,1.3175666332244873,0.03013290837407112,0.1704999953508377,0.1433166265487671,0.375761479139328,0.05832485482096672,0.03013290837407112,0.32584717869758606
1,straight,6.8,1.3184643983840942,0.02978917770087719,0.1704999953508377,0.14279665052890778,0.375761479139328,0.03115973249077797,0.02978917770087719,0.29873329401016235
1,straight,6.82,1.3192816972732544,0.028840642422437668,0.1704999953508377,0.1435384601354599,0.375761479139328,0.045774511992931366,0.028840642422437668,0.31072723865509033
1,straight,6.84,1.3206143379211426,0.027999889105558395,0.1704999953508377,0.14467988908290863,0.375761479139328,0.08210532367229462,0.027999889105558395,0.3075754642486572
1,straight,6.86,1.3218916654586792,0.027874695137143135,0.1704999953508377,0.14584852755069733,0.375761479139328,0.04720614477992058,0.027874695137143135,0.3112049996852875
1,straight,6.88,1.3223764896392822,0.028616182506084442,0.1704999953508377,0.14695967733860016,0.375761479139328,0.00544783566147089,0.028616182506084442,0.3097246289253235
1,straight,6.9,1.322678804397583,0.02936408296227455,0.1704999953508377,0.147492453455925,0.375761479139328,0.018378840759396553,0.02936408296227455,0.3058711588382721
1,straight,6.92,1.3228085041046143,0.029834482818841934,0.1704999953508377,0.14713001251220703,0.375761479139328,0.0008469114545732737,0.029834482818841934,0.2992439866065979
1,straight,6.94,1.3227810859680176,0.030631665140390396,0.1704999953508377,0.1465269923210144,0.375761479139328,-0.002045643050223589,0.030631665140390396,0.28652265667915344
1,straight,6.96,1.3228052854537964,0.03127085044980049,0.1704999953508377,0.14660415053367615,0.375761479139328,0.006029970943927765,0.03127085044980049,0.2855815887451172
1,straight,6.98,1.3227735757827759,0.03184254840016365,0.1704999953508377,0.14714370667934418,0.375761479139328,-0.004335131961852312,0.03184254840016365,0.2987085282802582
1,straight,7.0,1.32346773147583,0.03237151727080345,0.1704999953508377,0.14755280315876007,0.375761479139328,0.07254088670015335,0.03237151727080345,0.3096408247947693
1,straight,7.0200000000000005,1.3254613876342773,0.03207864612340927,0.1704999953508377,0.1483944058418274,0.375761479139328,0.12621039152145386,0.03207864612340927,0.31157752871513367
1,straight,7.04,1.3278801441192627,0.03115007095038891,0.1704999953508377,0.14947658777236938,0.375761479139328,0.1120881587266922,0.03115007095038891,0.3122825622558594
1,straight,7.0600000000000005,1.330917477607727,0.030257368460297585,0.1704999953508377,0.15013113617897034,0.375761479139328,0.17592942714691162,0.030257368460297585,0.3272489905357361
1,straight,7.08,1.3346649408340454,0.02949131652712822,0.1704999953508377,0.1502743810415268,0.375761479139328,0.19540035724639893,0.02949131652712822,0.33594998717308044
1,straight,7.1000000000000005,1.3380510807037354,0.02921152301132679,0.1704999953508377,0.14999015629291534,0.375761479139328,0.15213140845298767,0.02921152301132679,0.36342108249664307
1,straight,7.12,1.3404117822647095,0.028974177315831184,0.1704999953508377,0.1494605541229248,0.375761479139328,0.0856030136346817,0.028974177315831184,0.34525635838508606
1,straight,7.140000000000001,1.342239260673523,0.02903963252902031,0.1704999953508377,0.14952018857002258,0.375761479139328,0.09993555396795273,0.02903963252902031,0.3553737998008728
1,straight,7.16,1.3437830209732056,0.029676102101802826,0.1704999953508377,0.1501692831516266,0.375761479139328,0.07091378420591354,0.029676102101802826,0.3492048978805542
1,straight,7.18,1.344628930091858,0.029985466971993446,0.1704999953508377,0.150392547249794,0.375761479139328,0.02687103860080242,0.029985466971993446,0.35084056854248047
1,straight,7.2,1.3449647426605225,0.030483722686767578,0.1704999953508377,0.15004609525203705,0.375761479139328,0.008360393345355988,0.030483722686767578,0.3567885756492615
1,straight,7.22,1.3452311754226685,0.031140830367803574,0.1704999953508377,0.14914138615131378,0.375761479139328,0.012569044716656208,0.031140830367803574,0.3644084930419922
1,straight,7.24,1.3455077409744263,0.03198247775435448,0.1704999953508377,0.14831779897212982,0.375761479139328,0.016936026513576508,0.03198247775435448,0.3841761350631714
1,straight,7.26,1.3452988862991333,0.0335836298763752,0.1704999953508377,0.14740096032619476,0.375761479139328,-0.024439077824354172,0.0335836298763752,0.3989309072494507
1,straight,7.28,1.3444361686706543,0.03537050262093544,0.1704999953508377,0.14622166752815247,0.375761479139328,-0.04889480397105217,0.03537050262093544,0.4005204439163208
1,straight,7.3,1.3439608812332153,0.03653789311647415,0.1704999953508377,0.1448683738708496,0.375761479139328,0.008217374794185162,0.03653789311647415,0.4031831622123718
1,straight,7.32,1.3439552783966064,0.03734666481614113,0.1704999953508377,0.14362923800945282,0.375761479139328,0.001867510611191392,0.03734666481614113,0.4095199704170227
1,straight,7.34,1.3445402383804321,0.03876538202166557,0.1704999953508377,0.1433396339416504,0.375761479139328,0.05039495602250099,0.03876538202166557,0.39866286516189575
1,straight,7.36,1.3463959693908691,0.03998406231403351,0.1704999953508377,0.14436307549476624,0.375761479139328,0.11400718241930008,0.03998406231403351,0.4154167175292969
1,straight,7.38,1.3486857414245605,0.04114687815308571,0.1704999953508377,0.14598028361797333,0.375761479139328,0.11699619889259338,0.04114687815308571,0.4151526391506195
1,straight,7.4,1.3519657850265503,0.04255169630050659,0.1704999953508377,0.1476101279258728,0.375761479139328,0.19319824874401093,0.04255169630050659,0.4183071255683899
1,straight,7.42,1.3560692071914673,0.044287823140621185,0.1704999953508377,0.14951251447200775,0.375761479139328,0.20799703896045685,0.044287823140621185,0.42150434851646423
1,straight,7.44,1.3602242469787598,0.0467720627784729,0.1704999953508377,0.15207254886627197,0.375761479139328,0.19599252939224243,0.0467720627784729,0.4286937117576599
1,straight,7.46,1.364230751991272,0.04966849088668823,0.1704999953508377,0.1541500836610794,0.375761479139328,0.19450174272060394,0.04966849088668823,0.4303287863731384
1,straight,7.48,1.3682842254638672,0.05226648226380348,0.1704999953508377,0.15503156185150146,0.375761479139328,0.19453246891498566,0.05226648226380348,0.4307144284248352
1,straight,7.5,1.3719751834869385,0.05454975739121437,0.1704999953508377,0.15512065589427948,0.375761479139328,0.17562906444072723,0.05454975739121437,0.43636006116867065
1,straight,7.5200000000000005,1.3750290870666504,0.05721820518374443,0.1704999953508377,0.1543341875076294,0.375761479139328,0.12902429699897766,0.05721820518374443,0.43867576122283936
1,straight,7.54,1.3773730993270874,0.05963439494371414,0.1704999953508377,0.15216350555419922,0.375761479139328,0.11687447130680084,0.05963439494371414,0.44396835565567017
1,straight,7.5600000000000005,1.3801400661468506,0.06080207973718643,0.1704999953508377,0.14980287849903107,0.375761479139328,0.16726887226104736,0.06080207973718643,0.39332520961761475
1,straight,7.58,1.3834971189498901,0.06030306592583656,0.1704999953508377,0.14828354120254517,0.375761479139328,0.17626580595970154,0.06030306592583656,0.36101242899894714
1,straight,7.6000000000000005,1.3874731063842773,0.058478109538555145,0.1704999953508377,0.14834019541740417,0.375761479139328,0.23137414455413818,0.058478109538555145,0.3597013056278229
1,straight,7.62,1.3922666311264038,0.05623887479305267,0.1704999953508377,0.15021377801895142,0.375761479139328,0.2733754813671112,0.05623887479305267,0.34671053290367126
1,straight,7.640000000000001,1.39838707447052,0.053486622869968414,0.1704999953508377,0.153618723154068,0.375761479139328,0.34934690594673157,0.053486622869968414,0.3686929941177368
1,straight,7.66,1.4056118726730347,0.05005257949233055,0.1704999953508377,0.15815044939517975,0.375761479139328,0.376053124666214,0.05005257949233055,0.3948434889316559
1,straight,7.68,1.4122207164764404,0.04691232740879059,0.1704999953508377,0.1631287783384323,0.375761479139328,0.29444360733032227,0.04691232740879059,0.41383445262908936
1,straight,7.7,1.4172242879867554,0.04550802335143089,0.1704999953508377,0.16776971518993378,0.375761479139328,0.20188090205192566,0.04550802335143089,0.41066616773605347
1,straight,7.72,1.42055082321167,0.04530957713723183,0.1704999953508377,0.17144209146499634,0.375761479139328,0.1386788934469223,0.04530957713723183,0.3997654914855957
1,straight,7.74,1.4227652549743652,0.04536430165171623,0.1704999953508377,0.17438514530658722,0.375761479139328,0.0941518247127533,0.04536430165171623,0.3878653049468994
1,straight,7.76,1.4249236583709717,0.045740723609924316,0.1704999953508377,0.17691408097743988,0.375761479139328,0.1065681129693985,0.045740723609924316,0.39305242896080017
1,straight,7.78,1.4269274473190308,0.04631766304373741,0.1704999953508377,0.1790776401758194,0.375761479139328,0.07936855405569077,0.04631766304373741,0.3881160318851471
1,straight,7.8,1.4290422201156616,0.046968989074230194,0.1704999953508377,0.1798362284898758,0.375761479139328,0.10024566203355789,0.046968989074230194,0.37721163034439087
1,straight,7.82,1.4311155080795288,0.04824298247694969,0.1704999953508377,0.17908981442451477,0.375761479139328,0.08523088693618774,0.04824298247694969,0.37864869832992554
1,straight,7.84,1.43276846408844,0.050021786242723465,0.1704999953508377,0.17661969363689423,0.375761479139328,0.06628306955099106,0.050021786242723465,0.38016289472579956
1,straight,7.86,1.4349782466888428,0.051634397357702255,0.1704999953508377,0.17211908102035522,0.375761479139328,0.13804903626441956,0.051634397357702255,0.3822612166404724
1,straight,7.88,1.437988042831421,0.05238565057516098,0.1704999953508377,0.1664515733718872,0.375761479139328,0.13771952688694,0.05238565057516098,0.3677962124347687
1,straight,7.9,1.4408345222473145,0.051644619554281235,0.1704999953508377,0.16098371148109436,0.375761479139328,0.13801166415214539,0.051644619554281235,0.36468905210494995
1,straight,7.92,1.4438707828521729,0.04995322600007057,0.1704999953508377,0.15590329468250275,0.375761479139328,0.15720707178115845,0.04995322600007057,0.3476541042327881
1,straight,7.94,1.447299599647522,0.04807000607252121,0.1704999953508377,0.15137729048728943,0.375761479139328,0.18042513728141785,0.04807000607252121,0.33239999413490295
1,straight,7.96,1.4502860307693481,0.04636655002832413,0.1704999953508377,0.14802493155002594,0.375761479139328,0.12071466445922852,0.04636655002832413,0.3106011748313904
