suite,path_shape,repeat,conditions,task_success_rate,survival_rate,strict_arrival_rate,base_failure_rate,active_cross_track_rmse_m,active_cross_track_p95_m,active_cross_track_max_m,active_height_mae_m,arrival_speed_abs_error_m_s
fast_crouch_to_walk,coherent_smooth,0,5,0.8,1.0,1.0,0.0,0.0580275224721712,0.10833013121038677,0.11433463841676712,0.01793811263146413,0.010999468565544391
fast_crouch_to_walk,coherent_smooth,1,5,1.0,1.0,1.0,0.0,0.06238209517922535,0.1204614846408367,0.13466999381780625,0.017635348534075123,0.012521747555915352
fast_crouch_to_walk,coherent_smooth,2,5,0.8,1.0,0.8,0.0,0.06882350178621491,0.12314376838505266,0.13381548076868058,0.01759662096028157,0.015434169239673556
fast_crouch_to_walk,coherent_smooth,3,5,0.6,0.8,0.8,0.2,0.060126818122054185,0.10408439263701438,0.11349056214094162,0.022516334491662324,0.1255156781157202
fast_crouch_to_walk,coherent_smooth,4,5,0.6,0.8,0.8,0.2,0.04243263705121926,0.07881925642490387,0.08397702872753143,0.018717316571605518,0.023918348680038642
fast_crouch_to_walk,coherent_smooth,5,5,1.0,1.0,1.0,0.0,0.04363962515201715,0.08965536039322615,0.09610505551099777,0.016762090915170103,0.012836437796136146
fast_crouch_to_walk,coherent_smooth,6,5,0.8,1.0,0.8,0.0,0.05380660913926001,0.1022709287703037,0.11615815758705139,0.01918933853342721,0.019816664688488722
fast_crouch_to_walk,coherent_smooth,7,5,0.8,1.0,1.0,0.0,0.05116208181239655,0.09737454798072577,0.10997687131166459,0.02099896752935789,0.031080048238463043
fast_crouch_to_walk,coherent_smooth,8,5,1.0,1.0,1.0,0.0,0.06942251370016353,0.13213426947593687,0.14389587938785553,0.018068374357821916,0.008688919753933266
fast_crouch_to_walk,coherent_smooth,9,5,1.0,1.0,1.0,0.0,0.06812620707968227,0.12466711483895776,0.13345630168914796,0.022719173039283846,0.017438081050523736
fast_crouch_to_walk,coherent_smooth,10,5,1.0,1.0,1.0,0.0,0.05217663864349722,0.09636688038706778,0.10831092298030853,0.016261204616965362,0.014497764804447732
fast_crouch_to_walk,coherent_smooth,11,5,0.8,1.0,0.8,0.0,0.05485113224622218,0.11050601009279488,0.1235858142375946,0.017052151495621254,0.01139494689242479
fast_crouch_to_walk,coherent_smooth,12,5,1.0,1.0,1.0,0.0,0.05212119218353112,0.10232074327766894,0.11365757212042808,0.017796991697906352,0.018121844552144516
fast_crouch_to_walk,coherent_smooth,13,5,0.4,1.0,1.0,0.0,0.048950848227627214,0.09261195465922356,0.10074183866381645,0.018275448949117895,0.017089811280645174
fast_crouch_to_walk,coherent_smooth,14,5,1.0,1.0,1.0,0.0,0.05320892826864484,0.10068310171365738,0.10779580026865006,0.02096204853087775,0.01436751434726371
fast_crouch_to_walk,coherent_smooth,15,5,1.0,1.0,1.0,0.0,0.05861387932479312,0.11053366251289845,0.12561381757259368,0.01880667934086257,0.01417279027863938
fast_crouch_to_walk,coherent_smooth,16,5,0.6,1.0,1.0,0.0,0.06395718902480564,0.12625910084694625,0.13204028606414794,0.018047599501260194,0.02355313420359213
fast_crouch_to_walk,coherent_smooth,17,5,0.8,1.0,1.0,0.0,0.05374720349052524,0.10523874238133428,0.11591598093509674,0.01787239762598616,0.015423444838071832
fast_crouch_to_walk,coherent_smooth,18,5,0.8,1.0,0.8,0.0,0.07052234452745731,0.1504940830171108,0.16154275834560394,0.016111089632061846,0.016139122085159163
fast_crouch_to_walk,coherent_smooth,19,5,0.4,1.0,1.0,0.0,0.06070594930391661,0.10125998958945273,0.11017847061157227,0.019541228923835648,0.026462013523882465
fast_crouch_to_walk,coherent_smooth,20,5,0.6,1.0,0.6,0.0,0.04744762106201736,0.08036873765289784,0.08759606257081032,0.020396142902771457,0.023385951672039423
fast_crouch_to_walk,coherent_smooth,21,5,0.6,1.0,0.8,0.0,0.06280483019181198,0.12233021885156632,0.1341208517551422,0.016996926847582486,0.026634399033328926
fast_crouch_to_walk,coherent_smooth,22,5,0.8,1.0,0.8,0.0,0.04951178189571899,0.09409063350409266,0.1028978705406189,0.016183145177640055,0.008360667505842634
fast_crouch_to_walk,coherent_smooth,23,5,0.8,1.0,0.8,0.0,0.05551482845023542,0.11241199076175687,0.1225733682513237,0.017527188572979115,0.007726145991917871
fast_crouch_to_walk,coherent_smooth,24,5,0.6,1.0,1.0,0.0,0.04666768532860656,0.08545508630573748,0.09508825093507767,0.019021761298959636,0.019055301478554786
fast_crouch_to_walk,coherent_smooth,25,5,0.8,1.0,1.0,0.0,0.04844438574243286,0.09765349939465523,0.10707246363162995,0.01787907196447654,0.025204782304330653
fast_crouch_to_walk,coherent_smooth,26,5,0.8,1.0,0.6,0.0,0.0351559366779881,0.06369231488555667,0.07154830619692802,0.016296721092795723,0.013038975779224415
fast_crouch_to_walk,coherent_smooth,27,5,1.0,1.0,1.0,0.0,0.04553974455357453,0.08094544030725954,0.0891012042760849,0.01709200955991142,0.01580363198740007
fast_crouch_to_walk,coherent_smooth,28,5,0.8,0.8,0.8,0.2,0.0487814612870391,0.09497096106410026,0.1067059114575386,0.01723268846223578,0.019992450915347987
fast_crouch_to_walk,coherent_smooth,29,5,1.0,1.0,1.0,0.0,0.06677870819518514,0.1377825731039047,0.1541170820593834,0.016595044773995885,0.012479056255076592
fast_crouch_to_walk,coherent_smooth,30,5,0.6,1.0,1.0,0.0,0.0356990783097041,0.06608521029353143,0.07489176690578461,0.018758328999609268,0.0285532614963101
fast_crouch_to_walk,coherent_smooth,31,5,0.6,1.0,0.8,0.0,0.05306525519164364,0.11018508829176424,0.11915720328688621,0.017302870058286117,0.022714174616323024
fast_crouch_to_walk,coherent_smooth,32,5,0.6,0.8,0.8,0.2,0.05716011052033652,0.11148288354277609,0.12295268774032593,0.019118708700573743,0.025888510747956867
fast_crouch_to_walk,coherent_smooth,33,5,0.6,0.8,0.8,0.2,0.04373392493797325,0.08499540738761424,0.09444260001182556,0.01900701113968375,0.012174980308009675
fast_crouch_to_walk,coherent_smooth,34,5,0.6,1.0,0.8,0.0,0.060459717808333216,0.1273269385099411,0.1378255531191826,0.017170047508269053,0.019706683749135145
fast_crouch_to_walk,coherent_smooth,35,5,0.8,1.0,1.0,0.0,0.04358802228210516,0.08435075253248213,0.09448600858449936,0.016717413411289062,0.02319300534029416
fast_crouch_to_walk,coherent_smooth,36,5,0.6,1.0,1.0,0.0,0.05513334840594081,0.1094271744042635,0.12114848792552949,0.0214741824013584,0.012948252560692408
fast_crouch_to_walk,coherent_smooth,37,5,0.8,1.0,1.0,0.0,0.0587263271788648,0.13065602205693722,0.14304118752479553,0.01625670047514833,0.015509308568252634
fast_crouch_to_walk,coherent_smooth,38,5,0.6,1.0,0.8,0.0,0.05814269269485426,0.11100264035165311,0.12456715106964111,0.015522974132018566,0.025943071781146354
fast_crouch_to_walk,coherent_smooth,39,5,0.8,1.0,1.0,0.0,0.0427772169157788,0.07294416133314371,0.07966754734516143,0.01669783809874701,0.02517047675101214
fast_crouch_to_walk,coherent_smooth,40,5,0.8,1.0,1.0,0.0,0.0519686418890703,0.09201871424913406,0.10024084001779557,0.017652048568073578,0.018135385937093008
fast_crouch_to_walk,coherent_smooth,41,5,0.8,1.0,0.8,0.0,0.06323964731862136,0.12326098166406152,0.134141044318676,0.01680193160814699,0.01609085200604035
fast_crouch_to_walk,coherent_smooth,42,5,0.8,1.0,0.8,0.0,0.0463226007364753,0.09519871957600115,0.10471616089344024,0.019438686982081788,0.016875698582909937
fast_crouch_to_walk,coherent_smooth,43,5,0.8,1.0,1.0,0.0,0.048912522784923675,0.09409134410321711,0.10295837372541428,0.01843371839135674,0.01970488213338879
fast_crouch_to_walk,coherent_smooth,44,5,0.6,1.0,1.0,0.0,0.04565857408005567,0.08394428327679634,0.08984048515558243,0.019516484807138794,0.07608299805732222
fast_crouch_to_walk,coherent_smooth,45,5,0.6,1.0,1.0,0.0,0.05747394611511035,0.1292892625182867,0.14402613192796707,0.017006273627156662,0.01518239565730226
fast_crouch_to_walk,coherent_smooth,46,5,0.8,1.0,0.8,0.0,0.06204007972098473,0.11560665167868138,0.12940127700567244,0.016859980630546605,0.01901195975684608
fast_crouch_to_walk,coherent_smooth,47,5,1.0,1.0,1.0,0.0,0.05435336963597394,0.09953398495912551,0.10677575841546058,0.018664400115534586,0.022934231910268443
fast_crouch_to_walk,coherent_smooth,48,5,0.8,1.0,1.0,0.0,0.06635049170051478,0.12275787852704526,0.13377161622047423,0.018499729134591573,0.020220025740889103
fast_crouch_to_walk,coherent_smooth,49,5,0.6,1.0,0.8,0.0,0.04549868905786628,0.08342294752597808,0.09015730619430543,0.01748128969021514,0.01924498352282683
fast_crouch_to_walk,hard_waypoint,0,5,0.6,1.0,0.6,0.0,0.07635736707085192,0.14497484952211379,0.15990598648786544,0.018191196681815798,0.0092829742548034
fast_crouch_to_walk,hard_waypoint,1,5,0.6,1.0,1.0,0.0,0.12414046868148157,0.22237820915877818,0.23724057674407958,0.01926053410582102,0.04427546177936339
fast_crouch_to_walk,hard_waypoint,2,5,0.4,1.0,0.6,0.0,0.06009996294056667,0.10646308504045007,0.1437227249145508,0.020108369356535184,0.03099638806536224
fast_crouch_to_walk,hard_waypoint,3,5,1.0,1.0,1.0,0.0,0.05837883835293125,0.10571529924869535,0.11907429695129394,0.01659071214504187,0.020652982450648394
fast_crouch_to_walk,hard_waypoint,4,5,0.6,1.0,0.8,0.0,0.06653977311814856,0.13209512464702128,0.14254725724458694,0.018722977150113285,0.0227566636803663
fast_crouch_to_walk,hard_waypoint,5,5,1.0,1.0,1.0,0.0,0.07539674305032659,0.14128694154322147,0.15414469540119172,0.0165637269523157,0.01852415674984258
fast_crouch_to_walk,hard_waypoint,6,5,0.8,1.0,1.0,0.0,0.07737376119594545,0.14135104060173032,0.15733612477779388,0.020312290388224,0.025264810575949603
fast_crouch_to_walk,hard_waypoint,7,5,0.6,0.8,0.8,0.0,0.054311482882458004,0.10422085233032703,0.1256030410528183,0.016645833227158853,0.01405315168732138
fast_crouch_to_walk,hard_waypoint,8,5,0.8,1.0,1.0,0.0,0.07760024276720785,0.17156433470547197,0.18981533646583557,0.020022047970828898,0.013613197091909246
fast_crouch_to_walk,hard_waypoint,9,5,0.8,1.0,1.0,0.0,0.09380454395848022,0.2151248264312744,0.25703402161598204,0.020934446578774923,0.009920172322315391
fast_crouch_to_walk,hard_waypoint,10,5,0.6,1.0,1.0,0.0,0.11264483382994746,0.2057506939768791,0.22121153473854066,0.020233997120296963,0.02439335649510488
fast_crouch_to_walk,hard_waypoint,11,5,0.8,0.8,0.8,0.2,0.05679980187398218,0.10776173047721387,0.12399275600910187,0.019190076935709493,0.01609257727631616
fast_crouch_to_walk,hard_waypoint,12,5,1.0,1.0,1.0,0.0,0.09181472661863635,0.15998171448707582,0.17666816264390944,0.019902731634006354,0.016113152903423366
fast_crouch_to_walk,hard_waypoint,13,5,1.0,1.0,1.0,0.0,0.06261490594928434,0.12411731004714965,0.14421574026346207,0.015252922751453546,0.011682335075642647
fast_crouch_to_walk,hard_waypoint,14,5,1.0,1.0,1.0,0.0,0.05642479942906009,0.10681575909256932,0.12050498723983764,0.018165338641868103,0.019509803753092258
fast_crouch_to_walk,hard_waypoint,15,5,1.0,0.8,0.6,0.0,0.08017363452187375,0.16438474386930463,0.17543225288391112,0.01718903059421236,0.029081051958957604
fast_crouch_to_walk,hard_waypoint,16,5,1.0,1.0,1.0,0.0,0.07056452754786566,0.12896072134375572,0.14032952338457108,0.015659588607351442,0.021279677045198377
fast_crouch_to_walk,hard_waypoint,17,5,1.0,0.8,1.0,0.0,0.0721386807263648,0.13393059387803077,0.14830104112625123,0.01726397812622299,0.014480159491393274
fast_crouch_to_walk,hard_waypoint,18,5,0.8,1.0,1.0,0.0,0.05194312312136876,0.10995011832565067,0.12213542014360428,0.017970789305975305,0.01608671659855192
fast_crouch_to_walk,hard_waypoint,19,5,1.0,1.0,1.0,0.0,0.07849417528016542,0.16761892616748805,0.18809810876846314,0.018348205488821066,0.017133902602522233
fast_crouch_to_walk,hard_waypoint,20,5,0.8,1.0,1.0,0.0,0.07425131392110691,0.13117224052548407,0.16011137068271636,0.01762830068488529,0.02786606814313224
fast_crouch_to_walk,hard_waypoint,21,5,0.6,1.0,0.8,0.0,0.053743609430539,0.10421563349664209,0.1237894207239151,0.016991971134114405,0.02617966561552343
fast_crouch_to_walk,hard_waypoint,22,5,0.8,1.0,1.0,0.0,0.08725697629796056,0.19113954603672026,0.23188364505767822,0.018200185145367555,0.024959500680527814
fast_crouch_to_walk,hard_waypoint,23,5,1.0,1.0,1.0,0.0,0.08549636673881902,0.16195690885186192,0.18104176819324494,0.019545622002921557,0.0265935368800585
fast_crouch_to_walk,hard_waypoint,24,5,1.0,1.0,1.0,0.0,0.07407140726843649,0.14603320494294164,0.17288031578063964,0.018642861500936254,0.016882154839974996
fast_crouch_to_walk,hard_waypoint,25,5,1.0,1.0,0.8,0.0,0.10809355537241834,0.20076333254575726,0.21532007455825805,0.02051131315043089,0.03194229417075556
fast_crouch_to_walk,hard_waypoint,26,5,0.8,1.0,1.0,0.0,0.04896048595557732,0.09409535728394983,0.12513449490070344,0.019374467533725855,0.023901524093580262
fast_crouch_to_walk,hard_waypoint,27,5,1.0,1.0,1.0,0.0,0.06866801728374956,0.13685119830071923,0.17004786878824235,0.019579797094705958,0.01741368670477188
fast_crouch_to_walk,hard_waypoint,28,5,0.6,1.0,1.0,0.0,0.06621551959194223,0.14063530050218104,0.15142162144184113,0.01866792209180663,0.022493437573031107
fast_crouch_to_walk,hard_waypoint,29,5,0.4,1.0,0.8,0.0,0.05606075221141791,0.10358041755855082,0.12627967000007628,0.018075260266550215,0.026938962793944393
fast_crouch_to_walk,hard_waypoint,30,5,1.0,1.0,1.0,0.0,0.08085286851425896,0.15013263672590252,0.1683427646756172,0.01964801355920654,0.014773447539310914
fast_crouch_to_walk,hard_waypoint,31,5,0.6,1.0,1.0,0.0,0.11230672700774717,0.2009579186141491,0.22068795263767244,0.020420404611229185,0.026879200787226654
fast_crouch_to_walk,hard_waypoint,32,5,1.0,0.8,1.0,0.0,0.05748902869022042,0.103116100654006,0.1127354770898819,0.016994304080520845,0.01994674103978873
fast_crouch_to_walk,hard_waypoint,33,5,0.6,0.8,0.8,0.2,0.06478497089764448,0.1281792881339788,0.15164656937122345,0.02181324223997257,0.016714041144154285
fast_crouch_to_walk,hard_waypoint,34,5,0.8,0.8,1.0,0.2,0.07859403796220144,0.15500886529684066,0.18047332316637038,0.017558462852957916,0.0351298156809283
fast_crouch_to_walk,hard_waypoint,35,5,1.0,1.0,1.0,0.0,0.0676839056041212,0.150195727199316,0.1770486444234848,0.020560100936404674,0.01398865905322395
fast_crouch_to_walk,hard_waypoint,36,5,0.8,1.0,1.0,0.0,0.051081659865453856,0.10619798965752122,0.12431856393814086,0.02016701861372453,0.019619329805479202
fast_crouch_to_walk,hard_waypoint,37,5,0.8,1.0,0.8,0.0,0.06443010790417605,0.12129488728940485,0.14228182137012482,0.0163296403171107,0.0194233526110609
fast_crouch_to_walk,hard_waypoint,38,5,0.6,1.0,0.8,0.0,0.057960091127193206,0.10887098684906957,0.1256549119949341,0.01729155118214714,0.013887057527640051
fast_crouch_to_walk,hard_waypoint,39,5,0.6,1.0,1.0,0.0,0.08196976976301813,0.16337752185761928,0.18528843224048613,0.018537440940157128,0.024815405494270103
fast_crouch_to_walk,hard_waypoint,40,5,0.4,1.0,1.0,0.0,0.061144764909903046,0.1300750448554754,0.15428420305252075,0.015956981439857125,0.029887881148839536
fast_crouch_to_walk,hard_waypoint,41,5,0.8,1.0,1.0,0.0,0.05078413075851129,0.10904357858002181,0.14208697974681855,0.014864683035903787,0.016834193431360434
fast_crouch_to_walk,hard_waypoint,42,5,0.8,1.0,1.0,0.0,0.055724268560970014,0.11223888102918862,0.1187716081738472,0.018202006287662265,0.021644861822005847
fast_crouch_to_walk,hard_waypoint,43,5,0.6,1.0,0.8,0.0,0.08098862238213789,0.16577544182538986,0.18903011381626128,0.022089369372791837,0.018320841153130263
fast_crouch_to_walk,hard_waypoint,44,5,0.2,1.0,1.0,0.0,0.05343681896415868,0.09688765726983548,0.1037708930671215,0.016618814030957402,0.03362452253968318
fast_crouch_to_walk,hard_waypoint,45,5,0.6,1.0,1.0,0.0,0.09829225623089015,0.18433343045413494,0.19518711417913437,0.02018855220835005,0.07863700022135645
fast_crouch_to_walk,hard_waypoint,46,5,1.0,1.0,1.0,0.0,0.05179800919348422,0.09019817590713501,0.0974520280957222,0.017073023562694054,0.01788807077442638
fast_crouch_to_walk,hard_waypoint,47,5,1.0,1.0,1.0,0.0,0.07496034774857668,0.12968709282577034,0.14425146132707595,0.0205195341930928,0.01973155129083697
fast_crouch_to_walk,hard_waypoint,48,5,1.0,1.0,1.0,0.0,0.07751909054894639,0.14794947564601896,0.1572712928056717,0.018875411663739378,0.005817396448850642
fast_crouch_to_walk,hard_waypoint,49,5,0.8,1.0,1.0,0.0,0.0747910436175077,0.14266568206250668,0.16465783268213272,0.02149928683788796,0.01991983105563715
fast_crouch_to_walk,procedural,0,5,0.6,1.0,1.0,0.0,0.04352743201940419,0.08674598708748817,0.09536324441432953,0.021197994089134718,0.020187891290664207
fast_crouch_to_walk,procedural,1,5,0.6,1.0,1.0,0.0,0.040954492764902976,0.0749294827878475,0.08528588563203812,0.017567473876547175,0.02195595074257233
fast_crouch_to_walk,procedural,2,5,0.8,1.0,0.6,0.0,0.04841397256635085,0.10346313536167144,0.11471001356840134,0.017858993708821057,0.023652837232431573
fast_crouch_to_walk,procedural,3,5,1.0,1.0,1.0,0.0,0.046879907557040953,0.08359428174793719,0.09064393565058708,0.015364620429363058,0.018733020503253827
fast_crouch_to_walk,procedural,4,5,0.6,1.0,0.6,0.0,0.04351191271810666,0.08632849328219891,0.09455462396144867,0.017934697249417385,0.021354522926961567
fast_crouch_to_walk,procedural,5,5,0.6,1.0,0.8,0.0,0.040915709073037945,0.07589998517185449,0.08769316822290421,0.01930440555862626,0.018050910540065357
fast_crouch_to_walk,procedural,6,5,0.8,1.0,1.0,0.0,0.046054393722909995,0.09303670048713684,0.10496833920478821,0.015383370820620157,0.01812920682749992
fast_crouch_to_walk,procedural,7,5,0.8,0.8,0.8,0.2,0.040345015446209276,0.07429383974522352,0.08773581087589263,0.019461303459116043,0.020105785094616996
fast_crouch_to_walk,procedural,8,5,0.8,1.0,0.6,0.0,0.04939310774400815,0.09958863869309426,0.1104464739561081,0.019281392880728384,0.022933118838506978
fast_crouch_to_walk,procedural,9,5,1.0,1.0,0.8,0.0,0.05462685407885661,0.1143556535616517,0.1186501443386078,0.017219430408660284,0.014329028920678749
fast_crouch_to_walk,procedural,10,5,0.8,1.0,0.8,0.0,0.0685247689732372,0.12466339983046053,0.13701784163713454,0.01751901022831486,0.02486153371985167
fast_crouch_to_walk,procedural,11,5,0.8,0.8,0.8,0.2,0.04259193041496924,0.07882331527769566,0.08540415540337562,0.01707313617405795,0.011460739509697504
fast_crouch_to_walk,procedural,12,5,0.8,1.0,1.0,0.0,0.0445800691342574,0.08776532739400864,0.09437023252248763,0.017527435039854745,0.018163451902176476
fast_crouch_to_walk,procedural,13,5,0.8,1.0,0.8,0.0,0.046328988763906134,0.09461802005767822,0.10083009004592895,0.016872512253104495,0.02182968134338678
fast_crouch_to_walk,procedural,14,5,0.8,1.0,0.8,0.0,0.05336367962601048,0.09380118608474732,0.10145720988512039,0.017633313164293764,0.01911562596608038
fast_crouch_to_walk,procedural,15,5,1.0,1.0,1.0,0.0,0.0399889016719885,0.07837382864207029,0.09207407981157303,0.017615852144369316,0.01624958618007786
fast_crouch_to_walk,procedural,16,5,0.6,1.0,1.0,0.0,0.04409294353357629,0.0802053301781416,0.08973055109381675,0.016978287535068862,0.029436057601633814
fast_crouch_to_walk,procedural,17,5,0.6,1.0,0.8,0.0,0.05364789049994852,0.09161349095404148,0.10341144651174546,0.01704885454784558,0.014374019984508574
fast_crouch_to_walk,procedural,18,5,0.6,1.0,1.0,0.0,0.04922486672720991,0.0847950330749154,0.09747385382652282,0.017732736874243878,0.029394958020329674
fast_crouch_to_walk,procedural,19,5,1.0,1.0,1.0,0.0,0.050859500377017273,0.1016038156300783,0.11259371042251587,0.016199436055905854,0.006791051404932103
fast_crouch_to_walk,procedural,20,5,0.8,1.0,1.0,0.0,0.05390762387488428,0.1077694296464324,0.12283757776021957,0.017889139673497385,0.01846261314808646
fast_crouch_to_walk,procedural,21,5,0.8,1.0,1.0,0.0,0.040857610924900076,0.07747543334960935,0.08899283632636071,0.016680150582270386,0.01511756204342567
fast_crouch_to_walk,procedural,22,5,0.8,1.0,0.8,0.0,0.0397265174354542,0.08281831718981265,0.09750735461711883,0.022234681323591698,0.019398730350997068
fast_crouch_to_walk,procedural,23,5,1.0,1.0,1.0,0.0,0.047026305923983255,0.08741374664008617,0.09668920338153839,0.017296656592219174,0.019150399965591404
fast_crouch_to_walk,procedural,24,5,0.6,1.0,0.8,0.0,0.046996672927514714,0.0866568774357438,0.09580953940749168,0.01704726509104689,0.020445894422590205
fast_crouch_to_walk,procedural,25,5,0.4,1.0,0.8,0.0,0.04286480163010915,0.08417904436588287,0.09228594452142716,0.018761453385333932,0.020439518956433478
fast_crouch_to_walk,procedural,26,5,0.6,0.8,0.8,0.2,0.04558199698878239,0.07787501469254492,0.08964076414704322,0.018663010966149206,0.01615599373855567
fast_crouch_to_walk,procedural,27,5,0.8,1.0,1.0,0.0,0.044014424966088594,0.07884997967630625,0.08707483857870102,0.01650055445639422,0.021638448087753392
fast_crouch_to_walk,procedural,28,5,1.0,1.0,1.0,0.0,0.04597260187726839,0.08768397685140371,0.0992425262928009,0.016799453264800472,0.010544713649060799
fast_crouch_to_walk,procedural,29,5,0.6,0.8,0.8,0.2,0.057056581298855956,0.10654482945799826,0.11750232130289077,0.02055975073907796,0.007209828671146473
fast_crouch_to_walk,procedural,30,5,0.8,1.0,1.0,0.0,0.04260331283635012,0.07495139554142952,0.0882764771580696,0.017689819610123024,0.025787031852969867
fast_crouch_to_walk,procedural,31,5,1.0,1.0,1.0,0.0,0.06111111291861997,0.1139588913321495,0.12398998588323593,0.01918655496122058,0.010212986332021745
fast_crouch_to_walk,procedural,32,5,1.0,1.0,1.0,0.0,0.04817559914706325,0.09065476082265377,0.10185988396406173,0.01723243510602259,0.02181808517905115
fast_crouch_to_walk,procedural,33,5,0.8,1.0,1.0,0.0,0.06048841746721134,0.11055766791105268,0.12212771028280259,0.018068899701083482,0.02266553959212818
fast_crouch_to_walk,procedural,34,5,0.6,1.0,1.0,0.0,0.05187298101868966,0.09323563873767851,0.10158898085355758,0.017337729735281464,0.024934544741952315
fast_crouch_to_walk,procedural,35,5,0.8,1.0,1.0,0.0,0.048284205728702206,0.09683210380375382,0.10856861472129822,0.01665098158674662,0.019510614640757984
fast_crouch_to_walk,procedural,36,5,0.6,1.0,1.0,0.0,0.048937392161407176,0.09661425463855264,0.1105392336845398,0.018460485967502112,0.027432173393512116
fast_crouch_to_walk,procedural,37,5,1.0,1.0,1.0,0.0,0.04578420460761995,0.08857414267957209,0.09741992950439453,0.017376342439549778,0.020293395300395888
fast_crouch_to_walk,procedural,38,5,0.6,1.0,0.8,0.0,0.057846484383489806,0.10315720163285731,0.11312245130538941,0.01756450164465016,0.016801907919099413
fast_crouch_to_walk,procedural,39,5,0.8,0.8,0.8,0.2,0.056474950305028006,0.11402301914989947,0.1245697446167469,0.01878492987352568,0.006205047254466384
fast_crouch_to_walk,procedural,40,5,0.8,1.0,1.0,0.0,0.04383002447579658,0.082508723475039,0.09351794123649597,0.017119953137311898,0.02517380051508531
fast_crouch_to_walk,procedural,41,5,0.8,1.0,0.8,0.0,0.04157860749390397,0.08225369423627853,0.09342388212680816,0.016985617051379315,0.013805272790166162
fast_crouch_to_walk,procedural,42,5,0.8,1.0,1.0,0.0,0.054551819650842395,0.1093291710317135,0.12340745478868484,0.015226878688009714,0.014438160428503367
fast_crouch_to_walk,procedural,43,5,0.8,1.0,1.0,0.0,0.040518041505908584,0.07755754135549067,0.08921614512801171,0.017784379455058535,0.022228797828412493
fast_crouch_to_walk,procedural,44,5,0.6,1.0,1.0,0.0,0.0671910937099712,0.11803674116730689,0.12629474550485612,0.016740148245943186,0.02287892228127677
fast_crouch_to_walk,procedural,45,5,0.8,1.0,1.0,0.0,0.05950617347328176,0.12291778318583964,0.1361255720257759,0.016776298857190276,0.01598951270506377
fast_crouch_to_walk,procedural,46,5,1.0,1.0,1.0,0.0,0.05297874304359501,0.10286655537784099,0.11244940161705017,0.0182936205313054,0.016766773223090614
fast_crouch_to_walk,procedural,47,5,0.4,1.0,1.0,0.0,0.055379979421858516,0.10096644476056098,0.1110400065779686,0.016383047376197536,0.023314538727507484
fast_crouch_to_walk,procedural,48,5,0.8,1.0,1.0,0.0,0.04193975228245943,0.08633456319570541,0.0935436651110649,0.01838207331870067,0.02351034306842592
fast_crouch_to_walk,procedural,49,5,0.8,1.0,0.8,0.0,0.0694391487897849,0.13041224382817745,0.1428183764219284,0.01804123331299566,0.01902301022229938
fast_crouch_to_walk,rounded_waypoint,0,5,0.8,1.0,1.0,0.0,0.07422734667207186,0.1372008500993252,0.14341980814933777,0.018323376027539195,0.015172322049647847
fast_crouch_to_walk,rounded_waypoint,1,5,0.8,1.0,1.0,0.0,0.06312138751776428,0.1334350803494453,0.1708152785897255,0.021311673862813067,0.017750460595294837
fast_crouch_to_walk,rounded_waypoint,2,5,1.0,1.0,1.0,0.0,0.0998503619729523,0.20528415955603121,0.22194795310497284,0.019977999485275694,0.029061830477993066
fast_crouch_to_walk,rounded_waypoint,3,5,0.8,1.0,1.0,0.0,0.06816707510509117,0.13216310530900957,0.1688432902097702,0.016004671200223405,0.021028706770999862
fast_crouch_to_walk,rounded_waypoint,4,5,0.8,1.0,1.0,0.0,0.08096262921624672,0.1558905330300331,0.1692165330052376,0.016958725065196703,0.047920677815535086
fast_crouch_to_walk,rounded_waypoint,5,5,0.6,1.0,1.0,0.0,0.08648382902884304,0.17860328167676925,0.22019412815570832,0.020194787079737868,0.020581459596708828
fast_crouch_to_walk,rounded_waypoint,6,5,0.8,1.0,1.0,0.0,0.06643363228924738,0.1377295111119747,0.16690536737442016,0.018235808449391766,0.03627470174756851
fast_crouch_to_walk,rounded_waypoint,7,5,0.8,1.0,1.0,0.0,0.08966794715655343,0.1680188303440809,0.1923890918493271,0.01872658083408343,0.02136760357335401
fast_crouch_to_walk,rounded_waypoint,8,5,0.8,1.0,1.0,0.0,0.0775551681764158,0.14188878096640106,0.16523162722587587,0.01828022214497545,0.02317192238044863
fast_crouch_to_walk,rounded_waypoint,9,5,1.0,1.0,0.8,0.0,0.09802803774430939,0.1872440505027771,0.21069865822792053,0.01713949003033147,0.04260702686751436
fast_crouch_to_walk,rounded_waypoint,10,5,1.0,1.0,1.0,0.0,0.10950792938660107,0.2115076085925102,0.22656336426734924,0.019044792141853298,0.02099128222229225
fast_crouch_to_walk,rounded_waypoint,11,5,0.8,1.0,0.8,0.0,0.06945646701125932,0.12373893700540066,0.14036715179681777,0.02116416074654969,0.03161997965552399
fast_crouch_to_walk,rounded_waypoint,12,5,0.8,1.0,1.0,0.0,0.0578246963365729,0.10672887206077572,0.12749269157648085,0.019709666935081534,0.014156312016654526
fast_crouch_to_walk,rounded_waypoint,13,5,0.4,1.0,0.8,0.0,0.08075738743835495,0.1649082052707672,0.17876474261283876,0.01812899091005923,0.055857164034643136
fast_crouch_to_walk,rounded_waypoint,14,5,0.8,1.0,1.0,0.0,0.07020800255865574,0.13635302111506464,0.16293185353279113,0.01981220769455439,0.014753163522837754
fast_crouch_to_walk,rounded_waypoint,15,5,0.6,1.0,1.0,0.0,0.08639826470630295,0.18282569967210288,0.2118770569562912,0.020171123924398685,0.022306784904575428
fast_crouch_to_walk,rounded_waypoint,16,5,1.0,1.0,1.0,0.0,0.1058635112167835,0.1998369926214218,0.21797168254852295,0.018357615574378035,0.026869708920381208
fast_crouch_to_walk,rounded_waypoint,17,5,0.8,1.0,1.0,0.0,0.06228540412500675,0.11633350372314451,0.13574370741844177,0.017153166377836027,0.02062492964053868
fast_crouch_to_walk,rounded_waypoint,18,5,0.8,1.0,0.8,0.0,0.06954767234269657,0.12763874158263205,0.14383362233638763,0.020219397699836283,0.015130706359607088
fast_crouch_to_walk,rounded_waypoint,19,5,0.6,0.8,0.8,0.0,0.0553227641435591,0.11587553091347211,0.14535035341978073,0.021686423889926858,0.009926267299624036
fast_crouch_to_walk,rounded_waypoint,20,5,1.0,1.0,1.0,0.0,0.09633259322212992,0.18625612318515777,0.20962519347667694,0.019067190761649044,0.016208872948369903
fast_crouch_to_walk,rounded_waypoint,21,5,1.0,1.0,1.0,0.0,0.04942745378743864,0.08984696671366692,0.1003122828900814,0.015598295610070739,0.014280099756353937
fast_crouch_to_walk,rounded_waypoint,22,5,1.0,1.0,1.0,0.0,0.0919750381998777,0.17276533722877502,0.19339885413646699,0.018311799198106205,0.01117824567604695
fast_crouch_to_walk,rounded_waypoint,23,5,0.6,1.0,1.0,0.0,0.1066110452335473,0.2065318104624748,0.2324960470199585,0.0220530880599907,0.041759319615419746
fast_crouch_to_walk,rounded_waypoint,24,5,1.0,1.0,0.8,0.0,0.08312349399485,0.15458204403519626,0.1805010676383972,0.020757265469469707,0.013198796109532451
fast_crouch_to_walk,rounded_waypoint,25,5,0.8,1.0,1.0,0.0,0.09907727539449782,0.22383449465036387,0.2632488518953323,0.022623179561371224,0.014090761328819767
fast_crouch_to_walk,rounded_waypoint,26,5,0.8,1.0,1.0,0.0,0.032415845724897106,0.055038271099328996,0.0626443013548851,0.016786801260271177,0.014214264646586528
fast_crouch_to_walk,rounded_waypoint,27,5,0.8,1.0,1.0,0.0,0.08327272777889565,0.14271749421954155,0.15886052399873735,0.01777607832343924,0.016864853927061184
fast_crouch_to_walk,rounded_waypoint,28,5,1.0,1.0,1.0,0.0,0.059368168089104056,0.1116359546035528,0.12375077903270722,0.017601584751054403,0.024588559199725336
fast_crouch_to_walk,rounded_waypoint,29,5,0.8,1.0,1.0,0.0,0.05523953013561058,0.11611355036497115,0.13097623437643052,0.018956652696427295,0.015073882030846874
fast_crouch_to_walk,rounded_waypoint,30,5,1.0,0.8,1.0,0.2,0.05752935728625015,0.11671159826219077,0.14459149092435836,0.01924374254257285,0.017221943134262264
fast_crouch_to_walk,rounded_waypoint,31,5,0.6,1.0,1.0,0.0,0.07613228017614497,0.16072241723537445,0.20152952075004577,0.016966477802384493,0.03422905353478756
fast_crouch_to_walk,rounded_waypoint,32,5,0.8,1.0,1.0,0.0,0.04507768667931677,0.08461991623044011,0.10343589782714843,0.01948631721204207,0.018493732451633393
fast_crouch_to_walk,rounded_waypoint,33,5,1.0,1.0,1.0,0.0,0.08551050343841238,0.1482721258699894,0.16084083914756775,0.01785912069153011,0.016893350549968145
fast_crouch_to_walk,rounded_waypoint,34,5,0.8,1.0,1.0,0.0,0.10246364883854098,0.19113857507705684,0.22095518112182616,0.01807762151496129,0.02336289160177161
fast_crouch_to_walk,rounded_waypoint,35,5,0.8,1.0,1.0,0.0,0.08491274388777588,0.16327502697706217,0.19165406078100206,0.02016081832482523,0.02332282470004552
fast_crouch_to_walk,rounded_waypoint,36,5,1.0,1.0,1.0,0.0,0.0741540654977668,0.1718716091662645,0.19519588649272918,0.01940641629099539,0.02164848247713569
fast_crouch_to_walk,rounded_waypoint,37,5,0.8,1.0,1.0,0.0,0.07078331533793708,0.14901155196130272,0.192106232047081,0.0169015040972845,0.02037754514745547
fast_crouch_to_walk,rounded_waypoint,38,5,0.4,1.0,1.0,0.0,0.05951276173302279,0.12629316195845602,0.14238928854465485,0.018553182558094766,0.029910288289257438
fast_crouch_to_walk,rounded_waypoint,39,5,1.0,1.0,1.0,0.0,0.0741743681860888,0.130147745385766,0.14297269880771638,0.018221927169255865,0.01127452487003271
fast_crouch_to_walk,rounded_waypoint,40,5,1.0,1.0,1.0,0.0,0.08149727519864398,0.14838201351463792,0.16478333622217178,0.019712022382388873,0.010261148329991254
fast_crouch_to_walk,rounded_waypoint,41,5,0.6,1.0,1.0,0.0,0.03846719012087881,0.0707658291608095,0.07858223766088486,0.018378158903485927,0.02938408924580884
fast_crouch_to_walk,rounded_waypoint,42,5,0.8,1.0,1.0,0.0,0.08838506434477314,0.15848316743969915,0.1785951316356659,0.016701450108026986,0.02505638583730907
fast_crouch_to_walk,rounded_waypoint,43,5,1.0,1.0,1.0,0.0,0.08870959387085833,0.18489755928516388,0.200245264172554,0.015546611706547423,0.006209206985560467
fast_crouch_to_walk,rounded_waypoint,44,5,0.4,0.8,0.8,0.0,0.10865473608036194,0.18552336014807222,0.21659477651119233,0.019870537582621604,0.0605238311901706
fast_crouch_to_walk,rounded_waypoint,45,5,0.8,1.0,1.0,0.0,0.06470607659255762,0.11761999152600763,0.13789760172367097,0.0199468878392668,0.01426621933696992
fast_crouch_to_walk,rounded_waypoint,46,5,1.0,1.0,1.0,0.0,0.10085385980366264,0.19992698222398758,0.2351208359003067,0.01872557324133014,0.021381564464583124
fast_crouch_to_walk,rounded_waypoint,47,5,1.0,1.0,1.0,0.0,0.09155095051419752,0.16690637111663809,0.19700385332107545,0.02171524672137013,0.026288066650102592
fast_crouch_to_walk,rounded_waypoint,48,5,1.0,1.0,1.0,0.0,0.06438599271537945,0.11134675621986387,0.1176497220993042,0.018165841372002663,0.012635853687370035
fast_crouch_to_walk,rounded_waypoint,49,5,0.6,0.8,0.8,0.2,0.050137763129376345,0.10267745159566402,0.12128177732229233,0.018964666783338018,0.013571452533220146
fast_walk_to_crouch,coherent_smooth,0,5,1.0,1.0,1.0,0.0,0.051853769800874736,0.10518481492996212,0.11412891149520873,0.031214058024949996,0.025432507560895812
fast_walk_to_crouch,coherent_smooth,1,5,0.8,0.8,0.8,0.2,0.05594387799522075,0.11030163504183291,0.12273427546024322,0.02849948336012571,0.0426367164604326
fast_walk_to_crouch,coherent_smooth,2,5,0.8,1.0,1.0,0.0,0.05999465087590215,0.11576288703829048,0.13206275701522827,0.029687307048302736,0.033517245797528086
fast_walk_to_crouch,coherent_smooth,3,5,1.0,1.0,1.0,0.0,0.04902255978768928,0.09674538627266883,0.10657747238874435,0.028999722448687003,0.03245126792429218
fast_walk_to_crouch,coherent_smooth,4,5,1.0,1.0,1.0,0.0,0.05989178876895065,0.12544238738715646,0.1378636673092842,0.03139003463756591,0.04311847536310198
fast_walk_to_crouch,coherent_smooth,5,5,1.0,1.0,1.0,0.0,0.06002020678256309,0.10651713155210016,0.11575573235750199,0.031961892095857404,0.030912949042371008
fast_walk_to_crouch,coherent_smooth,6,5,1.0,1.0,1.0,0.0,0.05396632786525698,0.09537997424602508,0.10658307820558548,0.030949497074388915,0.015382299893011164
fast_walk_to_crouch,coherent_smooth,7,5,0.8,1.0,1.0,0.0,0.04791814070508484,0.09617501221597194,0.11036573648452759,0.0319671210184291,0.022282929353101166
fast_walk_to_crouch,coherent_smooth,8,5,0.8,1.0,0.8,0.0,0.06933595816990994,0.1209044264256954,0.13970677703619003,0.03342936098116565,0.05059521380249543
fast_walk_to_crouch,coherent_smooth,9,5,1.0,1.0,1.0,0.0,0.06364901575633114,0.12405891221016643,0.14243942201137544,0.02878313156824251,0.027998545795707395
fast_walk_to_crouch,coherent_smooth,10,5,1.0,1.0,1.0,0.0,0.062191782558308165,0.1184444373100996,0.1299405127763748,0.02910862221866452,0.028792208002033658
fast_walk_to_crouch,coherent_smooth,11,5,1.0,1.0,0.8,0.0,0.04127456807315692,0.07210116326808928,0.08649400174617768,0.0322954128577922,0.02654164995097172
fast_walk_to_crouch,coherent_smooth,12,5,1.0,1.0,1.0,0.0,0.06542624621780455,0.11854615457355974,0.1320112720131874,0.028944526835425928,0.04203648159797082
fast_walk_to_crouch,coherent_smooth,13,5,1.0,1.0,1.0,0.0,0.07207537192044541,0.1299670916050672,0.1449957087635994,0.03145788980911028,0.04638077476680946
fast_walk_to_crouch,coherent_smooth,14,5,1.0,1.0,1.0,0.0,0.08981975597522876,0.1518053476512432,0.16040399223566054,0.029779518867666693,0.03663114036205708
fast_walk_to_crouch,coherent_smooth,15,5,1.0,1.0,1.0,0.0,0.04301117039464862,0.08460399977862834,0.09571340531110764,0.030697654337487924,0.030253566172533254
fast_walk_to_crouch,coherent_smooth,16,5,1.0,1.0,1.0,0.0,0.05802646503038611,0.10950647220015523,0.12632036656141282,0.033773382207027816,0.020358742730551205
fast_walk_to_crouch,coherent_smooth,17,5,0.8,0.8,0.8,0.2,0.04477812561333781,0.08870196267962455,0.11591898947954178,0.02800888304370472,0.03194131058610317
fast_walk_to_crouch,coherent_smooth,18,5,1.0,1.0,1.0,0.0,0.05268015714982808,0.0928347786515951,0.10154716521501542,0.03117810393665883,0.030228475221672914
fast_walk_to_crouch,coherent_smooth,19,5,0.6,1.0,1.0,0.0,0.07332389657027752,0.13781839840114113,0.157048998773098,0.03511593845888604,0.03907371719605113
fast_walk_to_crouch,coherent_smooth,20,5,0.6,0.8,0.8,0.0,0.06421066287206235,0.11083626866340635,0.1254939317703247,0.031296917785964086,0.040803180725925065
fast_walk_to_crouch,coherent_smooth,21,5,1.0,1.0,1.0,0.0,0.04503255936291513,0.08561161123216152,0.09692718386650086,0.027504033557622813,0.01958284442975087
fast_walk_to_crouch,coherent_smooth,22,5,0.8,1.0,1.0,0.0,0.0653775746709744,0.12473711051046846,0.14392424523830413,0.03260796932821538,0.04684375932235287
fast_walk_to_crouch,coherent_smooth,23,5,1.0,1.0,1.0,0.0,0.07265672820449573,0.1386807506531477,0.15276650041341783,0.03319217723341057,0.05313220825803424
fast_walk_to_crouch,coherent_smooth,24,5,1.0,1.0,0.8,0.0,0.04182298924983808,0.08034984331578014,0.08972598239779472,0.031151222609336476,0.0437627620907044
fast_walk_to_crouch,coherent_smooth,25,5,0.8,1.0,1.0,0.0,0.05032143238491932,0.09391978938132522,0.10878846198320388,0.031110913145238273,0.017937392168215972
fast_walk_to_crouch,coherent_smooth,26,5,1.0,1.0,1.0,0.0,0.04318854945393692,0.08502577088773247,0.0991139441728592,0.0333447678320798,0.023973356176198647
fast_walk_to_crouch,coherent_smooth,27,5,1.0,1.0,1.0,0.0,0.051780129611313105,0.10519999772310254,0.11876255422830581,0.03042388908207615,0.017354207829044333
fast_walk_to_crouch,coherent_smooth,28,5,1.0,1.0,0.8,0.0,0.03820651399819909,0.06878256931900975,0.07944230884313583,0.0299862360578239,0.02703970629171293
fast_walk_to_crouch,coherent_smooth,29,5,1.0,1.0,1.0,0.0,0.058885225035294975,0.1128379488736391,0.12568589597940444,0.028699679045737815,0.03655975637327993
fast_walk_to_crouch,coherent_smooth,30,5,1.0,1.0,1.0,0.0,0.059011566376613575,0.11132877923548219,0.1214651808142662,0.031037533757787526,0.026814054958195464
fast_walk_to_crouch,coherent_smooth,31,5,0.8,1.0,1.0,0.0,0.056119045995548636,0.10418466985225674,0.11652476042509079,0.03162238952549406,0.042661671675533384
fast_walk_to_crouch,coherent_smooth,32,5,1.0,1.0,1.0,0.0,0.05091995528995641,0.09496083952486514,0.10579065904021263,0.03310569769214193,0.02211840637146112
fast_walk_to_crouch,coherent_smooth,33,5,1.0,1.0,1.0,0.0,0.04986875800669756,0.09589011296629904,0.1084309995174408,0.03552384863933497,0.023834956065193192
fast_walk_to_crouch,coherent_smooth,34,5,1.0,1.0,1.0,0.0,0.07503692281772617,0.14403351999819278,0.15474626123905183,0.031866401589823776,0.03293569080632046
fast_walk_to_crouch,coherent_smooth,35,5,0.8,1.0,1.0,0.0,0.06920048552581766,0.13262528464198112,0.146023166179657,0.032290924558447384,0.05247839515941901
fast_walk_to_crouch,coherent_smooth,36,5,1.0,1.0,0.8,0.0,0.06098474411900764,0.1162296300381422,0.12722282856702805,0.033046370445763265,0.026917701908463404
fast_walk_to_crouch,coherent_smooth,37,5,1.0,1.0,1.0,0.0,0.05422324450455276,0.09870174206793306,0.11628584712743759,0.03056384999340449,0.02097233745824987
fast_walk_to_crouch,coherent_smooth,38,5,1.0,1.0,1.0,0.0,0.04742389471406626,0.09340219054371118,0.10508265495300292,0.03244551694720445,0.02393439383231355
fast_walk_to_crouch,coherent_smooth,39,5,0.6,1.0,0.8,0.0,0.0694093451884822,0.13429942913353438,0.15195833295583724,0.03235294209706186,0.04046868617847371
fast_walk_to_crouch,coherent_smooth,40,5,1.0,1.0,1.0,0.0,0.04673594974376988,0.08238944910466668,0.10820347219705581,0.03278586604639082,0.030030832062595603
fast_walk_to_crouch,coherent_smooth,41,5,0.8,1.0,1.0,0.0,0.07386488734547936,0.13579836189746855,0.14343290477991105,0.02967889345903451,0.017274308481566348
fast_walk_to_crouch,coherent_smooth,42,5,1.0,1.0,1.0,0.0,0.07123772776274315,0.13067014284431935,0.14239111095666884,0.03454754592144429,0.031330148157066785
fast_walk_to_crouch,coherent_smooth,43,5,1.0,1.0,1.0,0.0,0.05517619930641095,0.10377498887479304,0.11608197540044785,0.031054353696511734,0.030263366712977045
fast_walk_to_crouch,coherent_smooth,44,5,1.0,1.0,0.8,0.0,0.05257993663262404,0.09854213573038575,0.11215354949235916,0.03242767092788011,0.025902987350435724
fast_walk_to_crouch,coherent_smooth,45,5,0.8,1.0,1.0,0.0,0.06383255499193283,0.11032607670873404,0.1199569582939148,0.03231189161540839,0.04177932328643903
fast_walk_to_crouch,coherent_smooth,46,5,0.8,1.0,1.0,0.0,0.05099572993385495,0.10194945581257339,0.12733830958604814,0.031849538328103597,0.03732497797552046
fast_walk_to_crouch,coherent_smooth,47,5,1.0,1.0,1.0,0.0,0.051762931640249164,0.0956595619767904,0.11672695726156235,0.031818056992605086,0.047425798733322824
fast_walk_to_crouch,coherent_smooth,48,5,0.8,0.8,0.8,0.2,0.05603213277961257,0.10772951275110243,0.12169136255979537,0.029706096362144146,0.019749450374440758
fast_walk_to_crouch,coherent_smooth,49,5,1.0,1.0,1.0,0.0,0.04409671928887415,0.08363249145448207,0.09926730096340179,0.02818260053710344,0.021695538553630024
fast_walk_to_crouch,hard_waypoint,0,5,0.8,1.0,0.8,0.0,0.08222113732889502,0.15727376721799372,0.17062017917633057,0.03405614342945211,0.0628881210890741
fast_walk_to_crouch,hard_waypoint,1,5,0.2,1.0,1.0,0.0,0.16695601353838588,0.323837701678276,0.3449520170688629,0.039979668388669676,0.115195860229429
fast_walk_to_crouch,hard_waypoint,2,5,0.6,1.0,1.0,0.0,0.0818120007440132,0.1442601715773344,0.16198595613241196,0.03754615647887122,0.042965116832030234
fast_walk_to_crouch,hard_waypoint,3,5,0.8,1.0,1.0,0.0,0.08741683993756946,0.1704029119759798,0.19861651062965394,0.02816260157787611,0.04840695965899311
fast_walk_to_crouch,hard_waypoint,4,5,0.8,0.8,0.6,0.2,0.06230150454076984,0.1298418594896793,0.15027788877487183,0.028075530057980906,0.03683880984174474
fast_walk_to_crouch,hard_waypoint,5,5,0.8,1.0,1.0,0.0,0.08628134900895176,0.15079376459121704,0.17632797956466675,0.0328149005578247,0.04012559113495502
fast_walk_to_crouch,hard_waypoint,6,5,0.8,1.0,1.0,0.0,0.10101665713179356,0.19509297013282773,0.2329586148262024,0.034137058234904746,0.027188555882255792
fast_walk_to_crouch,hard_waypoint,7,5,0.4,0.8,0.8,0.2,0.0956187460690902,0.1786448262631893,0.18904883563518524,0.03439295575342049,0.060853929321635164
fast_walk_to_crouch,hard_waypoint,8,5,1.0,1.0,1.0,0.0,0.06507627037155463,0.11426539704203606,0.12662436962127685,0.03174817226701578,0.03289986117393775
fast_walk_to_crouch,hard_waypoint,9,5,1.0,1.0,1.0,0.0,0.07390638176983479,0.14967932626605035,0.16152470111846923,0.03048260002266545,0.034680446725951365
fast_walk_to_crouch,hard_waypoint,10,5,0.6,1.0,1.0,0.0,0.1314089101119858,0.24516159862279893,0.2615345776081085,0.023121756400060044,0.07843410610131527
fast_walk_to_crouch,hard_waypoint,11,5,0.6,1.0,1.0,0.0,0.06534157579407572,0.11627471230924129,0.1331636279821396,0.02748197829033046,0.030143874406081038
fast_walk_to_crouch,hard_waypoint,12,5,0.8,1.0,1.0,0.0,0.08959619848304519,0.1652662243694067,0.18097583204507828,0.03179966448407413,0.042137618553220735
fast_walk_to_crouch,hard_waypoint,13,5,0.8,1.0,1.0,0.0,0.08620660846791425,0.16360104367136954,0.19464979767799379,0.03359878745223382,0.03709733045917758
fast_walk_to_crouch,hard_waypoint,14,5,1.0,1.0,0.8,0.0,0.04882473181303648,0.08090322535485028,0.09079004898667335,0.03299538366449536,0.04819512588199515
fast_walk_to_crouch,hard_waypoint,15,5,0.6,1.0,1.0,0.0,0.10733720464213872,0.20685097530484198,0.21896958947181702,0.03263375456077407,0.04312461616378323
fast_walk_to_crouch,hard_waypoint,16,5,0.6,1.0,0.8,0.0,0.08923807447730421,0.18208033144474028,0.1919921651482582,0.02787098849481473,0.07838898875785244
fast_walk_to_crouch,hard_waypoint,17,5,1.0,1.0,1.0,0.0,0.07167727909167038,0.13832003220915795,0.15048311352729798,0.02951977164180932,0.04166351375541462
fast_walk_to_crouch,hard_waypoint,18,5,0.8,1.0,1.0,0.0,0.05559447016950199,0.10922333627939222,0.12195483446121216,0.03289700911824398,0.020776758911077775
fast_walk_to_crouch,hard_waypoint,19,5,1.0,1.0,1.0,0.0,0.09752863012952664,0.2135375469923019,0.25407387018203736,0.03320062869376893,0.04256632068136621
fast_walk_to_crouch,hard_waypoint,20,5,1.0,1.0,1.0,0.0,0.07776446823450295,0.15838246963918207,0.18503817468881606,0.027477820047766804,0.038581997116004275
fast_walk_to_crouch,hard_waypoint,21,5,0.6,1.0,1.0,0.0,0.09026208372781314,0.1601670244336128,0.1768480733036995,0.03221914303188243,0.06610348431717183
fast_walk_to_crouch,hard_waypoint,22,5,1.0,1.0,1.0,0.0,0.05722440496389679,0.1075525589287281,0.11969468742609024,0.03150272139504283,0.03516842619495904
fast_walk_to_crouch,hard_waypoint,23,5,0.8,1.0,1.0,0.0,0.10859961445452519,0.19981506407260893,0.227256615459919,0.027367193572974437,0.031332921319119356
fast_walk_to_crouch,hard_waypoint,24,5,0.6,1.0,1.0,0.0,0.09910115023396542,0.19286025039851662,0.22366395145654677,0.026013875433186968,0.04390152397649345
fast_walk_to_crouch,hard_waypoint,25,5,0.8,1.0,1.0,0.0,0.11517849997994331,0.21293326914310456,0.2492939591407776,0.03687832750325202,0.030165065564792613
fast_walk_to_crouch,hard_waypoint,26,5,1.0,1.0,1.0,0.0,0.062322820987583995,0.11368354395031928,0.13844773918390274,0.03161938644143779,0.03279647146589364
fast_walk_to_crouch,hard_waypoint,27,5,1.0,1.0,1.0,0.0,0.07418209206166482,0.14912277027964588,0.1686407208442688,0.031031711102041577,0.032801107858293224
fast_walk_to_crouch,hard_waypoint,28,5,0.8,0.8,0.8,0.2,0.08469440918572209,0.1598004116863012,0.17855825424194335,0.029892011711099002,0.020965712453798274
fast_walk_to_crouch,hard_waypoint,29,5,0.8,1.0,0.8,0.0,0.08057195230731973,0.15477730482816693,0.17827706187963485,0.036778995827876235,0.06746694771707334
fast_walk_to_crouch,hard_waypoint,30,5,1.0,1.0,0.8,0.0,0.0829210979623872,0.15133973531425,0.1633263647556305,0.027992817505581552,0.043829619670897435
fast_walk_to_crouch,hard_waypoint,31,5,0.4,0.8,0.8,0.0,0.12068517299863643,0.23177441410720348,0.25489367842674254,0.023385113126734736,0.03209706481396918
fast_walk_to_crouch,hard_waypoint,32,5,1.0,1.0,1.0,0.0,0.048049934870273044,0.08963020041584965,0.10785650461912155,0.026908009328256533,0.023255840700958652
fast_walk_to_crouch,hard_waypoint,33,5,1.0,1.0,1.0,0.0,0.061838380056997,0.11798969089984893,0.12972799688577652,0.0325431256972384,0.030547705753167453
fast_walk_to_crouch,hard_waypoint,34,5,0.6,1.0,1.0,0.0,0.10800982100407619,0.2022526210546493,0.2288760870695114,0.02874020868736652,0.08218993542650181
fast_walk_to_crouch,hard_waypoint,35,5,0.6,1.0,1.0,0.0,0.1124709288931113,0.20766902804374693,0.22345448434352874,0.040039486258407496,0.06196800720800335
fast_walk_to_crouch,hard_waypoint,36,5,0.8,0.8,0.8,0.2,0.056273260910499376,0.10051688119769094,0.12469559609889984,0.035972228311782775,0.046773257365366194
fast_walk_to_crouch,hard_waypoint,37,5,0.8,1.0,1.0,0.0,0.07770140499905992,0.1443036013841629,0.1599108934402466,0.031482752290870136,0.03159947292125274
fast_walk_to_crouch,hard_waypoint,38,5,0.8,1.0,1.0,0.0,0.09665314269666524,0.1754782424122095,0.1918809473514557,0.03656530374439322,0.04889688734880464
fast_walk_to_crouch,hard_waypoint,39,5,0.6,1.0,1.0,0.0,0.12139686752349252,0.2326597237586975,0.26319611966609957,0.03965033344836763,0.05918169677356153
fast_walk_to_crouch,hard_waypoint,40,5,1.0,1.0,1.0,0.0,0.0902669190936813,0.18137894377112387,0.19708642959594727,0.03156147001982686,0.045736688347836084
fast_walk_to_crouch,hard_waypoint,41,5,0.8,1.0,1.0,0.0,0.07904119217836533,0.16213140487670893,0.18154605627059936,0.031151297787384773,0.03658567395377059
fast_walk_to_crouch,hard_waypoint,42,5,0.8,1.0,0.8,0.0,0.06488865637446505,0.13361566796898844,0.1538931429386139,0.028041979512388477,0.03646682132457313
fast_walk_to_crouch,hard_waypoint,43,5,0.6,1.0,1.0,0.0,0.12802750626522022,0.23270032823085782,0.2596258193254471,0.03593095138709489,0.09190536390243689
fast_walk_to_crouch,hard_waypoint,44,5,1.0,1.0,1.0,0.0,0.04916682341229671,0.09047056082636115,0.1037110835313797,0.030358295996872797,0.033688400291025176
fast_walk_to_crouch,hard_waypoint,45,5,0.4,1.0,1.0,0.0,0.1268509775751398,0.2537463076412677,0.2743831068277359,0.03392533137105926,0.07258419488555397
fast_walk_to_crouch,hard_waypoint,46,5,1.0,1.0,1.0,0.0,0.06121805072487052,0.11621626995503902,0.12973592430353165,0.03072353037637182,0.023060874524567843
fast_walk_to_crouch,hard_waypoint,47,5,0.6,1.0,1.0,0.0,0.10007740200319297,0.17599180042743678,0.19697554558515548,0.03474096801235593,0.0570632290799691
fast_walk_to_crouch,hard_waypoint,48,5,1.0,1.0,1.0,0.0,0.07326070498695705,0.14928901892155405,0.1700190931558609,0.028026307532326832,0.04169581381756928
fast_walk_to_crouch,hard_waypoint,49,5,1.0,1.0,1.0,0.0,0.07012014436537516,0.13933597020804878,0.18753269612789153,0.02751190333145954,0.023135325158499875
fast_walk_to_crouch,procedural,0,5,0.6,1.0,1.0,0.0,0.05998136985397875,0.11818346753716466,0.12677569538354874,0.034954207977665554,0.03211167121335601
fast_walk_to_crouch,procedural,1,5,0.8,1.0,0.8,0.0,0.05685389980927893,0.10751708045601842,0.11925222575664521,0.03306699231126926,0.0391543388073744
fast_walk_to_crouch,procedural,2,5,1.0,1.0,1.0,0.0,0.0419417389192485,0.08308461472392081,0.09214693605899811,0.030977525519297232,0.01879741052403503
fast_walk_to_crouch,procedural,3,5,1.0,1.0,1.0,0.0,0.057789238730830285,0.10929024856537581,0.12215744853019714,0.03276504664392429,0.02563059845161326
fast_walk_to_crouch,procedural,4,5,1.0,1.0,1.0,0.0,0.05495655722013056,0.10690478079020974,0.12383843064308167,0.03502843224561486,0.024253471258365255
fast_walk_to_crouch,procedural,5,5,1.0,1.0,0.8,0.0,0.057627410118586964,0.11733801603317259,0.1302829623222351,0.03276710807059523,0.026939035120406712
fast_walk_to_crouch,procedural,6,5,1.0,1.0,1.0,0.0,0.04329557403882865,0.08170669764280318,0.10383619517087936,0.03691132509483426,0.015500324112659735
fast_walk_to_crouch,procedural,7,5,0.6,1.0,1.0,0.0,0.06221167255242238,0.12121157169342038,0.13292813599109649,0.03128413343973431,0.028530232004713385
fast_walk_to_crouch,procedural,8,5,1.0,1.0,1.0,0.0,0.055526019164157406,0.10312801823019982,0.11253199875354766,0.028968419356450958,0.03388608535431783
fast_walk_to_crouch,procedural,9,5,1.0,1.0,0.6,0.0,0.050718295027893344,0.09477355882525443,0.1075533613562584,0.03104659860766116,0.05555550293383386
fast_walk_to_crouch,procedural,10,5,1.0,1.0,1.0,0.0,0.043486344558470426,0.07863763995468616,0.09249623864889145,0.02981854138611616,0.02795734887933752
fast_walk_to_crouch,procedural,11,5,1.0,1.0,1.0,0.0,0.05088476563549106,0.0979856253042817,0.11388357430696487,0.029832598907438897,0.03961778589893785
fast_walk_to_crouch,procedural,12,5,0.8,1.0,1.0,0.0,0.061864888956010465,0.1146866914629936,0.13011468350887298,0.032042914595423536,0.030814973494285903
fast_walk_to_crouch,procedural,13,5,1.0,1.0,0.8,0.0,0.05639014665396365,0.10035598106682293,0.12019331008195877,0.03193430697807452,0.039180662330186244
fast_walk_to_crouch,procedural,14,5,1.0,1.0,0.8,0.0,0.040371193113340476,0.0787825786322355,0.0928063526749611,0.030582345365812707,0.023349139607963365
fast_walk_to_crouch,procedural,15,5,1.0,1.0,1.0,0.0,0.053979260250508275,0.10341895192861557,0.11286105215549469,0.030668801474059426,0.030740458752544962
fast_walk_to_crouch,procedural,16,5,1.0,1.0,1.0,0.0,0.04329376945411815,0.0885184751078486,0.09903065711259842,0.03297632832924442,0.03133129101800083
fast_walk_to_crouch,procedural,17,5,1.0,1.0,1.0,0.0,0.05415473691527743,0.10869700230658053,0.11905125975608825,0.030075555814624826,0.027942360788228537
fast_walk_to_crouch,procedural,18,5,1.0,1.0,1.0,0.0,0.052477035902060945,0.09351094294339418,0.10528321713209152,0.030173527358307563,0.030052862815070046
fast_walk_to_crouch,procedural,19,5,1.0,1.0,1.0,0.0,0.05040559048727361,0.10013149969279767,0.11479732245206833,0.031337811141865464,0.02061163222645974
fast_walk_to_crouch,procedural,20,5,0.8,1.0,0.8,0.0,0.06715444044511279,0.1296067853271961,0.1468246266245842,0.036504822010074725,0.027417529603850355
fast_walk_to_crouch,procedural,21,5,0.8,1.0,1.0,0.0,0.059067631880792615,0.12011270202696323,0.13241591230034827,0.03258593814581871,0.02918204217587712
fast_walk_to_crouch,procedural,22,5,1.0,1.0,1.0,0.0,0.043488014272671016,0.07973194558173416,0.09208721071481704,0.03060445942493083,0.025309622072529757
fast_walk_to_crouch,procedural,23,5,1.0,1.0,1.0,0.0,0.05050701144046747,0.10050310686230657,0.11201006025075913,0.03015164883019853,0.03640936460094455
fast_walk_to_crouch,procedural,24,5,1.0,1.0,1.0,0.0,0.03806232073949421,0.07242418590933083,0.08938083723187447,0.03284794966062664,0.01825766344416626
fast_walk_to_crouch,procedural,25,5,0.8,1.0,0.8,0.0,0.0641026499144871,0.12714248470962045,0.1427191749215126,0.03477719352865745,0.03492675594585856
fast_walk_to_crouch,procedural,26,5,1.0,1.0,1.0,0.0,0.05142490910643854,0.09696449607610699,0.11049590855836869,0.03185830311565154,0.03622204510280278
fast_walk_to_crouch,procedural,27,5,0.6,1.0,1.0,0.0,0.07948234047180833,0.1496971654891968,0.16182003319263458,0.03370267407004936,0.039647338199525414
fast_walk_to_crouch,procedural,28,5,0.8,1.0,1.0,0.0,0.04539205996878363,0.08064955361187456,0.08665531426668167,0.0333318668804783,0.028309563475765832
fast_walk_to_crouch,procedural,29,5,0.8,1.0,1.0,0.0,0.0689920543430928,0.11779760159552097,0.12763389945030212,0.03206782102354759,0.05241138832339576
fast_walk_to_crouch,procedural,30,5,1.0,1.0,1.0,0.0,0.06235906019460078,0.1262939540296793,0.14050135016441345,0.03352723297616559,0.03236153692804156
fast_walk_to_crouch,procedural,31,5,1.0,1.0,1.0,0.0,0.06012298753406856,0.11242220401763914,0.1258325383067131,0.0330203475727336,0.03805129576253956
fast_walk_to_crouch,procedural,32,5,1.0,1.0,1.0,0.0,0.04804997510046305,0.08889053434133529,0.10027157813310623,0.03068112138884536,0.025696015591979694
fast_walk_to_crouch,procedural,33,5,1.0,1.0,0.8,0.0,0.03423676900797025,0.07075661726295943,0.09810139387845992,0.030999271075668976,0.03271285038593791
fast_walk_to_crouch,procedural,34,5,1.0,1.0,0.8,0.0,0.04795737564887721,0.08843555666506288,0.10048290342092514,0.03034428088479667,0.042826004525894745
fast_walk_to_crouch,procedural,35,5,0.8,1.0,1.0,0.0,0.05161745090188859,0.09911738172173501,0.11499428004026413,0.029943578838651397,0.022225337922527167
fast_walk_to_crouch,procedural,36,5,0.8,1.0,1.0,0.0,0.07530220734337727,0.14157260581851006,0.15779954940080643,0.0313646164539854,0.04130925894681754
fast_walk_to_crouch,procedural,37,5,1.0,1.0,1.0,0.0,0.06092567102804617,0.10608875021338462,0.12104777842760087,0.030609739314253898,0.026004493142968287
fast_walk_to_crouch,procedural,38,5,1.0,1.0,1.0,0.0,0.04470485782684295,0.08534893240779637,0.09491180703043937,0.029714121192925762,0.03191986558484119
fast_walk_to_crouch,procedural,39,5,1.0,1.0,0.8,0.0,0.054369372739201574,0.10131953939795493,0.11302387118339538,0.030204043594669078,0.03161336257687347
fast_walk_to_crouch,procedural,40,5,1.0,1.0,1.0,0.0,0.04059107744787592,0.08074353244155644,0.09091911986470222,0.03517580755194634,0.03278685064299693
fast_walk_to_crouch,procedural,41,5,1.0,1.0,1.0,0.0,0.055864436978980456,0.10360099982470272,0.11381097137928009,0.03280562831131102,0.026765712179584965
fast_walk_to_crouch,procedural,42,5,1.0,1.0,1.0,0.0,0.06587470486223174,0.12511320389807226,0.1342807874083519,0.03078682766261538,0.043342231261771946
fast_walk_to_crouch,procedural,43,5,0.8,1.0,1.0,0.0,0.06884211736932719,0.12799207985401154,0.1459360748529434,0.03031908034177694,0.03674433723831294
fast_walk_to_crouch,procedural,44,5,1.0,1.0,1.0,0.0,0.05418902757057299,0.09435424588620663,0.10486553609371185,0.029998912184721227,0.04695761289244647
fast_walk_to_crouch,procedural,45,5,1.0,1.0,0.8,0.0,0.04930038038335571,0.08782317291945214,0.1064293071627617,0.029775902308852298,0.024206800591572764
fast_walk_to_crouch,procedural,46,5,0.8,1.0,1.0,0.0,0.04949983940754938,0.08815745051950215,0.10622427016496658,0.0337060052443954,0.026235367190280367
fast_walk_to_crouch,procedural,47,5,1.0,1.0,1.0,0.0,0.05001262249655689,0.09821858972311018,0.10990451872348786,0.031164551692604937,0.025189700585214702
fast_walk_to_crouch,procedural,48,5,1.0,1.0,0.8,0.0,0.06750847698600512,0.13572414353489873,0.14828085154294968,0.028928700362659293,0.02732539240325943
fast_walk_to_crouch,procedural,49,5,0.8,1.0,1.0,0.0,0.06706033251155608,0.13440248571336272,0.14782481789588928,0.03036763011327237,0.03243519724226827
fast_walk_to_crouch,rounded_waypoint,0,5,0.8,1.0,0.8,0.0,0.08761606531033818,0.17513228021562094,0.19175079464912415,0.0352967890972951,0.04279686948095618
fast_walk_to_crouch,rounded_waypoint,1,5,0.8,1.0,1.0,0.0,0.08518445318368846,0.16912054061889648,0.19015715420246124,0.033692196316205916,0.03603193482281093
fast_walk_to_crouch,rounded_waypoint,2,5,1.0,1.0,1.0,0.0,0.08215734507074118,0.18348485633730888,0.22360979914665222,0.023325843284643717,0.020655509433978626
fast_walk_to_crouch,rounded_waypoint,3,5,0.8,1.0,1.0,0.0,0.09687996632267197,0.17842470347881317,0.19700020253658296,0.031323420558902255,0.06491253188673822
fast_walk_to_crouch,rounded_waypoint,4,5,0.4,1.0,1.0,0.0,0.11082937031227813,0.20457329683005807,0.22523473352193832,0.03140887009461392,0.08549291441163032
fast_walk_to_crouch,rounded_waypoint,5,5,0.6,1.0,0.8,0.0,0.09784271565553322,0.17922214940190315,0.20416310131549836,0.035595092469795184,0.03527285924158324
fast_walk_to_crouch,rounded_waypoint,6,5,1.0,1.0,0.8,0.0,0.06854134301312598,0.13393230594694613,0.15347994416952132,0.032003584231908286,0.03341942088156685
fast_walk_to_crouch,rounded_waypoint,7,5,1.0,1.0,1.0,0.0,0.10166170758878967,0.198657918125391,0.24310130774974822,0.027927317401129227,0.03735930080178995
fast_walk_to_crouch,rounded_waypoint,8,5,0.4,1.0,1.0,0.0,0.1298592562433487,0.23833870962262155,0.2628974124789238,0.036985712049002126,0.08855484827663544
fast_walk_to_crouch,rounded_waypoint,9,5,0.4,1.0,1.0,0.0,0.16215390037754446,0.34026470482349397,0.38540821671485903,0.035855634905182204,0.06113308497508019
fast_walk_to_crouch,rounded_waypoint,10,5,0.6,1.0,1.0,0.0,0.12681580545400561,0.2503057751059532,0.27139067351818086,0.03496234130828212,0.04031624918235806
fast_walk_to_crouch,rounded_waypoint,11,5,0.8,1.0,1.0,0.0,0.08590501354595108,0.15530803769826887,0.18023498058319093,0.02812689001121005,0.05933835967174694
fast_walk_to_crouch,rounded_waypoint,12,5,1.0,1.0,0.8,0.0,0.0820303694861771,0.13818023778498173,0.15989648997783662,0.02795778784122361,0.03593998891492345
fast_walk_to_crouch,rounded_waypoint,13,5,1.0,1.0,1.0,0.0,0.08027840567541136,0.1649402944743633,0.19941745102405548,0.02880237183942113,0.0278028553231461
fast_walk_to_crouch,rounded_waypoint,14,5,0.6,1.0,1.0,0.0,0.09396850562828818,0.19500239215791224,0.22314224243164063,0.031289069098268014,0.04353568425413128
fast_walk_to_crouch,rounded_waypoint,15,5,0.8,1.0,1.0,0.0,0.09743941650691945,0.18679393500089642,0.2193305641412735,0.03190887919225675,0.06285350617754726
fast_walk_to_crouch,rounded_waypoint,16,5,1.0,1.0,1.0,0.0,0.11753460167341152,0.21364629596471785,0.24292837381362914,0.024133224327698436,0.05137834738882292
fast_walk_to_crouch,rounded_waypoint,17,5,0.6,1.0,1.0,0.0,0.06986066289937856,0.13767666794359684,0.1563040778040886,0.03003980282017475,0.05294264531156871
fast_walk_to_crouch,rounded_waypoint,18,5,1.0,1.0,0.8,0.0,0.07887723173764685,0.16405237801373002,0.194332617521286,0.028962583628581846,0.023732849977799397
fast_walk_to_crouch,rounded_waypoint,19,5,1.0,1.0,0.8,0.0,0.05819686873953345,0.11823454666882753,0.13121352940797806,0.02995838906968936,0.018268379117636957
fast_walk_to_crouch,rounded_waypoint,20,5,1.0,1.0,1.0,0.0,0.09715714924998448,0.19876493081450464,0.22016339898109435,0.025950162584833587,0.03167145095201407
fast_walk_to_crouch,rounded_waypoint,21,5,1.0,1.0,0.8,0.0,0.06310384662238569,0.12282890819013118,0.14269473999738694,0.03188273252169957,0.027477590962387832
fast_walk_to_crouch,rounded_waypoint,22,5,0.6,1.0,1.0,0.0,0.11585875105897032,0.23607499539852136,0.27005956172943113,0.030462605989150588,0.058508979902058125
fast_walk_to_crouch,rounded_waypoint,23,5,0.8,1.0,0.8,0.0,0.10488787868006604,0.22099488481879223,0.2553011178970337,0.03409416895693762,0.0461895152722292
fast_walk_to_crouch,rounded_waypoint,24,5,0.6,1.0,1.0,0.0,0.15478478398328638,0.28903748244047167,0.31433464884757994,0.04004492192689798,0.054306715870818964
fast_walk_to_crouch,rounded_waypoint,25,5,0.8,1.0,1.0,0.0,0.08530945055103446,0.14932120881974695,0.17111689895391463,0.029434963059539333,0.03991517216055762
fast_walk_to_crouch,rounded_waypoint,26,5,0.8,1.0,1.0,0.0,0.06345525451602443,0.11807078301906584,0.13606439232826234,0.03339048519938827,0.05763572792408489
fast_walk_to_crouch,rounded_waypoint,27,5,0.6,1.0,1.0,0.0,0.09712716173719203,0.18425470709800718,0.2095812201499939,0.03054757072724511,0.06862309656465138
fast_walk_to_crouch,rounded_waypoint,28,5,0.6,1.0,1.0,0.0,0.11030166944553488,0.20540035285055636,0.21970855444669724,0.034198431507178016,0.08360100441137597
fast_walk_to_crouch,rounded_waypoint,29,5,0.6,1.0,0.8,0.0,0.09378908861803115,0.1865799971669912,0.20825277268886566,0.0367927718761181,0.04243932716566037
fast_walk_to_crouch,rounded_waypoint,30,5,0.6,1.0,1.0,0.0,0.077256226728599,0.14724056832492352,0.17288223505020142,0.04103863453676874,0.04675804369262406
fast_walk_to_crouch,rounded_waypoint,31,5,0.8,1.0,1.0,0.0,0.0737315652311476,0.15481370314955706,0.17113870084285737,0.030104831562839142,0.051316323200396766
fast_walk_to_crouch,rounded_waypoint,32,5,0.8,1.0,1.0,0.0,0.07413221174943231,0.13316368803381917,0.1615738481283188,0.03529503883818423,0.025978006880904504
fast_walk_to_crouch,rounded_waypoint,33,5,0.6,1.0,1.0,0.0,0.11278964342489088,0.2036569948494434,0.2248264193534851,0.02986054037607877,0.046769316266544105
fast_walk_to_crouch,rounded_waypoint,34,5,0.6,1.0,1.0,0.0,0.11075609926639629,0.2178759245574474,0.2406514286994934,0.027890806108922223,0.046118297340807766
fast_walk_to_crouch,rounded_waypoint,35,5,0.6,1.0,1.0,0.0,0.10745385179517601,0.210372756421566,0.2375362366437912,0.024523991728278703,0.06555745816571643
fast_walk_to_crouch,rounded_waypoint,36,5,1.0,1.0,1.0,0.0,0.08803825985701448,0.16633959636092183,0.1881074622273445,0.031355886330687664,0.058361579186914314
fast_walk_to_crouch,rounded_waypoint,37,5,0.8,1.0,1.0,0.0,0.08493920890427777,0.17256650641560553,0.18578377962112427,0.027818937307488835,0.041098801740197886
fast_walk_to_crouch,rounded_waypoint,38,5,1.0,1.0,1.0,0.0,0.05361798124853101,0.09990951970219611,0.11544108539819717,0.0313549058792011,0.03609210756405501
fast_walk_to_crouch,rounded_waypoint,39,5,1.0,1.0,1.0,0.0,0.07415171328168615,0.1478973093628883,0.16372834295034408,0.027346737274062744,0.03618784084960922
fast_walk_to_crouch,rounded_waypoint,40,5,0.6,1.0,1.0,0.0,0.11351419344396067,0.20646698489785192,0.2247625172138214,0.04211127383614798,0.06052388640694937
fast_walk_to_crouch,rounded_waypoint,41,5,1.0,1.0,1.0,0.0,0.05413283931728573,0.09811163201928137,0.11710324585437774,0.03184025447132885,0.01619460058884421
fast_walk_to_crouch,rounded_waypoint,42,5,0.6,1.0,1.0,0.0,0.09702733894955953,0.1796322178840637,0.19668570309877395,0.03357458092462047,0.047868322654472516
fast_walk_to_crouch,rounded_waypoint,43,5,0.8,1.0,1.0,0.0,0.1065553406966466,0.2249925753474235,0.26104619204998014,0.02764806876256328,0.057662233758004056
fast_walk_to_crouch,rounded_waypoint,44,5,0.2,1.0,1.0,0.0,0.17248507668050236,0.31631620958447454,0.34206261932849885,0.037915630117742946,0.045702555596211766
fast_walk_to_crouch,rounded_waypoint,45,5,0.8,0.8,0.8,0.2,0.05519231047869453,0.10518371481448412,0.12920042052865027,0.030845474220529044,0.01824733669590753
fast_walk_to_crouch,rounded_waypoint,46,5,0.6,1.0,1.0,0.0,0.10160483864240444,0.184952320754528,0.20458532869815826,0.032144382717163904,0.06554741746637924
fast_walk_to_crouch,rounded_waypoint,47,5,0.8,1.0,1.0,0.0,0.09906911274789713,0.1861278750747442,0.21766887605190277,0.032578132673449695,0.04153083180835877
fast_walk_to_crouch,rounded_waypoint,48,5,0.8,1.0,1.0,0.0,0.057972271189423684,0.12204135030508038,0.1385953575372696,0.02864308567536588,0.022549466534672602
fast_walk_to_crouch,rounded_waypoint,49,5,1.0,1.0,1.0,0.0,0.04128581537010545,0.08036986693739887,0.09406792372465134,0.03030059499139538,0.027236184662540276
id_constant,coherent_smooth,0,6,1.0,1.0,1.0,0.0,0.021051586135544035,0.038187689023713264,0.05772328811387221,0.013270932660207712,0.002920636401715198
id_constant,coherent_smooth,1,6,1.0,1.0,0.6666666666666666,0.0,0.023620748352634807,0.04285537397178509,0.07138533766071002,0.013064304654614585,0.0034200391103252764
id_constant,coherent_smooth,2,6,1.0,1.0,1.0,0.0,0.023182434998391555,0.04145584939979016,0.06290833155314128,0.013826136234732772,0.003596755256744693
id_constant,coherent_smooth,3,6,1.0,1.0,0.8333333333333334,0.0,0.022385504303892897,0.042403047252446396,0.061308057978749275,0.013413690935694953,0.0022973985232719986
id_constant,coherent_smooth,4,6,1.0,1.0,1.0,0.0,0.024425619695439438,0.044991818070411665,0.0759377193947633,0.013363924753364703,0.0029455045144941385
id_constant,coherent_smooth,5,6,1.0,1.0,1.0,0.0,0.02436998053590891,0.04350581839680671,0.06740894975761573,0.013862389194011731,0.001994341395776316
id_constant,coherent_smooth,6,6,1.0,1.0,1.0,0.0,0.022152955349207176,0.04172055351858337,0.06759995222091675,0.012716466940473578,0.002830921175294233
id_constant,coherent_smooth,7,6,1.0,1.0,1.0,0.0,0.023336461236411494,0.043352665100246664,0.06838617598017056,0.01341431859691606,0.0022767285549743312
id_constant,coherent_smooth,8,6,1.0,1.0,0.8333333333333334,0.0,0.024452911055295748,0.04318424238202472,0.07201305218040943,0.013141483289165125,0.0035732761688219705
id_constant,coherent_smooth,9,6,1.0,1.0,1.0,0.0,0.022050452826556197,0.043166652042418714,0.07194288944204648,0.012940482622674339,0.004394199192313916
id_constant,coherent_smooth,10,6,1.0,0.8333333333333334,1.0,0.0,0.021910038448221838,0.043128636743252464,0.05928270022074381,0.013269738447496298,0.004508171196444898
id_constant,coherent_smooth,11,6,1.0,1.0,0.8333333333333334,0.0,0.021988053683077397,0.04037540176262456,0.06871730834245682,0.012614353959558273,0.002316626479102024
id_constant,coherent_smooth,12,6,1.0,1.0,1.0,0.0,0.023339900114943347,0.04252107266026237,0.0689975159863631,0.01389838626679802,0.004170328585463748
id_constant,coherent_smooth,13,6,1.0,1.0,1.0,0.0,0.02155071467718374,0.04351538366948563,0.06131154919664065,0.013068888431931103,0.00326813350548405
id_constant,coherent_smooth,14,6,1.0,1.0,1.0,0.0,0.023280916785260442,0.04672147082164882,0.07870447263121605,0.013143438059243935,0.003933291960297777
id_constant,coherent_smooth,15,6,1.0,1.0,1.0,0.0,0.02215759095633732,0.040449381573125706,0.06651944729189078,0.013755698171422623,0.0019987162203794254
id_constant,coherent_smooth,16,6,1.0,1.0,1.0,0.0,0.024815035210432514,0.04621165050193666,0.0717692660788695,0.013445764097260978,0.0037712835590135766
id_constant,coherent_smooth,17,6,1.0,1.0,1.0,0.0,0.024499796060575507,0.04212860550420978,0.06333028587202232,0.013434314181650746,0.002442367354044822
id_constant,coherent_smooth,18,6,1.0,1.0,1.0,0.0,0.022681805675754813,0.04169773940617836,0.06800069659948349,0.01309578395313165,0.002076447446084692
id_constant,coherent_smooth,19,6,1.0,1.0,1.0,0.0,0.022886893850844053,0.0413854549328486,0.074766144156456,0.013004078530450347,0.002672379847453258
id_constant,coherent_smooth,20,6,1.0,1.0,1.0,0.0,0.02384686358555003,0.046213528094813223,0.06905251368880272,0.01329692990646244,0.0028097623116208753
id_constant,coherent_smooth,21,6,1.0,1.0,1.0,0.0,0.024230962186167857,0.04586805521200101,0.07581562921404839,0.01321855977316016,0.002941756864456783
id_constant,coherent_smooth,22,6,1.0,1.0,1.0,0.0,0.02337377214726188,0.04401971081582207,0.0660413025567929,0.013599519277969513,0.0023273477261729855
id_constant,coherent_smooth,23,6,1.0,1.0,0.8333333333333334,0.0,0.02493284528118897,0.04804733588049809,0.07193464723726113,0.013335841684844285,0.0027568922423050644
id_constant,coherent_smooth,24,6,1.0,1.0,1.0,0.0,0.023251874903160812,0.04152030396896104,0.06540148332715034,0.012894294629874105,0.0032118440328705034
id_constant,coherent_smooth,25,6,1.0,1.0,0.8333333333333334,0.0,0.02375228176285715,0.046039270361264546,0.07510893357296784,0.012671342700782464,0.0028443582068290118
id_constant,coherent_smooth,26,6,1.0,1.0,1.0,0.0,0.021865040373169622,0.0434990135176728,0.05896987828115622,0.013102872355504122,0.0037589783603494916
id_constant,coherent_smooth,27,6,1.0,1.0,1.0,0.0,0.024086767067883402,0.04372483960663278,0.07020239035288493,0.013749848667426214,0.0028064322415256257
id_constant,coherent_smooth,28,6,1.0,1.0,1.0,0.0,0.0215830974980598,0.04163139769807458,0.06278229504823685,0.013584642288422433,0.0033942092157658033
id_constant,coherent_smooth,29,6,1.0,1.0,1.0,0.0,0.023884672311037042,0.0439569087854276,0.0659905814876159,0.01376579515814149,0.004594851164600326
id_constant,coherent_smooth,30,6,1.0,1.0,0.8333333333333334,0.0,0.019664585520463743,0.03585695587098598,0.06043760354320208,0.0132090373337072,0.0036136561405836322
id_constant,coherent_smooth,31,6,1.0,1.0,1.0,0.0,0.02267984069972261,0.045633694063872084,0.06471434297660987,0.013760273983510573,0.003369163228051114
id_constant,coherent_smooth,32,6,1.0,1.0,1.0,0.0,0.02243406541080171,0.04256389083651202,0.07083839178085327,0.012971882227170417,0.0015380401395425763
id_constant,coherent_smooth,33,6,1.0,1.0,1.0,0.0,0.02288558220255017,0.03959569279104471,0.06564167079826196,0.013178942551190296,0.00225029201669269
id_constant,coherent_smooth,34,6,1.0,1.0,0.8333333333333334,0.0,0.022523142029841833,0.04539967672899364,0.07095288361112277,0.01300080906462201,0.005101458467779957
id_constant,coherent_smooth,35,6,1.0,1.0,1.0,0.0,0.021356522910018768,0.03867066157981752,0.06994907868405183,0.014400827152662133,0.0027745595074420057
id_constant,coherent_smooth,36,6,1.0,1.0,1.0,0.0,0.021979864496123214,0.0441381687608858,0.06618914256493251,0.013571335369681555,0.002746429395257053
id_constant,coherent_smooth,37,6,1.0,1.0,1.0,0.0,0.021092902659623908,0.04207478569199641,0.06394176371395588,0.013465081175471164,0.0033756384744827034
id_constant,coherent_smooth,38,6,1.0,1.0,1.0,0.0,0.021025218643496126,0.039454215625301,0.05826297029852867,0.014374666943954707,0.0019725589385849638
id_constant,coherent_smooth,39,6,1.0,1.0,1.0,0.0,0.021793362335563726,0.03954614664738377,0.056075794622302055,0.013529389565716693,0.0019459244027892942
id_constant,coherent_smooth,40,6,1.0,1.0,1.0,0.0,0.02277528867323171,0.044250996162494005,0.07214272891481717,0.013490837729849325,0.0024605276346568172
id_constant,coherent_smooth,41,6,1.0,1.0,1.0,0.0,0.0243834248914722,0.045713906176388264,0.07271555128196876,0.01243126525966498,0.0035754411753995637
id_constant,coherent_smooth,42,6,1.0,1.0,1.0,0.0,0.02375699989281434,0.04518603924661873,0.06762156759699185,0.013179209546785656,0.0025999448731687156
id_constant,coherent_smooth,43,6,1.0,1.0,0.8333333333333334,0.0,0.02430911129691056,0.04564682813361287,0.07589874292413394,0.013932229191221302,0.004677150041853828
id_constant,coherent_smooth,44,6,1.0,1.0,1.0,0.0,0.02220332505957184,0.04130692764495807,0.06048555175463358,0.013633355884718402,0.0025353542462456615
id_constant,coherent_smooth,45,6,1.0,1.0,1.0,0.0,0.02129487343287588,0.040077572114144755,0.06453767480949561,0.013569327877178954,0.0023304622653382103
id_constant,coherent_smooth,46,6,1.0,1.0,1.0,0.0,0.022388943322432107,0.041291842951128865,0.06419692809383075,0.013591243533719675,0.0028961832063497395
id_constant,coherent_smooth,47,6,1.0,1.0,1.0,0.0,0.02244773640024714,0.03921008830269178,0.06338370963931084,0.013194099787841437,0.0031034502809271594
id_constant,coherent_smooth,48,6,1.0,1.0,1.0,0.0,0.02119681379595166,0.03926441790536045,0.06592692496875922,0.013040722785756737,0.00317199188114232
id_constant,coherent_smooth,49,6,1.0,1.0,1.0,0.0,0.022893696594690607,0.040303284054001166,0.06522245829304059,0.012964692428870675,0.002939425728390274
id_constant,hard_waypoint,0,6,1.0,1.0,1.0,0.0,0.024734324526596324,0.04660017322748899,0.07161330121258895,0.014254187099659685,0.0038014348852449162
id_constant,hard_waypoint,1,6,1.0,1.0,1.0,0.0,0.030666921585784625,0.059014533522228386,0.07821729158361752,0.01606369834349931,0.00281821732939438
id_constant,hard_waypoint,2,6,1.0,1.0,1.0,0.0,0.023805092137224232,0.04516433590712646,0.07639274125297864,0.014167766701076166,0.00245589654412455
id_constant,hard_waypoint,3,6,1.0,1.0,0.6666666666666666,0.0,0.026244313345877613,0.05217713983729483,0.08425002358853817,0.014057575658715828,0.0012028613273473293
id_constant,hard_waypoint,4,6,1.0,1.0,0.8333333333333334,0.0,0.023380776038010254,0.04304229036594429,0.06943147381146748,0.012618890234738582,0.00185821353242136
id_constant,hard_waypoint,5,6,1.0,1.0,0.8333333333333334,0.0,0.026012608442984208,0.047860178692887216,0.07559433331092198,0.013765730459822089,0.0039548667956689435
id_constant,hard_waypoint,6,6,1.0,1.0,1.0,0.0,0.02907226416868021,0.05499145591941971,0.08214552452166875,0.013545994044041318,0.0014364302015935082
id_constant,hard_waypoint,7,6,1.0,1.0,0.6666666666666666,0.0,0.022433363147856693,0.040905611030757426,0.06125458826621374,0.013607017771935572,0.004066399982669916
id_constant,hard_waypoint,8,6,1.0,1.0,1.0,0.0,0.024386071164027263,0.04812633243078985,0.07623177456359069,0.013895969273947687,0.003029626020101303
id_constant,hard_waypoint,9,6,1.0,1.0,1.0,0.0,0.02408192986708557,0.046300282018880035,0.07602065739532311,0.01403337989732798,0.0028402491892721613
id_constant,hard_waypoint,10,6,1.0,1.0,1.0,0.0,0.027775590674779315,0.05301497994611659,0.07428194458285968,0.01388701596001451,0.00362868257113493
id_constant,hard_waypoint,11,6,1.0,1.0,1.0,0.0,0.02555715004113519,0.049802764225751146,0.07098370231688023,0.012999763164974478,0.003016570791006363
id_constant,hard_waypoint,12,6,1.0,1.0,1.0,0.0,0.027310406947024482,0.05098112650836507,0.08297723531723022,0.014393727478775424,0.0028109960759808753
id_constant,hard_waypoint,13,6,1.0,1.0,1.0,0.0,0.02630359315402329,0.05097879602884251,0.07590724527835846,0.013418707930783189,0.003208258805433887
id_constant,hard_waypoint,14,6,1.0,1.0,1.0,0.0,0.020665010318916672,0.04149840014676253,0.06162691426773866,0.013532588426595375,0.004352982614240368
id_constant,hard_waypoint,15,6,1.0,1.0,0.8333333333333334,0.0,0.02438610752898338,0.04685264034196734,0.0686459057033062,0.013962661279030444,0.003568498950136401
id_constant,hard_waypoint,16,6,1.0,1.0,1.0,0.0,0.025951560053009377,0.05333154547649125,0.07504037581384182,0.01427912790017896,0.0022387234897646344
id_constant,hard_waypoint,17,6,1.0,1.0,1.0,0.0,0.02859465240582232,0.05454892904187241,0.08286966880162557,0.01359494581300205,0.0026445424666022934
id_constant,hard_waypoint,18,6,1.0,1.0,0.6666666666666666,0.0,0.02498972830099427,0.047927871036032826,0.07407531266411145,0.01333018719162721,0.0026506046554016158
id_constant,hard_waypoint,19,6,1.0,1.0,0.8333333333333334,0.0,0.02802225342729453,0.054862640115121986,0.08413040079176426,0.01346004826212475,0.004587975547183709
id_constant,hard_waypoint,20,6,1.0,1.0,1.0,0.0,0.02568347315513095,0.04660252385462323,0.07763520379861195,0.013462221630360795,0.001830088228246013
id_constant,hard_waypoint,21,6,1.0,1.0,1.0,0.0,0.025227246780721715,0.046329348705088085,0.07671421766281128,0.013692498953661274,0.003275126456149293
id_constant,hard_waypoint,22,6,1.0,1.0,1.0,0.0,0.023315077234851784,0.04523245564972359,0.07087127988537152,0.014049749139680262,0.002738687388334581
id_constant,hard_waypoint,23,6,1.0,1.0,1.0,0.0,0.022994612657722874,0.04222663637871543,0.06332545106609662,0.013759299045907327,0.0037012909859297873
id_constant,hard_waypoint,24,6,1.0,1.0,1.0,0.0,0.02747983691910678,0.05381862968206405,0.07801895464460055,0.013513448845126529,0.003210078920756504
id_constant,hard_waypoint,25,6,1.0,1.0,0.8333333333333334,0.0,0.02961593991434949,0.05512885649998981,0.09178803861141205,0.013766190738372151,0.004196219013276936
id_constant,hard_waypoint,26,6,1.0,1.0,1.0,0.0,0.023158846603144656,0.04213092873493829,0.060329847037792206,0.013540260876799971,0.0026722286366084314
id_constant,hard_waypoint,27,6,1.0,1.0,1.0,0.0,0.02545182675945307,0.051599813330297666,0.07227450422942638,0.013795668109080476,0.0037632278570707417
id_constant,hard_waypoint,28,6,1.0,1.0,1.0,0.0,0.026590789050644048,0.046816314912090685,0.06866273532311122,0.014507571762942413,0.0021023414567709156
id_constant,hard_waypoint,29,6,1.0,1.0,0.8333333333333334,0.0,0.023442774183904627,0.043550663550073886,0.07039412421484788,0.012903814114808154,0.002660461079716914
id_constant,hard_waypoint,30,6,1.0,1.0,1.0,0.0,0.027012064315370593,0.05260918213364976,0.0879067350178957,0.012988180418524333,0.002763232569405578
id_constant,hard_waypoint,31,6,1.0,1.0,1.0,0.0,0.02683712929190535,0.05248997549836831,0.07238739542663097,0.015271692393191857,0.00475171323474495
id_constant,hard_waypoint,32,6,1.0,1.0,1.0,0.0,0.02531770090315114,0.04493747173498073,0.07338019708792369,0.01320258951272525,0.0035362038313574242
id_constant,hard_waypoint,33,6,1.0,1.0,1.0,0.0,0.026452099289369462,0.050279901176691046,0.07128414263327916,0.013263433692601833,0.0030405533119727685
id_constant,hard_waypoint,34,6,1.0,1.0,1.0,0.0,0.02546638705496228,0.04635876758644977,0.07133428876598676,0.014668138281765155,0.0033446144922005447
id_constant,hard_waypoint,35,6,1.0,1.0,1.0,0.0,0.027132631223315672,0.05383341126143932,0.06970862050851186,0.01330749371413061,0.0033844546537545503
id_constant,hard_waypoint,36,6,1.0,1.0,1.0,0.0,0.022971483216269174,0.04642775598913428,0.0652071771522363,0.013440876554720503,0.003885183628495645
id_constant,hard_waypoint,37,6,1.0,1.0,1.0,0.0,0.022229057186619647,0.04176841024309396,0.06548201106488705,0.014159212118630084,0.004489217870959859
id_constant,hard_waypoint,38,6,1.0,1.0,1.0,0.0,0.02617193923928556,0.05126794471095005,0.07870362450679143,0.013563664316219805,0.002012913195932803
id_constant,hard_waypoint,39,6,1.0,1.0,1.0,0.0,0.02454479409601684,0.04701119003196557,0.070154528444012,0.014746643389644572,0.003346172464816735
id_constant,hard_waypoint,40,6,1.0,1.0,1.0,0.0,0.026071494481647056,0.0519272794170926,0.0738332774490118,0.014823084221224343,0.0025051450308450954
id_constant,hard_waypoint,41,6,1.0,1.0,1.0,0.0,0.02600580485425626,0.057909254419306895,0.07883585430681705,0.014070078946062567,0.002129324039591795
id_constant,hard_waypoint,42,6,1.0,1.0,0.6666666666666666,0.0,0.0226199433539253,0.04171218294650316,0.07319125284751256,0.013086408987336028,0.0045988885450628375
id_constant,hard_waypoint,43,6,1.0,1.0,1.0,0.0,0.029203829868873765,0.05915590745086469,0.08842536186178525,0.01420795351200241,0.002280595585428887
id_constant,hard_waypoint,44,6,1.0,1.0,0.8333333333333334,0.0,0.0211061521302652,0.03718060692772269,0.06597279570996761,0.01316754281391915,0.0023722590577063994
id_constant,hard_waypoint,45,6,1.0,1.0,1.0,0.0,0.023885714920600976,0.04704151020074884,0.07474660314619541,0.015547973817985825,0.0022281204768516325
id_constant,hard_waypoint,46,6,1.0,1.0,1.0,0.0,0.022937487860300126,0.04305192328368623,0.06985373670856158,0.012249761898437508,0.0031234237898271253
id_constant,hard_waypoint,47,6,1.0,1.0,0.6666666666666666,0.0,0.024531886232710253,0.046912440968056524,0.07961902891596158,0.013815505489491946,0.0020834981011679313
id_constant,hard_waypoint,48,6,1.0,1.0,1.0,0.0,0.022339356238124688,0.04482253805423777,0.06882287996510665,0.01370520215727948,0.002797882183243417
id_constant,hard_waypoint,49,6,1.0,1.0,1.0,0.0,0.023978982326361115,0.04711851517980298,0.06979203658799331,0.012897395681471044,0.001931845084787313
id_constant,procedural,0,6,1.0,1.0,0.8333333333333334,0.0,0.02288603326337015,0.042342435087387754,0.06110966516037782,0.012846622622717734,0.004519776645834889
id_constant,procedural,1,6,1.0,1.0,1.0,0.0,0.023589018080666404,0.04638697456878919,0.07831746712327003,0.013336617908972274,0.002798901622764897
id_constant,procedural,2,6,1.0,1.0,1.0,0.0,0.02214135758716293,0.043794590762505914,0.06583291292190552,0.012882561640277583,0.0024786734501870875
id_constant,procedural,3,6,1.0,1.0,0.8333333333333334,0.0,0.02144957446144775,0.040093793890749414,0.07119170700510342,0.013154153939120575,0.002262640757789752
id_constant,procedural,4,6,1.0,1.0,0.6666666666666666,0.0,0.023252975248890334,0.04487777057414252,0.06660081011553605,0.01385501833873703,0.0040584635772574346
id_constant,procedural,5,6,1.0,1.0,1.0,0.0,0.023969312112454556,0.04413131005130708,0.07452834025025368,0.012944616307967165,0.0032721175654807227
id_constant,procedural,6,6,1.0,1.0,0.8333333333333334,0.0,0.022990790340661038,0.04638717559476693,0.07974203303456306,0.012761522490380232,0.004325023355519991
id_constant,procedural,7,6,1.0,1.0,0.6666666666666666,0.0,0.024256648369616343,0.04542130175977945,0.08325405605137348,0.013552136354058173,0.0030145684683074853
id_constant,procedural,8,6,1.0,1.0,1.0,0.0,0.024159930170872784,0.044960957486182444,0.06788506545126438,0.013399978577900998,0.0021407643548517533
id_constant,procedural,9,6,1.0,1.0,1.0,0.0,0.021442371126783582,0.040413683792576184,0.05721630404392878,0.013519932937988213,0.002759082140428415
id_constant,procedural,10,6,1.0,1.0,1.0,0.0,0.022430075674795602,0.04379157135263081,0.06686538023253281,0.013069878005984567,0.002379988278927913
id_constant,procedural,11,6,1.0,1.0,1.0,0.0,0.025373991103612353,0.04726707069203254,0.08202672687669595,0.012830984551475027,0.0033500603365931073
id_constant,procedural,12,6,1.0,1.0,1.0,0.0,0.021307709732899267,0.040100955124944444,0.07048854356010754,0.013851421091894666,0.002023785719677614
id_constant,procedural,13,6,1.0,1.0,1.0,0.0,0.021869074297487783,0.0395182743978997,0.06884511622289817,0.013935259784453152,0.004252159770821097
id_constant,procedural,14,6,1.0,1.0,0.8333333333333334,0.0,0.022759934027385954,0.04096606572469074,0.0605348056803147,0.013504507723374184,0.0024152459942310077
id_constant,procedural,15,6,1.0,1.0,1.0,0.0,0.025366746484178974,0.04865059405565262,0.08534445613622665,0.013395609584492848,0.003102388836121142
id_constant,procedural,16,6,1.0,1.0,0.8333333333333334,0.0,0.023295452918617066,0.04162992928177118,0.08162992944320042,0.013289137641834063,0.0030820564733316457
id_constant,procedural,17,6,1.0,1.0,1.0,0.0,0.023941481805382997,0.04312342600896955,0.06992480158805847,0.013141076078784548,0.0020113959675417217
id_constant,procedural,18,6,1.0,1.0,1.0,0.0,0.023405522124589906,0.04480699957348405,0.07380282320082188,0.01366677172202651,0.0034400679458115543
id_constant,procedural,19,6,1.0,1.0,1.0,0.0,0.019407349972566084,0.037826505598301675,0.06571103322009246,0.013659697067376055,0.005030042716375957
id_constant,procedural,20,6,1.0,1.0,1.0,0.0,0.023490302751295013,0.04219469473076363,0.064707034577926,0.01331600611989252,0.0038676311805884156
id_constant,procedural,21,6,1.0,1.0,1.0,0.0,0.022801522659383042,0.04282568179381388,0.06537014121810596,0.013541020549385057,0.0026103915984964365
id_constant,procedural,22,6,1.0,1.0,1.0,0.0,0.02418612355545038,0.04966073321799436,0.07749485162397225,0.013594633111075867,0.0037511159274091397
id_constant,procedural,23,6,1.0,1.0,1.0,0.0,0.02143710268429819,0.04105137873751421,0.06640574087699254,0.01316977135119114,0.0018685402189982658
id_constant,procedural,24,6,1.0,1.0,1.0,0.0,0.021943756343256654,0.039081384955594926,0.07197657662133376,0.013366422276584687,0.00273496205584887
id_constant,procedural,25,6,1.0,1.0,0.6666666666666666,0.0,0.0257533696228609,0.0469284651024888,0.07328757333258788,0.013388264843599626,0.004948447523758601
id_constant,procedural,26,6,1.0,1.0,1.0,0.0,0.019831372564546677,0.03660798828738431,0.056739416594306626,0.013432211501284921,0.002549140736738865
id_constant,procedural,27,6,1.0,1.0,0.8333333333333334,0.0,0.023288084601798847,0.04328701687045394,0.05861746395627657,0.013183752092474058,0.0036754441917537907
id_constant,procedural,28,6,1.0,1.0,1.0,0.0,0.023230636248077464,0.045001501465837146,0.06444517336785793,0.013395767852261238,0.004586678284171285
id_constant,procedural,29,6,1.0,1.0,1.0,0.0,0.023302076107247525,0.04264433532953262,0.0696079855163892,0.01312821596095308,0.003334360954328819
id_constant,procedural,30,6,1.0,1.0,1.0,0.0,0.022643870576546488,0.04571228818967938,0.06724530272185802,0.01385680379872988,0.0023946813406312043
id_constant,procedural,31,6,1.0,1.0,0.8333333333333334,0.0,0.025149604668864553,0.047047427948564285,0.07218543440103531,0.013068544369320029,0.0023400979564322188
id_constant,procedural,32,6,1.0,1.0,1.0,0.0,0.024475089878951525,0.044690520254274196,0.06465113411347072,0.01325157647217924,0.0031317528818643517
id_constant,procedural,33,6,1.0,1.0,1.0,0.0,0.022338533360116954,0.04196874238550662,0.06511567843457063,0.012988789035125903,0.0028451252090553464
id_constant,procedural,34,6,1.0,1.0,1.0,0.0,0.022437135855238585,0.04109344578658541,0.07115183211863041,0.01333411931217082,0.002504888912073603
id_constant,procedural,35,6,1.0,1.0,0.8333333333333334,0.0,0.023125682901226532,0.04184780633077024,0.06696269723276298,0.013050365308753633,0.004470743308429398
id_constant,procedural,36,6,1.0,1.0,1.0,0.0,0.024000067850214368,0.04336047302931547,0.071362579241395,0.013131972476050427,0.0038317525554814186
id_constant,procedural,37,6,1.0,1.0,1.0,0.0,0.022887385770489016,0.04247445423776904,0.06980939954519272,0.013415055077419339,0.0031105699402194514
id_constant,procedural,38,6,1.0,1.0,0.8333333333333334,0.0,0.023499616486592222,0.044595684483647334,0.07631462626159191,0.013496786210155076,0.0031359849592945688
id_constant,procedural,39,6,1.0,1.0,1.0,0.0,0.02459093778887718,0.04694646840604642,0.06898217958708604,0.012889995975211968,0.002447182623656128
id_constant,procedural,40,6,1.0,1.0,1.0,0.0,0.02299722280408788,0.04275011190523703,0.07163078958789508,0.013156901006966261,0.0036411663949029497
id_constant,procedural,41,6,1.0,1.0,1.0,0.0,0.024091916818390013,0.0446132295920203,0.06892794060210387,0.013027638343572068,0.005064632251183268
id_constant,procedural,42,6,1.0,1.0,0.8333333333333334,0.0,0.02287155161728513,0.04243341914067666,0.06659928150475025,0.013297544066854934,0.002303423163882179
id_constant,procedural,43,6,1.0,1.0,0.8333333333333334,0.0,0.02207382447620992,0.04021105780266225,0.06580241086582343,0.012926995181251351,0.004166292696960816
id_constant,procedural,44,6,1.0,1.0,1.0,0.0,0.02246930783113843,0.04257955116530258,0.0679389238357544,0.013107080742414456,0.0053765447213329765
id_constant,procedural,45,6,1.0,1.0,0.8333333333333334,0.0,0.021906658117237215,0.04182306686416267,0.07759391516447067,0.013390174753263116,0.002590350043745626
id_constant,procedural,46,6,1.0,1.0,0.8333333333333334,0.0,0.02416432059260243,0.043344554429252925,0.07891562767326832,0.013406763106772504,0.0024950328467803597
id_constant,procedural,47,6,1.0,1.0,1.0,0.0,0.02452085700722634,0.04485590547944109,0.06038989499211311,0.013173492440968196,0.0021796297027121734
id_constant,procedural,48,6,1.0,1.0,0.8333333333333334,0.0,0.023311973292982357,0.04296412059726814,0.061606343214710556,0.013103599485710353,0.004005609092531675
id_constant,procedural,49,6,1.0,1.0,1.0,0.0,0.020924742234829426,0.041561814521749806,0.05844647685686747,0.01311860803289875,0.0027786151250164307
id_constant,rounded_waypoint,0,6,1.0,1.0,1.0,0.0,0.025639168609042293,0.04585177997748056,0.0674017673979203,0.01356206706017536,0.0022832919579188343
id_constant,rounded_waypoint,1,6,1.0,1.0,1.0,0.0,0.029057568294383912,0.057304184821744764,0.09259713689486186,0.013796741687281552,0.00356898788724265
id_constant,rounded_waypoint,2,6,1.0,1.0,1.0,0.0,0.025253273718864728,0.047359547577798346,0.07776270247995853,0.013472240454700855,0.0033045683253649233
id_constant,rounded_waypoint,3,6,1.0,1.0,0.8333333333333334,0.0,0.024080563229839248,0.04656128824378053,0.062272910649577774,0.01369181808931467,0.0012994073882951762
id_constant,rounded_waypoint,4,6,1.0,1.0,0.8333333333333334,0.0,0.026894481627889825,0.050267783955981304,0.07997949483493964,0.015812354585096913,0.0034911458407352047
id_constant,rounded_waypoint,5,6,1.0,1.0,1.0,0.0,0.03300694321888001,0.06812075997392332,0.08689919983347257,0.01393997866476273,0.0019526228508604155
id_constant,rounded_waypoint,6,6,1.0,1.0,1.0,0.0,0.024184734377728768,0.04820594910221795,0.06595472618937492,0.013869632757785298,0.004180133189043154
id_constant,rounded_waypoint,7,6,1.0,1.0,1.0,0.0,0.024903639717081205,0.04648937523985903,0.06954236887395382,0.013921064676427944,0.003176282020616284
id_constant,rounded_waypoint,8,6,1.0,1.0,0.8333333333333334,0.0,0.023629865396324497,0.04098026836290954,0.06289268533388774,0.012960505482454148,0.0020624742992510713
id_constant,rounded_waypoint,9,6,1.0,1.0,1.0,0.0,0.030398571665491318,0.06328351960207022,0.09281185021003087,0.015483664522881094,0.002909001814770625
id_constant,rounded_waypoint,10,6,1.0,1.0,1.0,0.0,0.02939058764950599,0.054765383247286074,0.07748251780867577,0.013941416970336544,0.0038786556788581957
id_constant,rounded_waypoint,11,6,1.0,1.0,1.0,0.0,0.021956778741608077,0.042209892300888896,0.06634427855412166,0.013489105025383065,0.002216360413979388
id_constant,rounded_waypoint,12,6,1.0,1.0,1.0,0.0,0.02506830607361854,0.04853082117624578,0.07122781438132127,0.013119871966228458,0.004124375118055787
id_constant,rounded_waypoint,13,6,1.0,1.0,0.8333333333333334,0.0,0.02393391231869452,0.04565734495408832,0.07326658256351948,0.013319313189931015,0.0033892022153972747
id_constant,rounded_waypoint,14,6,1.0,1.0,1.0,0.0,0.028170737435419296,0.05488889763752619,0.07697565853595734,0.013971749974678935,0.004979793384945026
id_constant,rounded_waypoint,15,6,1.0,1.0,1.0,0.0,0.028396870730292016,0.058065975302209444,0.08585315570235252,0.014072643001130902,0.00284533900068105
id_constant,rounded_waypoint,16,6,1.0,1.0,0.8333333333333334,0.0,0.02517382674500425,0.049410491778204835,0.07002950335542361,0.013985593887475114,0.0018224450219255007
id_constant,rounded_waypoint,17,6,1.0,1.0,1.0,0.0,0.023682466468233927,0.04578528776764868,0.07048007224996884,0.01360870659813545,0.0030799912244611344
id_constant,rounded_waypoint,18,6,1.0,1.0,0.8333333333333334,0.0,0.024052897814883626,0.045465043870111306,0.0669010200848182,0.012838642790443548,0.0011940710653726427
id_constant,rounded_waypoint,19,6,1.0,1.0,0.8333333333333334,0.0,0.022244278773556767,0.041903735060865664,0.05809534744669994,0.01327731759724788,0.00237156107655071
id_constant,rounded_waypoint,20,6,1.0,1.0,0.8333333333333334,0.0,0.023887934610734154,0.045630166058739034,0.07373426978786786,0.01317320073364534,0.004039119100323463
id_constant,rounded_waypoint,21,6,1.0,1.0,1.0,0.0,0.021137966267582978,0.03941146889701485,0.06197333211700121,0.013880827102399124,0.002877794629492239
id_constant,rounded_waypoint,22,6,1.0,1.0,1.0,0.0,0.030268407617588044,0.05970754635830719,0.08405045606195927,0.013802993501459984,0.002673144571486999
id_constant,rounded_waypoint,23,6,1.0,1.0,1.0,0.0,0.028265241125059043,0.05832747782890993,0.07830814023812611,0.014517961923156424,0.0021626313510203082
id_constant,rounded_waypoint,24,6,1.0,1.0,1.0,0.0,0.023874471865994257,0.0470025676457832,0.07149550691246986,0.01429849896793,0.004030558078169683
id_constant,rounded_waypoint,25,6,1.0,1.0,1.0,0.0,0.02632730275084241,0.051744226180016985,0.08068346418440342,0.01398023137794173,0.0033395245756165925
id_constant,rounded_waypoint,26,6,1.0,1.0,1.0,0.0,0.02511417835339944,0.047153537068516,0.07978890339533488,0.014082504228767468,0.003327354143394167
id_constant,rounded_waypoint,27,6,1.0,1.0,1.0,0.0,0.024974651232574707,0.04543337247644861,0.07499840607245763,0.013722855213528085,0.0027088882904587144
id_constant,rounded_waypoint,28,6,1.0,1.0,1.0,0.0,0.02860019063899033,0.05259624432461957,0.08079861849546432,0.015066719457132775,0.00281592108611776
id_constant,rounded_waypoint,29,6,1.0,1.0,1.0,0.0,0.025024799580185494,0.04875212757227321,0.07319749395052592,0.01365089719844953,0.0015462334283660127
id_constant,rounded_waypoint,30,6,1.0,1.0,1.0,0.0,0.027010451189983044,0.049946307453016425,0.06937914217511813,0.012929897644701685,0.0032392161481147688
id_constant,rounded_waypoint,31,6,1.0,1.0,1.0,0.0,0.026364818263021433,0.05191317287584144,0.074256365497907,0.014026814813721873,0.004087610799360181
id_constant,rounded_waypoint,32,6,1.0,1.0,0.8333333333333334,0.0,0.023392770797489915,0.04484106691864628,0.06569094924877088,0.01291739159990552,0.0029760692639807518
id_constant,rounded_waypoint,33,6,1.0,1.0,1.0,0.0,0.03084785501198706,0.05826117879090209,0.07830928203960259,0.015185089078085252,0.0037393907209723833
id_constant,rounded_waypoint,34,6,1.0,1.0,1.0,0.0,0.02973084194727708,0.05863454514183102,0.09053955599665642,0.015312785457592912,0.003966138443751825
id_constant,rounded_waypoint,35,6,1.0,1.0,0.8333333333333334,0.0,0.025312765170866173,0.049353871727362275,0.08131399005651474,0.013535761945681417,0.002258782429208317
id_constant,rounded_waypoint,36,6,1.0,1.0,1.0,0.0,0.028107485966477164,0.05531312256741027,0.07322409624854724,0.013708007463315406,0.00212134683734345
id_constant,rounded_waypoint,37,6,1.0,1.0,1.0,0.0,0.02754791746702594,0.054310377594083546,0.0810813196003437,0.014033226043271748,0.004782815217322133
id_constant,rounded_waypoint,38,6,1.0,1.0,1.0,0.0,0.025834515789971466,0.05180276297032832,0.07312695992489655,0.013707131407127518,0.004897714650888739
id_constant,rounded_waypoint,39,6,1.0,1.0,0.8333333333333334,0.0,0.02407937500802913,0.05023451282953221,0.07113262948890527,0.013673951359768158,0.0023189366906052446
id_constant,rounded_waypoint,40,6,1.0,1.0,0.8333333333333334,0.0,0.030542851679674615,0.05744695874551931,0.08860055233041446,0.013984180316285746,0.003054113328976904
id_constant,rounded_waypoint,41,6,1.0,1.0,1.0,0.0,0.0238302938236989,0.04492416336822012,0.06564878237744172,0.01295462620819212,0.0029590278423425923
id_constant,rounded_waypoint,42,6,1.0,1.0,0.8333333333333334,0.0,0.027912911347760652,0.0503019397767881,0.08071507265170415,0.014416640820791358,0.0016111004902561066
id_constant,rounded_waypoint,43,6,1.0,1.0,1.0,0.0,0.027333875943660362,0.05161542808637023,0.08067064359784126,0.014616783244417437,0.005053878386332297
id_constant,rounded_waypoint,44,6,1.0,1.0,1.0,0.0,0.03506231977148163,0.06784052985409895,0.10064838081598282,0.015362115765168834,0.0023275007073538245
id_constant,rounded_waypoint,45,6,1.0,1.0,0.8333333333333334,0.0,0.025628383746831202,0.048633878165855994,0.07431972585618496,0.013946909598309612,0.004638290973577874
id_constant,rounded_waypoint,46,6,1.0,1.0,1.0,0.0,0.026129958579734398,0.048879082159449645,0.0687600877135992,0.01487220335849207,0.0015601076111968343
id_constant,rounded_waypoint,47,6,1.0,1.0,1.0,0.0,0.02562470238503181,0.050910135420660176,0.07787201118965943,0.01362717918394897,0.0027093508431233065
id_constant,rounded_waypoint,48,6,1.0,1.0,1.0,0.0,0.021292962668302193,0.04078451238262157,0.0688397977501154,0.013584104295910249,0.005776318467035524
id_constant,rounded_waypoint,49,6,1.0,1.0,1.0,0.0,0.024485219076476872,0.044919775612652306,0.07992537195483844,0.012581386607140857,0.0033059304481553495
id_repeated_crouch_start,coherent_smooth,0,2,1.0,1.0,1.0,0.0,0.03294227322112545,0.07167466655373572,0.08691224083304405,0.03381283270790468,0.004166686260368507
id_repeated_crouch_start,coherent_smooth,1,2,1.0,1.0,1.0,0.0,0.02753287849379627,0.052033806964755056,0.06794728524982929,0.03616213466455,0.0039726151618873495
id_repeated_crouch_start,coherent_smooth,2,2,1.0,1.0,1.0,0.0,0.03877032808943694,0.08316469583660363,0.10680721327662468,0.03675295296446607,0.005558939098699894
id_repeated_crouch_start,coherent_smooth,3,2,1.0,1.0,1.0,0.0,0.03386881452687033,0.0638308367691934,0.07628264650702477,0.0369752745202613,0.004357461788938838
id_repeated_crouch_start,coherent_smooth,4,2,0.5,1.0,1.0,0.0,0.027054052542376625,0.054965966660529365,0.06975603103637695,0.03712379665818232,0.003073175311726073
id_repeated_crouch_start,coherent_smooth,5,2,1.0,1.0,1.0,0.0,0.04344203449295382,0.09623243529349562,0.12125883251428604,0.03729130326996141,0.005260144224443791
id_repeated_crouch_start,coherent_smooth,6,2,1.0,1.0,1.0,0.0,0.028850067230726396,0.0645229710265994,0.08151481673121452,0.035554279901949704,0.005856698497193447
id_repeated_crouch_start,coherent_smooth,7,2,1.0,1.0,1.0,0.0,0.037422888036664465,0.08056893534958362,0.10603979974985123,0.036065836440378196,0.0008649855045388677
id_repeated_crouch_start,coherent_smooth,8,2,1.0,1.0,1.0,0.0,0.030596998650625595,0.06173234861344095,0.07421750947833061,0.037892381539745945,0.003972647678418206
id_repeated_crouch_start,coherent_smooth,9,2,1.0,1.0,1.0,0.0,0.03197442800837089,0.06382593400776385,0.09834390133619308,0.035434890593672656,0.0029761045239626305
id_repeated_crouch_start,coherent_smooth,10,2,0.5,1.0,1.0,0.0,0.03208190752733088,0.06555222067981957,0.07834498584270477,0.040999598292217096,0.004960282803577104
id_repeated_crouch_start,coherent_smooth,11,2,1.0,1.0,1.0,0.0,0.02453746167422141,0.05062338607385755,0.07350488007068634,0.03508458193466457,0.00287268853430922
id_repeated_crouch_start,coherent_smooth,12,2,1.0,1.0,1.0,0.0,0.03769070008079132,0.07685722410678862,0.10634143650531769,0.039277202854952675,0.0055589385315517326
id_repeated_crouch_start,coherent_smooth,13,2,1.0,1.0,1.0,0.0,0.026888438926222655,0.05194420590996741,0.07399928569793701,0.03496779377558581,0.002373327310367268
id_repeated_crouch_start,coherent_smooth,14,2,1.0,1.0,1.0,0.0,0.02276621621368282,0.0452811513096094,0.059946127235889435,0.03334562259771085,0.006835608756037781
id_repeated_crouch_start,coherent_smooth,15,2,1.0,1.0,1.0,0.0,0.031953935760237105,0.0640396609902382,0.07745412364602089,0.03562335814448016,0.004272483374275077
id_repeated_crouch_start,coherent_smooth,16,2,1.0,1.0,1.0,0.0,0.031911442740708056,0.058101107552647566,0.08469634875655174,0.03510979816056397,0.0047673925180478915
id_repeated_crouch_start,coherent_smooth,17,2,1.0,1.0,1.0,0.0,0.049153422577407915,0.10767740812152622,0.13682284206151962,0.03827322859261299,0.0035748041790173157
id_repeated_crouch_start,coherent_smooth,18,2,1.0,1.0,1.0,0.0,0.0417590219198987,0.09381939070299267,0.128107238560915,0.03823602479369824,0.0013678744371832807
id_repeated_crouch_start,coherent_smooth,19,2,1.0,1.0,1.0,0.0,0.026126257075333774,0.049780725780874474,0.09143610671162605,0.03939801472826547,0.004964408285199978
id_repeated_crouch_start,coherent_smooth,20,2,1.0,1.0,1.0,0.0,0.03250503112591212,0.065643569547683,0.08546008542180061,0.0358853117356705,0.0022656113291393
id_repeated_crouch_start,coherent_smooth,21,2,1.0,1.0,0.5,0.0,0.02846037732288293,0.053834381606429796,0.0650139395147562,0.033546907612238476,0.006541038816486211
id_repeated_crouch_start,coherent_smooth,22,2,1.0,1.0,1.0,0.0,0.03645144175514743,0.07716877218335866,0.08982362598180771,0.036394881486741214,0.00040005055058256467
id_repeated_crouch_start,coherent_smooth,23,2,1.0,1.0,1.0,0.0,0.04205114759616724,0.0933724632486701,0.11319700628519058,0.03433530404222079,0.0036717428958719933
id_repeated_crouch_start,coherent_smooth,24,2,1.0,1.0,1.0,0.0,0.031079126681062788,0.07121713031083346,0.08714484795928001,0.035123471928965894,0.004371786536753325
id_repeated_crouch_start,coherent_smooth,25,2,1.0,1.0,1.0,0.0,0.036058720605124585,0.0701566556468606,0.0790415108203888,0.036912219756046576,0.0016697773166892416
id_repeated_crouch_start,coherent_smooth,26,2,1.0,1.0,1.0,0.0,0.029788518449449235,0.0611078637652099,0.08080326020717621,0.03523575027073993,0.0058567167383695995
id_repeated_crouch_start,coherent_smooth,27,2,1.0,1.0,1.0,0.0,0.038838264983754124,0.07956776600331061,0.09306208044290543,0.035272764936622944,0.006124528285894326
id_repeated_crouch_start,coherent_smooth,28,2,1.0,1.0,1.0,0.0,0.03519685820235566,0.07641219273209571,0.09004011005163193,0.034324880728053814,0.003066818862070747
id_repeated_crouch_start,coherent_smooth,29,2,1.0,1.0,1.0,0.0,0.038261081938134524,0.07898352295160292,0.12106259539723396,0.03348339301106332,0.004571294125329417
id_repeated_crouch_start,coherent_smooth,30,2,1.0,1.0,1.0,0.0,0.02761189933769553,0.05492316782474518,0.09418052062392235,0.0369308985578167,0.0035617702724791978
id_repeated_crouch_start,coherent_smooth,31,2,1.0,1.0,1.0,0.0,0.030305495730331464,0.06452881470322608,0.08307162299752235,0.03303371028736275,0.002762762594563317
id_repeated_crouch_start,coherent_smooth,32,2,1.0,1.0,1.0,0.0,0.029408212595023596,0.07018241742625828,0.09517749398946762,0.035978911581644256,0.0054508510722349746
id_repeated_crouch_start,coherent_smooth,33,2,1.0,1.0,1.0,0.0,0.041665730562976636,0.09258327558636659,0.11629189550876617,0.03682772567806919,0.006449222943275407
id_repeated_crouch_start,coherent_smooth,34,2,1.0,1.0,1.0,0.0,0.03504967688281384,0.07885201200842851,0.10801340267062187,0.03674686416775197,0.004659413443476812
id_repeated_crouch_start,coherent_smooth,35,2,1.0,1.0,1.0,0.0,0.02819965649234412,0.056725506577640764,0.07930168136954308,0.03701754237815577,0.0042724503105530665
id_repeated_crouch_start,coherent_smooth,36,2,1.0,1.0,1.0,0.0,0.027064304921479584,0.05953462691977619,0.07708518952131271,0.03655853410312761,0.006347249268616517
id_repeated_crouch_start,coherent_smooth,37,2,0.5,1.0,0.5,0.0,0.03955062540111607,0.08794886395335197,0.10376708954572678,0.03728897478176886,0.0033795676696303234
id_repeated_crouch_start,coherent_smooth,38,2,1.0,1.0,1.0,0.0,0.02739779684072163,0.054531640093773585,0.08073621243238449,0.03896791808493388,0.003972646225349791
id_repeated_crouch_start,coherent_smooth,39,2,1.0,1.0,1.0,0.0,0.0407976949598317,0.09281980674713847,0.11772650480270386,0.03544315848632923,0.0024234029102631893
id_repeated_crouch_start,coherent_smooth,40,2,1.0,1.0,1.0,0.0,0.0348088513712118,0.0714859776198864,0.08490944653749466,0.03945024343005634,0.003066835700958559
id_repeated_crouch_start,coherent_smooth,41,2,0.5,1.0,1.0,0.0,0.04200711846140161,0.09193532131612295,0.12134433910250664,0.03795536712734915,0.00276273931054688
id_repeated_crouch_start,coherent_smooth,42,2,1.0,1.0,1.0,0.0,0.03418227281878569,0.06825518505647779,0.09665697813034058,0.035459821406295375,0.004371909924311912
id_repeated_crouch_start,coherent_smooth,43,2,1.0,1.0,1.0,0.0,0.026358062282917663,0.051867245696485015,0.08241897821426392,0.031940280336230975,0.0027743587393828373
id_repeated_crouch_start,coherent_smooth,44,2,1.0,1.0,0.5,0.0,0.02891922514432057,0.058867990411818005,0.0810871310532093,0.0360215914139537,0.009471364504917368
id_repeated_crouch_start,coherent_smooth,45,2,1.0,1.0,1.0,0.0,0.0451919651027672,0.09844534955918786,0.1274568997323513,0.03329092227261342,0.006124559201882734
id_repeated_crouch_start,coherent_smooth,46,2,1.0,1.0,1.0,0.0,0.035279642613182935,0.07299234755337239,0.09969676285982132,0.03764058305239594,0.005450799058466627
id_repeated_crouch_start,coherent_smooth,47,2,1.0,1.0,1.0,0.0,0.03153568896267814,0.07026214022189378,0.08408322371542454,0.03797456150261294,0.00367175433672709
id_repeated_crouch_start,coherent_smooth,48,2,1.0,1.0,0.5,0.0,0.03758132679255938,0.08568258192390202,0.11049982160329819,0.03736752362333568,0.003379563276734332
id_repeated_crouch_start,coherent_smooth,49,2,1.0,1.0,1.0,0.0,0.030228895947850352,0.060236354824155555,0.07864758372306824,0.036194259826725715,0.005750671035742477
id_repeated_crouch_start,hard_waypoint,0,2,1.0,1.0,1.0,0.0,0.029904976014856637,0.05880485018715262,0.06884811632335186,0.037040534161681696,0.0051499459276874715
id_repeated_crouch_start,hard_waypoint,1,2,1.0,1.0,1.0,0.0,0.04034840060272063,0.07860438637435435,0.08820678293704987,0.03374694439286531,0.0019706957877145548
id_repeated_crouch_start,hard_waypoint,2,2,1.0,1.0,1.0,0.0,0.0329493640767579,0.07590169040486214,0.10282398760318756,0.03809243871008326,0.00126467784887771
id_repeated_crouch_start,hard_waypoint,3,2,1.0,1.0,1.0,0.0,0.05444854834875422,0.10662652105093004,0.13514161854982376,0.03248804524292146,0.002762780442517876
id_repeated_crouch_start,hard_waypoint,4,2,1.0,1.0,1.0,0.0,0.032327366802412334,0.07310474067926406,0.10239695012569427,0.03726283282291394,0.0030220631241039964
id_repeated_crouch_start,hard_waypoint,5,2,1.0,1.0,1.0,0.0,0.04066865499722828,0.08062383690848945,0.11112916469573975,0.03587192053768499,0.004074141367959583
id_repeated_crouch_start,hard_waypoint,6,2,1.0,1.0,0.5,0.0,0.03315113847604221,0.06719010788947341,0.08892097696661949,0.03511988390286369,0.0021738970432558236
id_repeated_crouch_start,hard_waypoint,7,2,1.0,1.0,1.0,0.0,0.04058409256069581,0.08832128196954714,0.12445284426212311,0.03343624227509546,0.005066197466781774
id_repeated_crouch_start,hard_waypoint,8,2,1.0,1.0,1.0,0.0,0.040702146769722364,0.08785400912165642,0.1217539943754673,0.0367559780828214,0.005450826148009902
id_repeated_crouch_start,hard_waypoint,9,2,1.0,1.0,1.0,0.0,0.03352364930999259,0.06691856160759924,0.08536025509238243,0.041048149294033554,0.003972590158316386
id_repeated_crouch_start,hard_waypoint,10,2,1.0,1.0,1.0,0.0,0.04071271777399109,0.08759479112923142,0.12091152369976044,0.03725409935215651,0.004659394351370916
id_repeated_crouch_start,hard_waypoint,11,2,0.5,1.0,0.5,0.0,0.03067390994704447,0.05770303625613451,0.0883529968559742,0.03755846734038279,0.0035714229708745937
id_repeated_crouch_start,hard_waypoint,12,2,1.0,1.0,1.0,0.0,0.043966111804688665,0.08514782227575779,0.10211270675063133,0.03424254914164125,0.0047673842549205425
id_repeated_crouch_start,hard_waypoint,13,2,0.5,1.0,1.0,0.0,0.043438745581815846,0.10215787477791306,0.1239091269671917,0.03805992615937908,0.0021736588819346037
id_repeated_crouch_start,hard_waypoint,14,2,1.0,1.0,1.0,0.0,0.03188137996333734,0.06420996477827426,0.08808556571602821,0.03585929382597314,0.0024576600836795914
id_repeated_crouch_start,hard_waypoint,15,2,1.0,1.0,1.0,0.0,0.047452812777119185,0.09838037751615047,0.1150406152009964,0.04048084530537789,0.0032577080686141124
id_repeated_crouch_start,hard_waypoint,16,2,1.0,1.0,1.0,0.0,0.03657092173787291,0.08097327090799808,0.11489275470376015,0.03684648744104939,0.0036717354406100577
id_repeated_crouch_start,hard_waypoint,17,2,1.0,1.0,1.0,0.0,0.03884431583021797,0.08094987142831087,0.11144818738102913,0.03958152481404845,0.006425471733543464
id_repeated_crouch_start,hard_waypoint,18,2,1.0,1.0,1.0,0.0,0.03261791354215087,0.07163588469848037,0.09364458173513412,0.03831860818434954,0.004241011476382506
id_repeated_crouch_start,hard_waypoint,19,2,1.0,1.0,1.0,0.0,0.042243198437613705,0.09090739022940397,0.10653972625732422,0.03144591950178659,0.00247452760392447
id_repeated_crouch_start,hard_waypoint,20,2,0.5,1.0,1.0,0.0,0.04202700453963098,0.08245886452496051,0.11309996247291565,0.042360382039167144,0.005260128952525117
id_repeated_crouch_start,hard_waypoint,21,2,0.5,1.0,1.0,0.0,0.04035428844646879,0.08112194985151291,0.10904736444354057,0.03952961576302361,0.00472854876968401
id_repeated_crouch_start,hard_waypoint,22,2,1.0,1.0,1.0,0.0,0.040096674880437146,0.09023041501641274,0.10405774414539337,0.03934966379894747,0.004545048502446386
id_repeated_crouch_start,hard_waypoint,23,2,1.0,1.0,1.0,0.0,0.05541406227183832,0.12299402281641958,0.14858466386795044,0.037592150253135816,0.00457129849683699
id_repeated_crouch_start,hard_waypoint,24,2,1.0,1.0,1.0,0.0,0.05275746008579639,0.1064142709597945,0.13331003487110138,0.03723611362806998,0.0050334423951194085
id_repeated_crouch_start,hard_waypoint,25,2,1.0,1.0,1.0,0.0,0.05505895762782402,0.13885976858437055,0.19085382670164108,0.035888337707883744,0.006725301512478715
id_repeated_crouch_start,hard_waypoint,26,2,0.5,1.0,1.0,0.0,0.03142987154018026,0.06057882485911251,0.07931119576096535,0.04270801715892987,0.004371917185127111
id_repeated_crouch_start,hard_waypoint,27,2,1.0,1.0,1.0,0.0,0.040134184309608606,0.0781805396080017,0.12953649833798409,0.03390237168782513,0.0038647307223666494
id_repeated_crouch_start,hard_waypoint,28,2,1.0,1.0,1.0,0.0,0.037374120546319986,0.07280780728906391,0.10115411877632141,0.035324204450441474,0.0027628058014283474
id_repeated_crouch_start,hard_waypoint,29,2,0.5,1.0,1.0,0.0,0.03093570030728597,0.06542698480188845,0.093174297362566,0.03662302045247752,0.003972624092637517
id_repeated_crouch_start,hard_waypoint,30,2,1.0,1.0,1.0,0.0,0.038998859491895466,0.08721531592309476,0.10719438642263412,0.03337100566883179,0.0038647238121545247
id_repeated_crouch_start,hard_waypoint,31,2,1.0,1.0,1.0,0.0,0.04783333207589531,0.09429778065532443,0.11333532631397247,0.03749071610170406,0.006788733736090291
id_repeated_crouch_start,hard_waypoint,32,2,1.0,1.0,1.0,0.0,0.02914225871280174,0.0637464489787817,0.08422388136386871,0.03639962207401692,0.0038647472741747957
id_repeated_crouch_start,hard_waypoint,33,2,1.0,1.0,1.0,0.0,0.036155230819464056,0.08278505932539701,0.09925688803195953,0.035156388772618716,0.0025697037056179317
id_repeated_crouch_start,hard_waypoint,34,2,1.0,1.0,1.0,0.0,0.048379561027476925,0.10901285223662853,0.13005602732300758,0.04054712357868362,0.00306683619900619
id_repeated_crouch_start,hard_waypoint,35,2,1.0,1.0,1.0,0.0,0.037042507143950104,0.08423632215708493,0.10117721185088158,0.03339698875304421,0.003257707809121907
id_repeated_crouch_start,hard_waypoint,36,2,1.0,1.0,0.5,0.0,0.032262162374106215,0.06161026582121849,0.08217276632785797,0.03281108041387336,0.0033795598813547434
id_repeated_crouch_start,hard_waypoint,37,2,1.0,1.0,0.5,0.0,0.027570723514284648,0.052863854542374605,0.07470285892486572,0.03329509441458867,0.004576869122932259
id_repeated_crouch_start,hard_waypoint,38,2,1.0,1.0,1.0,0.0,0.028029710719550866,0.050932561419904224,0.06895675137639046,0.0391663873136772,0.005149973272841141
id_repeated_crouch_start,hard_waypoint,39,2,1.0,1.0,1.0,0.0,0.03871765591275042,0.08153976313769816,0.10027171298861504,0.040567336268219095,0.0034453337181159227
id_repeated_crouch_start,hard_waypoint,40,2,0.5,1.0,1.0,0.0,0.04993733314252694,0.10961017832159997,0.12300469726324081,0.040351825901184676,0.004467567565380026
id_repeated_crouch_start,hard_waypoint,41,2,1.0,1.0,1.0,0.0,0.044323790431400806,0.09449957739561796,0.12858814746141434,0.035620361544355196,0.002173387852244607
id_repeated_crouch_start,hard_waypoint,42,2,1.0,1.0,1.0,0.0,0.04535902344275698,0.0924164829775691,0.1301857978105545,0.035730307934429224,0.001213562969029497
id_repeated_crouch_start,hard_waypoint,43,2,1.0,1.0,1.0,0.0,0.037497066582610546,0.0733036570250988,0.09020189382135868,0.03372416945349017,0.006608617743264433
id_repeated_crouch_start,hard_waypoint,44,2,1.0,1.0,1.0,0.0,0.03335319886374583,0.06941344738006591,0.08995368704199791,0.03508438643221778,0.0020703397833061743
id_repeated_crouch_start,hard_waypoint,45,2,1.0,1.0,1.0,0.0,0.04375341575550224,0.10626666881144048,0.13002263009548187,0.04132563741165312,0.008171229590997697
id_repeated_crouch_start,hard_waypoint,46,2,1.0,1.0,1.0,0.0,0.03147622875035675,0.06377277970314026,0.08453723788261414,0.03622097306444158,0.002474541635348715
id_repeated_crouch_start,hard_waypoint,47,2,1.0,1.0,1.0,0.0,0.032179455049665406,0.06356608225032688,0.0869855284690857,0.03395861264751835,0.004240989023082592
id_repeated_crouch_start,hard_waypoint,48,2,1.0,1.0,1.0,0.0,0.04474133143046213,0.08894968163222074,0.10227159783244133,0.037159645135614996,0.004847938686784459
id_repeated_crouch_start,hard_waypoint,49,2,1.0,1.0,1.0,0.0,0.03074810144489594,0.06130013372749086,0.08333402127027512,0.03636047111766243,0.004467567171070191
id_repeated_crouch_start,procedural,0,2,1.0,1.0,1.0,0.0,0.030148143300979112,0.0606965884566307,0.07508564740419388,0.037112749280780594,0.003754306121741463
id_repeated_crouch_start,procedural,1,2,1.0,1.0,1.0,0.0,0.03054390092606367,0.07174113634973765,0.08492590859532356,0.03539811102032404,0.0028726663357070414
id_repeated_crouch_start,procedural,2,2,1.0,1.0,1.0,0.0,0.02528219778004019,0.05690148845314978,0.07337883114814758,0.03833698371702215,0.002872670831334301
id_repeated_crouch_start,procedural,3,2,1.0,1.0,1.0,0.0,0.03427694362413003,0.06631497703492642,0.08551934733986855,0.03235447058121216,0.0026752574927627337
id_repeated_crouch_start,procedural,4,2,1.0,1.0,1.0,0.0,0.03088368447807619,0.05903501454740763,0.09259161725640297,0.03386924499051368,0.0041693072775288165
id_repeated_crouch_start,procedural,5,2,1.0,1.0,1.0,0.0,0.03321899534767754,0.06700616423040627,0.09545224905014038,0.03401199389654774,0.005260128161163086
id_repeated_crouch_start,procedural,6,2,1.0,1.0,0.5,0.0,0.025585944560392003,0.05317771099507809,0.07990305870771408,0.03528298682769436,0.0009598634800118688
id_repeated_crouch_start,procedural,7,2,1.0,1.0,1.0,0.0,0.03341289168606443,0.06677259095013141,0.09815945103764534,0.035955576851761734,0.004240991792847537
id_repeated_crouch_start,procedural,8,2,1.0,1.0,1.0,0.0,0.03577095266780382,0.07677504196763038,0.09838845208287239,0.03168483711722519,0.0035747731555828832
id_repeated_crouch_start,procedural,9,2,1.0,1.0,1.0,0.0,0.030650720672332744,0.0689141461625695,0.08748620748519897,0.034454120699613296,0.004964425216635399
id_repeated_crouch_start,procedural,10,2,1.0,1.0,1.0,0.0,0.03176195510619034,0.06274896487593651,0.0764753594994545,0.036600420525843544,0.004357466340419919
id_repeated_crouch_start,procedural,11,2,1.0,1.0,1.0,0.0,0.03429858784643634,0.07183603644371032,0.08606800436973572,0.032768486580754874,0.0024576706124768144
id_repeated_crouch_start,procedural,12,2,1.0,1.0,1.0,0.0,0.03338790979042776,0.06857611127197742,0.08759273216128349,0.03416388495767064,0.0029761251753398776
id_repeated_crouch_start,procedural,13,2,1.0,1.0,1.0,0.0,0.05011544078937675,0.10755394827574494,0.13110381364822388,0.03373278754366936,0.0033698250722503376
id_repeated_crouch_start,procedural,14,2,0.5,1.0,1.0,0.0,0.02635249681266413,0.05303620574995875,0.06476818211376667,0.03788554508862971,0.004848007038360025
id_repeated_crouch_start,procedural,15,2,1.0,1.0,1.0,0.0,0.02885262816596805,0.058277074992656705,0.07248888537287712,0.036828603773765664,0.0062390624955964424
id_repeated_crouch_start,procedural,16,2,1.0,1.0,1.0,0.0,0.034835275030001916,0.07683529704809189,0.09823660925030708,0.03485558669980379,0.00405447292822847
id_repeated_crouch_start,procedural,17,2,1.0,1.0,1.0,0.0,0.022945845018752936,0.049152387678623184,0.0779775120317936,0.03635081952506607,0.005066197227708513
id_repeated_crouch_start,procedural,18,2,1.0,1.0,0.5,0.0,0.027031385751473094,0.052300436887890045,0.07301666215062141,0.04061230030532091,0.00456568112796607
id_repeated_crouch_start,procedural,19,2,1.0,1.0,1.0,0.0,0.03176449551286367,0.06185956560075283,0.08134438470005989,0.03585503890435823,0.0022656579551209033
id_repeated_crouch_start,procedural,20,2,1.0,1.0,1.0,0.0,0.03965591078136692,0.07433038391172886,0.08413886651396751,0.0320275748988212,0.005336392829629166
id_repeated_crouch_start,procedural,21,2,0.5,1.0,1.0,0.0,0.03813332808490531,0.07635321402922272,0.09121216274797916,0.037732387584942274,0.005947948400167685
id_repeated_crouch_start,procedural,22,2,0.5,1.0,1.0,0.0,0.02989527745081614,0.057759036030620325,0.0821814090013504,0.037018675311514294,0.0037504388805860156
id_repeated_crouch_start,procedural,23,2,1.0,1.0,1.0,0.0,0.024817597382116204,0.04809274682775136,0.060207439586520195,0.0324531466298357,0.0017662745716905126
id_repeated_crouch_start,procedural,24,2,1.0,1.0,1.0,0.0,0.03780357212086003,0.07346573760733008,0.10008551925420761,0.03582497563956824,0.004848002772244897
id_repeated_crouch_start,procedural,25,2,1.0,1.0,0.5,0.0,0.029003541853659512,0.05817628167569626,0.07954545319080353,0.03573505773090715,0.005555552367048688
id_repeated_crouch_start,procedural,26,2,1.0,1.0,1.0,0.0,0.030108575764464025,0.06014578621834517,0.07966141030192375,0.03312013026803591,0.002070326624815405
id_repeated_crouch_start,procedural,27,2,1.0,1.0,1.0,0.0,0.025303107008140535,0.05023311162367461,0.07886450737714767,0.0362457299247064,0.0031746014140345002
id_repeated_crouch_start,procedural,28,2,1.0,1.0,1.0,0.0,0.04127619925368381,0.08431670404970645,0.12204770743846893,0.036977230938700874,0.001669782151560828
id_repeated_crouch_start,procedural,29,2,1.0,1.0,1.0,0.0,0.03969402156757909,0.08825445435941219,0.10554087162017822,0.03642567303680458,0.0020703239210526636
id_repeated_crouch_start,procedural,30,2,0.5,1.0,0.5,0.0,0.030658674101713995,0.05825991472229361,0.07073736004531384,0.03727669397561455,0.006357389512419487
id_repeated_crouch_start,procedural,31,2,1.0,1.0,1.0,0.0,0.033760905396966204,0.06733382744714617,0.08088167756795883,0.03533802868518868,0.004848013264972334
id_repeated_crouch_start,procedural,32,2,1.0,1.0,1.0,0.0,0.030044833039981525,0.06334877759218215,0.08666466921567917,0.036605486499366124,0.007722850455080671
id_repeated_crouch_start,procedural,33,2,1.0,1.0,1.0,0.0,0.039872033243863673,0.07958764899522065,0.11182421445846558,0.03685503396007652,0.004169306945952356
id_repeated_crouch_start,procedural,34,2,1.0,1.0,1.0,0.0,0.03142095074683621,0.06157323420047754,0.09460587427020073,0.0326599330741635,0.00536398336464286
id_repeated_crouch_start,procedural,35,2,1.0,1.0,1.0,0.0,0.036176230507947445,0.0847554551437497,0.11088826134800911,0.03202930705078158,0.004964401186556583
id_repeated_crouch_start,procedural,36,2,1.0,1.0,1.0,0.0,0.0272340770486915,0.053271573968231685,0.07558570802211761,0.040155767743662155,0.007209397965539155
id_repeated_crouch_start,procedural,37,2,1.0,1.0,1.0,0.0,0.030625993097588643,0.06143573969602584,0.07587383687496185,0.03747902083308155,0.0030731743209180817
id_repeated_crouch_start,procedural,38,2,1.0,1.0,0.5,0.0,0.03319003500872973,0.0666980467736721,0.08097498118877411,0.035547823382190896,0.0033795467595700845
id_repeated_crouch_start,procedural,39,2,1.0,1.0,0.5,0.0,0.027209618332445142,0.053637021314352745,0.08133656531572342,0.03492044281636553,0.0025727047623385624
id_repeated_crouch_start,procedural,40,2,1.0,1.0,1.0,0.0,0.02760881055910728,0.05484679918736218,0.07103323191404343,0.03440426539134789,0.004960283625358719
id_repeated_crouch_start,procedural,41,2,1.0,1.0,1.0,0.0,0.02842358086118706,0.056359300948679414,0.0966327153146267,0.03413578894023785,0.006049484308080166
id_repeated_crouch_start,procedural,42,2,1.0,1.0,1.0,0.0,0.028051336435390317,0.057702376320958135,0.06795935332775116,0.03402003820415016,0.004166663152786826
id_repeated_crouch_start,procedural,43,2,1.0,1.0,1.0,0.0,0.030356929500241377,0.06416693069040774,0.10309246554970741,0.0355340246967656,0.004960279300567999
id_repeated_crouch_start,procedural,44,2,1.0,1.0,1.0,0.0,0.03928674835517625,0.07986612953245623,0.12095149978995323,0.03261871972240116,0.0019150007735632968
id_repeated_crouch_start,procedural,45,2,1.0,1.0,1.0,0.0,0.02701375083353995,0.05360899185761808,0.061984652653336525,0.03498866190779101,0.0026752278934282503
id_repeated_crouch_start,procedural,46,2,1.0,1.0,1.0,0.0,0.025828551668674964,0.05258657755330204,0.06598332338035107,0.03406027623074297,0.003445332275035018
id_repeated_crouch_start,procedural,47,2,1.0,1.0,1.0,0.0,0.033032851233423796,0.06745708361268044,0.10151611268520355,0.03371753937017244,0.005149940131310732
id_repeated_crouch_start,procedural,48,2,1.0,1.0,1.0,0.0,0.026353324898435806,0.052277312893420406,0.0678789597004652,0.03392796534198074,0.002872667283703889
id_repeated_crouch_start,procedural,49,2,1.0,1.0,1.0,0.0,0.027768604207340043,0.05611814083531498,0.07214348018169403,0.03333970945874247,0.0028726603356553915
id_repeated_crouch_start,rounded_waypoint,0,2,0.5,1.0,1.0,0.0,0.026002155888846967,0.050061883125454176,0.06618849188089371,0.03962361342125277,0.002675258196191549
id_repeated_crouch_start,rounded_waypoint,1,2,1.0,1.0,1.0,0.0,0.04792019893994068,0.09853864032775164,0.12450580671429634,0.03777994739732916,0.004272456687263476
id_repeated_crouch_start,rounded_waypoint,2,2,1.0,1.0,1.0,0.0,0.04403807548900314,0.09140137117356062,0.12906431034207344,0.03257452792355336,0.005660750135123516
id_repeated_crouch_start,rounded_waypoint,3,2,1.0,1.0,1.0,0.0,0.037036729868229576,0.07445882111787797,0.09271575883030891,0.03520414032056161,0.0031743247323749724
id_repeated_crouch_start,rounded_waypoint,4,2,1.0,1.0,0.5,0.0,0.03497428446320104,0.07730930987745523,0.09420040622353554,0.03542103727887703,0.0075221226558184195
id_repeated_crouch_start,rounded_waypoint,5,2,1.0,1.0,1.0,0.0,0.04013800898450229,0.0806568298488855,0.13814855366945267,0.03144249790480456,0.004571270341889949
id_repeated_crouch_start,rounded_waypoint,6,2,0.5,1.0,1.0,0.0,0.030844095215076767,0.06555637549608945,0.09074969589710236,0.03686315873198175,0.004960282374859348
id_repeated_crouch_start,rounded_waypoint,7,2,1.0,1.0,1.0,0.0,0.05585578040580105,0.13650125395506615,0.17210670560598373,0.04075109801570442,0.003864722923346914
id_repeated_crouch_start,rounded_waypoint,8,2,1.0,1.0,1.0,0.0,0.03294996479188278,0.06472579631954428,0.08581110462546349,0.03680980023039689,0.003864667502820218
id_repeated_crouch_start,rounded_waypoint,9,2,1.0,1.0,1.0,0.0,0.05079200004022341,0.08638274557888508,0.1099192425608635,0.033076485002841736,0.0031745277442487008
id_repeated_crouch_start,rounded_waypoint,10,2,1.0,1.0,1.0,0.0,0.048936328695810036,0.09924578312784434,0.12661944702267647,0.030547710891288972,0.0019706679220888312
id_repeated_crouch_start,rounded_waypoint,11,2,1.0,1.0,1.0,0.0,0.03859328535428477,0.08000616021454332,0.10841996595263481,0.03840663480006896,0.005750702875654018
id_repeated_crouch_start,rounded_waypoint,12,2,1.0,1.0,1.0,0.0,0.03840940426801827,0.08021721635013818,0.09965065494179726,0.0397753514722656,0.0035743886404177305
id_repeated_crouch_start,rounded_waypoint,13,2,0.5,1.0,0.5,0.0,0.04678499403739482,0.0940770275890827,0.12051118165254593,0.04060218099706862,0.005555552933339758
id_repeated_crouch_start,rounded_waypoint,14,2,1.0,1.0,1.0,0.0,0.038204078935495454,0.07921065445989368,0.12863317877054214,0.03452952615881458,0.006347268625659208
id_repeated_crouch_start,rounded_waypoint,15,2,1.0,1.0,1.0,0.0,0.043481692342245484,0.0933173518627882,0.1161867305636406,0.03641097721896912,0.0053639827643060245
id_repeated_crouch_start,rounded_waypoint,16,2,1.0,1.0,1.0,0.0,0.0498059872965009,0.11143259909003966,0.16007643565535545,0.03898777638353006,0.0047673920227153666
id_repeated_crouch_start,rounded_waypoint,17,2,1.0,1.0,1.0,0.0,0.036691811304323044,0.07308939984068274,0.0993046872317791,0.0345077960642907,0.004467572513321666
id_repeated_crouch_start,rounded_waypoint,18,2,1.0,1.0,1.0,0.0,0.03862534218626418,0.08237820025533438,0.10517917945981026,0.03715350316889318,0.004467566565715897
id_repeated_crouch_start,rounded_waypoint,19,2,1.0,1.0,1.0,0.0,0.022210641920505904,0.047133729513734575,0.07053273357450962,0.03520055147881382,0.005260143765169062
id_repeated_crouch_start,rounded_waypoint,20,2,1.0,1.0,1.0,0.0,0.05001638622874499,0.09881680645048618,0.10938078537583351,0.03920673203858094,0.005336421442923234
id_repeated_crouch_start,rounded_waypoint,21,2,1.0,1.0,1.0,0.0,0.026269544947862173,0.053207227587699885,0.06597363948822021,0.035682021686432704,0.0057506786817349
id_repeated_crouch_start,rounded_waypoint,22,2,1.0,1.0,1.0,0.0,0.048550591816964334,0.09449252858757973,0.11878042668104172,0.0323073222743439,0.005149948395888698
id_repeated_crouch_start,rounded_waypoint,23,2,1.0,1.0,1.0,0.0,0.04435659945036288,0.12107765749096866,0.14900662377476692,0.036021247903341644,0.005756263113406712
id_repeated_crouch_start,rounded_waypoint,24,2,1.0,1.0,1.0,0.0,0.04176197658601203,0.08921422734856604,0.10659722238779068,0.03475423041074087,0.004659422433245963
id_repeated_crouch_start,rounded_waypoint,25,2,1.0,1.0,1.0,0.0,0.03908997872833426,0.07835650425404307,0.09343340992927551,0.04042512268216035,0.006537874936066612
id_repeated_crouch_start,rounded_waypoint,26,2,1.0,1.0,1.0,0.0,0.028820741845840093,0.06216569552198052,0.09584916010499,0.03377732148876554,0.0036717271662896067
id_repeated_crouch_start,rounded_waypoint,27,2,1.0,1.0,1.0,0.0,0.038838848682048226,0.08638448175042868,0.11576807871460915,0.03661969871956772,0.005336401759468673
id_repeated_crouch_start,rounded_waypoint,28,2,1.0,1.0,1.0,0.0,0.03191682388432047,0.06733388062566514,0.09510194137692451,0.03021544382374975,0.004848016720034987
id_repeated_crouch_start,rounded_waypoint,29,2,1.0,1.0,1.0,0.0,0.02977882185330924,0.061397483758628336,0.08019799366593361,0.03688490354197527,0.004467570429973811
id_repeated_crouch_start,rounded_waypoint,30,2,1.0,1.0,1.0,0.0,0.03688452106884474,0.08050437644124031,0.10859590768814087,0.037572143357562995,0.005638352594448809
id_repeated_crouch_start,rounded_waypoint,31,2,1.0,1.0,1.0,0.0,0.03319016960936188,0.06358006997033953,0.07814356312155724,0.0367065043256895,0.0015687379966210502
id_repeated_crouch_start,rounded_waypoint,32,2,0.5,1.0,1.0,0.0,0.03182275761832655,0.061199719086289406,0.08127022907137871,0.03691099958896241,0.0046594158551555576
id_repeated_crouch_start,rounded_waypoint,33,2,0.5,1.0,1.0,0.0,0.04787687692419272,0.10920461788773536,0.1437971070408821,0.039696304239312544,0.005066202207943682
id_repeated_crouch_start,rounded_waypoint,34,2,0.5,1.0,1.0,0.0,0.04266932969887652,0.08071434609591961,0.11591675132513046,0.03776422282794602,0.0013678545441847267
id_repeated_crouch_start,rounded_waypoint,35,2,0.5,1.0,1.0,0.0,0.03832126793977442,0.07736858874559403,0.1085120439529419,0.03504712989335934,0.0029761507465352333
id_repeated_crouch_start,rounded_waypoint,36,2,1.0,1.0,1.0,0.0,0.04666943190158597,0.09812422618269917,0.14245788007974625,0.033396776472122816,0.00563835121216491
id_repeated_crouch_start,rounded_waypoint,37,2,1.0,1.0,1.0,0.0,0.04369215259055215,0.10172174796462052,0.12441475689411163,0.041221079401843594,0.0029761448860423367
id_repeated_crouch_start,rounded_waypoint,38,2,0.5,1.0,1.0,0.0,0.044480492712316966,0.08739383965730663,0.12511403858661652,0.0408493139805788,0.005450859500075705
id_repeated_crouch_start,rounded_waypoint,39,2,1.0,1.0,1.0,0.0,0.034138715909073525,0.07207097113132463,0.1095186322927475,0.033452228578131425,0.005149950185085017
id_repeated_crouch_start,rounded_waypoint,40,2,1.0,1.0,0.5,0.0,0.04458861249514601,0.10525969564914703,0.13187433034181595,0.03610129007227747,0.003979254046929337
id_repeated_crouch_start,rounded_waypoint,41,2,1.0,1.0,1.0,0.0,0.039584133809617714,0.07937446534633635,0.09740521386265755,0.0384217323149066,0.005450825026107831
id_repeated_crouch_start,rounded_waypoint,42,2,1.0,1.0,0.5,0.0,0.04075026602975397,0.07543218061327935,0.08844256401062012,0.04230761242373791,0.004576852240237572
id_repeated_crouch_start,rounded_waypoint,43,2,1.0,1.0,1.0,0.0,0.052731207540188965,0.10216993652284145,0.12285000458359718,0.04185070720435393,0.0027627982438152565
id_repeated_crouch_start,rounded_waypoint,44,2,1.0,1.0,1.0,0.0,0.07819827595533071,0.20744025260210036,0.2346273735165596,0.04128998288382687,0.002762803031464034
id_repeated_crouch_start,rounded_waypoint,45,2,1.0,1.0,1.0,0.0,0.032547608533739135,0.06740757599472999,0.08355555310845375,0.03553999629034494,0.0030668083853256367
id_repeated_crouch_start,rounded_waypoint,46,2,1.0,1.0,1.0,0.0,0.03780256662412944,0.0792477861046791,0.10387437418103218,0.04005449433029092,0.003671749508725758
id_repeated_crouch_start,rounded_waypoint,47,2,0.5,1.0,1.0,0.0,0.033896877767673805,0.07571913301944727,0.10465281829237938,0.040730489443163445,0.004054460047958841
id_repeated_crouch_start,rounded_waypoint,48,2,1.0,1.0,1.0,0.0,0.03461825792862378,0.07154825963079929,0.08847393468022346,0.034155982806867,0.0042724511729222425
id_repeated_crouch_start,rounded_waypoint,49,2,0.5,1.0,1.0,0.0,0.035418251527734486,0.07212795615196227,0.09447824954986572,0.03664876903444852,0.0035617378400846222
id_repeated_walk_start,coherent_smooth,0,2,0.5,1.0,1.0,0.0,0.03302981564539883,0.067944854311645,0.08418895304203033,0.031132755514638236,0.002457695632631901
id_repeated_walk_start,coherent_smooth,1,2,1.0,1.0,1.0,0.0,0.0553907835333462,0.09849635884165758,0.13047122210264206,0.03441724925035862,0.002500682263051196
id_repeated_walk_start,coherent_smooth,2,2,1.0,1.0,1.0,0.0,0.02728402756074675,0.053709588944911936,0.07902756333351135,0.03148976895741369,0.11175887095150941
id_repeated_walk_start,coherent_smooth,3,2,1.0,1.0,1.0,0.0,0.03570362361055701,0.06610499741509554,0.08496113866567612,0.03685749982277855,0.001970673779816079
id_repeated_walk_start,coherent_smooth,4,2,1.0,1.0,0.5,0.0,0.03026746056318927,0.05705675557255744,0.07211610674858093,0.0304974401706027,0.001569499522906137
id_repeated_walk_start,coherent_smooth,5,2,1.0,1.0,1.0,0.0,0.03648799643135882,0.06411305628716946,0.07983902841806412,0.03330282360716107,0.0033210300343903543
id_repeated_walk_start,coherent_smooth,6,2,1.0,1.0,1.0,0.0,0.03827087378315201,0.08132982477545739,0.09733970835804939,0.03276337632706082,0.0032576985120014723
id_repeated_walk_start,coherent_smooth,7,2,1.0,1.0,1.0,0.0,0.03572401308591164,0.08608924131840466,0.11024664342403412,0.031071302966125057,0.0012646818422223927
id_repeated_walk_start,coherent_smooth,8,2,1.0,1.0,0.5,0.0,0.022969530490119842,0.04624273283407092,0.06154653616249561,0.032946245298063226,0.0015679637847695882
id_repeated_walk_start,coherent_smooth,9,2,1.0,1.0,1.0,0.0,0.03530818861648874,0.06119497623294592,0.07734843716025352,0.036845073044568785,0.0050094937656271765
id_repeated_walk_start,coherent_smooth,10,2,1.0,1.0,1.0,0.0,0.03790869712320506,0.07320563569664953,0.09081163816154003,0.03385957256637097,0.005261659502264621
id_repeated_walk_start,coherent_smooth,11,2,1.0,1.0,1.0,0.0,0.0361631266140615,0.07406974658370016,0.10461346432566643,0.034791457191567614,0.007914394479264425
id_repeated_walk_start,coherent_smooth,12,2,1.0,1.0,1.0,0.0,0.03750315405995586,0.06813341155648231,0.089940145611763,0.03244530070965202,0.002909125786823008
id_repeated_walk_start,coherent_smooth,13,2,0.5,1.0,1.0,0.0,0.03359211766847167,0.07155120614916086,0.10607640072703362,0.031217909747624915,0.003776866741724033
id_repeated_walk_start,coherent_smooth,14,2,0.5,1.0,1.0,0.0,0.03265917043444913,0.0660522569902241,0.08692285791039467,0.033943288429612084,0.005046664879027191
id_repeated_walk_start,coherent_smooth,15,2,0.5,1.0,1.0,0.0,0.03176919684645089,0.05872795414179562,0.08866792544722557,0.034269729527321234,0.005756277326626341
id_repeated_walk_start,coherent_smooth,16,2,0.5,1.0,1.0,0.0,0.03370560334556903,0.0656738937832415,0.10637461021542549,0.03312992773739496,0.009245545479010714
id_repeated_walk_start,coherent_smooth,17,2,1.0,1.0,1.0,0.0,0.03678969609296624,0.0663274824619293,0.08379914239048958,0.030883634102932746,0.008016593547214707
id_repeated_walk_start,coherent_smooth,18,2,1.0,1.0,1.0,0.0,0.029910532983233887,0.0504516982473433,0.06823643855750561,0.033990761244153254,0.009298489009147204
id_repeated_walk_start,coherent_smooth,19,2,1.0,1.0,1.0,0.0,0.042669487422568576,0.08547302540391682,0.10311311483383179,0.029812986470809245,0.006608668950739249
id_repeated_walk_start,coherent_smooth,20,2,0.5,1.0,1.0,0.0,0.04410918330366349,0.09903167001903053,0.1180836372077465,0.0364438440311618,0.003671739765463866
id_repeated_walk_start,coherent_smooth,21,2,1.0,1.0,1.0,0.0,0.030585269581290257,0.06592408716678619,0.08349839970469475,0.03149735976019368,0.0019552914111504727
id_repeated_walk_start,coherent_smooth,22,2,0.5,1.0,1.0,0.0,0.03333467954448274,0.07305363761261105,0.08541036024689674,0.03116844101203302,0.0056607380804773455
id_repeated_walk_start,coherent_smooth,23,2,1.0,1.0,1.0,0.0,0.03494358150163823,0.0738679340109229,0.1041189506649971,0.03607352942998936,0.0009721768199291714
id_repeated_walk_start,coherent_smooth,24,2,1.0,1.0,1.0,0.0,0.03346779461362652,0.06389460209757086,0.09222963824868202,0.03419272211325389,0.00327596191451332
id_repeated_walk_start,coherent_smooth,25,2,0.5,1.0,1.0,0.0,0.033469036797923964,0.0625315237790346,0.07272585481405258,0.033480202221967646,0.004166656283558168
id_repeated_walk_start,coherent_smooth,26,2,1.0,1.0,1.0,0.0,0.03876331384416596,0.0800341465510428,0.1100037433207035,0.03525187426899319,0.005406797622736104
id_repeated_walk_start,coherent_smooth,27,2,1.0,1.0,1.0,0.0,0.03952389988992262,0.08505945876240728,0.10327240824699402,0.03187643226625392,0.0015687191806024736
id_repeated_walk_start,coherent_smooth,28,2,1.0,1.0,1.0,0.0,0.027698810633569222,0.061213561333715916,0.083149254322052,0.03220073799004741,0.003972627754728897
id_repeated_walk_start,coherent_smooth,29,2,1.0,1.0,0.5,0.0,0.031769546857366035,0.06273970725014805,0.07927202060818672,0.03420545956365072,0.0027777909676826584
id_repeated_walk_start,coherent_smooth,30,2,0.5,1.0,1.0,0.0,0.032968313197295304,0.07095053941011428,0.09763016924262047,0.033384861418493575,0.00484803877181833
id_repeated_walk_start,coherent_smooth,31,2,1.0,1.0,1.0,0.0,0.038936881881361365,0.07595291268080472,0.09944741055369377,0.030185085415825697,0.0031746049355364236
id_repeated_walk_start,coherent_smooth,32,2,0.5,1.0,1.0,0.0,0.0354970657800826,0.07134001459926367,0.09170739725232124,0.03126095300704408,0.003561764400922235
id_repeated_walk_start,coherent_smooth,33,2,1.0,1.0,1.0,0.0,0.029004027058751786,0.06221674159169194,0.08120529726147652,0.03181281808841205,0.0027212173301033316
id_repeated_walk_start,coherent_smooth,34,2,1.0,1.0,1.0,0.0,0.03605307203454136,0.07595127476379272,0.09315060079097748,0.03130638081502875,0.006049504797106697
id_repeated_walk_start,coherent_smooth,35,2,1.0,1.0,0.5,0.0,0.038123426858271206,0.07183465706184505,0.08445269241929054,0.032195001388380155,0.0005617613181990722
id_repeated_walk_start,coherent_smooth,36,2,1.0,1.0,1.0,0.0,0.029316724634716462,0.057537518255412576,0.08455396443605423,0.032637817798204335,0.0016141187553575798
id_repeated_walk_start,coherent_smooth,37,2,1.0,1.0,1.0,0.0,0.041266358150458184,0.08199559114873407,0.10676788166165352,0.030415920201237324,0.007132429251384964
id_repeated_walk_start,coherent_smooth,38,2,0.5,1.0,1.0,0.0,0.03435224030710804,0.06541138105094434,0.08727939799427986,0.036085923182389075,0.004467573197686758
id_repeated_walk_start,coherent_smooth,39,2,1.0,1.0,1.0,0.0,0.03673701699421973,0.07498748693615198,0.10623577609658241,0.031263048344142064,0.006003724755161616
id_repeated_walk_start,coherent_smooth,40,2,1.0,1.0,1.0,0.0,0.03092649824203625,0.061977135948836776,0.08665213361382484,0.036279883077754406,0.002373322807670525
id_repeated_walk_start,coherent_smooth,41,2,0.5,1.0,1.0,0.0,0.04938557694552538,0.09614329263567922,0.12124121934175491,0.031737709385738146,0.0068356554083373045
id_repeated_walk_start,coherent_smooth,42,2,0.5,1.0,1.0,0.0,0.03889737710991255,0.06681497041136025,0.10213561728596687,0.03520438202946016,0.004357460719508627
id_repeated_walk_start,coherent_smooth,43,2,0.5,1.0,1.0,0.0,0.044973156675524054,0.10464545227587219,0.13220370560884476,0.04081691198480262,0.00465938493214893
id_repeated_walk_start,coherent_smooth,44,2,1.0,1.0,1.0,0.0,0.032169080616658983,0.06555271241813895,0.0972181111574173,0.03458514464166106,0.004729377298230031
id_repeated_walk_start,coherent_smooth,45,2,1.0,1.0,1.0,0.0,0.04268835475475943,0.08808014877140521,0.1077340841293335,0.031114317181190468,0.006102000565650162
id_repeated_walk_start,coherent_smooth,46,2,1.0,1.0,1.0,0.0,0.03688617988558909,0.06678461264818905,0.08674010634422302,0.03331316409593539,0.0038923861942352367
id_repeated_walk_start,coherent_smooth,47,2,1.0,1.0,1.0,0.0,0.0388465368059948,0.07851809589192271,0.11172980815172195,0.029982998979943776,0.0016141122038471623
id_repeated_walk_start,coherent_smooth,48,2,0.5,1.0,1.0,0.0,0.036856556919111286,0.0663339551538229,0.09839421138167381,0.03373542506957511,0.005149966650870003
id_repeated_walk_start,coherent_smooth,49,2,1.0,1.0,1.0,0.0,0.031317801652691685,0.062108200788497915,0.08697661012411118,0.03107817537259975,0.00496016830666321
id_repeated_walk_start,hard_waypoint,0,2,0.5,1.0,1.0,0.0,0.024028356728141895,0.046921594440937006,0.059365490451455116,0.032950722105173316,0.005939217922034251
id_repeated_walk_start,hard_waypoint,1,2,1.0,1.0,1.0,0.0,0.05411443111550765,0.11455495581030845,0.16892769187688828,0.03454709071633552,0.0052599578645417255
id_repeated_walk_start,hard_waypoint,2,2,1.0,1.0,1.0,0.0,0.034985848946927425,0.06691741961985824,0.08891811594367027,0.03547895519440709,0.004272464493394218
id_repeated_walk_start,hard_waypoint,3,2,0.5,1.0,0.0,0.0,0.04542147706333195,0.09713035989552736,0.12661299109458923,0.03654835424016212,nan
id_repeated_walk_start,hard_waypoint,4,2,0.5,1.0,1.0,0.0,0.03833077889514902,0.08293360993266104,0.10482579469680786,0.03439308535345756,0.0013678491660099323
id_repeated_walk_start,hard_waypoint,5,2,1.0,1.0,0.5,0.0,0.04159539509083096,0.07740669436752794,0.10276869311928749,0.03463919301906716,0.0003496502750761077
id_repeated_walk_start,hard_waypoint,6,2,0.5,1.0,0.5,0.0,0.05616889776371082,0.11428827177733178,0.14964107424020767,0.04664866853323016,0.009471345374167606
id_repeated_walk_start,hard_waypoint,7,2,1.0,1.0,1.0,0.0,0.046477272298092426,0.08717448823153973,0.1061292290687561,0.03242129424357594,0.001517616452445275
id_repeated_walk_start,hard_waypoint,8,2,0.5,1.0,1.0,0.0,0.044236325552316,0.08625090122222899,0.13759010657668114,0.03180726620254757,0.008648999420212272
id_repeated_walk_start,hard_waypoint,9,2,1.0,1.0,1.0,0.0,0.0474175073758637,0.09531784523278475,0.1354997269809246,0.03295811383697779,0.0030731424153572218
id_repeated_walk_start,hard_waypoint,10,2,1.0,1.0,1.0,0.0,0.05739569964339264,0.13287903219461442,0.14535146951675415,0.027993571655743565,0.0015687209380194078
id_repeated_walk_start,hard_waypoint,11,2,0.5,1.0,1.0,0.0,0.03411085362567984,0.06856798417866229,0.08961474895477295,0.0325630651321213,0.005750675566758762
id_repeated_walk_start,hard_waypoint,12,2,1.0,1.0,1.0,0.0,0.035602326168587245,0.06904398128390311,0.09098848327994347,0.03542168611874267,0.006425459394162197
id_repeated_walk_start,hard_waypoint,13,2,0.5,1.0,1.0,0.0,0.029966146272426095,0.06350423172116275,0.09604207426309586,0.031376435619691403,0.004841393723448967
id_repeated_walk_start,hard_waypoint,14,2,0.5,1.0,1.0,0.0,0.031754578512366245,0.06320260539650917,0.09425986558198929,0.03266649937197878,0.00917515216255832
id_repeated_walk_start,hard_waypoint,15,2,0.5,1.0,1.0,0.0,0.03138015835523004,0.0619673328474164,0.07623813673853874,0.03819464480825689,0.004094477922124584
id_repeated_walk_start,hard_waypoint,16,2,1.0,1.0,1.0,0.0,0.0523283885383761,0.09113360047340383,0.1316128522157669,0.03240540172302199,0.0019605352144965726
id_repeated_walk_start,hard_waypoint,17,2,0.5,1.0,1.0,0.0,0.036556318088119016,0.07076471969485282,0.08620546758174896,0.036415229688844544,0.003963461827694831
id_repeated_walk_start,hard_waypoint,18,2,1.0,1.0,1.0,0.0,0.029912505133127463,0.06660659424960608,0.08341490104794502,0.029840688608071767,0.0035247044774681935
id_repeated_walk_start,hard_waypoint,19,2,0.5,1.0,1.0,0.0,0.040431638825676866,0.08301030062139034,0.11082533001899719,0.03408288709934943,0.00563788885135641
id_repeated_walk_start,hard_waypoint,20,2,1.0,1.0,1.0,0.0,0.05150384464320724,0.10268028136342763,0.13494845107197762,0.03465255850392067,0.00285751571960588
id_repeated_walk_start,hard_waypoint,21,2,1.0,1.0,1.0,0.0,0.042905717189053845,0.07769038937985898,0.10483358427882195,0.030846343235454758,0.002423407816160822
id_repeated_walk_start,hard_waypoint,22,2,1.0,1.0,1.0,0.0,0.04653988020158743,0.10866316650062799,0.13524584099650383,0.03003460902823332,0.004326849672604383
id_repeated_walk_start,hard_waypoint,23,2,1.0,1.0,1.0,0.0,0.049000280585695596,0.10230297707021235,0.13379954919219017,0.036202309595020396,0.0016141115828528785
id_repeated_walk_start,hard_waypoint,24,2,1.0,1.0,0.5,0.0,0.04659719766621619,0.09083771854639053,0.1077638752758503,0.03460728813359895,0.004576874641007811
id_repeated_walk_start,hard_waypoint,25,2,1.0,0.5,1.0,0.0,0.061581191817526325,0.12551508322358132,0.17906220257282257,0.03641436971607655,0.002423621101500406
id_repeated_walk_start,hard_waypoint,26,2,1.0,1.0,1.0,0.0,0.03510114255922562,0.07001773696392771,0.09375947713851929,0.02983546197168547,0.00486905643890595
id_repeated_walk_start,hard_waypoint,27,2,0.5,1.0,1.0,0.0,0.048576809056996455,0.09153116382658481,0.1324477270245552,0.03467652545839381,0.004659400459550489
id_repeated_walk_start,hard_waypoint,28,2,1.0,1.0,1.0,0.0,0.043616336916611556,0.08739631250500678,0.1223108246922493,0.030066523995925527,0.0028671293034841228
id_repeated_walk_start,hard_waypoint,29,2,1.0,1.0,1.0,0.0,0.05154759680181177,0.11040694639086723,0.15133647248148918,0.028934943099683877,0.008209094829678104
id_repeated_walk_start,hard_waypoint,30,2,1.0,1.0,1.0,0.0,0.03737866731962429,0.07345370883122085,0.09889046102762222,0.03294418659222404,0.00391232989687354
id_repeated_walk_start,hard_waypoint,31,2,0.5,1.0,1.0,0.0,0.05048879386376173,0.09473273474723101,0.1322247013449669,0.0388673194255239,0.0028114290557414157
id_repeated_walk_start,hard_waypoint,32,2,0.5,1.0,1.0,0.0,0.031083047404822452,0.06255982220172882,0.080752894282341,0.03831444255012966,0.001970686609805844
id_repeated_walk_start,hard_waypoint,33,2,1.0,1.0,1.0,0.0,0.033468153284739594,0.07061723191291093,0.08885357156395912,0.0313810419722271,0.004545051280847617
id_repeated_walk_start,hard_waypoint,34,2,1.0,1.0,1.0,0.0,0.038865265281807435,0.0756362872198224,0.08554787561297417,0.031816905556449296,0.0009595919026901545
id_repeated_walk_start,hard_waypoint,35,2,1.0,1.0,1.0,0.0,0.03936778490750109,0.08284058719873422,0.10543712228536606,0.030907651399546127,0.005230782769861331
id_repeated_walk_start,hard_waypoint,36,2,1.0,1.0,1.0,0.0,0.026959703297291446,0.04909741021692751,0.07216007262468338,0.031881523969918765,0.003671751660383832
id_repeated_walk_start,hard_waypoint,37,2,1.0,1.0,1.0,0.0,0.04272054493314292,0.0789878401905298,0.13476359844207764,0.02909519699564922,0.0019149980472354944
id_repeated_walk_start,hard_waypoint,38,2,1.0,1.0,1.0,0.0,0.04831152576200415,0.09831640925258398,0.13488682359457016,0.032863320559272935,0.002872693373907692
id_repeated_walk_start,hard_waypoint,39,2,1.0,1.0,1.0,0.0,0.053493712792875125,0.1071844011545181,0.13471415638923645,0.034862189127527476,0.005939208593803785
id_repeated_walk_start,hard_waypoint,40,2,0.5,1.0,1.0,0.0,0.04335098672544333,0.08886924851685762,0.11803467944264412,0.034466050576684344,0.0020283140317827464
id_repeated_walk_start,hard_waypoint,41,2,0.5,1.0,1.0,0.0,0.05158805049795308,0.11468132287263869,0.13859020173549652,0.03294469485880655,0.004571228870305144
id_repeated_walk_start,hard_waypoint,42,2,0.5,1.0,1.0,0.0,0.04359753422268625,0.08320194073021411,0.10291151329874992,0.040281829508993526,0.004467564325383144
id_repeated_walk_start,hard_waypoint,43,2,0.5,1.0,1.0,0.0,0.04909379034252011,0.10883497484028337,0.13618292659521103,0.03194673398067585,0.005558932718048026
id_repeated_walk_start,hard_waypoint,44,2,1.0,1.0,1.0,0.0,0.033973691319782985,0.06476161321625112,0.09344634786248207,0.02980526532701882,0.004767411249071041
id_repeated_walk_start,hard_waypoint,45,2,1.0,1.0,1.0,0.0,0.048762647238823384,0.10272277444601055,0.11841819807887077,0.036336972585496743,0.0029089260031306963
id_repeated_walk_start,hard_waypoint,46,2,0.5,1.0,1.0,0.0,0.037673439367794596,0.06528153494000434,0.07579657435417175,0.03875609160031577,0.004059188405265812
id_repeated_walk_start,hard_waypoint,47,2,0.5,1.0,1.0,0.0,0.05540921027134191,0.11317992601543664,0.1471886783838272,0.034605557058851134,0.004169313443773415
id_repeated_walk_start,hard_waypoint,48,2,0.5,1.0,1.0,0.0,0.03635614906195815,0.07179603166878223,0.09601048193871975,0.033374150863344026,0.0015687261811262176
id_repeated_walk_start,hard_waypoint,49,2,0.5,1.0,1.0,0.0,0.03618819817584859,0.06826065666973587,0.08165083453059196,0.03420787590036913,0.00625120578716315
id_repeated_walk_start,procedural,0,2,1.0,1.0,1.0,0.0,0.02928652158143221,0.055591343156993364,0.08313727378845215,0.029794152783935816,0.004960278559465348
id_repeated_walk_start,procedural,1,2,1.0,1.0,1.0,0.0,0.035246089287443355,0.07542439531534911,0.09181448444724083,0.032956680273860076,0.002270486104360203
id_repeated_walk_start,procedural,2,2,1.0,1.0,1.0,0.0,0.036917473410067944,0.0699950580485165,0.080988809466362,0.03183569120057107,0.004054479331031979
id_repeated_walk_start,procedural,3,2,1.0,1.0,1.0,0.0,0.034703434662259655,0.059352276381105185,0.0804213359951973,0.033937105174518985,0.007321904675230639
id_repeated_walk_start,procedural,4,2,0.5,1.0,1.0,0.0,0.02873601680544386,0.05666747037321329,0.07476701959967613,0.034251081442604074,0.003709107725171301
id_repeated_walk_start,procedural,5,2,1.0,1.0,1.0,0.0,0.028642414198654875,0.061996147967875004,0.08963720872998238,0.032769989863187556,0.0012646839735633575
id_repeated_walk_start,procedural,6,2,0.5,1.0,1.0,0.0,0.036564554275316005,0.0656399903818965,0.09229084476828575,0.038943051198139025,0.00197067287398775
id_repeated_walk_start,procedural,7,2,1.0,1.0,1.0,0.0,0.03684568757311543,0.08217668291181326,0.11353421583771706,0.03279361691525489,0.004848017898126666
id_repeated_walk_start,procedural,8,2,1.0,1.0,1.0,0.0,0.029523571303812706,0.060036375746130924,0.06903162598609924,0.03414880384775725,0.003257699326165625
id_repeated_walk_start,procedural,9,2,1.0,1.0,1.0,0.0,0.03482315388268639,0.07844859808683394,0.09879709035158157,0.031092535162824217,0.00437193798026797
id_repeated_walk_start,procedural,10,2,0.5,1.0,1.0,0.0,0.033208062798132876,0.05775224212557077,0.07702358812093735,0.029306766099310363,0.0038647341401724655
id_repeated_walk_start,procedural,11,2,1.0,1.0,1.0,0.0,0.043809134245750024,0.0857260599732398,0.1141272708773613,0.03175182535250084,0.0031745978423783072
id_repeated_walk_start,procedural,12,2,1.0,1.0,1.0,0.0,0.027807002159213043,0.05187670039013026,0.07457077316939831,0.030152298280075457,0.006909551957170745
id_repeated_walk_start,procedural,13,2,1.0,1.0,1.0,0.0,0.03952591447222305,0.08942240830510854,0.10701683163642883,0.03453963593568655,0.004169331615821753
id_repeated_walk_start,procedural,14,2,0.5,1.0,1.0,0.0,0.03645413641574273,0.07931806640699506,0.10224857926368713,0.033094464178306734,0.002872659320032167
id_repeated_walk_start,procedural,15,2,1.0,1.0,1.0,0.0,0.03450017026413564,0.06864200271666046,0.09904107823967934,0.03177308970879357,0.004272465126488295
id_repeated_walk_start,procedural,16,2,1.0,1.0,1.0,0.0,0.03069054320322183,0.06843842659145594,0.10270136594772339,0.034222720496506986,0.007691364672369194
id_repeated_walk_start,procedural,17,2,1.0,1.0,1.0,0.0,0.046513515216148216,0.09290099311619991,0.11119115352630615,0.03142958861938101,0.00457127021831899
id_repeated_walk_start,procedural,18,2,1.0,1.0,1.0,0.0,0.03584633951589783,0.06356232492253185,0.08124150149524212,0.0316468311470866,0.001531675568919949
id_repeated_walk_start,procedural,19,2,1.0,1.0,1.0,0.0,0.04110037079308028,0.08130323030054569,0.10667750239372253,0.0322350481376337,0.004960298060659368
id_repeated_walk_start,procedural,20,2,1.0,1.0,1.0,0.0,0.031115380086373545,0.05322253350168466,0.06765583157539368,0.032157350712620374,0.0065422154285105505
id_repeated_walk_start,procedural,21,2,1.0,1.0,1.0,0.0,0.03549751933457792,0.07299860138446092,0.10260426625609398,0.03241668358474493,0.002872656393824613
id_repeated_walk_start,procedural,22,2,1.0,1.0,1.0,0.0,0.03884103145467577,0.07513618636876343,0.11165234446525574,0.03432550373553135,0.0047673766335919465
id_repeated_walk_start,procedural,23,2,1.0,1.0,0.5,0.0,0.04017995407125448,0.0808825833722949,0.09003636986017227,0.03259539820547726,0.0055555454131663295
id_repeated_walk_start,procedural,24,2,1.0,1.0,1.0,0.0,0.03269115613243597,0.06694874055683611,0.09625616669654846,0.03166761969348039,0.005066195176719163
id_repeated_walk_start,procedural,25,2,1.0,1.0,1.0,0.0,0.041400090201857705,0.0746702529489994,0.08954153209924698,0.03032655033121332,0.0016697707654959038
id_repeated_walk_start,procedural,26,2,1.0,1.0,1.0,0.0,0.04422094558905369,0.08694280507043003,0.10518036037683487,0.030023302373349693,0.002513673746337708
id_repeated_walk_start,procedural,27,2,1.0,1.0,1.0,0.0,0.031404642801425166,0.0636785678565502,0.10018254444003105,0.030008507886540185,0.005450834893139939
id_repeated_walk_start,procedural,28,2,1.0,1.0,1.0,0.0,0.043765024382630635,0.08549522049725056,0.11472362652420998,0.03209116469468361,0.003359684546473063
id_repeated_walk_start,procedural,29,2,1.0,1.0,1.0,0.0,0.03250041674295421,0.06877784980461002,0.08327237889170647,0.029735670053850496,0.006049488616374915
id_repeated_walk_start,procedural,30,2,1.0,1.0,1.0,0.0,0.0354991878509856,0.06140267327427863,0.09154689684510231,0.031274174097826554,0.0031638297547512684
id_repeated_walk_start,procedural,31,2,1.0,1.0,1.0,0.0,0.035703474195008626,0.07368141934275625,0.10302837938070297,0.03935580849201635,0.006124566521413327
id_repeated_walk_start,procedural,32,2,1.0,1.0,1.0,0.0,0.02724926100178366,0.05366515945643185,0.08309246972203255,0.03103182071054942,0.00623905641138181
id_repeated_walk_start,procedural,33,2,1.0,1.0,0.5,0.0,0.039626658685726616,0.08319703154265878,0.1043502688407898,0.030185020212603213,0.001567938146573411
id_repeated_walk_start,procedural,34,2,1.0,1.0,1.0,0.0,0.03789262535004906,0.07386709470301864,0.09406892210245132,0.03430896829093797,0.004357465680663503
id_repeated_walk_start,procedural,35,2,0.5,1.0,1.0,0.0,0.0348444039619866,0.07181723602116105,0.10381858795881271,0.03473291318887112,0.0072344681104466735
id_repeated_walk_start,procedural,36,2,1.0,1.0,1.0,0.0,0.04360170828710269,0.08011010121554135,0.105471882969141,0.0305525064626772,0.005939221183648258
id_repeated_walk_start,procedural,37,2,1.0,1.0,1.0,0.0,0.037935794537614316,0.07034470466896893,0.08695663884282112,0.03170236435618053,0.00555893098165236
id_repeated_walk_start,procedural,38,2,1.0,1.0,1.0,0.0,0.03303543854079953,0.0621308734640479,0.07949558645486832,0.028966057932431753,0.00899758156997607
id_repeated_walk_start,procedural,39,2,1.0,1.0,1.0,0.0,0.0321823975191458,0.05703874807804823,0.08180546388030052,0.034878993142438544,0.002569687688020461
id_repeated_walk_start,procedural,40,2,0.5,1.0,1.0,0.0,0.03283244128889191,0.07026676330715416,0.09611886367201805,0.032575374137590526,0.005903042455295993
id_repeated_walk_start,procedural,41,2,1.0,1.0,1.0,0.0,0.03675360271857516,0.07524088639765977,0.09556737542152405,0.03225914073600676,0.0027743667272931705
id_repeated_walk_start,procedural,42,2,1.0,1.0,1.0,0.0,0.034014062759036616,0.06488774344325066,0.08794078603386879,0.03342403846742993,0.005750681864675339
id_repeated_walk_start,procedural,43,2,1.0,1.0,1.0,0.0,0.035053549649304086,0.07282367087900637,0.09182850271463394,0.032087277798735804,0.004960284477056237
id_repeated_walk_start,procedural,44,2,1.0,1.0,1.0,0.0,0.04443136949424286,0.08430729843676091,0.09733477979898453,0.03207717926172907,0.004371914692251094
id_repeated_walk_start,procedural,45,2,0.5,1.0,0.5,0.0,0.034233136789826125,0.061306625418365006,0.08562629297375679,0.03309156250068328,0.007522107787164167
id_repeated_walk_start,procedural,46,2,1.0,1.0,1.0,0.0,0.04180641631197634,0.08209467977285384,0.0981738269329071,0.03275269154445104,0.0017662807697322869
id_repeated_walk_start,procedural,47,2,1.0,1.0,1.0,0.0,0.025992102271474686,0.05013162763789295,0.06426889449357986,0.03289099359400029,0.004166655935528757
id_repeated_walk_start,procedural,48,2,1.0,1.0,1.0,0.0,0.03473511770697876,0.07016623597592116,0.08982957527041435,0.03282674545035179,0.0024745245326535104
id_repeated_walk_start,procedural,49,2,1.0,1.0,1.0,0.0,0.03163215660479842,0.06396194621920585,0.07572269812226295,0.03119050227943671,0.003108187038708826
id_repeated_walk_start,rounded_waypoint,0,2,1.0,1.0,1.0,0.0,0.03675507234848427,0.06756357979029415,0.09182658419013023,0.03019821511543527,0.00799019833851855
id_repeated_walk_start,rounded_waypoint,1,2,1.0,1.0,0.5,0.0,0.05204502506756385,0.1183292547240852,0.16547327488660812,0.03223084843575886,0.0027777659593475335
id_repeated_walk_start,rounded_waypoint,2,2,0.5,1.0,1.0,0.0,0.03960212429526693,0.08514091186225412,0.10441293194890022,0.036339463315711154,0.004467564454890494
id_repeated_walk_start,rounded_waypoint,3,2,0.5,1.0,1.0,0.0,0.04602364625398904,0.08286528419703246,0.09563853591680527,0.031426423234157355,0.0009159138703467296
id_repeated_walk_start,rounded_waypoint,4,2,1.0,1.0,1.0,0.0,0.04656217018974915,0.08896821103990078,0.11446546763181686,0.03595608968882662,0.003174603384955399
id_repeated_walk_start,rounded_waypoint,5,2,0.5,1.0,1.0,0.0,0.03803523639837801,0.07790686674416064,0.09622016549110413,0.034875498480117534,0.005558929562092529
id_repeated_walk_start,rounded_waypoint,6,2,1.0,1.0,1.0,0.0,0.03956647139474933,0.09969314895570278,0.12148278951644897,0.03172144018131227,0.0024973211978800702
id_repeated_walk_start,rounded_waypoint,7,2,1.0,1.0,1.0,0.0,0.057186291967096875,0.10976599957793948,0.13417266309261322,0.030889459172222734,0.008349152095608714
id_repeated_walk_start,rounded_waypoint,8,2,1.0,1.0,1.0,0.0,0.03489945666457192,0.06077154166996478,0.07734061405062675,0.031536148694329615,0.003671640367052559
id_repeated_walk_start,rounded_waypoint,9,2,0.5,1.0,1.0,0.0,0.07228231991274935,0.13579963073134416,0.1593915894627571,0.039799364676193154,0.005149951048413509
id_repeated_walk_start,rounded_waypoint,10,2,0.5,1.0,1.0,0.0,0.05283156377862609,0.1088491367176175,0.12725729495286942,0.04062536210446342,0.006608663441552337
id_repeated_walk_start,rounded_waypoint,11,2,0.5,1.0,1.0,0.0,0.040463611192503184,0.0738419571891427,0.13098609074950218,0.03633445574432732,0.010368709927531333
id_repeated_walk_start,rounded_waypoint,12,2,1.0,1.0,1.0,0.0,0.048003044929326194,0.0895763516426086,0.1216292530298233,0.03578889073096475,0.0046591425442278345
id_repeated_walk_start,rounded_waypoint,13,2,1.0,1.0,1.0,0.0,0.039761511038150975,0.08655798900872469,0.12123150005936623,0.029330881398306148,0.0032760599969551274
id_repeated_walk_start,rounded_waypoint,14,2,1.0,1.0,1.0,0.0,0.05130826940547462,0.10935528501868247,0.1484692469239235,0.03064522501745373,0.003671730497949499
id_repeated_walk_start,rounded_waypoint,15,2,1.0,1.0,1.0,0.0,0.057726742733984954,0.10201138388365505,0.13588422164320946,0.03169024032329467,0.004545032158351031
id_repeated_walk_start,rounded_waypoint,16,2,1.0,1.0,0.5,0.0,0.07238090464266848,0.17047869451344005,0.1903737708926201,0.030791006261638977,0.00947135991835768
id_repeated_walk_start,rounded_waypoint,17,2,1.0,1.0,1.0,0.0,0.05106532043443335,0.10735253952443591,0.13363158330321312,0.02809269247577947,0.002633230113737256
id_repeated_walk_start,rounded_waypoint,18,2,0.5,1.0,1.0,0.0,0.033396953422317896,0.06712207794189451,0.08101201057434082,0.03152642727544937,0.005519668998567623
id_repeated_walk_start,rounded_waypoint,19,2,0.5,1.0,1.0,0.0,0.04428439966196165,0.09901005104184152,0.12107450515031815,0.03385482879474726,0.003073196177941495
id_repeated_walk_start,rounded_waypoint,20,2,1.0,1.0,1.0,0.0,0.05591666533040818,0.11499438956379884,0.14355674386024475,0.03557427124576899,0.007746361863019885
id_repeated_walk_start,rounded_waypoint,21,2,1.0,1.0,1.0,0.0,0.022065289536557006,0.04246401377022268,0.07541683688759804,0.03471685452246927,0.004688045731124579
id_repeated_walk_start,rounded_waypoint,22,2,0.5,1.0,1.0,0.0,0.054095300788555095,0.10047745388001203,0.13425005972385406,0.04765273086095493,0.006544900479068277
id_repeated_walk_start,rounded_waypoint,23,2,0.5,1.0,1.0,0.0,0.0535691558514846,0.11826607547700405,0.1456551030278206,0.0423905537892689,0.006644022397472665
id_repeated_walk_start,rounded_waypoint,24,2,1.0,1.0,1.0,0.0,0.06608849040015449,0.13812441267073153,0.1583256833255291,0.03444773899674891,0.010266753963822428
id_repeated_walk_start,rounded_waypoint,25,2,1.0,1.0,1.0,0.0,0.049156708232255396,0.10479360446333885,0.1231437586247921,0.034085285809354174,0.0012646817438682068
id_repeated_walk_start,rounded_waypoint,26,2,1.0,1.0,1.0,0.0,0.036708306289374146,0.07784705460071564,0.12014944478869438,0.03175729063553248,0.007528172854115528
id_repeated_walk_start,rounded_waypoint,27,2,1.0,1.0,1.0,0.0,0.039051084563010305,0.09023626409471035,0.10890443250536919,0.03787067651082575,0.007330311206996121
id_repeated_walk_start,rounded_waypoint,28,2,0.5,1.0,1.0,0.0,0.04553461046969884,0.08398554250597959,0.10480502247810364,0.03931097825713409,0.003257707421672834
id_repeated_walk_start,rounded_waypoint,29,2,0.5,1.0,1.0,0.0,0.04551284265016682,0.0857508135959506,0.11922311037778854,0.03415189749261271,0.002842054454653381
id_repeated_walk_start,rounded_waypoint,30,2,1.0,1.0,1.0,0.0,0.03650826288856368,0.07629563976079223,0.11340408772230148,0.0282497517592357,0.007680465055909219
id_repeated_walk_start,rounded_waypoint,31,2,1.0,1.0,1.0,0.0,0.0447847852806075,0.08372555952519173,0.12213746085762978,0.03405294998458797,0.003972637908708304
id_repeated_walk_start,rounded_waypoint,32,2,1.0,1.0,1.0,0.0,0.04783916604804415,0.11508296504616713,0.14411119371652603,0.032203024313298766,0.003073198744528466
id_repeated_walk_start,rounded_waypoint,33,2,1.0,1.0,1.0,0.0,0.05889073218399436,0.12217052280902863,0.15560245513916016,0.03178463617072346,0.002844326657361479
id_repeated_walk_start,rounded_waypoint,34,2,0.5,1.0,1.0,0.0,0.05838212663930076,0.10789839792996643,0.12439326196908951,0.03688699984513402,0.000705151848320873
id_repeated_walk_start,rounded_waypoint,35,2,0.5,1.0,1.0,0.0,0.05298971894768097,0.10282888617366553,0.1375654600560665,0.040664641343624325,0.004380799229772331
id_repeated_walk_start,rounded_waypoint,36,2,0.5,1.0,1.0,0.0,0.04253499573632973,0.08277323488146066,0.10714007914066315,0.033014328372839775,0.004571293342284705
id_repeated_walk_start,rounded_waypoint,37,2,1.0,1.0,1.0,0.0,0.04563604235527931,0.09193903394043437,0.12118767946958542,0.03390888281334034,0.004054498779618415
id_repeated_walk_start,rounded_waypoint,38,2,1.0,1.0,1.0,0.0,0.03826286100256547,0.06821940094232559,0.08586262539029121,0.030201915214760712,0.004424285806098632
id_repeated_walk_start,rounded_waypoint,39,2,0.5,1.0,1.0,0.0,0.035183468058453495,0.05977731356397271,0.08172025717794895,0.03388329178086699,0.004561155536342121
id_repeated_walk_start,rounded_waypoint,40,2,1.0,1.0,0.5,0.0,0.052905133963972464,0.0988702043890953,0.12595000490546227,0.034028165326062926,0.005172429032974379
id_repeated_walk_start,rounded_waypoint,41,2,0.5,1.0,1.0,0.0,0.04860822678852858,0.09672498442232608,0.13169316202402115,0.03428579682707932,0.004767385517314593
id_repeated_walk_start,rounded_waypoint,42,2,1.0,1.0,1.0,0.0,0.04860744015516076,0.10683611109852789,0.12151611223816872,0.02897289807234353,0.0041979952132367715
id_repeated_walk_start,rounded_waypoint,43,2,1.0,1.0,1.0,0.0,0.04568771503131037,0.08771742414683104,0.1156374104321003,0.033238778109403254,0.004241009346933583
id_repeated_walk_start,rounded_waypoint,44,2,0.5,1.0,1.0,0.0,0.07793127094575064,0.1552867509424687,0.17738501727581024,0.03886546288308774,0.0037753565695426428
id_repeated_walk_start,rounded_waypoint,45,2,1.0,1.0,0.5,0.0,0.04214975146584718,0.09860389921814203,0.11591600626707077,0.03342010298921539,0.0021738741563342434
id_repeated_walk_start,rounded_waypoint,46,2,1.0,1.0,1.0,0.0,0.04578298588021624,0.08623605631291865,0.10280967503786087,0.03117138069208383,0.004166690688832242
id_repeated_walk_start,rounded_waypoint,47,2,1.0,1.0,1.0,0.0,0.03560508225907917,0.07021005097776652,0.13524867594242096,0.03181615562420355,0.0051279027273558875
id_repeated_walk_start,rounded_waypoint,48,2,1.0,1.0,1.0,0.0,0.039990131320213215,0.0775696724653244,0.10317280516028404,0.03472866117489039,0.004544824459352892
id_repeated_walk_start,rounded_waypoint,49,2,1.0,1.0,1.0,0.0,0.03067585194588249,0.05852509457617998,0.08144275844097137,0.03039491041981788,0.01155366749494055
id_transition,coherent_smooth,0,18,1.0,1.0,0.8333333333333334,0.0,0.026789897769889607,0.05833869797901972,0.08147611965735753,0.01694236339599599,0.0025968250891176565
id_transition,coherent_smooth,1,18,1.0,1.0,0.9444444444444444,0.0,0.02682837590122051,0.05379278292982941,0.07748816348612309,0.017359655111078884,0.0034098354658224656
id_transition,coherent_smooth,2,18,1.0,1.0,0.9444444444444444,0.0,0.02625364286984816,0.05270988826329509,0.06971496322916614,0.017888682722643975,0.0025330287343476015
id_transition,coherent_smooth,3,18,1.0,1.0,0.8333333333333334,0.0,0.02558098655470386,0.05261182000653611,0.06896175423430072,0.01621575455962585,0.003608483743120716
id_transition,coherent_smooth,4,18,1.0,0.9444444444444444,0.9444444444444444,0.05555555555555555,0.025667207729368986,0.05331094611643088,0.07256425482531388,0.017131842440906313,0.002952554790193611
id_transition,coherent_smooth,5,18,1.0,1.0,1.0,0.0,0.027407851330121445,0.058229827829119216,0.08449699605504672,0.016953674809465198,0.003613110389716276
id_transition,coherent_smooth,6,18,1.0,1.0,1.0,0.0,0.025659972465972555,0.05331528379271426,0.07903161893288295,0.01659248152587988,0.0026342682129377537
id_transition,coherent_smooth,7,18,1.0,1.0,0.9444444444444444,0.0,0.027335913815626518,0.05695234284115333,0.07498937058779928,0.016742336860959023,0.0029560903519283894
id_transition,coherent_smooth,8,18,1.0,1.0,0.8888888888888888,0.0,0.02619517854457143,0.05360728020055426,0.08140326808724138,0.017186893363231294,0.0030715367744288385
id_transition,coherent_smooth,9,18,1.0,1.0,0.9444444444444444,0.0,0.023941434009594656,0.04928582158560554,0.07373753024472131,0.016199425728919095,0.0033425691305304993
id_transition,coherent_smooth,10,18,1.0,1.0,1.0,0.0,0.024865134428249454,0.050278401809434076,0.07380353866351975,0.017833327550900543,0.0029107059885575288
id_transition,coherent_smooth,11,18,1.0,1.0,1.0,0.0,0.02500002619550377,0.05225408733822404,0.07407688680622312,0.016428241608950126,0.0032043382370335128
id_transition,coherent_smooth,12,18,1.0,1.0,0.9444444444444444,0.0,0.02772615821427001,0.05576544308827981,0.08354406162268585,0.017009564787087445,0.002611780539840956
id_transition,coherent_smooth,13,18,1.0,1.0,0.9444444444444444,0.0,0.02513119295833357,0.05124179086544447,0.07610841509368685,0.016039764409307974,0.00357206863783013
id_transition,coherent_smooth,14,18,1.0,1.0,0.8333333333333334,0.0,0.0246377529470973,0.050732169662498744,0.07632352391050921,0.016946149828011608,0.0029149691134512288
id_transition,coherent_smooth,15,18,1.0,1.0,1.0,0.0,0.02804363017313677,0.059314116214712435,0.08423377759754658,0.01676336518399673,0.0025455483012736487
id_transition,coherent_smooth,16,18,1.0,1.0,0.9444444444444444,0.0,0.02680263026506793,0.05611822338153917,0.08173004185987844,0.017038261151364618,0.0030440471763915557
id_transition,coherent_smooth,17,18,1.0,1.0,1.0,0.0,0.026241822587437073,0.052662230210585706,0.08039846291972531,0.016913290051601696,0.002747376770776713
id_transition,coherent_smooth,18,18,1.0,1.0,1.0,0.0,0.025040669204450295,0.050850397586408566,0.07468932639393541,0.016513574927448205,0.003359305397081094
id_transition,coherent_smooth,19,18,1.0,1.0,1.0,0.0,0.025731106917460052,0.05275110792265169,0.07917139948242241,0.01692955017279492,0.0031591651588738965
id_transition,coherent_smooth,20,18,1.0,1.0,0.9444444444444444,0.0,0.028603871782208485,0.06199466879996987,0.08534672380321556,0.016859684867795342,0.002733233883410108
id_transition,coherent_smooth,21,18,1.0,1.0,0.9444444444444444,0.0,0.02632874304353506,0.053146915241248066,0.08305588571561708,0.016474571910191797,0.0032228830535463143
id_transition,coherent_smooth,22,18,1.0,1.0,0.8888888888888888,0.0,0.02535981986746563,0.05310048349201677,0.07289350612295999,0.016803089384683487,0.0032997799946347557
id_transition,coherent_smooth,23,18,1.0,1.0,1.0,0.0,0.02535130860690541,0.05510634985855882,0.07339708962374264,0.017606161582340806,0.003099992364086949
id_transition,coherent_smooth,24,18,1.0,1.0,0.8888888888888888,0.0,0.025914831222373657,0.052142416923824285,0.07519432302150461,0.01707370206931361,0.004341312169837788
id_transition,coherent_smooth,25,18,1.0,1.0,1.0,0.0,0.026130824830366932,0.05606417420009771,0.0794114675372839,0.016558034835216187,0.0036907331030729545
id_transition,coherent_smooth,26,18,1.0,1.0,1.0,0.0,0.025466650135791854,0.052795483813517605,0.0752633735537529,0.017236259855499297,0.002697995015774201
id_transition,coherent_smooth,27,18,1.0,1.0,0.8888888888888888,0.0,0.027319657673316854,0.054935074711425426,0.0756890167378717,0.017335287807759784,0.0027065693654487397
id_transition,coherent_smooth,28,18,1.0,1.0,0.9444444444444444,0.0,0.026037342479303248,0.05154703797565565,0.07154173134929603,0.016468022892930825,0.004314760653594361
id_transition,coherent_smooth,29,18,1.0,1.0,0.9444444444444444,0.0,0.026459026661948267,0.053978350303239275,0.07857607615490754,0.017523916694349943,0.002890831875134666
id_transition,coherent_smooth,30,18,1.0,1.0,1.0,0.0,0.026619317613156567,0.05512502955065832,0.08017496930228339,0.01659995886581619,0.0029694196166146335
id_transition,coherent_smooth,31,18,1.0,1.0,0.8888888888888888,0.0,0.026614000915657788,0.05449173728831939,0.07597276713285181,0.017124162022301527,0.003755807132566109
id_transition,coherent_smooth,32,18,1.0,1.0,0.9444444444444444,0.0,0.024587772581854284,0.052036517403191984,0.07178907862140073,0.016729758306031815,0.0036843117239312635
id_transition,coherent_smooth,33,18,1.0,1.0,1.0,0.0,0.02368548893154207,0.04906991306278438,0.06952652376559046,0.016632831721382763,0.00302903018464292
id_transition,coherent_smooth,34,18,1.0,1.0,1.0,0.0,0.02581160514534634,0.05233755939536623,0.07338989981346661,0.0164633955036982,0.003379529368112983
id_transition,coherent_smooth,35,18,1.0,1.0,0.9444444444444444,0.0,0.02694148099397293,0.05587129334194791,0.07736765903731187,0.016667876190335648,0.0020105568811915166
id_transition,coherent_smooth,36,18,1.0,1.0,0.8888888888888888,0.0,0.02328668922701037,0.048341050278395394,0.06816147412690851,0.01760630058428398,0.0027767011832557295
id_transition,coherent_smooth,37,18,1.0,1.0,1.0,0.0,0.02366774498006935,0.04921083510335947,0.071797212999728,0.016946893255627468,0.00302976699496538
id_transition,coherent_smooth,38,18,1.0,1.0,1.0,0.0,0.02602391225785556,0.053734651828805574,0.07537644853194554,0.017227005381193004,0.0033129960534147604
id_transition,coherent_smooth,39,18,1.0,1.0,0.8888888888888888,0.0,0.025491673646536726,0.05193595055283771,0.07171080261468887,0.016867765884693953,0.004028538510180733
id_transition,coherent_smooth,40,18,1.0,0.9444444444444444,1.0,0.0,0.02786206682590254,0.05822904487657876,0.08013751502666208,0.016836854211607945,0.003348562949014983
id_transition,coherent_smooth,41,18,1.0,1.0,1.0,0.0,0.02900772651227783,0.06226735747315815,0.09075693972408772,0.016922214474148937,0.002511532206620295
id_transition,coherent_smooth,42,18,1.0,1.0,0.8888888888888888,0.0,0.025175160142026226,0.05273597084192765,0.07086170112921132,0.01698027552923896,0.0021096272162252194
id_transition,coherent_smooth,43,18,1.0,1.0,0.9444444444444444,0.0,0.02434006915951552,0.05027756469531191,0.07553168096476132,0.01705966822705502,0.0027873893071483683
id_transition,coherent_smooth,44,18,1.0,1.0,1.0,0.0,0.026803414355933523,0.05695806369185447,0.07365394218100442,0.01715976614504172,0.003654727929315501
id_transition,coherent_smooth,45,18,1.0,1.0,0.9444444444444444,0.0,0.02611837468068336,0.054314175305060206,0.07768812961876392,0.01652475496382975,0.004113808287290642
id_transition,coherent_smooth,46,18,1.0,1.0,1.0,0.0,0.0242388159134807,0.050246310596250815,0.06787777940432231,0.017221538130581093,0.004045951746354159
id_transition,coherent_smooth,47,18,1.0,1.0,1.0,0.0,0.023426019293164343,0.04798101911114321,0.07020832060111894,0.016888215843535684,0.002391303255963726
id_transition,coherent_smooth,48,18,1.0,1.0,0.9444444444444444,0.0,0.026129139916167117,0.05318338422932557,0.07931737394796477,0.01688657118677597,0.003049224182326359
id_transition,coherent_smooth,49,18,1.0,1.0,1.0,0.0,0.023414758443962826,0.04676042959714929,0.07017192223833667,0.017115715282531713,0.0023372947717593545
id_transition,hard_waypoint,0,18,1.0,1.0,1.0,0.0,0.0278207173574102,0.057750254952245256,0.08131365395254558,0.018072382763397253,0.0021551940325218377
id_transition,hard_waypoint,1,18,1.0,1.0,0.8888888888888888,0.0,0.034706741611546965,0.07160556229452292,0.0941313501033518,0.020048368470425834,0.003570780819778947
id_transition,hard_waypoint,2,18,1.0,1.0,0.8888888888888888,0.0,0.02851388442964722,0.058517591282725316,0.08139226006137,0.017527173937669737,0.0031187912184098016
id_transition,hard_waypoint,3,18,1.0,1.0,1.0,0.0,0.030209416245492067,0.06227550385519861,0.08148956588572925,0.018688863787642077,0.003920177485139947
id_transition,hard_waypoint,4,18,1.0,1.0,1.0,0.0,0.025429858685008758,0.053848593361261785,0.08337057216299905,0.017161996224602596,0.002819998666339628
id_transition,hard_waypoint,5,18,1.0,1.0,0.9444444444444444,0.0,0.02967003049987267,0.06265957998111843,0.08585042713416947,0.018497168972488008,0.0032692181740746405
id_transition,hard_waypoint,6,18,1.0,1.0,0.8333333333333334,0.0,0.028855605682114278,0.058243861214982116,0.09119043519927396,0.017734244494375294,0.003423610357315967
id_transition,hard_waypoint,7,18,1.0,1.0,1.0,0.0,0.0269980892615114,0.05517932098979751,0.0754165622509188,0.0177323598425901,0.002957300068832752
id_transition,hard_waypoint,8,18,1.0,1.0,1.0,0.0,0.02802066905610003,0.058784012154986444,0.08552430466645294,0.016305352445634455,0.0033818599743485104
id_transition,hard_waypoint,9,18,1.0,1.0,0.9444444444444444,0.0,0.033361874537273954,0.07038660977656641,0.1019759602430794,0.01765122567549741,0.002925907223230629
id_transition,hard_waypoint,10,18,1.0,1.0,1.0,0.0,0.0332209635251408,0.06934195230197575,0.09829510417249468,0.01760651174811878,0.0031025869976631353
id_transition,hard_waypoint,11,18,1.0,1.0,0.9444444444444444,0.0,0.02763801362050407,0.05764653133228421,0.08888320728308624,0.01628719404215713,0.0029844692816861475
id_transition,hard_waypoint,12,18,1.0,1.0,0.8888888888888888,0.0,0.029496557302183406,0.05916735671667588,0.08882649118701617,0.017847451459236205,0.002199577669397681
id_transition,hard_waypoint,13,18,1.0,1.0,0.9444444444444444,0.0,0.027293678798820213,0.05540131113181511,0.0808588583022356,0.017553039940081748,0.0028976029278327525
id_transition,hard_waypoint,14,18,1.0,1.0,0.8888888888888888,0.0,0.029359824344783132,0.06144152795895931,0.09084977602793111,0.017207220910118275,0.00784244374973128
id_transition,hard_waypoint,15,18,1.0,1.0,1.0,0.0,0.028255536490398882,0.05927832771299614,0.07920645032491949,0.0186784006987835,0.0026695613120237983
id_transition,hard_waypoint,16,18,1.0,1.0,0.9444444444444444,0.0,0.02781636571737275,0.0575374331118332,0.08077457050482433,0.01799312205090199,0.0025562636297751192
id_transition,hard_waypoint,17,18,1.0,1.0,0.8333333333333334,0.0,0.027718959993855104,0.058996066399332525,0.08151025200883548,0.018115818373354457,0.00424410279223697
id_transition,hard_waypoint,18,18,1.0,1.0,0.8888888888888888,0.0,0.028752734678925678,0.05969595604886609,0.08575757241083516,0.016823825052962812,0.0031269635166367125
id_transition,hard_waypoint,19,18,1.0,1.0,1.0,0.0,0.03257833046216551,0.06709722048706476,0.0892983859197961,0.01734864039178423,0.0024959007912231904
id_transition,hard_waypoint,20,18,1.0,1.0,0.9444444444444444,0.0,0.028334181701911217,0.060012832366757904,0.0845213509682152,0.017862361197095156,0.0038118844695928197
id_transition,hard_waypoint,21,18,1.0,1.0,0.8333333333333334,0.0,0.029151572972898394,0.061304622474643904,0.0876861893468433,0.017741447411485024,0.0033570776732374853
id_transition,hard_waypoint,22,18,1.0,1.0,0.8888888888888888,0.0,0.029974052057749993,0.06308614326020079,0.09395656093127197,0.017125761489237917,0.003204340354912412
id_transition,hard_waypoint,23,18,1.0,1.0,1.0,0.0,0.030418614106855296,0.06170652002717056,0.08580499990946716,0.018595085447706095,0.0030169693126607606
id_transition,hard_waypoint,24,18,1.0,1.0,1.0,0.0,0.028556086808538952,0.061085256002843376,0.0844412971701887,0.01774447950240934,0.0029502366512137723
id_transition,hard_waypoint,25,18,1.0,1.0,1.0,0.0,0.03811387306937921,0.07777674599654144,0.11181631974048084,0.017165092448272336,0.0019310878483732338
id_transition,hard_waypoint,26,18,1.0,1.0,0.9444444444444444,0.0,0.029130419497748885,0.062223606318649316,0.08731193964680035,0.017102446927189905,0.0026310727121829375
id_transition,hard_waypoint,27,18,1.0,1.0,0.9444444444444444,0.0,0.03015962574810243,0.062149906220535414,0.08357773162424564,0.016947549500205373,0.002658967427610733
id_transition,hard_waypoint,28,18,1.0,1.0,1.0,0.0,0.030332964981364008,0.0626325548523002,0.08914703792995876,0.017121465771246194,0.003643216224978386
id_transition,hard_waypoint,29,18,1.0,1.0,1.0,0.0,0.030205792308857712,0.06385607098539668,0.09140975400805473,0.01704439683687908,0.0033104038722214946
id_transition,hard_waypoint,30,18,1.0,1.0,1.0,0.0,0.030646776015044508,0.06754080206155774,0.09532307792041037,0.017898491310755313,0.002588678870213986
id_transition,hard_waypoint,31,18,1.0,1.0,0.8888888888888888,0.0,0.03626329065961026,0.08043266855594183,0.10613826372557217,0.017807663393886786,0.003282936494300318
id_transition,hard_waypoint,32,18,1.0,1.0,0.9444444444444444,0.0,0.027178784934394146,0.055965474134104104,0.0778660722490814,0.016688629272245573,0.003401242341576723
id_transition,hard_waypoint,33,18,1.0,1.0,1.0,0.0,0.02438810753873613,0.04998581898916097,0.07010339573025703,0.01620433118432295,0.0026460855996319646
id_transition,hard_waypoint,34,18,1.0,1.0,0.9444444444444444,0.0,0.03383674798615747,0.07330410128666295,0.09324260387155744,0.018237188458148382,0.0030876842821933414
id_transition,hard_waypoint,35,18,1.0,1.0,1.0,0.0,0.031811834291712596,0.06803729077801107,0.09141334518790245,0.017114341445347195,0.0028234404546691677
id_transition,hard_waypoint,36,18,1.0,1.0,1.0,0.0,0.025762528276200538,0.05447510175613893,0.07738840269545715,0.016907134291752696,0.0027119584908611733
id_transition,hard_waypoint,37,18,1.0,1.0,0.8888888888888888,0.0,0.02739617126469449,0.05715927730003992,0.07846064720716742,0.017594250107193836,0.002986705757848554
id_transition,hard_waypoint,38,18,1.0,1.0,1.0,0.0,0.02976715478023633,0.06276786383241412,0.08656838267213768,0.017230380113144077,0.003142810113686092
id_transition,hard_waypoint,39,18,1.0,1.0,0.8333333333333334,0.0,0.03362171181868067,0.07202403747166196,0.09980413835081789,0.017899116988024235,0.00294577774981641
id_transition,hard_waypoint,40,18,1.0,0.9444444444444444,1.0,0.0,0.03205965878265718,0.06937114471155732,0.093566059652302,0.017658770169730983,0.0034114069901046767
id_transition,hard_waypoint,41,18,1.0,1.0,0.8333333333333334,0.0,0.03249446533968989,0.06897551835411124,0.09079153732293183,0.017977828673542036,0.003317095656670499
id_transition,hard_waypoint,42,18,1.0,1.0,0.9444444444444444,0.0,0.026154723009405908,0.053996415301743456,0.07323815880550279,0.016825460863256946,0.0028192118367474438
id_transition,hard_waypoint,43,18,1.0,1.0,1.0,0.0,0.03221018386588798,0.06925818815620406,0.0969046735101276,0.01792144380849322,0.0027897584975920017
id_transition,hard_waypoint,44,18,1.0,1.0,0.9444444444444444,0.0,0.025796538865109228,0.05324628784631689,0.07515236569775476,0.01659230022122871,0.002588985788280019
id_transition,hard_waypoint,45,18,1.0,1.0,1.0,0.0,0.03056156442358081,0.05980554914308916,0.08793816487822267,0.01870680144484729,0.0037542954558738035
id_transition,hard_waypoint,46,18,1.0,1.0,1.0,0.0,0.02420777630525641,0.04961301263214812,0.07334400796227986,0.01617020052283624,0.0031904211005881248
id_transition,hard_waypoint,47,18,1.0,1.0,1.0,0.0,0.03035365778340458,0.06108410119389493,0.08401025459170341,0.018213369741506558,0.0034266060906694876
id_transition,hard_waypoint,48,18,1.0,1.0,0.9444444444444444,0.0,0.027499826907219783,0.05513783598111735,0.08287958304087321,0.016916233260217697,0.0036360030345522014
id_transition,hard_waypoint,49,18,1.0,1.0,1.0,0.0,0.028196109520181496,0.057130548068218746,0.08556080650952128,0.016960230459605326,0.002777290868376889
id_transition,procedural,0,18,1.0,1.0,1.0,0.0,0.02444972375054422,0.05063413648555673,0.06840372851325406,0.01741761598789739,0.0027835616368779618
id_transition,procedural,1,18,1.0,1.0,0.8888888888888888,0.0,0.024354164124843595,0.04946377382924158,0.07451685021320979,0.0162238174708517,0.0031977227444540714
id_transition,procedural,2,18,1.0,1.0,0.8888888888888888,0.0,0.02419606531330966,0.049037288098285586,0.06886405787534183,0.016817890266703495,0.0029593815678091648
id_transition,procedural,3,18,1.0,1.0,1.0,0.0,0.02427423270863047,0.04835814106692041,0.07066847094231182,0.016443587722513364,0.003231846414584638
id_transition,procedural,4,18,1.0,1.0,1.0,0.0,0.026497761975480916,0.05331113757565617,0.07814123895433214,0.01665673917917354,0.0031522203442202884
id_transition,procedural,5,18,1.0,1.0,1.0,0.0,0.02477671090364875,0.04903134243148896,0.0705435091836585,0.016981420697037508,0.002543277675825647
id_transition,procedural,6,18,1.0,1.0,0.9444444444444444,0.0,0.028410097185086032,0.0567870590628849,0.08589992403156227,0.016706139864866992,0.0027964390396876585
id_transition,procedural,7,18,1.0,1.0,0.9444444444444444,0.0,0.025534382983394572,0.052345743061353756,0.07553454157378939,0.01665695328478591,0.002508598436478893
id_transition,procedural,8,18,1.0,1.0,0.9444444444444444,0.0,0.02592277075915532,0.054179760285963614,0.07204440505140358,0.016465741742721314,0.003152865041573785
id_transition,procedural,9,18,1.0,1.0,0.8333333333333334,0.0,0.02691663004089149,0.05411629646809563,0.07981080127259095,0.016880336447977765,0.003448498688213523
id_transition,procedural,10,18,1.0,1.0,1.0,0.0,0.02415920042000942,0.049127621074310596,0.06707678072982365,0.016745541719184392,0.002168333592493399
id_transition,procedural,11,18,1.0,1.0,1.0,0.0,0.024822553153010088,0.05001602376707725,0.07806550711393356,0.016699815228312962,0.003247307504712872
id_transition,procedural,12,18,1.0,1.0,1.0,0.0,0.024726406217309895,0.0516314287876917,0.07304519125156933,0.01676608564409242,0.002917299020752893
id_transition,procedural,13,18,1.0,0.9444444444444444,1.0,0.0,0.02580692455785975,0.05261575103633934,0.07594949110514587,0.017310694914489968,0.004195159741663304
id_transition,procedural,14,18,1.0,1.0,0.9444444444444444,0.0,0.024953738552894487,0.05036316903101073,0.07595915409425895,0.0160716613928201,0.0029568877670334394
id_transition,procedural,15,18,1.0,1.0,1.0,0.0,0.026043998144882993,0.053736490176783655,0.08139093758331405,0.016794742910840783,0.002376066193261875
id_transition,procedural,16,18,1.0,0.9444444444444444,0.9444444444444444,0.05555555555555555,0.026903928542854148,0.05462112600604693,0.08111291689177354,0.01697341799265031,0.00319957571358604
id_transition,procedural,17,18,1.0,1.0,0.9444444444444444,0.0,0.0265011252703174,0.0544585577212274,0.07997925538155767,0.0166575848367205,0.002928377031023465
id_transition,procedural,18,18,1.0,1.0,0.9444444444444444,0.0,0.024828789987279467,0.04957438796344729,0.07636677059862348,0.016837129659858133,0.003096780922702036
id_transition,procedural,19,18,1.0,1.0,0.9444444444444444,0.0,0.02708172345484644,0.055023565329611286,0.078664253362351,0.017299802251326924,0.0036318483609354838
id_transition,procedural,20,18,1.0,1.0,0.9444444444444444,0.0,0.0265615890639742,0.05505908295098277,0.07656038738787174,0.016994088612509662,0.0035687725506542783
id_transition,procedural,21,18,1.0,1.0,0.9444444444444444,0.0,0.026139511390182293,0.052577060171299504,0.07568787452247408,0.01683841359346491,0.0027836223823307555
id_transition,procedural,22,18,1.0,1.0,0.9444444444444444,0.0,0.02607679420898337,0.05531007094929614,0.0772948358207941,0.016339333979611705,0.003175451117763125
id_transition,procedural,23,18,1.0,1.0,0.9444444444444444,0.0,0.02693247370676012,0.05543807722214194,0.0747450441122055,0.016697255434335617,0.0029463919755600403
id_transition,procedural,24,18,1.0,1.0,1.0,0.0,0.025554091302520295,0.05182423731312155,0.08205299576123555,0.017191924207497083,0.003087703540757874
id_transition,procedural,25,18,1.0,1.0,0.8888888888888888,0.0,0.02374616322248365,0.04651238125645451,0.07324458493126763,0.016809546184245874,0.0032969737884075336
id_transition,procedural,26,18,1.0,1.0,0.9444444444444444,0.0,0.025725853195164978,0.05335147122128141,0.07109495707684094,0.016997687670562568,0.003068340093296984
id_transition,procedural,27,18,1.0,1.0,1.0,0.0,0.027559546749255096,0.056107820177243806,0.07402573153376579,0.016726929265023113,0.003601762685520727
id_transition,procedural,28,18,1.0,1.0,1.0,0.0,0.026008298698519092,0.05341123934421274,0.07217278124557601,0.016941590367933874,0.0035932143006734835
id_transition,procedural,29,18,1.0,1.0,1.0,0.0,0.02845170621445004,0.059750103960848504,0.08984329530762301,0.016856625916732308,0.002316671730450521
id_transition,procedural,30,18,1.0,1.0,0.8888888888888888,0.0,0.02453295802265129,0.04929164181359939,0.07002173757387532,0.016585178451918967,0.009859431930125048
id_transition,procedural,31,18,1.0,1.0,0.9444444444444444,0.0,0.027124408451915757,0.05633193730480141,0.08036417410605484,0.016903977228966322,0.0021695891810373496
id_transition,procedural,32,18,1.0,1.0,0.7777777777777778,0.0,0.02538337941820313,0.05113266151812341,0.06928076615764035,0.016053561329806103,0.0029130721361585155
id_transition,procedural,33,18,1.0,1.0,0.9444444444444444,0.0,0.025645041312609626,0.0528178650471899,0.07815046091046599,0.016650400104374005,0.0026701764537034405
id_transition,procedural,34,18,1.0,1.0,0.9444444444444444,0.0,0.026390600416128403,0.055008520749914976,0.07246742956340313,0.01689115011450927,0.004013930910264498
id_transition,procedural,35,18,1.0,1.0,0.8888888888888888,0.0,0.02514335039566846,0.05220197967977987,0.07335039973258972,0.017035287281362145,0.0026367998621812643
id_transition,procedural,36,18,1.0,1.0,1.0,0.0,0.027960321264093382,0.0571460193540487,0.07844822833107577,0.017892212034035997,0.0029098122202547627
id_transition,procedural,37,18,1.0,1.0,0.9444444444444444,0.0,0.026131428578263602,0.05339483318126034,0.07778861311574777,0.016609711881857704,0.0032721015916387817
id_transition,procedural,38,18,1.0,1.0,0.9444444444444444,0.0,0.024341438134827396,0.04902902680138746,0.0689515680488613,0.016671446612103506,0.0034780130663147613
id_transition,procedural,39,18,1.0,1.0,0.8333333333333334,0.0,0.02419935300324048,0.04779648270664943,0.07101589068770409,0.016654997060148093,0.002637763474953244
id_transition,procedural,40,18,1.0,1.0,1.0,0.0,0.02673993086699167,0.05790781958235633,0.08446125727560785,0.01735962834957855,0.0029602455575302366
id_transition,procedural,41,18,1.0,1.0,0.9444444444444444,0.0,0.024243632040628297,0.048923269348839914,0.07275492428905433,0.017084013866817762,0.0027250371635023298
id_transition,procedural,42,18,1.0,1.0,1.0,0.0,0.028449164327310834,0.05980135608050558,0.08827953102687995,0.01694112665576228,0.0034493039172952466
id_transition,procedural,43,18,1.0,1.0,1.0,0.0,0.02417991342557733,0.048518420150503505,0.07456812345319325,0.017266622408415904,0.0035875914960945892
id_transition,procedural,44,18,1.0,1.0,1.0,0.0,0.02806365480757776,0.05797666394048267,0.07834818214178085,0.016512651371703758,0.0021941271875120546
id_transition,procedural,45,18,1.0,1.0,0.9444444444444444,0.0,0.026432689434950488,0.05563668363417186,0.08048504673772389,0.017257258811696128,0.0030582302663017796
id_transition,procedural,46,18,1.0,1.0,0.9444444444444444,0.0,0.02696606718492732,0.056917969732441835,0.08167389656106631,0.01701415459138213,0.0029671331887325403
id_transition,procedural,47,18,1.0,1.0,0.9444444444444444,0.0,0.02551780896557554,0.0530168700031936,0.07511588310201962,0.017328621923428156,0.004003348216693617
id_transition,procedural,48,18,1.0,0.9444444444444444,0.9444444444444444,0.0,0.026144383508449387,0.05244404490416247,0.07894890983071592,0.01685995284094324,0.0035284209080589345
id_transition,procedural,49,18,1.0,1.0,0.9444444444444444,0.0,0.02608481923339136,0.05367985569561521,0.07999681246777375,0.016896964349286978,0.002948002174308295
id_transition,rounded_waypoint,0,18,1.0,1.0,0.9444444444444444,0.0,0.026057387858961816,0.05223378420083058,0.07347602769732475,0.018023849797869796,0.003150737214631791
id_transition,rounded_waypoint,1,18,1.0,1.0,1.0,0.0,0.03422189291790034,0.0729143192163772,0.10764881471792857,0.017347461019987506,0.0037174894635185474
id_transition,rounded_waypoint,2,18,1.0,1.0,0.9444444444444444,0.0,0.03033040495956718,0.06301963567319843,0.08912188187241554,0.016571740997818607,0.0032654282928483713
id_transition,rounded_waypoint,3,18,1.0,1.0,0.9444444444444444,0.0,0.028943885901616933,0.060899139775170204,0.08673450578418043,0.017449577476005895,0.003449701339493864
id_transition,rounded_waypoint,4,18,1.0,1.0,1.0,0.0,0.03242297177202473,0.0667801856373747,0.09259028049806754,0.018489805603459572,0.003025926107206967
id_transition,rounded_waypoint,5,18,1.0,1.0,0.8333333333333334,0.0,0.03448313455594016,0.07061565195520716,0.10091204113430446,0.017995572928812573,0.0027813635675986233
id_transition,rounded_waypoint,6,18,1.0,1.0,0.8888888888888888,0.0,0.0267721051817617,0.05546624521828359,0.08169233757588598,0.01687381561679749,0.003329748273376596
id_transition,rounded_waypoint,7,18,1.0,1.0,1.0,0.0,0.027632415618275515,0.057920063990685645,0.08154732175171375,0.01732763908558331,0.0023814885511670527
id_transition,rounded_waypoint,8,18,1.0,1.0,0.9444444444444444,0.0,0.03024832951193862,0.0641306415407194,0.08683977358871037,0.01783022294015241,0.0030965406122227877
id_transition,rounded_waypoint,9,18,1.0,1.0,1.0,0.0,0.03488685380195416,0.0728335143584344,0.10035382169816229,0.019563307742145614,0.0027556514031883187
id_transition,rounded_waypoint,10,18,1.0,1.0,0.8888888888888888,0.0,0.03111923364499429,0.06383504175270596,0.0924651858707269,0.018000340212246474,0.0023263823837303774
id_transition,rounded_waypoint,11,18,1.0,1.0,0.9444444444444444,0.0,0.030977241574118575,0.06677717089446053,0.09032143755919403,0.01711286679418284,0.003250202656513554
id_transition,rounded_waypoint,12,18,1.0,1.0,0.9444444444444444,0.0,0.027655988658680172,0.05590039532010752,0.08452305404676332,0.017023740760951003,0.003927040203701622
id_transition,rounded_waypoint,13,18,1.0,1.0,1.0,0.0,0.03210925602120662,0.06775205174667967,0.10146465090413888,0.017848015524620214,0.0027927455125134723
id_transition,rounded_waypoint,14,18,1.0,1.0,0.8888888888888888,0.0,0.03369663087759727,0.07206076201465393,0.10236325549582641,0.01758832294536533,0.0027458523949556984
id_transition,rounded_waypoint,15,18,1.0,1.0,1.0,0.0,0.03713643182755763,0.07894135909155012,0.11256645744045575,0.01777335267366454,0.0023557781674262484
id_transition,rounded_waypoint,16,18,1.0,1.0,0.9444444444444444,0.0,0.034877776226717165,0.07525644653166333,0.10452199189199342,0.01806090552907626,0.0031363151000403933
id_transition,rounded_waypoint,17,18,1.0,1.0,1.0,0.0,0.02729465984574821,0.05613857829529377,0.07513212309115463,0.016790653631239973,0.0024344682108221496
id_transition,rounded_waypoint,18,18,1.0,1.0,0.9444444444444444,0.0,0.02885256065217557,0.05764036745660834,0.08179639114273919,0.017185413865829,0.003987402944826571
id_transition,rounded_waypoint,19,18,1.0,1.0,0.9444444444444444,0.0,0.026703918518154537,0.05520612820982932,0.07333161330057515,0.016785008828308065,0.004262145337280809
id_transition,rounded_waypoint,20,18,1.0,1.0,0.9444444444444444,0.0,0.030674851022558087,0.0644609599891636,0.08595071008635892,0.017435050471254283,0.002405455010140492
id_transition,rounded_waypoint,21,18,1.0,1.0,0.9444444444444444,0.0,0.02894661148623553,0.05878234019296033,0.08128055247167747,0.017254009265356095,0.0028910071247142447
id_transition,rounded_waypoint,22,18,1.0,1.0,0.8888888888888888,0.0,0.03592653998540753,0.07318011503666638,0.0985535385294093,0.01783194772272413,0.002669888793358782
id_transition,rounded_waypoint,23,18,1.0,1.0,1.0,0.0,0.034725408806847144,0.07456715658514036,0.10673872836762005,0.018223321183379323,0.002855978574239642
id_transition,rounded_waypoint,24,18,1.0,1.0,0.9444444444444444,0.0,0.031699553305142104,0.06512611626336971,0.0868149350086848,0.01839087995612954,0.0029485668273841192
id_transition,rounded_waypoint,25,18,1.0,1.0,1.0,0.0,0.03258804825132194,0.06854387531056999,0.09318177650372188,0.018453153693145145,0.0022568217212282945
id_transition,rounded_waypoint,26,18,1.0,1.0,1.0,0.0,0.029211679118655402,0.05977830249402258,0.0799741649793254,0.016796901072513918,0.0025435338853346456
id_transition,rounded_waypoint,27,18,1.0,1.0,0.8888888888888888,0.0,0.02999285811564118,0.06307034309332567,0.08468531982766257,0.017533461256229434,0.0037670371993552814
id_transition,rounded_waypoint,28,18,1.0,1.0,1.0,0.0,0.030834725333218127,0.06628093827101916,0.08775341117547618,0.01866021098253697,0.003437164756758289
id_transition,rounded_waypoint,29,18,1.0,1.0,0.9444444444444444,0.0,0.02802250251021367,0.05728098983979885,0.08174382439917988,0.016687454945704974,0.003239814527233026
id_transition,rounded_waypoint,30,18,1.0,1.0,1.0,0.0,0.030388553761476002,0.06350202981589566,0.0895423400733206,0.017559841874986784,0.002861600606879053
id_transition,rounded_waypoint,31,18,1.0,1.0,0.9444444444444444,0.0,0.032047675244170785,0.06903213418813214,0.094468015142613,0.017487463699918614,0.002806495906321882
id_transition,rounded_waypoint,32,18,1.0,1.0,0.8333333333333334,0.0,0.02709023309595819,0.05700034076968828,0.07982403909166653,0.016636139737346987,0.0033291586377441748
id_transition,rounded_waypoint,33,18,1.0,1.0,1.0,0.0,0.03662313935231599,0.08022176348086857,0.10595852902366056,0.01893573049515412,0.0031681136839698024
id_transition,rounded_waypoint,34,18,1.0,1.0,1.0,0.0,0.036878076774840035,0.07590283572466834,0.10745396713415782,0.019103075134182943,0.003791138051209089
id_transition,rounded_waypoint,35,18,1.0,1.0,0.9444444444444444,0.0,0.02924762347445561,0.061999704523219,0.08854850029779805,0.01674831457102239,0.002503620694508853
id_transition,rounded_waypoint,36,18,1.0,1.0,0.9444444444444444,0.0,0.03192809328489984,0.07120916790639358,0.09994652805229028,0.017114269893281586,0.0035024218570164243
id_transition,rounded_waypoint,37,18,1.0,1.0,0.8333333333333334,0.0,0.033197322232627204,0.07198575835468041,0.09496086256371604,0.01892495047263648,0.002388785764222079
id_transition,rounded_waypoint,38,18,1.0,1.0,0.8333333333333334,0.0,0.026973956567028463,0.05648578276029889,0.08372875013285214,0.016510270500810522,0.002959050805492029
id_transition,rounded_waypoint,39,18,1.0,1.0,0.8888888888888888,0.0,0.02913274037204188,0.061623097500867315,0.08396848746471935,0.01720901861538674,0.0020248112260955325
id_transition,rounded_waypoint,40,18,1.0,1.0,0.9444444444444444,0.0,0.032937722128195956,0.0680197155413528,0.08921238945590125,0.018018327174,0.0030344336609692646
id_transition,rounded_waypoint,41,18,1.0,1.0,1.0,0.0,0.02856577939746655,0.06118787005543707,0.08504271631439526,0.017478234050641875,0.0022028677316857
id_transition,rounded_waypoint,42,18,1.0,1.0,1.0,0.0,0.031621212377464826,0.06624328508559196,0.09079881115920013,0.01827975814454313,0.003953742805355996
id_transition,rounded_waypoint,43,18,1.0,1.0,1.0,0.0,0.033534104145296395,0.06914692980547746,0.09295224398374557,0.018080861696221005,0.004056778683170206
id_transition,rounded_waypoint,44,18,1.0,1.0,0.8888888888888888,0.0,0.03873743194674098,0.08147976883790557,0.11692817798919147,0.01892418484897911,0.001982582021451797
id_transition,rounded_waypoint,45,18,1.0,1.0,0.9444444444444444,0.0,0.030378121915258738,0.06522364748331408,0.0870622754510906,0.016999646480656026,0.00319579469508289
id_transition,rounded_waypoint,46,18,1.0,1.0,1.0,0.0,0.03082091139709449,0.06328110190936259,0.08651648006505436,0.0185423646703859,0.002369156793058371
id_transition,rounded_waypoint,47,18,1.0,1.0,1.0,0.0,0.029583231004534624,0.062358738295733906,0.09115588209695286,0.017534446124801928,0.0032540270195383883
id_transition,rounded_waypoint,48,18,1.0,1.0,1.0,0.0,0.025176736542815895,0.05161078713006442,0.07990044107039769,0.016874915254934193,0.002701749804663347
id_transition,rounded_waypoint,49,18,1.0,1.0,1.0,0.0,0.02588290356690401,0.05420361270921097,0.0747534694770972,0.01679005098087645,0.002551215035121338
ood_constant,ood_arc,0,6,1.0,1.0,1.0,0.0,0.023171081225413198,0.04515461316332222,0.07020357064902782,0.01338500324133249,0.002199764958594627
ood_constant,ood_arc,1,6,1.0,1.0,0.8333333333333334,0.0,0.02364631888029751,0.04452224297759432,0.07342311429480712,0.013069511020921817,0.007126911400140906
ood_constant,ood_arc,2,6,1.0,1.0,1.0,0.0,0.021743014741414175,0.039869467898582416,0.06965257910390694,0.013252035456160126,0.0036982009484491144
ood_constant,ood_arc,3,6,1.0,1.0,1.0,0.0,0.02280866459155476,0.04222645546930531,0.07053025128940742,0.015283365789160432,0.00286614555957009
ood_constant,ood_arc,4,6,1.0,1.0,0.8333333333333334,0.0,0.020764993906638843,0.04131481796503067,0.060580747202038765,0.01339724287955119,0.0029721395712059284
ood_constant,ood_arc,5,6,1.0,1.0,0.8333333333333334,0.0,0.026986904264247324,0.05063230985154706,0.0742626953870058,0.013695892231984077,0.0031330966026260343
ood_constant,ood_arc,6,6,1.0,1.0,0.8333333333333334,0.0,0.02559978404314595,0.043919040650750196,0.06616628728806973,0.013360873557935101,0.0032512215779569365
ood_constant,ood_arc,7,6,1.0,1.0,1.0,0.0,0.02624557113315749,0.04865416386164725,0.07789801682035129,0.014362053416810345,0.0026346739297322904
ood_constant,ood_arc,8,6,1.0,1.0,0.8333333333333334,0.0,0.023704573527703596,0.04285528839876254,0.07074851170182228,0.013426402977406613,0.0029689800921767094
ood_constant,ood_arc,9,6,1.0,1.0,1.0,0.0,0.022764867402298616,0.044596780339876796,0.07195110370715459,0.013379205591819704,0.002175181389919262
ood_constant,ood_arc,10,6,1.0,1.0,1.0,0.0,0.025904512236636087,0.04599708542227745,0.076245978474617,0.014100311198802624,0.003308434126402443
ood_constant,ood_arc,11,6,1.0,1.0,0.8333333333333334,0.0,0.026973971734013568,0.04891527911337712,0.0731995441019535,0.012929249297221751,0.00229484750022278
ood_constant,ood_arc,12,6,1.0,1.0,0.8333333333333334,0.0,0.0228428390544294,0.04661885971824326,0.06798419170081615,0.01461447464031631,0.0038812204138931826
ood_constant,ood_arc,13,6,1.0,1.0,1.0,0.0,0.022730527401842435,0.040852417564019555,0.07409635372459888,0.0130329264173783,0.00187440020615449
ood_constant,ood_arc,14,6,1.0,1.0,0.8333333333333334,0.0,0.022447071642231014,0.04066597268295783,0.06586877442896366,0.013388829259197715,0.0032277219853117044
ood_constant,ood_arc,15,6,1.0,1.0,1.0,0.0,0.02554731859631643,0.04672150829186042,0.0709144218514363,0.01326581181517419,0.004193968618053406
ood_constant,ood_arc,16,6,1.0,1.0,1.0,0.0,0.023497465387988078,0.0428945954889059,0.06929190270602703,0.01316852580227295,0.0032635161649767395
ood_constant,ood_arc,17,6,1.0,1.0,1.0,0.0,0.025983332834229374,0.04870938969155152,0.07195562558869521,0.013722303585615665,0.0026470442392564214
ood_constant,ood_arc,18,6,1.0,1.0,1.0,0.0,0.022041332164123743,0.040889762900769705,0.06262369826436043,0.013874882123237684,0.003443348155283091
ood_constant,ood_arc,19,6,1.0,1.0,1.0,0.0,0.024886654000117137,0.04918626877479255,0.06739836558699608,0.013861968390157358,0.003458273353807592
ood_constant,ood_arc,20,6,1.0,1.0,1.0,0.0,0.022893999424567893,0.04020771750559408,0.05452736001461744,0.014278915139889834,0.0031876352154489216
ood_constant,ood_arc,21,6,1.0,1.0,1.0,0.0,0.025572640453214734,0.04716640960735579,0.06779976064960162,0.013916454890634894,0.00367536414974858
ood_constant,ood_arc,22,6,1.0,1.0,0.8333333333333334,0.0,0.02492396997381408,0.043071964041640355,0.08004931608835857,0.014890787674164936,0.001973854422869564
ood_constant,ood_arc,23,6,1.0,1.0,1.0,0.0,0.02758358187765858,0.051895037386566395,0.07919183497627576,0.014556108880415102,0.002393133734463986
ood_constant,ood_arc,24,6,1.0,1.0,1.0,0.0,0.02486942615333297,0.04885931424796581,0.07521009196837743,0.014542658108251874,0.0030273999664354825
ood_constant,ood_arc,25,6,1.0,1.0,0.8333333333333334,0.0,0.025069223929665096,0.04599102513554196,0.06237535427014033,0.014638153058067748,0.003968334858178002
ood_constant,ood_arc,26,6,1.0,1.0,1.0,0.0,0.023323273446247017,0.04251816541266937,0.07211147993803024,0.014583166793869276,0.002627227888505538
ood_constant,ood_arc,27,6,1.0,1.0,1.0,0.0,0.02244419672238691,0.04317288797659177,0.06864337995648384,0.012910979606017533,0.0026511369500792268
ood_constant,ood_arc,28,6,1.0,1.0,1.0,0.0,0.02315403982411691,0.04261130934270719,0.07058956225713094,0.014165620320058641,0.00270293436767897
ood_constant,ood_arc,29,6,1.0,1.0,1.0,0.0,0.024173317748139606,0.04664583997800945,0.07195403426885605,0.0136824773424205,0.0032302478178900577
ood_constant,ood_arc,30,6,1.0,1.0,0.8333333333333334,0.0,0.02202150833045864,0.04110716315917671,0.06162278292079767,0.013580223178019277,0.0020984386498920592
ood_constant,ood_arc,31,6,1.0,1.0,1.0,0.0,0.02360617999175192,0.043625227315351366,0.06477870792150497,0.013809204752219183,0.004022014913107483
ood_constant,ood_arc,32,6,1.0,1.0,1.0,0.0,0.024230724950324856,0.041625039543335636,0.0641517098993063,0.014596800511551272,0.003334894876313351
ood_constant,ood_arc,33,6,1.0,1.0,1.0,0.0,0.022272424826886766,0.04118787781335412,0.0653019156306982,0.012948049862889922,0.0034693371972093676
ood_constant,ood_arc,34,6,1.0,1.0,1.0,0.0,0.02268557326426247,0.04339240270977218,0.06511322781443596,0.012888083247556852,0.0030390555699423747
ood_constant,ood_arc,35,6,1.0,1.0,1.0,0.0,0.020514447518698613,0.039319879453008376,0.07396306532124679,0.013486008306532167,0.0032111944946267706
ood_constant,ood_arc,36,6,1.0,1.0,1.0,0.0,0.02428347582998962,0.04567614446083704,0.06594813490907352,0.013341821254198333,0.0032359292472679455
ood_constant,ood_arc,37,6,1.0,1.0,0.8333333333333334,0.0,0.0242752999000645,0.04255730376268427,0.06717105334003766,0.013135320528377514,0.002770815051975628
ood_constant,ood_arc,38,6,1.0,1.0,1.0,0.0,0.024771385851900456,0.047531430159385,0.06695983186364174,0.014820052420552225,0.003000794666549155
ood_constant,ood_arc,39,6,1.0,1.0,1.0,0.0,0.023944548972929452,0.04595448228841025,0.07296319616337617,0.013021075266847345,0.0037344412011216335
ood_constant,ood_arc,40,6,1.0,1.0,1.0,0.0,0.023423429535100918,0.04429998698954779,0.07624991176029046,0.01315853660454164,0.003207120011613921
ood_constant,ood_arc,41,6,1.0,1.0,1.0,0.0,0.026437367685443136,0.049836885804931313,0.07305773409704368,0.014478696677517583,0.002359489424273558
ood_constant,ood_arc,42,6,1.0,1.0,1.0,0.0,0.023287085468344987,0.0415981395014872,0.07745438441634178,0.013326422060077154,0.002541130150923429
ood_constant,ood_arc,43,6,1.0,1.0,1.0,0.0,0.02286949202692702,0.04369977976505954,0.06903876426319282,0.01324180252790535,0.003959225203298712
ood_constant,ood_arc,44,6,1.0,1.0,1.0,0.0,0.025135326159200288,0.047575618869935464,0.07332705706357956,0.013759717005900063,0.002049187480126067
ood_constant,ood_arc,45,6,1.0,1.0,1.0,0.0,0.023800558013243583,0.0450446132570505,0.07362203362087409,0.012526055085578719,0.002926233327401125
ood_constant,ood_arc,46,6,1.0,1.0,1.0,0.0,0.023680507326700004,0.0429509225146224,0.0720320704082648,0.013371947231212716,0.0028106493482070775
ood_constant,ood_arc,47,6,1.0,1.0,1.0,0.0,0.0230734612782203,0.04532433509205778,0.06566574548681577,0.013309070434737452,0.0032689840647858784
ood_constant,ood_arc,48,6,1.0,1.0,1.0,0.0,0.026129583189741627,0.0482334715158989,0.07585226682325204,0.013800149196975647,0.003203813440519935
ood_constant,ood_arc,49,6,1.0,1.0,1.0,0.0,0.025474557379001745,0.04636957691982388,0.07193106599152088,0.01452511672780648,0.0031327509085536435
ood_constant,ood_corner,0,6,1.0,1.0,0.8333333333333334,0.0,0.03310264325961738,0.07361596850678324,0.10517246027787526,0.01516957102200304,0.0036540173245814267
ood_constant,ood_corner,1,6,1.0,1.0,0.8333333333333334,0.0,0.025182276204880904,0.04838473036264379,0.07278262202938397,0.013320362444358585,0.0026126291108558297
ood_constant,ood_corner,2,6,1.0,1.0,1.0,0.0,0.03254259849822861,0.06906051735083259,0.09820796425143878,0.014849523085763268,0.0032747405232287316
ood_constant,ood_corner,3,6,1.0,1.0,1.0,0.0,0.022772596317381603,0.04403998538230856,0.06860015292962392,0.013819661456592894,0.0031735390352976476
ood_constant,ood_corner,4,6,1.0,1.0,1.0,0.0,0.024595904790979575,0.0496772825407485,0.07304603047668934,0.01330136831801613,0.004157003755666887
ood_constant,ood_corner,5,6,1.0,1.0,1.0,0.0,0.025527801023183323,0.049405587371438714,0.07371836279829343,0.013067217492798835,0.0032980199885403925
ood_constant,ood_corner,6,6,1.0,1.0,0.8333333333333334,0.0,0.025941330643811655,0.050556634614864954,0.0790603334705035,0.013540160775379033,0.001376894224756764
ood_constant,ood_corner,7,6,1.0,1.0,1.0,0.0,0.033752382464068774,0.0708523442658285,0.09518866861859958,0.015135867702509789,0.002479406544948793
ood_constant,ood_corner,8,6,1.0,1.0,1.0,0.0,0.02209443955263288,0.04088022999155025,0.06994917864600818,0.01352367401252833,0.0027603899886854085
ood_constant,ood_corner,9,6,1.0,1.0,1.0,0.0,0.02678335897425114,0.05601632917920748,0.0781358474244674,0.014270953145435418,0.0018543267930008257
ood_constant,ood_corner,10,6,1.0,1.0,1.0,0.0,0.02435174074265699,0.048708605021238326,0.0641988596568505,0.01393031122253223,0.0030361247312803014
ood_constant,ood_corner,11,6,1.0,1.0,1.0,0.0,0.03466730800540226,0.07860801958789425,0.11552544000248115,0.01567074880386469,0.0038667706456464307
ood_constant,ood_corner,12,6,1.0,1.0,1.0,0.0,0.026416146509359962,0.05254333461634813,0.07664260702828567,0.01300793305782381,0.003299367295031455
ood_constant,ood_corner,13,6,1.0,1.0,1.0,0.0,0.023443920386715875,0.04459169112766781,0.07350396613279979,0.013861297707082719,0.003241396482799646
ood_constant,ood_corner,14,6,1.0,1.0,1.0,0.0,0.03138418380627336,0.06010426500191291,0.08118698373436928,0.015894562755741165,0.0038190338110779404
ood_constant,ood_corner,15,6,1.0,1.0,0.8333333333333334,0.0,0.024749724493929124,0.051945410591239694,0.06453016648689906,0.013089872383679943,0.003613703200108759
ood_constant,ood_corner,16,6,1.0,1.0,1.0,0.0,0.031550789943083614,0.06046386218319335,0.08883729701240857,0.01485752332606049,0.002937921858206275
ood_constant,ood_corner,17,6,1.0,1.0,1.0,0.0,0.024105588937122974,0.04822808606550095,0.07442452448109786,0.013589110604183559,0.002307280253049826
ood_constant,ood_corner,18,6,1.0,1.0,1.0,0.0,0.023462715202603335,0.04402262807513275,0.06266728540261586,0.013420229675493832,0.001384523760980606
ood_constant,ood_corner,19,6,1.0,1.0,1.0,0.0,0.024232115685474422,0.04666452339539925,0.07122972110907237,0.014132930991259575,0.003030532071040176
ood_constant,ood_corner,20,6,1.0,1.0,0.8333333333333334,0.0,0.02620739116973292,0.04748059595003723,0.07524962350726128,0.013348626615463795,0.003065142761867651
ood_constant,ood_corner,21,6,1.0,1.0,1.0,0.0,0.029079443181451142,0.053351054992526736,0.08065783853332202,0.013289677636178618,0.004066294771013755
ood_constant,ood_corner,22,6,1.0,1.0,1.0,0.0,0.025541851875628935,0.05177693668132025,0.0696427325407664,0.013856923893644313,0.0018451497468308098
ood_constant,ood_corner,23,6,1.0,1.0,1.0,0.0,0.024895420166725107,0.047346484567970026,0.07165287807583809,0.0132652533609278,0.0038728276209940246
ood_constant,ood_corner,24,6,1.0,1.0,0.8333333333333334,0.0,0.027670315939685938,0.05600126764426627,0.08099751981596152,0.013483120580721403,0.0035074281805903607
ood_constant,ood_corner,25,6,1.0,0.8333333333333334,0.8333333333333334,0.0,0.02419138087747001,0.045539753045886734,0.07108595346411069,0.013365863793520005,0.003953279111524094
ood_constant,ood_corner,26,6,1.0,1.0,1.0,0.0,0.028839424478365863,0.055028941513349604,0.088003679489096,0.014471420143361719,0.003415552688329789
ood_constant,ood_corner,27,6,1.0,1.0,1.0,0.0,0.030896845435412646,0.06310489159077405,0.09232698380947113,0.01482303169189525,0.002939314135633896
ood_constant,ood_corner,28,6,1.0,1.0,1.0,0.0,0.025389466452641524,0.04553243846942981,0.07072440534830093,0.01357086651380148,0.0026960369598782777
ood_constant,ood_corner,29,6,1.0,1.0,1.0,0.0,0.023368005907993445,0.04321060435225565,0.06617398808399837,0.013141934052246574,0.0031440059048805924
ood_constant,ood_corner,30,6,1.0,1.0,1.0,0.0,0.031474674462311655,0.06576703591272234,0.08566006645560265,0.01486746694110771,0.004303110772163281
ood_constant,ood_corner,31,6,1.0,1.0,1.0,0.0,0.023328231648333517,0.04457256073753038,0.07861008495092392,0.013759518783854967,0.0023792859733658828
ood_constant,ood_corner,32,6,1.0,1.0,1.0,0.0,0.02702807907198271,0.0589402458940943,0.0818630022307237,0.01351078094189376,0.0049202277925614836
ood_constant,ood_corner,33,6,1.0,1.0,1.0,0.0,0.024206453675005513,0.04929369697347282,0.0674935436497132,0.013275656126571908,0.0027911039583501432
ood_constant,ood_corner,34,6,1.0,1.0,0.8333333333333334,0.0,0.03325231726490505,0.06570453817645706,0.09754204750061035,0.016449127125155494,0.0026224347476137833
ood_constant,ood_corner,35,6,1.0,1.0,1.0,0.0,0.027009353551517526,0.05236042796944576,0.09156761318445206,0.0145942583364177,0.002935937973061034
ood_constant,ood_corner,36,6,1.0,1.0,1.0,0.0,0.02372735290510519,0.04618411993918318,0.06720893954237302,0.013419966353187061,0.003815447099386452
ood_constant,ood_corner,37,6,1.0,1.0,1.0,0.0,0.03420522878541662,0.07645484476039806,0.09411007227996986,0.015760934372390917,0.0018943914982509774
ood_constant,ood_corner,38,6,1.0,1.0,1.0,0.0,0.027699515821765646,0.05246428221774596,0.07797922380268574,0.012762912001492037,0.004399111165548253
ood_constant,ood_corner,39,6,1.0,1.0,1.0,0.0,0.026147619895676048,0.051651997615893674,0.07579634773234527,0.015729286319879673,0.0022748461960207197
ood_constant,ood_corner,40,6,1.0,1.0,0.8333333333333334,0.0,0.028271545926413236,0.05853246706537901,0.08156782761216164,0.015735281745527123,0.002596981915751473
ood_constant,ood_corner,41,6,1.0,1.0,1.0,0.0,0.027785789728059635,0.053529754964013875,0.08158549480140209,0.013326049913903909,0.0033009656349473893
ood_constant,ood_corner,42,6,1.0,1.0,1.0,0.0,0.026245096441015955,0.05197257351440682,0.08136358050008614,0.01311938670624565,0.002043839491261278
ood_constant,ood_corner,43,6,1.0,1.0,1.0,0.0,0.031192724410592513,0.06567139759038886,0.09567070504029591,0.014719090501752028,0.002722760372377217
ood_constant,ood_corner,44,6,1.0,1.0,1.0,0.0,0.02861082407944374,0.05809686163750786,0.08666561171412468,0.014729567942786972,0.0035507951251071237
ood_constant,ood_corner,45,6,1.0,1.0,1.0,0.0,0.03284736158322277,0.07753060196215898,0.11716071205834548,0.015484491476167853,0.002374475401978965
ood_constant,ood_corner,46,6,1.0,1.0,1.0,0.0,0.02891825419355276,0.05525491431665913,0.08603099609414737,0.01669893602369008,0.002130895973006771
ood_constant,ood_corner,47,6,1.0,1.0,1.0,0.0,0.028606212439115708,0.0555600195502241,0.08777092397212982,0.013083761355926085,0.004292545232459297
ood_constant,ood_corner,48,6,1.0,1.0,1.0,0.0,0.024507935574617293,0.04572740206494927,0.06932850244144599,0.013319044865244498,0.004228246916878213
ood_constant,ood_corner,49,6,1.0,1.0,1.0,0.0,0.0321636646112402,0.06821331692238645,0.09700767882168293,0.01494908852307937,0.002743015765131788
ood_constant,ood_s_curve,0,6,1.0,1.0,1.0,0.0,0.022825068145414924,0.04738359181210395,0.074074345951279,0.013878096942210533,0.00250564822211434
ood_constant,ood_s_curve,1,6,1.0,1.0,0.8333333333333334,0.0,0.024263370210978713,0.04455654849298298,0.06586963372925918,0.01405878226851282,0.006271182213937493
ood_constant,ood_s_curve,2,6,1.0,1.0,1.0,0.0,0.02359940731272217,0.042598746887718635,0.07336049775282542,0.01307930642438123,0.002773247933766071
ood_constant,ood_s_curve,3,6,1.0,1.0,1.0,0.0,0.025086038542032035,0.04381620303417244,0.07099892509480317,0.013462087306613324,0.0018054933742835723
ood_constant,ood_s_curve,4,6,1.0,1.0,0.6666666666666666,0.0,0.024803208244172464,0.04589272355660796,0.06690061589082082,0.013457699256525563,0.0030393914944078365
ood_constant,ood_s_curve,5,6,1.0,1.0,1.0,0.0,0.02506399761119137,0.046889088178674376,0.06479425417880218,0.012772790659909697,0.0031713221131108075
ood_constant,ood_s_curve,6,6,1.0,1.0,1.0,0.0,0.026563043550966284,0.052744406772156555,0.0785208282371362,0.012994589748080177,0.002880545285591609
ood_constant,ood_s_curve,7,6,1.0,1.0,1.0,0.0,0.023151161038305824,0.04504678932329017,0.0681020189076662,0.013390471774673125,0.004095271952272776
ood_constant,ood_s_curve,8,6,1.0,1.0,1.0,0.0,0.022206874897048062,0.041384468258668976,0.06201293505728245,0.01297202712451579,0.0022129187727697452
ood_constant,ood_s_curve,9,6,1.0,1.0,0.8333333333333334,0.0,0.026305093737923432,0.05094819851219651,0.07162293543418248,0.013385348100186571,0.0025544178047517073
ood_constant,ood_s_curve,10,6,1.0,1.0,1.0,0.0,0.024662217094261116,0.049059663961331025,0.07294131132463615,0.013515432456393002,0.00304336025916907
ood_constant,ood_s_curve,11,6,1.0,1.0,1.0,0.0,0.022799748944647497,0.0459587188437581,0.06915813498198986,0.013079502747891485,0.002512538316701507
ood_constant,ood_s_curve,12,6,1.0,1.0,1.0,0.0,0.023822705963520496,0.04282809419867891,0.07047355112930138,0.01301297325981173,0.0024101630104429637
ood_constant,ood_s_curve,13,6,1.0,1.0,1.0,0.0,0.02214016544955508,0.04178951606154441,0.06978004736204942,0.013500056394629858,0.004059279074055969
ood_constant,ood_s_curve,14,6,1.0,1.0,0.8333333333333334,0.0,0.02471321989623872,0.04703025448446471,0.06647791775564353,0.013434317228823886,0.0022521649975190627
ood_constant,ood_s_curve,15,6,1.0,1.0,1.0,0.0,0.02622763047049666,0.052518909859160544,0.07890322183569272,0.013919225993601786,0.0018699825207019228
ood_constant,ood_s_curve,16,6,1.0,1.0,1.0,0.0,0.024295652178462548,0.04539510291069746,0.06622406157354514,0.012972623351672175,0.0036707544709397716
ood_constant,ood_s_curve,17,6,1.0,1.0,0.8333333333333334,0.0,0.023734182150919464,0.043535979014510895,0.06802227348089218,0.013252990477811942,0.0029219842390046493
ood_constant,ood_s_curve,18,6,1.0,1.0,1.0,0.0,0.02485486377350535,0.04525889201710621,0.07397366936008136,0.013797426399784887,0.0020460621893570543
ood_constant,ood_s_curve,19,6,1.0,1.0,1.0,0.0,0.02556569144427016,0.04957949862194557,0.0708812444160382,0.012777042589259947,0.002255310726255242
ood_constant,ood_s_curve,20,6,1.0,1.0,1.0,0.0,0.02250882570982551,0.0426224571187049,0.06694289421041806,0.013823582424116613,0.0033287131901867293
ood_constant,ood_s_curve,21,6,1.0,1.0,1.0,0.0,0.021998194279235345,0.0422679192231347,0.06372744776308537,0.01391285020683449,0.0017348061341290466
ood_constant,ood_s_curve,22,6,1.0,1.0,0.8333333333333334,0.0,0.026271554717264656,0.05090218996629117,0.06893605987230937,0.012848967060504356,0.002813082830500796
ood_constant,ood_s_curve,23,6,1.0,1.0,1.0,0.0,0.02512764298042376,0.04862368207735318,0.08020246277252834,0.01284987103893094,0.0022693570875218227
ood_constant,ood_s_curve,24,6,1.0,1.0,1.0,0.0,0.026424234772039302,0.05302250206780926,0.08518033350507419,0.013292256888090569,0.003219694200415036
ood_constant,ood_s_curve,25,6,1.0,1.0,1.0,0.0,0.024115068628150913,0.04716821870145697,0.06340862562259038,0.013681822079576892,0.0031942688096440373
ood_constant,ood_s_curve,26,6,1.0,1.0,1.0,0.0,0.025225506281306154,0.04675155108173687,0.0774375752856334,0.013399563295290594,0.003598958200346646
ood_constant,ood_s_curve,27,6,1.0,1.0,0.8333333333333334,0.0,0.02388122138100353,0.04651888725347814,0.07093163455526034,0.013530451245261548,0.0028623198403811166
ood_constant,ood_s_curve,28,6,1.0,1.0,0.8333333333333334,0.0,0.023540478165125736,0.04710501997421185,0.0720965104798476,0.013464045532308087,0.0034502463292759244
ood_constant,ood_s_curve,29,6,1.0,1.0,1.0,0.0,0.024227113016997735,0.045946952390174045,0.07058165843288104,0.012663428112665956,0.003410886034707803
ood_constant,ood_s_curve,30,6,1.0,1.0,1.0,0.0,0.023800846559139555,0.04539513370643059,0.07026053716739018,0.012451004536564675,0.0029962740435623045
ood_constant,ood_s_curve,31,6,1.0,1.0,0.8333333333333334,0.0,0.02232829038657781,0.041417840340485165,0.06029224147399267,0.012826109677516254,0.004318877019634737
ood_constant,ood_s_curve,32,6,1.0,1.0,0.8333333333333334,0.0,0.025092372935758788,0.04690245365103086,0.07035169750452042,0.013969383507644114,0.0023503487706160397
ood_constant,ood_s_curve,33,6,1.0,1.0,1.0,0.0,0.02427580626747629,0.04339429913088679,0.05881424186130365,0.013310247123803685,0.0022923105298726792
ood_constant,ood_s_curve,34,6,1.0,1.0,1.0,0.0,0.023828497983669015,0.04663685436050097,0.07506001306076844,0.012707530870735723,0.0022558733546720563
ood_constant,ood_s_curve,35,6,1.0,1.0,1.0,0.0,0.025932541176804182,0.04560705527352791,0.06877941514054935,0.012839028887838928,0.0027475817339887624
ood_constant,ood_s_curve,36,6,1.0,1.0,1.0,0.0,0.023946724927360136,0.043640046582246815,0.07739105510214965,0.013757253586901011,0.002977624034299483
ood_constant,ood_s_curve,37,6,1.0,1.0,0.8333333333333334,0.0,0.02605361578095339,0.047181882802397,0.07540860647956531,0.014279240513296904,0.0030875628746680705
ood_constant,ood_s_curve,38,6,1.0,1.0,1.0,0.0,0.025804745376221325,0.05008050262307126,0.06866810905436675,0.013846456686864963,0.0038674271449696865
ood_constant,ood_s_curve,39,6,1.0,1.0,1.0,0.0,0.023333182471388814,0.04580459687858817,0.07163963094353676,0.013533092286465077,0.0036341844130175355
ood_constant,ood_s_curve,40,6,1.0,1.0,0.8333333333333334,0.0,0.023891066725373954,0.04380905676322678,0.07532467320561409,0.01325136695553854,0.004125390176948474
ood_constant,ood_s_curve,41,6,1.0,1.0,1.0,0.0,0.02572986090084867,0.04562442785439392,0.06878155594070752,0.013496256817309307,0.0038417542024146664
ood_constant,ood_s_curve,42,6,1.0,1.0,1.0,0.0,0.02508669436161394,0.051533049841721856,0.08223296453555425,0.013441513008631278,0.0019521108822584076
ood_constant,ood_s_curve,43,6,1.0,1.0,1.0,0.0,0.023446153724079596,0.046106736424068574,0.06826864679654439,0.013418746811051393,0.0030440056604812923
ood_constant,ood_s_curve,44,6,1.0,1.0,1.0,0.0,0.022202600227985387,0.04162893506387869,0.06873142781356971,0.013808829994654534,0.002684661887850451
ood_constant,ood_s_curve,45,6,1.0,1.0,0.8333333333333334,0.0,0.024555997922036544,0.046084968186914925,0.07333605115612347,0.013350780728158084,0.0021050883490410176
ood_constant,ood_s_curve,46,6,1.0,1.0,1.0,0.0,0.024883921683985354,0.04667209365094701,0.07722871812681358,0.013518892517039206,0.002590165581457161
ood_constant,ood_s_curve,47,6,1.0,1.0,1.0,0.0,0.02334361194691339,0.04726094831712543,0.07167317097385724,0.013771648416204546,0.0027264440914339105
ood_constant,ood_s_curve,48,6,1.0,1.0,0.8333333333333334,0.0,0.023058603580069743,0.043801483713711294,0.06509107848008473,0.01304307074859872,0.003176660457195735
ood_constant,ood_s_curve,49,6,1.0,1.0,1.0,0.0,0.025927839778270196,0.04623117335140705,0.0875537283718586,0.01356930683516587,0.0033584447034111877
ood_fast_crouch_to_walk,ood_arc,0,3,0.6666666666666666,1.0,1.0,0.0,0.06423896755376528,0.10958001638452212,0.12242488811413448,0.020918844749280616,0.02446866949218877
ood_fast_crouch_to_walk,ood_arc,1,3,1.0,1.0,1.0,0.0,0.046726995148588656,0.09145715485016505,0.10526966055234273,0.0242101177219896,0.015959357783982015
ood_fast_crouch_to_walk,ood_arc,2,3,1.0,1.0,1.0,0.0,0.049871460494737264,0.0925022840499878,0.09765584766864777,0.024117211728875262,0.006705874283820079
ood_fast_crouch_to_walk,ood_arc,3,3,1.0,1.0,1.0,0.0,0.03557849288407294,0.06145353994021813,0.07507622614502907,0.01902212091869251,0.021384406516654852
ood_fast_crouch_to_walk,ood_arc,4,3,0.6666666666666666,1.0,1.0,0.0,0.05271136283040879,0.1003607911368211,0.11348292728265126,0.022207983545103383,0.032162478918816705
ood_fast_crouch_to_walk,ood_arc,5,3,1.0,1.0,1.0,0.0,0.046976819971816276,0.08381930937369664,0.09720920647184055,0.02310451160222916,0.013920694273470943
ood_fast_crouch_to_walk,ood_arc,6,3,1.0,1.0,1.0,0.0,0.05575498710522935,0.10448370774586994,0.1127608170111974,0.023312379328490104,0.011288881444409723
ood_fast_crouch_to_walk,ood_arc,7,3,1.0,1.0,1.0,0.0,0.058524785637750265,0.10405238817135493,0.113833653430144,0.016272764463555134,0.020745759298289368
ood_fast_crouch_to_walk,ood_arc,8,3,1.0,1.0,0.6666666666666666,0.0,0.05143134439817112,0.09727788493037222,0.11239781479040782,0.020884846107295917,0.014264411375782382
ood_fast_crouch_to_walk,ood_arc,9,3,1.0,1.0,1.0,0.0,0.05139102729622864,0.10057084579020732,0.11883231749137242,0.022239206516131853,0.01276445924250528
ood_fast_crouch_to_walk,ood_arc,10,3,1.0,1.0,1.0,0.0,0.05750324922410751,0.10685548198719819,0.11433188120524089,0.016420232437356474,0.007964248479963798
ood_fast_crouch_to_walk,ood_arc,11,3,0.6666666666666666,1.0,1.0,0.0,0.043885901628174386,0.07172423526644707,0.0825267421702544,0.02452368181738192,0.019561119492192414
ood_fast_crouch_to_walk,ood_arc,12,3,0.6666666666666666,1.0,1.0,0.0,0.07656822788365798,0.14219760373234747,0.15820158272981644,0.017860770041757353,0.01500474871445856
ood_fast_crouch_to_walk,ood_arc,13,3,0.6666666666666666,1.0,1.0,0.0,0.04921570891026631,0.09144322536885736,0.0985826924443245,0.02389444319862959,0.017146047398459225
ood_fast_crouch_to_walk,ood_arc,14,3,0.6666666666666666,1.0,1.0,0.0,0.0465163186242647,0.09510984395941098,0.10251315186421077,0.022213810646104212,0.02742394744798482
ood_fast_crouch_to_walk,ood_arc,15,3,1.0,1.0,1.0,0.0,0.048290471172063365,0.08194166248043377,0.09478886673847835,0.021667643303981937,0.026962628950927048
ood_fast_crouch_to_walk,ood_arc,16,3,0.3333333333333333,1.0,1.0,0.0,0.05054788299538052,0.10260578567783037,0.11269233127435048,0.022881828142283733,0.01712845707974527
ood_fast_crouch_to_walk,ood_arc,17,3,0.6666666666666666,1.0,1.0,0.0,0.05575252273479958,0.0999746105323235,0.11032752692699432,0.015619903132118883,0.01228123646598426
ood_fast_crouch_to_walk,ood_arc,18,3,0.6666666666666666,1.0,1.0,0.0,0.05218760261374533,0.09188406492273012,0.10088047881921132,0.017151224571368372,0.013483506361088637
ood_fast_crouch_to_walk,ood_arc,19,3,1.0,1.0,0.6666666666666666,0.0,0.054024177089332846,0.09847851755718388,0.11141457657019298,0.01737426554053235,0.006747805040671184
ood_fast_crouch_to_walk,ood_arc,20,3,1.0,1.0,1.0,0.0,0.0747564604656813,0.12750174092749755,0.13652508954207102,0.01768289494157135,0.013783440614953254
ood_fast_crouch_to_walk,ood_arc,21,3,0.6666666666666666,1.0,1.0,0.0,0.052778214159961735,0.09731658212840556,0.10435331364472707,0.016284294164079435,0.038950716182720946
ood_fast_crouch_to_walk,ood_arc,22,3,1.0,1.0,1.0,0.0,0.042156824368054506,0.08009254535039266,0.09300800164540608,0.016348413500468766,0.03822163334372323
ood_fast_crouch_to_walk,ood_arc,23,3,0.6666666666666666,1.0,1.0,0.0,0.08696614305444687,0.15787584607799846,0.17043306430180868,0.01938841899577073,0.025893298546544208
ood_fast_crouch_to_walk,ood_arc,24,3,0.6666666666666666,1.0,1.0,0.0,0.05468676197886244,0.09667162044594685,0.1073835218946139,0.017017371590125258,0.04613379973822548
ood_fast_crouch_to_walk,ood_arc,25,3,0.6666666666666666,1.0,1.0,0.0,0.05361473683611884,0.09224069106082118,0.10713266084591548,0.014977201291328924,0.015022509081517033
ood_fast_crouch_to_walk,ood_arc,26,3,1.0,1.0,1.0,0.0,0.05149103191492547,0.09700653857241075,0.1072626921037833,0.015014999610330463,0.028760146273951886
ood_fast_crouch_to_walk,ood_arc,27,3,0.6666666666666666,1.0,1.0,0.0,0.04668263164808959,0.08681584894657135,0.09569563468297322,0.02315081897530516,0.012257048458334011
ood_fast_crouch_to_walk,ood_arc,28,3,0.6666666666666666,1.0,1.0,0.0,0.056321724394302254,0.10185444702704748,0.10813358426094055,0.016317819672937155,0.019447912419154112
ood_fast_crouch_to_walk,ood_arc,29,3,1.0,1.0,1.0,0.0,0.07058181052681091,0.13111866265535355,0.14625867704550424,0.019575197967673316,0.010144285638472842
ood_fast_crouch_to_walk,ood_arc,30,3,0.6666666666666666,1.0,1.0,0.0,0.03290997293227076,0.05756627519925434,0.07283660024404526,0.02360736660913194,0.0038713825523233325
ood_fast_crouch_to_walk,ood_arc,31,3,0.6666666666666666,1.0,1.0,0.0,0.055411987094596465,0.10053740168611207,0.11051384856303532,0.017633375216214674,0.01844263207650476
ood_fast_crouch_to_walk,ood_arc,32,3,1.0,1.0,1.0,0.0,0.048916216753521036,0.09307468831539152,0.10289470354715984,0.0155025644497298,0.014759095514023027
ood_fast_crouch_to_walk,ood_arc,33,3,0.6666666666666666,1.0,1.0,0.0,0.04518899204432341,0.08294199233253798,0.09350091218948364,0.022242086869561684,0.01698562197976357
ood_fast_crouch_to_walk,ood_arc,34,3,1.0,1.0,1.0,0.0,0.056087304090843025,0.09635355335970719,0.10377818097670873,0.021465264299714664,0.011160268586004348
ood_fast_crouch_to_walk,ood_arc,35,3,1.0,1.0,1.0,0.0,0.04797294793209778,0.08633373714983461,0.09358884642521541,0.021512616690451788,0.028532033867355294
ood_fast_crouch_to_walk,ood_arc,36,3,0.3333333333333333,1.0,0.6666666666666666,0.0,0.04076081707505072,0.07663590696950753,0.08916472146908443,0.022656415987709854,0.0319747980924312
ood_fast_crouch_to_walk,ood_arc,37,3,0.6666666666666666,1.0,0.6666666666666666,0.0,0.04796865700511027,0.09443095910052457,0.10254678130149841,0.02145273615183625,0.010845723904258031
ood_fast_crouch_to_walk,ood_arc,38,3,1.0,1.0,1.0,0.0,0.05648232292424468,0.09275774955749512,0.10075737784306209,0.01880644967503048,0.007888641263266457
ood_fast_crouch_to_walk,ood_arc,39,3,1.0,1.0,1.0,0.0,0.05483176088393721,0.10495987969140212,0.115408460299174,0.023838958492164313,0.012982564670979172
ood_fast_crouch_to_walk,ood_arc,40,3,0.6666666666666666,1.0,1.0,0.0,0.06117184214236023,0.10991364816824593,0.11755550652742386,0.022084223697141636,0.02844510868557267
ood_fast_crouch_to_walk,ood_arc,41,3,1.0,1.0,1.0,0.0,0.051336058545141665,0.09494174694021544,0.11673685908317566,0.017228994969656793,0.02293174820054818
ood_fast_crouch_to_walk,ood_arc,42,3,1.0,1.0,1.0,0.0,0.04104758385719126,0.0817388962333401,0.09857671956221263,0.024399072912914235,0.010879705146881783
ood_fast_crouch_to_walk,ood_arc,43,3,0.6666666666666666,1.0,0.6666666666666666,0.0,0.03818271983150004,0.07214286650220549,0.0807544415195783,0.01606823356738236,0.01905031368929233
ood_fast_crouch_to_walk,ood_arc,44,3,0.6666666666666666,1.0,1.0,0.0,0.044062372499795076,0.08291207576791444,0.09502236048380534,0.016041727919091368,0.02992102589249601
ood_fast_crouch_to_walk,ood_arc,45,3,0.6666666666666666,1.0,1.0,0.0,0.05124515554125577,0.09869820587337018,0.10647158076365788,0.023481248433204746,0.03088559791040768
ood_fast_crouch_to_walk,ood_arc,46,3,1.0,1.0,1.0,0.0,0.0557854809041106,0.1033532050748666,0.10964985440174739,0.02191287524489623,0.021072890935777095
ood_fast_crouch_to_walk,ood_arc,47,3,1.0,1.0,0.6666666666666666,0.0,0.05539914653937087,0.10206905466814836,0.10711802790562312,0.02027515405908549,0.0049069046489121915
ood_fast_crouch_to_walk,ood_arc,48,3,0.6666666666666666,1.0,1.0,0.0,0.07701528032919061,0.16067782218257584,0.17155407120784125,0.016051244220219158,0.01070729975880332
ood_fast_crouch_to_walk,ood_arc,49,3,0.6666666666666666,1.0,1.0,0.0,0.05751679243573454,0.10582755313565333,0.11526778588692348,0.01464681134738173,0.03417629254856761
ood_fast_crouch_to_walk,ood_corner,0,3,1.0,1.0,1.0,0.0,0.12356047016436326,0.23978394120931623,0.25153277317682904,0.021620229961328896,0.010324423600577356
ood_fast_crouch_to_walk,ood_corner,1,3,1.0,1.0,1.0,0.0,0.05431721397870201,0.10913144585986927,0.13765358428160349,0.020446512305114035,0.006284802063548016
ood_fast_crouch_to_walk,ood_corner,2,3,1.0,1.0,1.0,0.0,0.07227703709481936,0.12899670104185737,0.14431763688723245,0.02065699640959805,0.03182742039654166
ood_fast_crouch_to_walk,ood_corner,3,3,0.6666666666666666,1.0,1.0,0.0,0.09304910173699295,0.17644744589924807,0.20719621578852335,0.019957752272112824,0.030358790734215324
ood_fast_crouch_to_walk,ood_corner,4,3,0.6666666666666666,0.6666666666666666,0.6666666666666666,0.0,0.06468907926690429,0.1330705005675554,0.14937187234560648,0.02820000147515739,0.014269791658030495
ood_fast_crouch_to_walk,ood_corner,5,3,0.6666666666666666,1.0,1.0,0.0,0.06386782153469345,0.14374344435830907,0.17650988698005676,0.020681291055052797,0.00915142448224282
ood_fast_crouch_to_walk,ood_corner,6,3,1.0,1.0,1.0,0.0,0.064905027035713,0.12170030648509661,0.14303747564554214,0.024451636847778846,0.013862055639921897
ood_fast_crouch_to_walk,ood_corner,7,3,1.0,1.0,1.0,0.0,0.10757268466515636,0.21824244409799576,0.23557019730408987,0.020207325054545533,0.021009811697829377
ood_fast_crouch_to_walk,ood_corner,8,3,0.3333333333333333,1.0,0.6666666666666666,0.0,0.06952606620634265,0.14449902189274627,0.16268965601921082,0.021513336468867536,0.019510120020992727
ood_fast_crouch_to_walk,ood_corner,9,3,1.0,1.0,1.0,0.0,0.05523462650822686,0.11860496265192826,0.15317791203657785,0.02284734253960814,0.0071840842957321405
ood_fast_crouch_to_walk,ood_corner,10,3,0.6666666666666666,1.0,1.0,0.0,0.07021299041618911,0.13429454242189723,0.14554699758688608,0.018951208469351458,0.014825686024098986
ood_fast_crouch_to_walk,ood_corner,11,3,0.6666666666666666,1.0,1.0,0.0,0.08428175397651706,0.18797059332331023,0.20953353742758432,0.022104673577625453,0.0199713906013389
ood_fast_crouch_to_walk,ood_corner,12,3,1.0,1.0,1.0,0.0,0.08027158307696834,0.17449298302332558,0.20214217901229858,0.02307938500586966,0.018713644778466747
ood_fast_crouch_to_walk,ood_corner,13,3,0.6666666666666666,1.0,1.0,0.0,0.061665936767078294,0.12060459554195403,0.14632758498191833,0.019064370294844497,0.027743134609560054
ood_fast_crouch_to_walk,ood_corner,14,3,0.6666666666666666,1.0,0.6666666666666666,0.0,0.11158982856740747,0.22259145379066467,0.25204502542813617,0.025190077050139547,0.02848570391200378
ood_fast_crouch_to_walk,ood_corner,15,3,1.0,1.0,1.0,0.0,0.06683219737620016,0.12558418661355975,0.15506182859341303,0.020980635080630125,0.029956215839484008
ood_fast_crouch_to_walk,ood_corner,16,3,0.6666666666666666,1.0,1.0,0.0,0.06356338733555321,0.11155115514993667,0.12170390288035075,0.021424057695989096,0.04255026228239175
ood_fast_crouch_to_walk,ood_corner,17,3,0.3333333333333333,1.0,1.0,0.0,0.0546254266873489,0.12807858238617578,0.1547637606660525,0.020973120849072848,0.02940189150181464
ood_fast_crouch_to_walk,ood_corner,18,3,1.0,1.0,1.0,0.0,0.08087334257640331,0.18257988293965655,0.19709283113479614,0.020545471463087942,0.013275208729191265
ood_fast_crouch_to_walk,ood_corner,19,3,0.6666666666666666,1.0,1.0,0.0,0.041809369399274814,0.08472551715870696,0.11340967814127605,0.021534381430676305,0.02030657908873727
ood_fast_crouch_to_walk,ood_corner,20,3,0.6666666666666666,1.0,0.6666666666666666,0.0,0.06483494409665551,0.12103331188360848,0.15048060566186905,0.020423095007994645,0.01515390215868706
ood_fast_crouch_to_walk,ood_corner,21,3,1.0,1.0,1.0,0.0,0.06955526106558015,0.13345250959197677,0.1638395736614863,0.019117758852920656,0.001063902783731659
ood_fast_crouch_to_walk,ood_corner,22,3,0.6666666666666666,1.0,1.0,0.0,0.05955603120956004,0.1222848744442065,0.14875889321168265,0.020887712182925382,0.020112601463730544
ood_fast_crouch_to_walk,ood_corner,23,3,0.6666666666666666,1.0,1.0,0.0,0.06312195423074594,0.13871246427297593,0.16709602375825247,0.01962491490255908,0.03451362670014154
ood_fast_crouch_to_walk,ood_corner,24,3,1.0,1.0,1.0,0.0,0.059135394368043825,0.11741640232503414,0.13721965750058493,0.017399516775467916,0.024053443529508074
ood_fast_crouch_to_walk,ood_corner,25,3,0.6666666666666666,1.0,1.0,0.0,0.060962495862769216,0.10821706702311833,0.12416170785824458,0.020407779646723433,0.02171300357257444
ood_fast_crouch_to_walk,ood_corner,26,3,1.0,1.0,1.0,0.0,0.09152610224428546,0.1487670078873634,0.15732758988936743,0.018981590487624937,0.01946453065322303
ood_fast_crouch_to_walk,ood_corner,27,3,0.6666666666666666,1.0,1.0,0.0,0.09468941542784866,0.20013430938124654,0.22929118076960245,0.01965787264779934,0.03763414780564219
ood_fast_crouch_to_walk,ood_corner,28,3,0.6666666666666666,1.0,1.0,0.0,0.05895994612805555,0.12864199876785276,0.16317233443260193,0.02138672971018099,0.020891565069753093
ood_fast_crouch_to_walk,ood_corner,29,3,0.6666666666666666,1.0,1.0,0.0,0.07617529339714885,0.1472280465066433,0.1623321771621704,0.020611580709480125,0.014875785448379345
ood_fast_crouch_to_walk,ood_corner,30,3,0.6666666666666666,1.0,0.6666666666666666,0.0,0.057256336352702115,0.09593536083896954,0.10560761392116547,0.01858284630223918,0.021008498794761077
ood_fast_crouch_to_walk,ood_corner,31,3,1.0,1.0,1.0,0.0,0.06356685479024592,0.1323594736556212,0.15314430991808572,0.020036913305285096,0.021052052196491793
ood_fast_crouch_to_walk,ood_corner,32,3,1.0,1.0,1.0,0.0,0.07271844140704842,0.14819795290629068,0.16330118477344513,0.019403792312838973,0.01919495882124511
ood_fast_crouch_to_walk,ood_corner,33,3,1.0,1.0,1.0,0.0,0.0635460750339928,0.10314268544316291,0.11806426445643108,0.019130334293848864,0.025477099504029727
ood_fast_crouch_to_walk,ood_corner,34,3,0.6666666666666666,0.6666666666666666,1.0,0.3333333333333333,0.09896726076888608,0.20647957834104683,0.263725350300471,0.02181861783786522,0.014464625452151103
ood_fast_crouch_to_walk,ood_corner,35,3,1.0,1.0,1.0,0.0,0.09152585235594458,0.1617213527361552,0.17226886252562204,0.021376542836259314,0.02781421681313719
ood_fast_crouch_to_walk,ood_corner,36,3,0.3333333333333333,1.0,1.0,0.0,0.05454169272085537,0.11098464454213776,0.1257308026154836,0.02174564195258172,0.02562350682632238
ood_fast_crouch_to_walk,ood_corner,37,3,1.0,1.0,1.0,0.0,0.06704692014838444,0.12501723940173784,0.14457119007905325,0.018393194109425238,0.01892931898136015
ood_fast_crouch_to_walk,ood_corner,38,3,1.0,1.0,1.0,0.0,0.08141944566356901,0.17192516339321928,0.1997815395394961,0.02153985218850857,0.013898212718115976
ood_fast_crouch_to_walk,ood_corner,39,3,1.0,1.0,1.0,0.0,0.05562376722713964,0.09595055381457011,0.11432656397422154,0.016860785467002367,0.02216889928976588
ood_fast_crouch_to_walk,ood_corner,40,3,0.6666666666666666,1.0,1.0,0.0,0.07303627560204075,0.14286699444055553,0.1640250732501348,0.018875116962361264,0.021170939618217328
ood_fast_crouch_to_walk,ood_corner,41,3,1.0,1.0,1.0,0.0,0.07787627566148629,0.14318598707516986,0.15925411383310953,0.01962582532807555,0.022458634541652533
ood_fast_crouch_to_walk,ood_corner,42,3,0.3333333333333333,1.0,0.6666666666666666,0.0,0.07944287758699099,0.1748038341601689,0.21353565653165182,0.020057264649870916,0.02525034445657587
ood_fast_crouch_to_walk,ood_corner,43,3,1.0,1.0,1.0,0.0,0.0846718339578554,0.17862658575177193,0.21074296534061432,0.019823978719108255,0.01795962592537566
ood_fast_crouch_to_walk,ood_corner,44,3,0.6666666666666666,1.0,0.6666666666666666,0.0,0.0882168938876277,0.14082902843753495,0.16004758328199387,0.021323396510949,0.018019575115412412
ood_fast_crouch_to_walk,ood_corner,45,3,1.0,1.0,1.0,0.0,0.09770003478099736,0.1771165688832601,0.19040301690498987,0.018983722953437,0.011116479022308426
ood_fast_crouch_to_walk,ood_corner,46,3,0.6666666666666666,1.0,1.0,0.0,0.08584621251789877,0.17794399162133534,0.21134860316912332,0.019249049636639554,0.027454841498332255
ood_fast_crouch_to_walk,ood_corner,47,3,0.6666666666666666,1.0,1.0,0.0,0.05273619609425744,0.12346517145633697,0.13743426402409872,0.020149918968262404,0.010509148518645336
ood_fast_crouch_to_walk,ood_corner,48,3,1.0,1.0,1.0,0.0,0.061832635305411464,0.12743234162529304,0.16056062777837118,0.021311460097027685,0.011078107371590021
ood_fast_crouch_to_walk,ood_corner,49,3,0.6666666666666666,1.0,0.6666666666666666,0.0,0.1194171104519166,0.2660541829963525,0.2867965300877889,0.022296524487770124,0.05523715474665625
ood_fast_crouch_to_walk,ood_s_curve,0,3,1.0,1.0,1.0,0.0,0.06740936419002543,0.12335607496400673,0.14138138542572656,0.01824765346772879,0.007708796215562382
ood_fast_crouch_to_walk,ood_s_curve,1,3,1.0,1.0,1.0,0.0,0.07689186452851149,0.14726641898353887,0.15782642364501953,0.021407955360985515,0.007888582024782228
ood_fast_crouch_to_walk,ood_s_curve,2,3,0.3333333333333333,1.0,1.0,0.0,0.06084263352345837,0.1285361614078283,0.14247379700342813,0.017400918926259393,0.02030628053559765
ood_fast_crouch_to_walk,ood_s_curve,3,3,0.6666666666666666,1.0,1.0,0.0,0.08666596313488628,0.1722910607854525,0.18576081842184067,0.017656744502583976,0.02673608559591578
ood_fast_crouch_to_walk,ood_s_curve,4,3,1.0,1.0,1.0,0.0,0.055895497261047374,0.09944224419693153,0.11447319636742274,0.018126313456741525,0.017828738308974173
ood_fast_crouch_to_walk,ood_s_curve,5,3,1.0,1.0,1.0,0.0,0.0670785838238303,0.13520075281461083,0.15502001096804938,0.017119591893791274,0.02162601002355787
ood_fast_crouch_to_walk,ood_s_curve,6,3,1.0,1.0,1.0,0.0,0.05454523662730334,0.09861983011166253,0.1130273515979449,0.01732390822493167,0.015458419074047733
ood_fast_crouch_to_walk,ood_s_curve,7,3,1.0,1.0,1.0,0.0,0.0758316182961523,0.14312618772188823,0.1563337743282318,0.01599711981462122,0.014542925959865024
ood_fast_crouch_to_walk,ood_s_curve,8,3,0.6666666666666666,1.0,1.0,0.0,0.05513152494895915,0.10860994420945645,0.11764536052942276,0.0178876378302934,0.034404701744775355
ood_fast_crouch_to_walk,ood_s_curve,9,3,0.6666666666666666,1.0,1.0,0.0,0.06722823772066308,0.13580579559008277,0.15089601775010428,0.01784228194547981,0.0354392758945129
ood_fast_crouch_to_walk,ood_s_curve,10,3,1.0,1.0,0.6666666666666666,0.0,0.0544619016079353,0.11336894705891609,0.1307898536324501,0.015486005688529357,0.012221055710260997
ood_fast_crouch_to_walk,ood_s_curve,11,3,1.0,1.0,1.0,0.0,0.0675729515187359,0.12591500331958136,0.1447461595137914,0.017063844653457623,0.014618861214198456
ood_fast_crouch_to_walk,ood_s_curve,12,3,0.6666666666666666,1.0,1.0,0.0,0.08817719508900228,0.19179715464512506,0.20177673796812692,0.016853427965551906,0.02801927867662531
ood_fast_crouch_to_walk,ood_s_curve,13,3,1.0,1.0,1.0,0.0,0.0869531822326826,0.1836772101620833,0.19908355673154196,0.01763230801719674,0.03139112100058624
ood_fast_crouch_to_walk,ood_s_curve,14,3,0.6666666666666666,0.6666666666666666,0.6666666666666666,0.3333333333333333,0.08062700090870013,0.1433034817377726,0.16152876615524292,0.024007416446372942,0.010598728502824728
ood_fast_crouch_to_walk,ood_s_curve,15,3,0.6666666666666666,1.0,1.0,0.0,0.06811012352465128,0.14370227667192614,0.1570261319478353,0.016317729240734605,0.01626692721607607
ood_fast_crouch_to_walk,ood_s_curve,16,3,0.6666666666666666,1.0,1.0,0.0,0.09568161823825379,0.18336808681488037,0.2036804606517156,0.017654048992996895,0.08368680549673135
ood_fast_crouch_to_walk,ood_s_curve,17,3,0.6666666666666666,1.0,1.0,0.0,0.07030869208172486,0.13099237618347007,0.14782340079545975,0.018367851261107595,0.037661861574301035
ood_fast_crouch_to_walk,ood_s_curve,18,3,1.0,1.0,1.0,0.0,0.06779782019863545,0.13795340011517207,0.1503972808519999,0.019634167651419225,0.030396175360415834
ood_fast_crouch_to_walk,ood_s_curve,19,3,1.0,1.0,1.0,0.0,0.07153234097078877,0.13431084702412285,0.14884566764036813,0.016484312245467803,0.0063918170584320215
ood_fast_crouch_to_walk,ood_s_curve,20,3,1.0,1.0,1.0,0.0,0.08842812477105948,0.166693926602602,0.17953382432460785,0.02051002909015819,0.03140770479335072
ood_fast_crouch_to_walk,ood_s_curve,21,3,1.0,1.0,1.0,0.0,0.0760898412193255,0.1473893565436204,0.1605944832166036,0.01618923104514262,0.041306328651403525
ood_fast_crouch_to_walk,ood_s_curve,22,3,1.0,1.0,1.0,0.0,0.05800164778899786,0.11798523093263306,0.1293978119889895,0.01925645890429589,0.01200142077302587
ood_fast_crouch_to_walk,ood_s_curve,23,3,1.0,1.0,1.0,0.0,0.08346166399362935,0.18437673076987268,0.19884411990642548,0.017511176088240724,0.009758825065347013
ood_fast_crouch_to_walk,ood_s_curve,24,3,1.0,1.0,1.0,0.0,0.05661333116247744,0.1068482166777054,0.12550625453392664,0.016259937459671133,0.02909001463094474
ood_fast_crouch_to_walk,ood_s_curve,25,3,1.0,1.0,1.0,0.0,0.0781002534341902,0.137518389771382,0.1533247431119283,0.01876430220603552,0.015050693043778743
ood_fast_crouch_to_walk,ood_s_curve,26,3,0.6666666666666666,1.0,1.0,0.0,0.057759687669866416,0.10533037086327872,0.11734673629204433,0.019245321066990836,0.02632929011420837
ood_fast_crouch_to_walk,ood_s_curve,27,3,0.3333333333333333,1.0,1.0,0.0,0.07573362761220384,0.1457033557196458,0.1595769003033638,0.018844711856397453,0.037891166254481336
ood_fast_crouch_to_walk,ood_s_curve,28,3,0.6666666666666666,1.0,1.0,0.0,0.06370272454606811,0.1236951095362504,0.13571742177009583,0.016264243182520084,0.021927770670201723
ood_fast_crouch_to_walk,ood_s_curve,29,3,0.6666666666666666,1.0,1.0,0.0,0.07602219365081002,0.142797997345527,0.15403945744037628,0.01899383863778499,0.03896209233625477
ood_fast_crouch_to_walk,ood_s_curve,30,3,0.6666666666666666,1.0,1.0,0.0,0.053863436018322525,0.09903397212425867,0.10613520443439484,0.018533858427533467,0.018709498362946924
ood_fast_crouch_to_walk,ood_s_curve,31,3,0.6666666666666666,1.0,1.0,0.0,0.08793595322486687,0.1693242986996968,0.18107442557811737,0.019628357011254954,0.014201695425641056
ood_fast_crouch_to_walk,ood_s_curve,32,3,1.0,1.0,1.0,0.0,0.059997941221709754,0.12946766838431356,0.1430427978436152,0.019301060539561803,0.013086199014523089
ood_fast_crouch_to_walk,ood_s_curve,33,3,1.0,1.0,1.0,0.0,0.07669525248046204,0.15701766461133956,0.16831495861212412,0.016981153184086193,0.010639599198293529
ood_fast_crouch_to_walk,ood_s_curve,34,3,0.6666666666666666,1.0,1.0,0.0,0.07695044761483331,0.15294691485663256,0.16081500301758447,0.01646096724465346,0.008768172210881811
ood_fast_crouch_to_walk,ood_s_curve,35,3,1.0,1.0,1.0,0.0,0.052962772635721966,0.08824219293892384,0.09801083306471507,0.016991351418631565,0.006382109401200135
ood_fast_crouch_to_walk,ood_s_curve,36,3,0.3333333333333333,1.0,1.0,0.0,0.07911410773768561,0.1572929398467143,0.16615981608629227,0.015501658207180816,0.04097055025260998
ood_fast_crouch_to_walk,ood_s_curve,37,3,1.0,1.0,0.6666666666666666,0.0,0.0914288667937297,0.17904542361696563,0.1949410637219747,0.019883965011676604,0.009890104539429734
ood_fast_crouch_to_walk,ood_s_curve,38,3,1.0,1.0,1.0,0.0,0.054284034323200836,0.0983140654861927,0.11036004374424617,0.0166715208821073,0.01961671258267846
ood_fast_crouch_to_walk,ood_s_curve,39,3,0.6666666666666666,1.0,1.0,0.0,0.08467786875671729,0.15961561699708302,0.1702050268650055,0.01921896155840302,0.023402463332048835
ood_fast_crouch_to_walk,ood_s_curve,40,3,0.6666666666666666,1.0,1.0,0.0,0.06293749582266152,0.11418337076902389,0.1319212814172109,0.018424846117148466,0.005714071012520232
ood_fast_crouch_to_walk,ood_s_curve,41,3,0.6666666666666666,1.0,1.0,0.0,0.05727962775680495,0.11384014214078586,0.12407950808604558,0.01583758586288371,0.01122694808864703
ood_fast_crouch_to_walk,ood_s_curve,42,3,0.6666666666666666,1.0,1.0,0.0,0.05392204542248343,0.11432370928426579,0.12786517788966498,0.01642503579531082,0.017251968049932825
ood_fast_crouch_to_walk,ood_s_curve,43,3,0.6666666666666666,0.6666666666666666,0.6666666666666666,0.3333333333333333,0.047891409499721704,0.07716023375590643,0.0887189010779063,0.017371815885528566,0.011077126221233302
ood_fast_crouch_to_walk,ood_s_curve,44,3,1.0,1.0,1.0,0.0,0.0722949906226873,0.15433836815257865,0.16899566849072775,0.017743443182028192,0.019031600165271056
ood_fast_crouch_to_walk,ood_s_curve,45,3,1.0,0.6666666666666666,1.0,0.0,0.06576226584476895,0.12049159593880171,0.13444681465625763,0.01833039161280854,0.018382806469777968
ood_fast_crouch_to_walk,ood_s_curve,46,3,0.6666666666666666,1.0,1.0,0.0,0.05316881900921449,0.11087698626021543,0.12371563414732616,0.01552533308367976,0.009908054729525495
ood_fast_crouch_to_walk,ood_s_curve,47,3,1.0,1.0,0.6666666666666666,0.0,0.062119098177278,0.11678365717331568,0.13092860331137976,0.01974826111996092,0.019734771963136555
ood_fast_crouch_to_walk,ood_s_curve,48,3,0.6666666666666666,1.0,1.0,0.0,0.06168258326158819,0.12469872180372477,0.13580751915772757,0.01756603627965574,0.008374709007232953
ood_fast_crouch_to_walk,ood_s_curve,49,3,0.6666666666666666,0.6666666666666666,1.0,0.3333333333333333,0.09407128418507456,0.18090458462635675,0.1982982556025187,0.02196913704193193,0.03125816258311335
ood_fast_walk_to_crouch,ood_arc,0,3,0.6666666666666666,1.0,1.0,0.0,0.059047424390052804,0.10307190405825774,0.1174140398701032,0.03537486859380201,0.03831728407504583
ood_fast_walk_to_crouch,ood_arc,1,3,0.6666666666666666,1.0,1.0,0.0,0.06427797259194785,0.11228649901847043,0.12174003819624583,0.033589114443962675,0.030499917634290902
ood_fast_walk_to_crouch,ood_arc,2,3,1.0,1.0,1.0,0.0,0.06476975222852945,0.12344006709754463,0.13912022858858109,0.032010890419353726,0.03363808711809472
ood_fast_walk_to_crouch,ood_arc,3,3,1.0,1.0,1.0,0.0,0.07964888280918826,0.14638516145447888,0.16879582405090332,0.030518151886051836,0.05517707805508295
ood_fast_walk_to_crouch,ood_arc,4,3,1.0,1.0,1.0,0.0,0.0673910706428132,0.12245513883729775,0.13869885603586832,0.032555481652839564,0.044480862321981264
ood_fast_walk_to_crouch,ood_arc,5,3,1.0,1.0,1.0,0.0,0.058171767351003434,0.09385999490817387,0.10805669178565343,0.03243588737598425,0.022804637061805688
ood_fast_walk_to_crouch,ood_arc,6,3,1.0,1.0,1.0,0.0,0.07082655258242154,0.1324262651304404,0.1445873702565829,0.029820168006747444,0.03678793791879883
ood_fast_walk_to_crouch,ood_arc,7,3,0.6666666666666666,1.0,1.0,0.0,0.08931294756429531,0.15883289066453773,0.17267739524443945,0.03146184099400775,0.08339409418769587
ood_fast_walk_to_crouch,ood_arc,8,3,0.6666666666666666,1.0,0.6666666666666666,0.0,0.06343766083953763,0.12956908146540322,0.1373396317164103,0.034821862146680316,0.02406269179747511
ood_fast_walk_to_crouch,ood_arc,9,3,1.0,1.0,1.0,0.0,0.09354938448762083,0.14539293684065344,0.15458822498718897,0.02998846227498884,0.04500938371331461
ood_fast_walk_to_crouch,ood_arc,10,3,0.6666666666666666,1.0,1.0,0.0,0.0626791899961054,0.11494863641758758,0.1343794266382853,0.033920782111115565,0.05813760725145478
ood_fast_walk_to_crouch,ood_arc,11,3,0.6666666666666666,1.0,1.0,0.0,0.05244329446639309,0.10224328401188054,0.11766981581846873,0.03385736876807179,0.029449928575690953
ood_fast_walk_to_crouch,ood_arc,12,3,0.6666666666666666,1.0,1.0,0.0,0.09111103889901395,0.15529080728689826,0.17566701024770737,0.031211630646898216,0.05681075900127482
ood_fast_walk_to_crouch,ood_arc,13,3,1.0,1.0,1.0,0.0,0.06648602466490765,0.1236166678369045,0.13867512345314026,0.033792251158693394,0.02236776318909343
ood_fast_walk_to_crouch,ood_arc,14,3,1.0,1.0,1.0,0.0,0.05518156981065747,0.10035372972488403,0.115522600710392,0.03156738140989822,0.01748487867773596
ood_fast_walk_to_crouch,ood_arc,15,3,0.6666666666666666,1.0,0.6666666666666666,0.0,0.04223174576709878,0.08188832408438125,0.09459645052750905,0.03479173481914498,0.039622022779526034
ood_fast_walk_to_crouch,ood_arc,16,3,0.6666666666666666,1.0,1.0,0.0,0.0520365126360967,0.09311994786063828,0.10940545052289963,0.034662826258393974,0.023091048879167724
ood_fast_walk_to_crouch,ood_arc,17,3,0.3333333333333333,1.0,0.6666666666666666,0.0,0.08974517777031554,0.15308958838383355,0.16773647318283716,0.03653160869659748,0.11517075158504703
ood_fast_walk_to_crouch,ood_arc,18,3,0.6666666666666666,1.0,1.0,0.0,0.07981697945931067,0.15126320533454415,0.16797597954670587,0.02749132659673649,0.05464569053851809
ood_fast_walk_to_crouch,ood_arc,19,3,0.6666666666666666,1.0,1.0,0.0,0.06941785553061475,0.1414606198047598,0.1543522539238135,0.031730584700203096,0.06592512819072101
ood_fast_walk_to_crouch,ood_arc,20,3,0.6666666666666666,1.0,1.0,0.0,0.0881670501014743,0.1726811801393827,0.1896850268046061,0.030698621778436352,0.059856763190628416
ood_fast_walk_to_crouch,ood_arc,21,3,1.0,1.0,1.0,0.0,0.060867978363570385,0.11368641816079617,0.12983348220586777,0.03037185502030894,0.04212033638751622
ood_fast_walk_to_crouch,ood_arc,22,3,0.6666666666666666,1.0,1.0,0.0,0.08246675659491426,0.1435491761813561,0.15444091459115347,0.031294053385193164,0.06706449851999179
ood_fast_walk_to_crouch,ood_arc,23,3,0.6666666666666666,1.0,1.0,0.0,0.08618910425651644,0.17904681252936516,0.1993143434325854,0.0321992193403676,0.07072880362645846
ood_fast_walk_to_crouch,ood_arc,24,3,0.6666666666666666,1.0,1.0,0.0,0.08607250802914634,0.17064460205535092,0.18514759838581085,0.03188070143462398,0.07427051616576552
ood_fast_walk_to_crouch,ood_arc,25,3,0.6666666666666666,1.0,1.0,0.0,0.0808991392539651,0.14032615845402077,0.1649733011921247,0.031864713678203,0.07095192191113897
ood_fast_walk_to_crouch,ood_arc,26,3,0.6666666666666666,1.0,0.6666666666666666,0.0,0.08489521329184707,0.19205133244395256,0.2145920048157374,0.03169401560012639,0.11386216057583393
ood_fast_walk_to_crouch,ood_arc,27,3,1.0,1.0,1.0,0.0,0.06854581076127425,0.12516938870151836,0.1352487454811732,0.029470444963444777,0.013208305958176717
ood_fast_walk_to_crouch,ood_arc,28,3,0.3333333333333333,1.0,1.0,0.0,0.1121087399942438,0.19742956509192786,0.21071352809667587,0.03246474439458508,0.07994430991237271
ood_fast_walk_to_crouch,ood_arc,29,3,0.6666666666666666,1.0,1.0,0.0,0.08639023103794817,0.14904131988684335,0.1644292672475179,0.03437548463779223,0.05711271093283018
ood_fast_walk_to_crouch,ood_arc,30,3,0.6666666666666666,1.0,1.0,0.0,0.05722003437600392,0.1120282118519147,0.12903620799382529,0.032199279876896504,0.05927571863109763
ood_fast_walk_to_crouch,ood_arc,31,3,0.6666666666666666,1.0,1.0,0.0,0.0627364550989393,0.13914340957999224,0.15198616435130438,0.028618635975196732,0.04103588885158915
ood_fast_walk_to_crouch,ood_arc,32,3,0.6666666666666666,1.0,1.0,0.0,0.046281983311168375,0.08962614511450133,0.09932725876569748,0.029609789738263965,0.058516446452231675
ood_fast_walk_to_crouch,ood_arc,33,3,1.0,1.0,1.0,0.0,0.06649150044643597,0.12778211707870166,0.14064902563889822,0.030698771655312748,0.03019677969977393
ood_fast_walk_to_crouch,ood_arc,34,3,1.0,1.0,1.0,0.0,0.07295443471346647,0.1330947145819664,0.14219368000825247,0.031168862460120326,0.020216780149662366
ood_fast_walk_to_crouch,ood_arc,35,3,0.6666666666666666,1.0,0.6666666666666666,0.0,0.0601283241645622,0.12841543704271316,0.13837475577990213,0.03280604871310215,0.02524152996442719
ood_fast_walk_to_crouch,ood_arc,36,3,1.0,1.0,1.0,0.0,0.05852540206219451,0.11744839747746784,0.127892404794693,0.03134987519536848,0.028957426273803117
ood_fast_walk_to_crouch,ood_arc,37,3,1.0,1.0,1.0,0.0,0.06464522282837071,0.1181286079188188,0.141026404996713,0.03100543959523049,0.0304929206229592
ood_fast_walk_to_crouch,ood_arc,38,3,1.0,1.0,1.0,0.0,0.05347185363031004,0.09395147214333212,0.11090778807799022,0.03133817720359258,0.05480747504618925
ood_fast_walk_to_crouch,ood_arc,39,3,0.6666666666666666,1.0,1.0,0.0,0.06389164257324763,0.11589379298190276,0.1279311329126358,0.032211502037654466,0.02696056569342853
ood_fast_walk_to_crouch,ood_arc,40,3,0.6666666666666666,1.0,1.0,0.0,0.0636592374663796,0.11524043244620163,0.12518877039353052,0.03423726943780979,0.02529276165047382
ood_fast_walk_to_crouch,ood_arc,41,3,0.6666666666666666,1.0,0.6666666666666666,0.0,0.0839852972894784,0.15824808006485303,0.17205806573232016,0.03282474321924053,0.07869091045714588
ood_fast_walk_to_crouch,ood_arc,42,3,1.0,1.0,1.0,0.0,0.03989747676257649,0.07159616742283105,0.08214364449183147,0.03532225766992935,0.030602522287070204
ood_fast_walk_to_crouch,ood_arc,43,3,0.6666666666666666,1.0,1.0,0.0,0.07071157582484795,0.13003178114692368,0.14233643313248953,0.027851850897208874,0.057888236430823116
ood_fast_walk_to_crouch,ood_arc,44,3,0.6666666666666666,1.0,1.0,0.0,0.08499139663180873,0.15230066018799937,0.16922765473524728,0.03350194492444974,0.0675909119240163
ood_fast_walk_to_crouch,ood_arc,45,3,1.0,1.0,1.0,0.0,0.06358100771700059,0.121167025839289,0.13058591882387796,0.030977929349689754,0.02427295479758788
ood_fast_walk_to_crouch,ood_arc,46,3,0.6666666666666666,1.0,1.0,0.0,0.05991054961121697,0.11052916844685869,0.13611325124899545,0.03355738650902053,0.030151199966926983
ood_fast_walk_to_crouch,ood_arc,47,3,1.0,1.0,1.0,0.0,0.05109961884303349,0.09992765933275222,0.11342176298300426,0.03234774727801539,0.0325054819538008
ood_fast_walk_to_crouch,ood_arc,48,3,0.6666666666666666,1.0,1.0,0.0,0.06275403001051476,0.11464675068855285,0.1307353675365448,0.029653413437908584,0.07040126640798261
ood_fast_walk_to_crouch,ood_arc,49,3,0.6666666666666666,1.0,1.0,0.0,0.0795144606427829,0.14250935787955918,0.15583454072475433,0.029745193300817152,0.06868452066742614
ood_fast_walk_to_crouch,ood_corner,0,3,0.6666666666666666,1.0,1.0,0.0,0.0928173874744327,0.18277259071667987,0.20445549984773,0.03363676127951116,0.04340371291298606
ood_fast_walk_to_crouch,ood_corner,1,3,0.6666666666666666,1.0,1.0,0.0,0.0743615233682663,0.1468154892325401,0.1696971853574117,0.03551264463968767,0.04708939309147483
ood_fast_walk_to_crouch,ood_corner,2,3,0.6666666666666666,1.0,1.0,0.0,0.07793647719663009,0.1587999915083249,0.18394380311171213,0.030832335530688145,0.04837327974856823
ood_fast_walk_to_crouch,ood_corner,3,3,1.0,1.0,1.0,0.0,0.07708798196295284,0.1580892752856016,0.17866259813308716,0.03149745094405066,0.018697821297682382
ood_fast_walk_to_crouch,ood_corner,4,3,1.0,1.0,1.0,0.0,0.07861909782023334,0.1730670444667339,0.1990622729063034,0.034352451034559583,0.035354271515301496
ood_fast_walk_to_crouch,ood_corner,5,3,1.0,1.0,0.6666666666666666,0.0,0.06573548254871947,0.1129887532442808,0.14473247528076172,0.03323459538187406,0.033871763578484204
ood_fast_walk_to_crouch,ood_corner,6,3,1.0,1.0,1.0,0.0,0.08059189999821346,0.13637073871990044,0.14967664827903113,0.036058152332149714,0.055256868054072185
ood_fast_walk_to_crouch,ood_corner,7,3,0.6666666666666666,1.0,1.0,0.0,0.08898721142409442,0.180751929183801,0.19575228790442148,0.03125022611699753,0.06148235564954881
ood_fast_walk_to_crouch,ood_corner,8,3,1.0,1.0,1.0,0.0,0.06834774205069495,0.133108189702034,0.16411343216896057,0.03020657064099898,0.040496848281135166
ood_fast_walk_to_crouch,ood_corner,9,3,0.6666666666666666,1.0,1.0,0.0,0.08085136156786658,0.14111309039096037,0.1615039532383283,0.038580902875828,0.04195054952337037
ood_fast_walk_to_crouch,ood_corner,10,3,1.0,1.0,1.0,0.0,0.05881440416459144,0.12030912116169928,0.1525875578324,0.030172844890797173,0.03511886439264774
ood_fast_walk_to_crouch,ood_corner,11,3,1.0,1.0,1.0,0.0,0.08026188095581667,0.14576979900399842,0.1548887292544047,0.030873968837656543,0.056847577117463244
ood_fast_walk_to_crouch,ood_corner,12,3,0.6666666666666666,1.0,1.0,0.0,0.08831322118983802,0.1572344685594241,0.1749636655052503,0.03904602812977473,0.07312744491402456
ood_fast_walk_to_crouch,ood_corner,13,3,1.0,1.0,1.0,0.0,0.045789810160463185,0.09462079467872779,0.13761810958385468,0.030317568998332194,0.023541664033494298
ood_fast_walk_to_crouch,ood_corner,14,3,1.0,1.0,1.0,0.0,0.09179238318839204,0.1992375548928976,0.21497750282287598,0.027331198424432268,0.04326668641907028
ood_fast_walk_to_crouch,ood_corner,15,3,0.6666666666666666,1.0,1.0,0.0,0.06783252175906455,0.12533267140388488,0.13627873361110687,0.029237735646575124,0.04800154031449677
ood_fast_walk_to_crouch,ood_corner,16,3,1.0,1.0,1.0,0.0,0.10069059911671578,0.19655824179450673,0.2089497447013855,0.027804823057549968,0.027691412512958997
ood_fast_walk_to_crouch,ood_corner,17,3,1.0,1.0,1.0,0.0,0.0487693358626993,0.09678402269879975,0.12729729215304056,0.03487767435205576,0.031672300863356116
ood_fast_walk_to_crouch,ood_corner,18,3,1.0,1.0,1.0,0.0,0.0652828561918577,0.13010162264108657,0.1447183365623156,0.03345715319846035,0.04068674095594086
ood_fast_walk_to_crouch,ood_corner,19,3,1.0,1.0,1.0,0.0,0.05881108901515849,0.11153120193630456,0.14092263082663217,0.028562575691881805,0.0417389050132542
ood_fast_walk_to_crouch,ood_corner,20,3,1.0,1.0,1.0,0.0,0.06052586994862056,0.1167492341250181,0.1401555339495341,0.029455585677824137,0.04068673624822916
ood_fast_walk_to_crouch,ood_corner,21,3,1.0,1.0,1.0,0.0,0.058185678687857866,0.10777216566105681,0.1468628446261088,0.030266083700380742,0.04766008463020884
ood_fast_walk_to_crouch,ood_corner,22,3,0.6666666666666666,1.0,1.0,0.0,0.08417306566257997,0.16387702276309327,0.17803925275802612,0.03601263538027038,0.03200153279956367
ood_fast_walk_to_crouch,ood_corner,23,3,1.0,1.0,1.0,0.0,0.07408240005186477,0.14093393857280412,0.16082700590292612,0.03357783883249011,0.0487303567697864
ood_fast_walk_to_crouch,ood_corner,24,3,0.6666666666666666,0.6666666666666666,0.6666666666666666,0.3333333333333333,0.06979451806034816,0.13203040510416028,0.1662979374329249,0.03249457943627965,0.024376389475454285
ood_fast_walk_to_crouch,ood_corner,25,3,0.6666666666666666,1.0,1.0,0.0,0.0728710976491135,0.14260676900545755,0.164121612906456,0.0338685558977913,0.048673807342007845
ood_fast_walk_to_crouch,ood_corner,26,3,1.0,1.0,0.6666666666666666,0.0,0.07970432357469213,0.15587588921189308,0.1746491938829422,0.029146423073783723,0.03500844692136357
ood_fast_walk_to_crouch,ood_corner,27,3,1.0,1.0,1.0,0.0,0.08351281120758615,0.15164440448085467,0.17293913662433624,0.031001445603918598,0.022021872170334356
ood_fast_walk_to_crouch,ood_corner,28,3,1.0,1.0,1.0,0.0,0.08861996848719023,0.16544371272126832,0.19097799559434256,0.038799479695717044,0.034109779418762365
ood_fast_walk_to_crouch,ood_corner,29,3,1.0,1.0,1.0,0.0,0.08407056101368197,0.16331862037380537,0.2009186198314031,0.02598220796129849,0.04420599807280475
ood_fast_walk_to_crouch,ood_corner,30,3,0.6666666666666666,1.0,1.0,0.0,0.10884736269599869,0.20682369271914158,0.22523303826649985,0.03575197873880991,0.07579490816173273
ood_fast_walk_to_crouch,ood_corner,31,3,1.0,1.0,1.0,0.0,0.07368570415174507,0.14115130230784415,0.15669547021389008,0.03232501241525906,0.044500199525526384
ood_fast_walk_to_crouch,ood_corner,32,3,0.6666666666666666,1.0,1.0,0.0,0.09597115640409142,0.1740101079146067,0.20160816609859467,0.03655874780720824,0.0651160900070052
ood_fast_walk_to_crouch,ood_corner,33,3,1.0,1.0,1.0,0.0,0.05960449087633219,0.12067285341521101,0.1528745194276174,0.02936211204625773,0.03409850533604538
ood_fast_walk_to_crouch,ood_corner,34,3,0.6666666666666666,1.0,0.6666666666666666,0.0,0.1174124387924806,0.22654874200622235,0.25612857441107434,0.033363911272837644,0.11197842466877023
ood_fast_walk_to_crouch,ood_corner,35,3,0.6666666666666666,0.6666666666666666,0.6666666666666666,0.3333333333333333,0.08087623022489283,0.16919122089942287,0.2001586655775706,0.028629124216443452,0.01237161006666393
ood_fast_walk_to_crouch,ood_corner,36,3,1.0,1.0,1.0,0.0,0.08352172347322843,0.1575262295703093,0.16862508157889047,0.03283526962697892,0.049874429666031804
ood_fast_walk_to_crouch,ood_corner,37,3,0.6666666666666666,1.0,1.0,0.0,0.11687761264522357,0.21577632427215573,0.23532470067342123,0.03167118696479886,0.047290801471563094
ood_fast_walk_to_crouch,ood_corner,38,3,0.6666666666666666,1.0,1.0,0.0,0.08199645245367439,0.15660141992072263,0.1743281732002894,0.03458455291209279,0.076041477788191
ood_fast_walk_to_crouch,ood_corner,39,3,0.6666666666666666,1.0,1.0,0.0,0.09421784104239822,0.17845781507591404,0.201547938088576,0.03463825734046887,0.042516900107411194
ood_fast_walk_to_crouch,ood_corner,40,3,0.6666666666666666,1.0,1.0,0.0,0.1144222611821867,0.19038447166482605,0.21353179713090262,0.031746190284859636,0.06987460325505046
ood_fast_walk_to_crouch,ood_corner,41,3,0.6666666666666666,1.0,1.0,0.0,0.07203336709878598,0.14454581029713154,0.1772720366716385,0.029129306069097905,0.07726445306950198
ood_fast_walk_to_crouch,ood_corner,42,3,1.0,1.0,0.6666666666666666,0.0,0.07210067478764094,0.13912580360968907,0.1592252403497696,0.0323367777442276,0.025024562071958134
ood_fast_walk_to_crouch,ood_corner,43,3,0.6666666666666666,1.0,1.0,0.0,0.12335069586367901,0.2161945102115472,0.23897510270277658,0.036284669733437004,0.07925131090945507
ood_fast_walk_to_crouch,ood_corner,44,3,1.0,1.0,1.0,0.0,0.07635027070086547,0.15945152193307874,0.1824934110045433,0.02883613422191283,0.020751686356457705
ood_fast_walk_to_crouch,ood_corner,45,3,0.3333333333333333,1.0,1.0,0.0,0.08808842990388088,0.16554370820522307,0.19733830293019614,0.029369540104197466,0.07216744129387698
ood_fast_walk_to_crouch,ood_corner,46,3,1.0,1.0,1.0,0.0,0.0811005431637528,0.16160567812621593,0.17008662223815918,0.031039910694492075,0.046991555938057705
ood_fast_walk_to_crouch,ood_corner,47,3,1.0,1.0,1.0,0.0,0.07796487339901555,0.16174792995055515,0.18755225837230682,0.028301856561879196,0.047812224177433395
ood_fast_walk_to_crouch,ood_corner,48,3,1.0,1.0,1.0,0.0,0.08448427522611812,0.1712232540051142,0.18097487092018127,0.03744789014426242,0.03271992969580295
ood_fast_walk_to_crouch,ood_corner,49,3,0.6666666666666666,1.0,1.0,0.0,0.1297440179486611,0.24096767008304595,0.25926288962364197,0.028678333452029015,0.09196189523383387
ood_fast_walk_to_crouch,ood_s_curve,0,3,1.0,1.0,1.0,0.0,0.06551226334813803,0.1276380488028129,0.13802230606476465,0.03154923279218096,0.055167161649997055
ood_fast_walk_to_crouch,ood_s_curve,1,3,1.0,1.0,1.0,0.0,0.08026628720664046,0.15125099234282968,0.17112802962462106,0.029654342162897557,0.03021495864028893
ood_fast_walk_to_crouch,ood_s_curve,2,3,1.0,1.0,1.0,0.0,0.060469589221570606,0.1215907181302706,0.14557468642791113,0.03279278897602933,0.028552457260370884
ood_fast_walk_to_crouch,ood_s_curve,3,3,0.6666666666666666,1.0,1.0,0.0,0.07071422778144938,0.11869010478258131,0.1276860237121582,0.03510857474716792,0.04089568051941125
ood_fast_walk_to_crouch,ood_s_curve,4,3,1.0,1.0,1.0,0.0,0.0665715735833935,0.12875912437836326,0.13920752455790839,0.03215551127328272,0.02707711436053491
ood_fast_walk_to_crouch,ood_s_curve,5,3,1.0,1.0,1.0,0.0,0.07292153856805257,0.1316123813390732,0.15370793143908182,0.03168209943677014,0.028570001943970007
ood_fast_walk_to_crouch,ood_s_curve,6,3,1.0,1.0,1.0,0.0,0.08474541528022637,0.1766062080860138,0.19721021254857382,0.029132718571623764,0.0405916734696072
ood_fast_walk_to_crouch,ood_s_curve,7,3,0.6666666666666666,1.0,1.0,0.0,0.08617786770155879,0.1586228442688783,0.17135119686524072,0.03344681867932086,0.05459502353273563
ood_fast_walk_to_crouch,ood_s_curve,8,3,1.0,1.0,1.0,0.0,0.07228613641700532,0.13899096747239428,0.14803877472877502,0.029073116623377637,0.04530441340714386
ood_fast_walk_to_crouch,ood_s_curve,9,3,0.6666666666666666,1.0,1.0,0.0,0.09024500741247272,0.16951603988806407,0.1834260622660319,0.03254767198378777,0.02439359939295212
ood_fast_walk_to_crouch,ood_s_curve,10,3,0.6666666666666666,1.0,1.0,0.0,0.07449604144859737,0.1575988026956717,0.18102615078290304,0.03158071904886119,0.015234385291770347
ood_fast_walk_to_crouch,ood_s_curve,11,3,1.0,1.0,1.0,0.0,0.057743549740806116,0.11360523290932177,0.13108032941818237,0.030064760041307054,0.019861463675662328
ood_fast_walk_to_crouch,ood_s_curve,12,3,0.6666666666666666,1.0,1.0,0.0,0.06752562272239364,0.13066887247065703,0.1441634645064672,0.03229526159849558,0.044172805796272696
ood_fast_walk_to_crouch,ood_s_curve,13,3,1.0,1.0,1.0,0.0,0.07792886059905867,0.16238479601840175,0.18133596827586493,0.03078631375982328,0.03858906183128552
ood_fast_walk_to_crouch,ood_s_curve,14,3,1.0,1.0,1.0,0.0,0.06259088186136674,0.1165086085597674,0.12589747458696365,0.030258226357921858,0.038370432947738044
ood_fast_walk_to_crouch,ood_s_curve,15,3,1.0,1.0,1.0,0.0,0.07478891556936555,0.14650810683767,0.16141061236461005,0.027886600315596102,0.04133292912426034
ood_fast_walk_to_crouch,ood_s_curve,16,3,0.3333333333333333,0.6666666666666666,0.6666666666666666,0.3333333333333333,0.06882605288195863,0.1393833816051483,0.1453127091129621,0.028195571341678705,0.031007612197680112
ood_fast_walk_to_crouch,ood_s_curve,17,3,1.0,1.0,1.0,0.0,0.08127826465206174,0.15310253612697122,0.16030486673116684,0.030856970570764725,0.025959590072493155
ood_fast_walk_to_crouch,ood_s_curve,18,3,1.0,1.0,1.0,0.0,0.08050247817711047,0.15761299282312394,0.17046808451414108,0.031135335864426187,0.01676993409209852
ood_fast_walk_to_crouch,ood_s_curve,19,3,0.6666666666666666,1.0,1.0,0.0,0.0703389117816335,0.1499152675271034,0.16422542929649353,0.031144031728683987,0.04741929089372302
ood_fast_walk_to_crouch,ood_s_curve,20,3,1.0,1.0,1.0,0.0,0.07971790924935813,0.14970639894406002,0.15691270430882773,0.029286588142560882,0.03183934040909098
ood_fast_walk_to_crouch,ood_s_curve,21,3,0.6666666666666666,1.0,1.0,0.0,0.05997362365722094,0.12428837344050407,0.13646200547615686,0.03475227978354057,0.06307284563668943
ood_fast_walk_to_crouch,ood_s_curve,22,3,1.0,1.0,1.0,0.0,0.08432819205569331,0.16795808002352716,0.1807253658771515,0.03332261439264838,0.010236329090154631
ood_fast_walk_to_crouch,ood_s_curve,23,3,1.0,1.0,1.0,0.0,0.06089842837153218,0.12034615427255625,0.13270679861307144,0.030647924844968893,0.02439360196137182
ood_fast_walk_to_crouch,ood_s_curve,24,3,1.0,1.0,1.0,0.0,0.06177451043744501,0.12518053216238814,0.13906351228555044,0.032101622208869314,0.021738779995050028
ood_fast_walk_to_crouch,ood_s_curve,25,3,1.0,1.0,1.0,0.0,0.08249317820086921,0.15975934378802772,0.17168219139178595,0.028588060492137374,0.026751207391467562
ood_fast_walk_to_crouch,ood_s_curve,26,3,1.0,1.0,1.0,0.0,0.08163164223582715,0.16898601228992138,0.18351136396328607,0.02885081029161717,0.04523670387536727
ood_fast_walk_to_crouch,ood_s_curve,27,3,1.0,1.0,1.0,0.0,0.06431814452143993,0.13142704889178272,0.1508734921614329,0.032570019467182194,0.02523419044918984
ood_fast_walk_to_crouch,ood_s_curve,28,3,1.0,1.0,1.0,0.0,0.05552601940492848,0.09628395090500512,0.1100535864631335,0.03047995576752748,0.030844262202675627
ood_fast_walk_to_crouch,ood_s_curve,29,3,0.6666666666666666,1.0,1.0,0.0,0.06920049505520302,0.14613611785074074,0.16274597744146982,0.031056675064026703,0.03792128016143955
ood_fast_walk_to_crouch,ood_s_curve,30,3,1.0,1.0,0.6666666666666666,0.0,0.076077158254809,0.15288839253286518,0.1677502989768982,0.03030367116810863,0.024447874428744798
ood_fast_walk_to_crouch,ood_s_curve,31,3,0.6666666666666666,1.0,1.0,0.0,0.06522301559147943,0.13896856233477592,0.15041839331388474,0.03159254381432847,0.05402727728471968
ood_fast_walk_to_crouch,ood_s_curve,32,3,1.0,1.0,1.0,0.0,0.06998224565652872,0.14594857345024742,0.16523435711860657,0.027849686124276088,0.027959568734473954
ood_fast_walk_to_crouch,ood_s_curve,33,3,0.6666666666666666,1.0,0.6666666666666666,0.0,0.07236392970587475,0.15537520373860994,0.17174665133158365,0.02940927521005691,0.043626982623867494
ood_fast_walk_to_crouch,ood_s_curve,34,3,1.0,1.0,1.0,0.0,0.07311076198439836,0.15044542948404946,0.17111197610696158,0.03159101321078818,0.03855869678563928
ood_fast_walk_to_crouch,ood_s_curve,35,3,1.0,1.0,1.0,0.0,0.059778439149235724,0.11693966227273145,0.14232084155082703,0.029509467146815165,0.024902683000058972
ood_fast_walk_to_crouch,ood_s_curve,36,3,0.6666666666666666,1.0,1.0,0.0,0.0734334785848142,0.1405084600051244,0.163496067126592,0.03021987775548111,0.052490795198558
ood_fast_walk_to_crouch,ood_s_curve,37,3,1.0,1.0,1.0,0.0,0.06626779224569247,0.12918539990981417,0.14055881152550379,0.03314315472244462,0.03226840782747601
ood_fast_walk_to_crouch,ood_s_curve,38,3,1.0,1.0,1.0,0.0,0.05808753419518972,0.11598779968917368,0.13090034822622934,0.028122669888633104,0.029468533281617543
ood_fast_walk_to_crouch,ood_s_curve,39,3,1.0,1.0,1.0,0.0,0.0704891579235596,0.14402101437250772,0.15943010648091635,0.0294609013259578,0.02660387951602272
ood_fast_walk_to_crouch,ood_s_curve,40,3,1.0,1.0,0.6666666666666666,0.0,0.08652634075148301,0.14705990552902223,0.15705636143684387,0.03152367766431915,0.056657908549939295
ood_fast_walk_to_crouch,ood_s_curve,41,3,1.0,1.0,1.0,0.0,0.05745007132487226,0.11969006657600402,0.1382612188657125,0.02726875854413208,0.02766951801271252
ood_fast_walk_to_crouch,ood_s_curve,42,3,1.0,1.0,1.0,0.0,0.07718337591661868,0.1556174869338671,0.17494396368662515,0.03203958444727421,0.029807277015230043
ood_fast_walk_to_crouch,ood_s_curve,43,3,0.6666666666666666,1.0,1.0,0.0,0.07055768913548681,0.1334948701163133,0.14774025231599808,0.030626741789574086,0.05711111739506999
ood_fast_walk_to_crouch,ood_s_curve,44,3,1.0,1.0,1.0,0.0,0.07040066863408828,0.12869403709967928,0.14749509344498316,0.03153387179281008,0.023383755480306172
ood_fast_walk_to_crouch,ood_s_curve,45,3,1.0,1.0,1.0,0.0,0.08215448891392395,0.16127242868145306,0.1791773239771525,0.03228563012947963,0.04835729882951315
ood_fast_walk_to_crouch,ood_s_curve,46,3,0.6666666666666666,1.0,1.0,0.0,0.10029497003615202,0.21554220107694463,0.23563670118649802,0.030079333274479578,0.05055175214858102
ood_fast_walk_to_crouch,ood_s_curve,47,3,1.0,1.0,1.0,0.0,0.055893804730789774,0.10314268519481022,0.11484669148921967,0.0281064897669621,0.029212904576038163
ood_fast_walk_to_crouch,ood_s_curve,48,3,1.0,1.0,1.0,0.0,0.07172198292024327,0.14404538149634993,0.1562414194146792,0.028585891193946417,0.017142635490370206
ood_fast_walk_to_crouch,ood_s_curve,49,3,0.6666666666666666,1.0,0.6666666666666666,0.0,0.09138989923415246,0.16256937061746915,0.17859211067358652,0.03496465954111113,0.03259500342544752
ood_transition,ood_arc,0,12,1.0,1.0,1.0,0.0,0.025819317692204927,0.05164537611417472,0.07199230200300615,0.017314398736262348,0.0031606736736355437
ood_transition,ood_arc,1,12,1.0,1.0,1.0,0.0,0.02471072020350634,0.05030302290494242,0.07733381756891806,0.016360832262890302,0.002857986062705216
ood_transition,ood_arc,2,12,1.0,1.0,0.9166666666666666,0.0,0.027547977391767193,0.059120549416790395,0.08382468267033498,0.016617414790769867,0.0027628120961238874
ood_transition,ood_arc,3,12,1.0,1.0,1.0,0.0,0.026143694481047072,0.05413038199767469,0.07760758666942517,0.01761973988518347,0.002906277752705679
ood_transition,ood_arc,4,12,1.0,1.0,1.0,0.0,0.02623524554692792,0.05563451807635523,0.07674186366299789,0.01631065953806612,0.0028044722850997517
ood_transition,ood_arc,5,12,1.0,1.0,1.0,0.0,0.02686901716361691,0.0545182761736214,0.07757317274808884,0.01739543462601401,0.002642284964466055
ood_transition,ood_arc,6,12,1.0,1.0,1.0,0.0,0.024258204365123534,0.04912998653793085,0.07251559291034937,0.017604221767315614,0.002992511635369887
ood_transition,ood_arc,7,12,1.0,1.0,1.0,0.0,0.0289829535459374,0.06063808252414066,0.08764176722615957,0.01849107348740451,0.002414251417846363
ood_transition,ood_arc,8,12,1.0,1.0,1.0,0.0,0.025238839356734762,0.05030892700888214,0.06829063004503648,0.01687097857735266,0.0036569070250486494
ood_transition,ood_arc,9,12,1.0,1.0,1.0,0.0,0.028634615294353554,0.0573556900024414,0.07659587139884631,0.0164068087773011,0.0023454094445480972
ood_transition,ood_arc,10,12,1.0,1.0,0.9166666666666666,0.0,0.028651922490638162,0.06105542015284297,0.08629238978028297,0.018238762579257915,0.002100440765951193
ood_transition,ood_arc,11,12,1.0,1.0,1.0,0.0,0.025134847836934232,0.04883670119258265,0.07418644459297259,0.01677046803048456,0.0027805320427119105
ood_transition,ood_arc,12,12,1.0,1.0,1.0,0.0,0.027094155620970537,0.05264441554124156,0.08025903720408678,0.018133791158010146,0.00205328983892483
ood_transition,ood_arc,13,12,1.0,1.0,1.0,0.0,0.02298555444504934,0.046669699158519505,0.0712138433009386,0.016645844615015743,0.0027516425847000994
ood_transition,ood_arc,14,12,1.0,1.0,0.9166666666666666,0.0,0.026743102369139075,0.05393363425197698,0.07659024062256019,0.016609136135359942,0.0022836893350862875
ood_transition,ood_arc,15,12,1.0,1.0,1.0,0.0,0.025166047889393667,0.050927594024687994,0.06729457713663578,0.01676674291806487,0.0020795453390389565
ood_transition,ood_arc,16,12,1.0,1.0,1.0,0.0,0.026402507326603545,0.05311229205690324,0.0779196744163831,0.016777562063985983,0.003454694059310296
ood_transition,ood_arc,17,12,1.0,1.0,1.0,0.0,0.028336184761825377,0.057240940909832706,0.08306694496423006,0.0186982591029772,0.0031744020802929617
ood_transition,ood_arc,18,12,1.0,1.0,0.8333333333333334,0.0,0.02980464947327595,0.0629479611913363,0.07950439459333818,0.018134475849741413,0.004894793948233394
ood_transition,ood_arc,19,12,1.0,1.0,1.0,0.0,0.027741928423232535,0.05898508216875294,0.07827770554771026,0.01794197892984554,0.0025885557707657748
ood_transition,ood_arc,20,12,1.0,1.0,0.9166666666666666,0.0,0.02691741063006497,0.052876941844200075,0.07250116982807715,0.01868301917946341,0.0023758305218706203
ood_transition,ood_arc,21,12,1.0,1.0,1.0,0.0,0.027052293524108376,0.05765968963193396,0.07812116698672374,0.018400754540380218,0.00261817732737103
ood_transition,ood_arc,22,12,1.0,1.0,0.9166666666666666,0.0,0.026408882693722092,0.05339791375833253,0.07979949998358886,0.017428112344179177,0.002779244122314155
ood_transition,ood_arc,23,12,1.0,1.0,1.0,0.0,0.02776865458855494,0.05682804492923121,0.07714076309154431,0.01822262884855454,0.0029770880814091135
ood_transition,ood_arc,24,12,1.0,1.0,1.0,0.0,0.026615473443455866,0.053382970904931416,0.07936048662910859,0.018771017049826835,0.0031442462008276703
ood_transition,ood_arc,25,12,1.0,1.0,0.8333333333333334,0.0,0.026324702135986533,0.053616908409943174,0.07314425520598888,0.017434936410435045,0.002913172539885792
ood_transition,ood_arc,26,12,1.0,1.0,0.9166666666666666,0.0,0.026754887277387132,0.05326629121166962,0.07490110552559297,0.01801815666719131,0.0035551745927739505
ood_transition,ood_arc,27,12,1.0,1.0,1.0,0.0,0.026159370077886174,0.055080698834111284,0.08101531428595383,0.016025391643483575,0.0022428320865086567
ood_transition,ood_arc,28,12,1.0,1.0,0.9166666666666666,0.0,0.027732598161720468,0.054776483432700224,0.07192644290626049,0.01763226606402036,0.0037846549730974825
ood_transition,ood_arc,29,12,1.0,1.0,1.0,0.0,0.027986807095962702,0.05725395407062022,0.07546073726067941,0.017922768638125388,0.0035667889984229728
ood_transition,ood_arc,30,12,1.0,1.0,0.8333333333333334,0.0,0.02796844086398147,0.05774096348322924,0.08162858647604783,0.01638481560904963,0.003687917464992277
ood_transition,ood_arc,31,12,1.0,1.0,1.0,0.0,0.02717919701650812,0.05359308975748717,0.07262897988160451,0.01916417747912279,0.00315875000936777
ood_transition,ood_arc,32,12,1.0,1.0,0.8333333333333334,0.0,0.02556529177954829,0.05334933920142548,0.07217238998661439,0.019224566418706786,0.002799201716796376
ood_transition,ood_arc,33,12,1.0,1.0,1.0,0.0,0.02910319539529473,0.0645437042073657,0.0878721500436465,0.016381804981708135,0.003220634368236786
ood_transition,ood_arc,34,12,1.0,1.0,0.9166666666666666,0.0,0.024535531707869176,0.05049455855041742,0.06921824254095554,0.01666919047815528,0.003490099314496294
ood_transition,ood_arc,35,12,1.0,1.0,0.75,0.0,0.02590696563274891,0.05334372202244895,0.08059189561754465,0.016423759619724646,0.0029876777333160843
ood_transition,ood_arc,36,12,1.0,1.0,0.9166666666666666,0.0,0.02762593658934966,0.05731593049131333,0.08393572395046552,0.016927833444674068,0.0035875383212821436
ood_transition,ood_arc,37,12,1.0,1.0,0.8333333333333334,0.0,0.024604859408156304,0.049448992311954494,0.0655824172620972,0.017104817828854504,0.003173042207155893
ood_transition,ood_arc,38,12,1.0,1.0,0.9166666666666666,0.0,0.028106165855524334,0.059390128667776765,0.0796783318122228,0.018166684978237563,0.0020061818813697104
ood_transition,ood_arc,39,12,1.0,1.0,1.0,0.0,0.02700446141289667,0.05404066444995503,0.0744921009366711,0.016541013225171316,0.002692240695949357
ood_transition,ood_arc,40,12,1.0,1.0,1.0,0.0,0.026027915461893272,0.05119715499070782,0.08101560951520999,0.016250711951084698,0.0033370434389353256
ood_transition,ood_arc,41,12,1.0,1.0,0.9166666666666666,0.0,0.02823535281836301,0.057360020621369245,0.08050606554994981,0.018004065952837864,0.0035098354390762994
ood_transition,ood_arc,42,12,1.0,1.0,0.9166666666666666,0.0,0.02710410902408253,0.05348421838134526,0.07772752145926158,0.016795037249290375,0.002636447412805491
ood_transition,ood_arc,43,12,1.0,1.0,1.0,0.0,0.027059422867387013,0.05752055970951914,0.07968889456242323,0.01775956815994369,0.004024531985855379
ood_transition,ood_arc,44,12,1.0,1.0,0.8333333333333334,0.0,0.02811353882022911,0.05710556735284624,0.08624580968171358,0.018704681961741045,0.0034260217050172763
ood_transition,ood_arc,45,12,1.0,1.0,1.0,0.0,0.024803513790769588,0.04887183308601378,0.07557305010656516,0.016703773754138503,0.0028149725185455297
ood_transition,ood_arc,46,12,1.0,1.0,1.0,0.0,0.024424590669907556,0.04896752300361792,0.07121856262286504,0.016594641804098136,0.0037042108112357677
ood_transition,ood_arc,47,12,1.0,1.0,1.0,0.0,0.025927248089670295,0.05356372701935467,0.07842535059899092,0.016734549202380905,0.002891834319770995
ood_transition,ood_arc,48,12,1.0,1.0,1.0,0.0,0.03062158161368388,0.06315829354959228,0.08423420103887717,0.017785047580617695,0.003979587070658004
ood_transition,ood_arc,49,12,1.0,1.0,0.9166666666666666,0.0,0.028111386524848587,0.05775941838510334,0.08146513377626736,0.017744946049122797,0.0042090751680303184
ood_transition,ood_corner,0,12,1.0,1.0,1.0,0.0,0.03669023822250448,0.08290052455849943,0.11858753859996796,0.018471429640076618,0.003535281139375191
ood_transition,ood_corner,1,12,1.0,1.0,1.0,0.0,0.029458400409110398,0.060957269401599956,0.09265894970546167,0.01634095317958775,0.004389508839892903
ood_transition,ood_corner,2,12,1.0,1.0,0.8333333333333334,0.0,0.032346439019659494,0.07053972283999123,0.10226735100150108,0.019583167164949473,0.0029120174184474852
ood_transition,ood_corner,3,12,1.0,1.0,0.9166666666666666,0.0,0.02729191591380638,0.0549373331091677,0.09295933321118355,0.017026005667821684,0.0030754030633387626
ood_transition,ood_corner,4,12,1.0,1.0,0.9166666666666666,0.0,0.02972134679300741,0.06390560967847704,0.08503319385151069,0.01634765523956357,0.0025072081359150604
ood_transition,ood_corner,5,12,1.0,1.0,1.0,0.0,0.029573683695950648,0.06040618422751624,0.08413623397548993,0.017368834855156882,0.0034182027078742106
ood_transition,ood_corner,6,12,1.0,1.0,1.0,0.0,0.030247908346643055,0.06490747012818851,0.0955487781514724,0.016917740660765627,0.0031297215034004947
ood_transition,ood_corner,7,12,1.0,1.0,1.0,0.0,0.03875893437187083,0.08362666512839491,0.13154068465034166,0.019838124382490236,0.003502693345963745
ood_transition,ood_corner,8,12,1.0,1.0,0.9166666666666666,0.0,0.031059177501903856,0.06472672391682861,0.09600182622671127,0.016674758294615698,0.0026908393919001187
ood_transition,ood_corner,9,12,1.0,0.9166666666666666,0.9166666666666666,0.0,0.031652535665394325,0.06811328874900933,0.09851058882971604,0.017046870216327,0.0029155449408438394
ood_transition,ood_corner,10,12,1.0,1.0,1.0,0.0,0.030171639139461307,0.06426247760343053,0.09432615836461385,0.01651961690261791,0.0040124320132335495
ood_transition,ood_corner,11,12,1.0,1.0,1.0,0.0,0.035693628221843805,0.07725181022348503,0.10842170535276334,0.019056899828456108,0.001903130113055503
ood_transition,ood_corner,12,12,1.0,1.0,0.9166666666666666,0.0,0.02959035887144736,0.06260467465035617,0.09504956503709157,0.01786085787378646,0.0034165683839102053
ood_transition,ood_corner,13,12,1.0,1.0,0.9166666666666666,0.0,0.029102721756539954,0.06415989982585106,0.08633688216408093,0.016599948108134675,0.004304614589466008
ood_transition,ood_corner,14,12,1.0,1.0,1.0,0.0,0.03591896814994597,0.07529689000609019,0.10675307270139456,0.018002756345615566,0.0028769176672506502
ood_transition,ood_corner,15,12,1.0,1.0,0.9166666666666666,0.0,0.02750681883124056,0.05723950630053875,0.08644421181331079,0.0169389416643691,0.0017451344355633826
ood_transition,ood_corner,16,12,0.9166666666666666,0.9166666666666666,0.75,0.0,0.03757426157031067,0.0830398648045957,0.1171549775948127,0.019553050795213515,0.0029372190516956356
ood_transition,ood_corner,17,12,1.0,1.0,0.9166666666666666,0.0,0.029595169354014485,0.06346205867206056,0.08413400345792373,0.016886351501794926,0.003676583585655091
ood_transition,ood_corner,18,12,1.0,1.0,0.9166666666666666,0.0,0.029214472075785248,0.05852858579407134,0.09358109068125486,0.017010502687859492,0.0028652103621325834
ood_transition,ood_corner,19,12,1.0,1.0,1.0,0.0,0.028089275816331333,0.059309474363302174,0.0905702526991566,0.016683002517745616,0.003288997262571716
ood_transition,ood_corner,20,12,1.0,1.0,1.0,0.0,0.027062756816087163,0.05549778070611256,0.08125827088952065,0.016653152912938885,0.0030521043496464506
ood_transition,ood_corner,21,12,1.0,1.0,0.9166666666666666,0.0,0.03246499569626784,0.06733076324065525,0.08994054111341636,0.0167110317530333,0.0034056514912133547
ood_transition,ood_corner,22,12,1.0,1.0,0.9166666666666666,0.0,0.02989393093568428,0.06013106151173511,0.08983046375215054,0.016438689963154007,0.00283644583144263
ood_transition,ood_corner,23,12,1.0,1.0,1.0,0.0,0.029424054334927896,0.06098204933417339,0.08182607870548964,0.01709268025342651,0.004919096928046279
ood_transition,ood_corner,24,12,1.0,1.0,0.75,0.0,0.03082278170872496,0.06898313662968575,0.09310807784398396,0.017603857519707684,0.0019389378470766666
ood_transition,ood_corner,25,12,1.0,1.0,0.9166666666666666,0.0,0.029050622680267767,0.06048203542207675,0.09157032271226247,0.017554957027708425,0.002665156336804306
ood_transition,ood_corner,26,12,1.0,1.0,1.0,0.0,0.0351622261438078,0.07504016514867541,0.10991684161126614,0.01889379465911957,0.002076788657807515
ood_transition,ood_corner,27,12,1.0,1.0,0.9166666666666666,0.0,0.03406790573899163,0.07010463643819093,0.09828175511211157,0.017961879357768794,0.0032285527506895717
ood_transition,ood_corner,28,12,1.0,1.0,1.0,0.0,0.031514148174686736,0.06622334049704173,0.09262707456946373,0.0175498694248721,0.0027853758225788983
ood_transition,ood_corner,29,12,1.0,1.0,0.9166666666666666,0.0,0.027755316952649257,0.057710708507026226,0.08118208218365908,0.016633653068151757,0.002397797574648447
ood_transition,ood_corner,30,12,1.0,1.0,0.9166666666666666,0.0,0.03189253291023351,0.06628748710112022,0.09438125044107437,0.018963902662408886,0.00210489057952587
ood_transition,ood_corner,31,12,1.0,1.0,0.8333333333333334,0.0,0.028669041797587128,0.06244373020405567,0.08507785014808178,0.01718336968388304,0.0023566012919147587
ood_transition,ood_corner,32,12,1.0,1.0,1.0,0.0,0.031150692398172673,0.06141254610071579,0.08761603819827239,0.017544233830970698,0.0027823642889437603
ood_transition,ood_corner,33,12,1.0,1.0,0.9166666666666666,0.0,0.030933411725484295,0.06480966713279486,0.0909167950352033,0.01725131486641073,0.0032979303874722658
ood_transition,ood_corner,34,12,1.0,1.0,0.9166666666666666,0.0,0.0338359342898091,0.07758001945136736,0.11046370460341375,0.019748202336149327,0.0026294313692094536
ood_transition,ood_corner,35,12,1.0,1.0,1.0,0.0,0.036659564720573586,0.07923038889033095,0.10984026920050383,0.018549875010744496,0.0026420935239059745
ood_transition,ood_corner,36,12,1.0,1.0,1.0,0.0,0.03016285776222057,0.06326064551249146,0.09005744227518638,0.017553599314060316,0.003643648673581278
ood_transition,ood_corner,37,12,1.0,1.0,1.0,0.0,0.039393529282133036,0.08941414719447492,0.12029952742159367,0.019728397537537,0.003745127326719768
ood_transition,ood_corner,38,12,1.0,1.0,0.8333333333333334,0.0,0.028042721979196026,0.05792342340573666,0.08423744483540456,0.017046063695251263,0.007879103990213996
ood_transition,ood_corner,39,12,1.0,1.0,1.0,0.0,0.0345422251566972,0.08020361412006115,0.10877320232490699,0.018476720276232986,0.004208864116479766
ood_transition,ood_corner,40,12,1.0,1.0,1.0,0.0,0.03754128445997563,0.08310091644525526,0.11703009096284707,0.01849679187466702,0.003089269131711853
ood_transition,ood_corner,41,12,1.0,1.0,0.9166666666666666,0.0,0.02907963610353176,0.05841205826339621,0.08526139861593644,0.016851904357582954,0.0022339125206544005
ood_transition,ood_corner,42,12,1.0,1.0,1.0,0.0,0.031206901335144765,0.06348256231285627,0.09968252914647262,0.01684792746216193,0.0022293609287968724
ood_transition,ood_corner,43,12,1.0,1.0,0.9166666666666666,0.0,0.034651229681554034,0.07604817265334224,0.11371909081935883,0.018044124297447322,0.002244612293803193
ood_transition,ood_corner,44,12,1.0,1.0,0.9166666666666666,0.0,0.03173725518695406,0.06677707203974326,0.08980096876621246,0.018008844658597808,0.002757540342070415
ood_transition,ood_corner,45,12,1.0,1.0,1.0,0.0,0.043554688957073755,0.10631907288916405,0.13941681136687598,0.020081466633243224,0.0028777031994821714
ood_transition,ood_corner,46,12,1.0,1.0,0.9166666666666666,0.0,0.0349613207670496,0.07972026780868569,0.11752280282477538,0.01745381463011487,0.0022385713921032283
ood_transition,ood_corner,47,12,1.0,1.0,0.9166666666666666,0.0,0.029576321309807547,0.0602083176219215,0.09093121346086264,0.016176905224339646,0.004465226010226369
ood_transition,ood_corner,48,12,1.0,1.0,0.8333333333333334,0.0,0.027467947191186757,0.06115497611463069,0.09030379665394624,0.01709434857261485,0.0027780829990046883
ood_transition,ood_corner,49,12,1.0,1.0,0.9166666666666666,0.0,0.039223856019211606,0.08761538344745834,0.1166483514631788,0.01960601414750043,0.0028321961480067648
ood_transition,ood_s_curve,0,12,1.0,0.9166666666666666,0.9166666666666666,0.0,0.02654292413651654,0.05783722073150177,0.08406609948724508,0.016486189059383722,0.0036908991227643795
ood_transition,ood_s_curve,1,12,1.0,1.0,1.0,0.0,0.03113097802326181,0.06599625019977488,0.08882232941687107,0.017453083834676364,0.003956837845622135
ood_transition,ood_s_curve,2,12,1.0,1.0,1.0,0.0,0.0291957096406274,0.06056198980659246,0.08758858994891246,0.016582608867985654,0.002766573250024431
ood_transition,ood_s_curve,3,12,1.0,1.0,0.8333333333333334,0.0,0.029099056023061818,0.06057372035769123,0.08631465956568718,0.017038232042952548,0.003857982159735257
ood_transition,ood_s_curve,4,12,1.0,1.0,0.9166666666666666,0.0,0.028430201080875236,0.06136570113400617,0.07983960614850123,0.01622027699942473,0.0028304722870603556
ood_transition,ood_s_curve,5,12,1.0,1.0,0.9166666666666666,0.0,0.02598651520844991,0.054710158798843604,0.07760540147622426,0.01667827858948541,0.0025819816055390895
ood_transition,ood_s_curve,6,12,1.0,1.0,0.9166666666666666,0.0,0.027916334771729997,0.057170436748613905,0.07853225401292245,0.016907463890160384,0.003615227062585004
ood_transition,ood_s_curve,7,12,1.0,1.0,0.9166666666666666,0.0,0.02629407362303623,0.055565319179246814,0.08253003781040509,0.016946841725161522,0.002954011352526875
ood_transition,ood_s_curve,8,12,1.0,1.0,0.8333333333333334,0.0,0.029698683053876213,0.06112176797663171,0.0871760140483578,0.01672838676328708,0.003548014481902703
ood_transition,ood_s_curve,9,12,1.0,1.0,0.9166666666666666,0.0,0.029905032891221404,0.060664141799012805,0.08042880799621344,0.01697839556635841,0.003775169611848418
ood_transition,ood_s_curve,10,12,1.0,1.0,1.0,0.0,0.025101567386476124,0.050826688343659034,0.07177821950366099,0.016312215180534228,0.0021278590184769055
ood_transition,ood_s_curve,11,12,1.0,1.0,1.0,0.0,0.025680011197450166,0.051039914491896814,0.08356064775337775,0.01659611306608985,0.0026014868348458752
ood_transition,ood_s_curve,12,12,1.0,1.0,1.0,0.0,0.029029836736197287,0.057167625116805225,0.08292183838784695,0.01729559584081094,0.0031256846517418563
ood_transition,ood_s_curve,13,12,1.0,1.0,0.9166666666666666,0.0,0.028261839879044296,0.05948183056898413,0.07755589919785659,0.0170774845578055,0.0043775953189318095
ood_transition,ood_s_curve,14,12,1.0,1.0,0.9166666666666666,0.0,0.027629385651647576,0.058390525619809806,0.07860535259048144,0.016973906158389902,0.0027040968193669424
ood_transition,ood_s_curve,15,12,1.0,1.0,1.0,0.0,0.027647831972764925,0.05768125665684539,0.08264878299087286,0.01659253972367139,0.0033376431556508455
ood_transition,ood_s_curve,16,12,1.0,1.0,1.0,0.0,0.026833531690615142,0.05532560705517727,0.07580964515606563,0.017150911038218027,0.002278205770338345
ood_transition,ood_s_curve,17,12,1.0,1.0,1.0,0.0,0.02925466871663152,0.06382384506675103,0.08816982433199883,0.017232499500276544,0.002510010529624881
ood_transition,ood_s_curve,18,12,1.0,1.0,1.0,0.0,0.03029231508937538,0.06524793536712724,0.09293356165289879,0.017564446857788536,0.003056796023499911
ood_transition,ood_s_curve,19,12,1.0,1.0,1.0,0.0,0.02894763795197675,0.05924284807406364,0.08158174995332956,0.01714341146770707,0.0023357938401106803
ood_transition,ood_s_curve,20,12,1.0,1.0,1.0,0.0,0.03070835688976924,0.06457545736338942,0.09051713533699512,0.01719079793037438,0.002937356710217274
ood_transition,ood_s_curve,21,12,1.0,1.0,0.8333333333333334,0.0,0.02826219600038196,0.0578497839315484,0.08536935566614072,0.0173388463207688,0.0029737447197637074
ood_transition,ood_s_curve,22,12,1.0,1.0,0.8333333333333334,0.0,0.026498800480320325,0.05438256838048496,0.08198761908958356,0.017190555278238154,0.003098022691472346
ood_transition,ood_s_curve,23,12,1.0,1.0,0.8333333333333334,0.0,0.029090512656325448,0.059833156876265996,0.08192364716281493,0.01677591726053752,0.0032608930728152017
ood_transition,ood_s_curve,24,12,1.0,1.0,1.0,0.0,0.027613949879015453,0.05708229388110337,0.08405879108856122,0.01668093256312502,0.0031443696862722297
ood_transition,ood_s_curve,25,12,1.0,1.0,0.9166666666666666,0.0,0.02978849518491929,0.06463828495082753,0.08372900603959958,0.018040418872357637,0.0027729700721472513
ood_transition,ood_s_curve,26,12,1.0,1.0,0.9166666666666666,0.0,0.029095525434234215,0.05941400895826516,0.08010558939228456,0.017101205061049802,0.0032198718374134142
ood_transition,ood_s_curve,27,12,1.0,1.0,1.0,0.0,0.024276039000984517,0.051240158205231014,0.07393165181080501,0.016936295850413455,0.002784044428409266
ood_transition,ood_s_curve,28,12,1.0,1.0,0.9166666666666666,0.0,0.027223216796195996,0.054029860068112605,0.08365010935813189,0.017217323548623844,0.004341398610936139
ood_transition,ood_s_curve,29,12,1.0,1.0,1.0,0.0,0.03136744199973076,0.06595249137220281,0.088489832667013,0.016827713690715864,0.0037096459448457964
ood_transition,ood_s_curve,30,12,1.0,1.0,0.9166666666666666,0.0,0.029356084873937736,0.06286520999856292,0.09523785797258218,0.01637446691939989,0.0037687382460548017
ood_transition,ood_s_curve,31,12,1.0,1.0,0.9166666666666666,0.0,0.028777307250134627,0.06425186234215893,0.08458995694915454,0.01635392591331608,0.0030464841950387234
ood_transition,ood_s_curve,32,12,1.0,1.0,1.0,0.0,0.03215142267775024,0.07030183554937443,0.09198871751626332,0.017826880759552067,0.0023327602252334787
ood_transition,ood_s_curve,33,12,1.0,1.0,1.0,0.0,0.028809932752374357,0.05925663529584805,0.0818723700940609,0.01686476164126711,0.0037852760445605004
ood_transition,ood_s_curve,34,12,1.0,1.0,1.0,0.0,0.02774463921007733,0.056900508437926565,0.07944519848873217,0.01743967589360848,0.003129790047114061
ood_transition,ood_s_curve,35,12,1.0,1.0,1.0,0.0,0.03019241085712102,0.06162071709210673,0.08080939389765263,0.016364498615949952,0.004028817323223566
ood_transition,ood_s_curve,36,12,1.0,1.0,1.0,0.0,0.03111623023027518,0.06717942204947272,0.08602808384845655,0.016692709990249903,0.003440144084093278
ood_transition,ood_s_curve,37,12,1.0,1.0,1.0,0.0,0.02863295312188019,0.05945994405386346,0.08469642698764801,0.017617730040764185,0.002318680855886044
ood_transition,ood_s_curve,38,12,1.0,1.0,1.0,0.0,0.031579462477914516,0.06850130627863107,0.09021405192712943,0.0172699595166035,0.0020613630654966373
ood_transition,ood_s_curve,39,12,1.0,1.0,1.0,0.0,0.028405828665893283,0.06212861682288346,0.08519935918351014,0.01649493680108751,0.0030677365737668875
ood_transition,ood_s_curve,40,12,1.0,1.0,1.0,0.0,0.027766684735755557,0.059396227837229754,0.08045374695211649,0.016526045646126173,0.002384862905560061
ood_transition,ood_s_curve,41,12,1.0,1.0,1.0,0.0,0.02969469379883849,0.06498375944793224,0.0857520919914047,0.016545725351066614,0.0030592676640248465
ood_transition,ood_s_curve,42,12,1.0,1.0,1.0,0.0,0.02655512029390417,0.0562786635942757,0.07906241932262977,0.016755351034266407,0.0029876746899199294
ood_transition,ood_s_curve,43,12,1.0,1.0,1.0,0.0,0.02633729281573086,0.05554174518523116,0.07402617142846186,0.01671830824138339,0.00211227226697498
ood_transition,ood_s_curve,44,12,1.0,1.0,1.0,0.0,0.030205805441549965,0.06058212669255834,0.08778733853250742,0.016546142564153283,0.0030362298718716965
ood_transition,ood_s_curve,45,12,1.0,1.0,0.8333333333333334,0.0,0.026342361409405338,0.055221739256133634,0.07732927861313026,0.017134807823429778,0.003565898049694055
ood_transition,ood_s_curve,46,12,1.0,1.0,1.0,0.0,0.026509613630356452,0.05702607713950176,0.07942116633057594,0.016157794976181465,0.003471421870299423
ood_transition,ood_s_curve,47,12,1.0,1.0,0.8333333333333334,0.0,0.027289187805589653,0.05572074973024429,0.07812812986473243,0.016785080356937102,0.0023944170249672048
ood_transition,ood_s_curve,48,12,1.0,1.0,1.0,0.0,0.030385483528881513,0.06343546939703325,0.08570533866683643,0.017799675078117937,0.004415898161207771
ood_transition,ood_s_curve,49,12,1.0,1.0,1.0,0.0,0.027261374767120993,0.05761104030534625,0.08083169752111037,0.017818305047828237,0.002307361293512405
