trace_env,route_kind,time_s,x_m,y_m,target_height_m,actual_height_m,requested_speed_mps,tangent_speed_mps,cross_track_m,residual_rms
0,s_curve,0.0,0.0,0.0,0.29319998621940613,0.3499999940395355,0.2386624813079834,0.0,0.0,0.0
0,s_curve,0.02,-0.0007909880951046944,-0.00012670231808442622,0.29319998621940613,0.3447236120700836,0.2386624813079834,-0.054328180849552155,0.00032960681710392237,0.4619373381137848
0,s_curve,0.04,-0.0011899536475539207,-0.00015109615924302489,0.29319998621940613,0.33519357442855835,0.2386624813079834,0.00788685493171215,0.0005288456450216472,0.22639188170433044
0,s_curve,0.06,-0.0009749121963977814,3.091451799264178e-05,0.29319998621940613,0.32326531410217285,0.2386624813079834,0.01886139251291752,0.0005624359473586082,0.3118216097354889
0,s_curve,0.08,-0.0004969853907823563,0.00040203050593845546,0.29319998621940613,0.30845558643341064,0.2386624813079834,0.03364979475736618,0.000609204638749361,0.38541048765182495
0,s_curve,0.1,-0.00030650943517684937,0.0007445361115969718,0.29319998621940613,0.29015594720840454,0.2386624813079834,0.004961319267749786,0.000790310266893357,0.3709864318370819
0,s_curve,0.12,-0.0002338811755180359,0.0005715771694667637,0.29319998621940613,0.2678053081035614,0.2386624813079834,-0.0094993831589818,0.0006059335428290069,0.39918047189712524
0,s_curve,0.14,-3.977864980697632e-05,0.00018725413247011602,0.29319998621940613,0.24180717766284943,0.2386624813079834,0.006957178935408592,0.00017822987865656614,0.4900457561016083
0,s_curve,0.16,0.001309840939939022,-0.00010631201439537108,0.29319998621940613,0.21272987127304077,0.2386624813079834,0.07450783252716064,-0.0008097402169369161,0.4646826684474945
0,s_curve,0.18,0.004404396750032902,-0.00024503658642061055,0.29319998621940613,0.18663658201694489,0.2386624813079834,0.17364202439785004,-0.0026289112865924835,0.5401957035064697
0,s_curve,0.2,0.009400608018040657,0.00020273459085728973,0.29319998621940613,0.16819283366203308,0.2386624813079834,0.2601969242095947,-0.005005167797207832,0.5772798657417297
0,s_curve,0.22,0.01649465784430504,0.0015688093844801188,0.29319998621940613,0.15751594305038452,0.2386624813079834,0.38955357670783997,-0.007769478019326925,0.601055383682251
0,s_curve,0.24,0.02584495209157467,0.003007730236276984,0.29319998621940613,0.1548096090555191,0.2386624813079834,0.45039868354797363,-0.011714886873960495,0.6630943417549133
0,s_curve,0.26,0.038312382996082306,0.004407638218253851,0.29319998621940613,0.15855911374092102,0.2386624813079834,0.6336914896965027,-0.017433131113648415,0.5933021306991577
0,s_curve,0.28,0.053592268377542496,0.0064087011851370335,0.29319998621940613,0.1654471755027771,0.2386624813079834,0.7208628058433533,-0.02414790168404579,0.5567914843559265
0,s_curve,0.3,0.06883424520492554,0.008910223841667175,0.29319998621940613,0.17315280437469482,0.2386624813079834,0.6793531179428101,-0.030423540621995926,0.5040022730827332
0,s_curve,0.32,0.08274930715560913,0.011326939798891544,0.29319998621940613,0.18052051961421967,0.2386624813079834,0.636620283126831,-0.03611559420824051,0.47407177090644836
0,s_curve,0.34,0.09739454090595245,0.013760976493358612,0.29319998621940613,0.18971392512321472,0.2386624813079834,0.7049673795700073,-0.0420706532895565,0.513396143913269
0,s_curve,0.36,0.11325432360172272,0.015504459850490093,0.29319998621940613,0.20119468867778778,0.2386624813079834,0.7068840265274048,-0.04926729202270508,0.5193661451339722
0,s_curve,0.38,0.12893256545066833,0.016318783164024353,0.29319998621940613,0.21229557693004608,0.2386624813079834,0.6495422124862671,-0.05714334547519684,0.4781149923801422
0,s_curve,0.4,0.14303018152713776,0.016890419647097588,0.29319998621940613,0.22082099318504333,0.2386624813079834,0.5875881314277649,-0.06443797051906586,0.4292951226234436
0,s_curve,0.42,0.15649835765361786,0.017650069668889046,0.29319998621940613,0.22737669944763184,0.2386624813079834,0.6030983328819275,-0.07108931988477707,0.5146750807762146
0,s_curve,0.44,0.1706601083278656,0.018281439319252968,0.29319998621940613,0.23108021914958954,0.2386624813079834,0.6299005746841431,-0.07822395861148834,0.5109083652496338
0,s_curve,0.46,0.18614405393600464,0.01862703077495098,0.29319998621940613,0.2316727638244629,0.2386624813079834,0.6973310708999634,-0.08631455898284912,0.4743571877479553
0,s_curve,0.48,0.20283927023410797,0.01941620744764805,0.29319998621940613,0.22896049916744232,0.2386624813079834,0.7396419644355774,-0.094758540391922,0.3775165379047394
0,s_curve,0.5,0.21943943202495575,0.020268574357032776,0.29319998621940613,0.22379173338413239,0.2386624813079834,0.717621386051178,-0.10292144119739532,0.3475450575351715
0,s_curve,0.52,0.23588265478610992,0.021769225597381592,0.29319998621940613,0.21972183883190155,0.2386624813079834,0.7388375401496887,-0.11045269668102264,0.4163089990615845
0,s_curve,0.54,0.25293925404548645,0.023448659107089043,0.29319998621940613,0.2175070345401764,0.2386624813079834,0.7759792804718018,-0.11826810985803604,0.5711057782173157
0,s_curve,0.56,0.2713605463504791,0.02516760677099228,0.29319998621940613,0.21714770793914795,0.2386624813079834,0.8550434708595276,-0.12652161717414856,0.5838575959205627
0,s_curve,0.58,0.29140451550483704,0.027501696720719337,0.29319998621940613,0.21919295191764832,0.2386624813079834,0.9377800822257996,-0.1353587508201599,0.6068102717399597
0,s_curve,0.6,0.31326642632484436,0.03068367764353752,0.29319998621940613,0.22245806455612183,0.2386624813079834,1.050094485282898,-0.14395838975906372,0.5390567779541016
0,s_curve,0.62,0.3361530601978302,0.0344248004257679,0.29319998621940613,0.2263525277376175,0.2386624813079834,1.0631282329559326,-0.15261037647724152,0.5030966401100159
0,s_curve,0.64,0.3578966557979584,0.03807458654046059,0.29319998621940613,0.22938360273838043,0.2386624813079834,0.9921647310256958,-0.16081632673740387,0.4723847806453705
0,s_curve,0.66,0.3775722086429596,0.04201371222734451,0.29319998621940613,0.2327577769756317,0.2386624813079834,0.9335372447967529,-0.1673898547887802,0.5264156460762024
0,s_curve,0.68,0.39619672298431396,0.04816703870892525,0.29319998621940613,0.23767401278018951,0.2386624813079834,1.008353352546692,-0.17168869078159332,0.5686233639717102
0,s_curve,0.7000000000000001,0.4151912331581116,0.05724606290459633,0.29319998621940613,0.2448563277721405,0.2386624813079834,1.108407974243164,-0.1731717586517334,0.5752888321876526
0,s_curve,0.72,0.43619218468666077,0.06797719746828079,0.29319998621940613,0.25160378217697144,0.2386624813079834,1.2242273092269897,-0.17437519133090973,0.49250128865242004
0,s_curve,0.74,0.4588452875614166,0.07991039007902145,0.29319998621940613,0.2551514506340027,0.2386624813079834,1.2919553518295288,-0.1747487485408783,0.38755735754966736
0,s_curve,0.76,0.48174089193344116,0.09166017919778824,0.29319998621940613,0.25578805804252625,0.2386624813079834,1.2808022499084473,-0.1754167526960373,0.47200125455856323
0,s_curve,0.78,0.5049001574516296,0.10411817580461502,0.29319998621940613,0.2560688853263855,0.2386624813079834,1.3233410120010376,-0.1754140555858612,0.5761091113090515
0,s_curve,0.8,0.527714192867279,0.11701692640781403,0.29319998621940613,0.2561635673046112,0.2386624813079834,1.2992157936096191,-0.1739705204963684,0.6255607008934021
0,s_curve,0.8200000000000001,0.5507078766822815,0.1313248723745346,0.29319998621940613,0.25598132610321045,0.2386624813079834,1.388985276222229,-0.17143385112285614,0.6291578412055969
0,s_curve,0.84,0.5750258564949036,0.14683298766613007,0.29319998621940613,0.25414004921913147,0.2386624813079834,1.4465477466583252,-0.16804461181163788,0.6088327765464783
0,s_curve,0.86,0.5998309254646301,0.1623254120349884,0.29319998621940613,0.24941445887088776,0.2386624813079834,1.4194780588150024,-0.16376234591007233,0.528289258480072
0,s_curve,0.88,0.6241490840911865,0.17727191746234894,0.29319998621940613,0.2443440556526184,0.2386624813079834,1.3898005485534668,-0.15971919894218445,0.4007437229156494
0,s_curve,0.9,0.6472005248069763,0.19207587838172913,0.29319998621940613,0.2383796125650406,0.2386624813079834,1.3111969232559204,-0.1549070179462433,0.431026428937912
0,s_curve,0.92,0.6688685417175293,0.20700767636299133,0.29319998621940613,0.23498155176639557,0.2386624813079834,1.2702465057373047,-0.1484392136335373,0.5019410848617554
0,s_curve,0.9400000000000001,0.6897081136703491,0.22338619828224182,0.29319998621940613,0.23603342473506927,0.2386624813079834,1.2604261636734009,-0.14022836089134216,0.5268712639808655
0,s_curve,0.96,0.7118341326713562,0.24170629680156708,0.29319998621940613,0.2415902465581894,0.2386624813079834,1.3949451446533203,-0.13016453385353088,0.6008925437927246
0,s_curve,0.98,0.7360168099403381,0.2621647119522095,0.29319998621940613,0.24861082434654236,0.2386624813079834,1.4604575634002686,-0.1180742010474205,0.5960204005241394
0,s_curve,1.0,0.7601644992828369,0.2825204133987427,0.29319998621940613,0.25393250584602356,0.2386624813079834,1.4012457132339478,-0.10450241714715958,0.5634808540344238
0,s_curve,1.02,0.7837649583816528,0.30111032724380493,0.29319998621940613,0.25955337285995483,0.2386624813079834,1.3429615497589111,-0.09242670983076096,0.5263587832450867
0,s_curve,1.04,0.8068451285362244,0.31828024983406067,0.29319998621940613,0.26555612683296204,0.2386624813079834,1.2895195484161377,-0.0810619443655014,0.5732486248016357
0,s_curve,1.06,0.8306154608726501,0.3356485962867737,0.29319998621940613,0.27073532342910767,0.2386624813079834,1.3639470338821411,-0.06828265637159348,0.6217654943466187
0,s_curve,1.08,0.855115532875061,0.35388341546058655,0.29319998621940613,0.2725961208343506,0.2386624813079834,1.3580074310302734,-0.05453484132885933,0.5895518064498901
0,s_curve,1.1,0.880434513092041,0.37220650911331177,0.29319998621940613,0.27163195610046387,0.2386624813079834,1.3638319969177246,-0.0401855893433094,0.5212827920913696
0,s_curve,1.12,0.9063625931739807,0.3894467055797577,0.29319998621940613,0.268606960773468,0.2386624813079834,1.3204628229141235,-0.02634420618414879,0.45801761746406555
0,s_curve,1.1400000000000001,0.9313872456550598,0.4059183895587921,0.29319998621940613,0.26546865701675415,0.2386624813079834,1.295433759689331,-0.011454612948000431,0.5819202065467834
0,s_curve,1.16,0.9567473530769348,0.42229604721069336,0.29319998621940613,0.2652657628059387,0.2386624813079834,1.305260181427002,0.003191540250554681,0.6302199363708496
0,s_curve,1.18,0.9833475947380066,0.43868961930274963,0.29319998621940613,0.26728707551956177,0.2386624813079834,1.3490025997161865,0.018340669572353363,0.6663291454315186
0,s_curve,1.2,1.0120973587036133,0.454008549451828,0.29319998621940613,0.2694533169269562,0.2386624813079834,1.4713218212127686,0.0342518612742424,0.6640951633453369
0,s_curve,1.22,1.0423212051391602,0.46931564807891846,0.29319998621940613,0.2696336805820465,0.2386624813079834,1.4698315858840942,0.05019191652536392,0.6494249105453491
0,s_curve,1.24,1.07233726978302,0.48290473222732544,0.29319998621940613,0.26885557174682617,0.2386624813079834,1.4045051336288452,0.06508029252290726,0.6482058167457581
0,s_curve,1.26,1.1015033721923828,0.49494755268096924,0.29319998621940613,0.267535537481308,0.2386624813079834,1.3798816204071045,0.08005322515964508,0.5979810357093811
0,s_curve,1.28,1.130284070968628,0.5050598978996277,0.29319998621940613,0.2656484842300415,0.2386624813079834,1.353039264678955,0.09302102029323578,0.5124626159667969
0,s_curve,1.3,1.158165693283081,0.5129095911979675,0.29319998621940613,0.2627555727958679,0.2386624813079834,1.276888132095337,0.10402035713195801,0.5004163384437561
0,s_curve,1.32,1.1852577924728394,0.5202187895774841,0.29319998621940613,0.25650569796562195,0.2386624813079834,1.2603193521499634,0.11611224710941315,0.46635714173316956
0,s_curve,1.34,1.2128162384033203,0.5267868638038635,0.29319998621940613,0.2473379224538803,0.2386624813079834,1.2786774635314941,0.12707333266735077,0.4693518877029419
0,s_curve,1.36,1.2396363019943237,0.5326605439186096,0.29319998621940613,0.2361009567975998,0.2386624813079834,1.2367393970489502,0.13865411281585693,0.6228987574577332
0,s_curve,1.3800000000000001,1.2671892642974854,0.5372345447540283,0.29319998621940613,0.22495897114276886,0.2386624813079834,1.3388668298721313,0.14882899820804596,0.7207983136177063
0,s_curve,1.4000000000000001,1.2964776754379272,0.5392031073570251,0.29319998621940613,0.21442511677742004,0.2386624813079834,1.4000808000564575,0.15815553069114685,0.7364220023155212
0,s_curve,1.42,1.3258332014083862,0.5383405685424805,0.29319998621940613,0.2050475925207138,0.2386624813079834,1.4371991157531738,0.16480742394924164,0.6956974267959595
0,s_curve,1.44,1.355002999305725,0.5352535247802734,0.29319998621940613,0.19666720926761627,0.2386624813079834,1.4183807373046875,0.16964957118034363,0.593630313873291
0,s_curve,1.46,1.3812756538391113,0.5291517972946167,0.29319998621940613,0.19072365760803223,0.2386624813079834,1.2942500114440918,0.172228142619133,0.5489383339881897
0,s_curve,1.48,1.404868721961975,0.5199648141860962,0.29319998621940613,0.1873006969690323,0.2386624813079834,1.240985631942749,0.1706322878599167,0.5824158191680908
0,s_curve,1.5,1.4270901679992676,0.5093225836753845,0.29319998621940613,0.18505722284317017,0.2386624813079834,1.2189030647277832,0.16837885975837708,0.6138817071914673
0,s_curve,1.52,1.4494562149047852,0.4977732300758362,0.29319998621940613,0.18589669466018677,0.2386624813079834,1.3017865419387817,0.16500574350357056,0.6923581957817078
0,s_curve,1.54,1.4727531671524048,0.48418575525283813,0.29319998621940613,0.18818733096122742,0.2386624813079834,1.3632935285568237,0.16114090383052826,0.6020256280899048
0,s_curve,1.56,1.4965906143188477,0.46969491243362427,0.29319998621940613,0.1871153563261032,0.2386624813079834,1.386663556098938,0.15652137994766235,0.596205472946167
0,s_curve,1.58,1.520491600036621,0.4555705487728119,0.29319998621940613,0.18558143079280853,0.2386624813079834,1.3532094955444336,0.15313155949115753,0.5976938009262085
0,s_curve,1.6,1.5436491966247559,0.4414406716823578,0.29319998621940613,0.1853335201740265,0.2386624813079834,1.3364261388778687,0.14949911832809448,0.5636515617370605
0,s_curve,1.62,1.56613028049469,0.42647072672843933,0.20999999344348907,0.18731147050857544,0.2386624813079834,1.35298490524292,0.1450064778327942,0.6566607356071472
0,s_curve,1.6400000000000001,1.5898746252059937,0.4099835753440857,0.20999999344348907,0.19208721816539764,0.2386624813079834,1.4879510402679443,0.14075931906700134,0.6640143394470215
0,s_curve,1.6600000000000001,1.6144540309906006,0.39257991313934326,0.20999999344348907,0.19791549444198608,0.2386624813079834,1.5097154378890991,0.13589319586753845,0.7493463754653931
0,s_curve,1.68,1.639350414276123,0.3733114004135132,0.20999999344348907,0.20564791560173035,0.2386624813079834,1.5894851684570312,0.1303132325410843,0.7185748219490051
0,s_curve,1.7,1.6647504568099976,0.35315942764282227,0.20999999344348907,0.21152500808238983,0.2386624813079834,1.586812973022461,0.12431757152080536,0.7236016988754272
0,s_curve,1.72,1.6900604963302612,0.3338703215122223,0.20999999344348907,0.21357057988643646,0.2386624813079834,1.5685070753097534,0.11935052275657654,0.6379582285881042
0,s_curve,1.74,1.715323805809021,0.31541308760643005,0.20999999344348907,0.21268302202224731,0.2386624813079834,1.523193120956421,0.11577330529689789,0.43919092416763306
0,s_curve,1.76,1.739112377166748,0.2978854477405548,0.20999999344348907,0.21178308129310608,0.2386624813079834,1.4374918937683105,0.11232706904411316,0.5331519246101379
0,s_curve,1.78,1.7606130838394165,0.27927136421203613,0.20999999344348907,0.2122543752193451,0.2386624813079834,1.3918441534042358,0.1069580614566803,0.5789369344711304
0,s_curve,1.8,1.7811146974563599,0.2592813968658447,0.20999999344348907,0.21578249335289001,0.2386624813079834,1.4120054244995117,0.10047473758459091,0.6474683880805969
0,s_curve,1.82,1.8013625144958496,0.23773561418056488,0.20999999344348907,0.22087311744689941,0.2386624813079834,1.445361614227295,0.09243839979171753,0.6753472089767456
0,s_curve,1.84,1.8223025798797607,0.21485766768455505,0.20999999344348907,0.2266155183315277,0.2386624813079834,1.549893856048584,0.08404206484556198,0.573750913143158
0,s_curve,1.86,1.845422625541687,0.19048401713371277,0.20999999344348907,0.23039385676383972,0.2386624813079834,1.6696001291275024,0.07558180391788483,0.4673326015472412
0,s_curve,1.8800000000000001,1.8700042963027954,0.16688759624958038,0.20999999344348907,0.23233117163181305,0.2386624813079834,1.6611876487731934,0.06874113529920578,0.5619996190071106
0,s_curve,1.9000000000000001,1.8946757316589355,0.14491361379623413,0.20999999344348907,0.23470400273799896,0.2386624813079834,1.6223381757736206,0.06348918378353119,0.5921000838279724
0,s_curve,1.92,1.918386697769165,0.12277211248874664,0.20999999344348907,0.239967942237854,0.2386624813079834,1.6171482801437378,0.05788077786564827,0.6032178401947021
0,s_curve,1.94,1.9428094625473022,0.0986686646938324,0.20999999344348907,0.2454751878976822,0.2386624813079834,1.7409639358520508,0.050994861871004105,0.5650888085365295
0,s_curve,1.96,1.9684385061264038,0.07235537469387054,0.20999999344348907,0.24857786297798157,0.2386624813079834,1.8365445137023926,0.043035417795181274,0.42239952087402344
0,s_curve,1.98,1.9949676990509033,0.045856259763240814,0.20999999344348907,0.2480413019657135,0.2386624813079834,1.8353325128555298,0.0355144739151001,0.36289921402931213
0,s_curve,2.0,2.0199882984161377,0.019072964787483215,0.20999999344348907,0.24634341895580292,0.2386624813079834,1.7529120445251465,0.026925895363092422,0.33744925260543823
0,s_curve,2.02,2.0428664684295654,-0.007641343399882317,0.20999999344348907,0.24415895342826843,0.2386624813079834,1.6531213521957397,0.017230045050382614,0.4595505893230438
0,s_curve,2.04,2.0658035278320312,-0.032857123762369156,0.20999999344348907,0.24328339099884033,0.2386624813079834,1.677368402481079,0.008825864642858505,0.6227066516876221
0,s_curve,2.06,2.0909206867218018,-0.05793394148349762,0.20999999344348907,0.2422862946987152,0.2386624813079834,1.783887267112732,0.0015256903134286404,0.5748270750045776
0,s_curve,2.08,2.1182591915130615,-0.08348214626312256,0.20999999344348907,0.23787793517112732,0.2386624813079834,1.867337703704834,-0.0049630929715931416,0.5487142205238342
0,s_curve,2.1,2.1459031105041504,-0.108640655875206,0.20999999344348907,0.2300948053598404,0.2386624813079834,1.7890812158584595,-0.011083817109465599,0.5211279988288879
0,s_curve,2.12,2.1732826232910156,-0.13090460002422333,0.1704999953508377,0.2225314974784851,0.2386624813079834,1.7238597869873047,-0.01503815595060587,0.5538275837898254
0,s_curve,2.14,2.2009799480438232,-0.15044526755809784,0.1704999953508377,0.21565036475658417,0.2386624813079834,1.6698073148727417,-0.017035668715834618,0.5929551124572754
0,s_curve,2.16,2.229741334915161,-0.16682636737823486,0.1704999953508377,0.20877252519130707,0.2386624813079834,1.644103765487671,-0.015761304646730423,0.5935899019241333
0,s_curve,2.18,2.2586164474487305,-0.18123847246170044,0.1704999953508377,0.19967511296272278,0.2386624813079834,1.5980478525161743,-0.012913708575069904,0.5336436629295349
0,s_curve,2.2,2.287914276123047,-0.19730894267559052,0.1704999953508377,0.1888616681098938,0.2386624813079834,1.7271702289581299,-0.011923305690288544,0.5165785551071167
0,s_curve,2.22,2.31774640083313,-0.21525916457176208,0.1704999953508377,0.17616727948188782,0.2386624813079834,1.7095072269439697,-0.01235030498355627,0.5191081762313843
0,s_curve,2.24,2.345863103866577,-0.23357020318508148,0.1704999953508377,0.16407336294651031,0.2386624813079834,1.6301153898239136,-0.014252429828047752,0.4885323941707611
0,s_curve,2.2600000000000002,2.372105836868286,-0.2521120011806488,0.1704999953508377,0.1540905088186264,0.2386624813079834,1.5742006301879883,-0.01754111796617508,0.5680864453315735
0,s_curve,2.2800000000000002,2.397859573364258,-0.2708987295627594,0.1704999953508377,0.14720439910888672,0.2386624813079834,1.6069451570510864,-0.022297579795122147,0.6727107167243958
0,s_curve,2.3000000000000003,2.424750566482544,-0.2910327613353729,0.1704999953508377,0.14321254193782806,0.2386624813079834,1.711186408996582,-0.02765938639640808,0.7354973554611206
0,s_curve,2.32,2.452587604522705,-0.3103894293308258,0.1704999953508377,0.1446770876646042,0.2386624813079834,1.6883898973464966,-0.03232245892286301,0.7285776734352112
0,s_curve,2.34,2.4798965454101562,-0.3303488790988922,0.1704999953508377,0.14808380603790283,0.2386624813079834,1.6212091445922852,-0.03886735811829567,0.6056122183799744
0,s_curve,2.36,2.5067086219787598,-0.3484603464603424,0.1704999953508377,0.15174651145935059,0.2386624813079834,1.5535180568695068,-0.04408002644777298,0.5411790609359741
0,s_curve,2.38,2.5329580307006836,-0.36400091648101807,0.1704999953508377,0.15522317588329315,0.2386624813079834,1.4934117794036865,-0.047576915472745895,0.5657004714012146
0,s_curve,2.4,2.559974193572998,-0.3778954744338989,0.1704999953508377,0.15858899056911469,0.2386624813079834,1.543428659439087,-0.05033250153064728,0.5565410256385803
0,s_curve,2.42,2.5887184143066406,-0.3911350667476654,0.1704999953508377,0.16170012950897217,0.2386624813079834,1.6130894422531128,-0.052067194133996964,0.49136438965797424
0,s_curve,2.44,2.6184000968933105,-0.40451470017433167,0.1704999953508377,0.16362641751766205,0.2386624813079834,1.6288431882858276,-0.05417709797620773,0.4811258912086487
0,s_curve,2.46,2.6483254432678223,-0.41819071769714355,0.1704999953508377,0.16401386260986328,0.2386624813079834,1.637190341949463,-0.05712100490927696,0.539311945438385
0,s_curve,2.48,2.6783790588378906,-0.4324137270450592,0.1704999953508377,0.16215914487838745,0.2386624813079834,1.6314703226089478,-0.06212448701262474,0.5464292168617249
0,s_curve,2.5,2.707852840423584,-0.4463922083377838,0.1704999953508377,0.15774379670619965,0.2386624813079834,1.556596279144287,-0.06727675348520279,0.4431250989437103
0,s_curve,2.52,2.735903739929199,-0.46001842617988586,0.1704999953508377,0.15400256216526031,0.2386624813079834,1.5036640167236328,-0.07309390604496002,0.49837252497673035
0,s_curve,2.54,2.7641403675079346,-0.47361427545547485,0.1704999953508377,0.1519107222557068,0.2386624813079834,1.5249220132827759,-0.07943586260080338,0.582973301410675
0,s_curve,2.56,2.792102098464966,-0.4881214499473572,0.1704999953508377,0.1508295238018036,0.2386624813079834,1.4869023561477661,-0.08864264190196991,0.6215909123420715
0,s_curve,2.58,2.82030987739563,-0.5035324096679688,0.1704999953508377,0.15137113630771637,0.2386624813079834,1.5431379079818726,-0.09854580461978912,0.6651785373687744
0,s_curve,2.6,2.8499808311462402,-0.5199803709983826,0.1704999953508377,0.1531742662191391,0.2386624813079834,1.5753508806228638,-0.10993361473083496,0.646881103515625
0,s_curve,2.62,2.8812408447265625,-0.537703812122345,0.1704999953508377,0.156682088971138,0.2386624813079834,1.6688196659088135,-0.12435480952262878,0.5859388709068298
0,s_curve,2.64,2.9117136001586914,-0.5550974607467651,0.25,0.16177387535572052,0.2386624813079834,1.5116443634033203,-0.13865676522254944,0.5482868552207947
0,s_curve,2.66,2.9400956630706787,-0.5691100358963013,0.25,0.16645531356334686,0.2386624813079834,1.4221312999725342,-0.1503189653158188,0.6099329590797424
0,s_curve,2.68,2.967923402786255,-0.5794155597686768,0.25,0.171282097697258,0.2386624813079834,1.416516661643982,-0.1600458174943924,0.6214531064033508
0,s_curve,2.7,2.9963245391845703,-0.5866217017173767,0.25,0.17789366841316223,0.2386624813079834,1.4331245422363281,-0.16650983691215515,0.601527988910675
0,s_curve,2.72,3.025535821914673,-0.5930742025375366,0.25,0.18375927209854126,0.2386624813079834,1.4490548372268677,-0.17267271876335144,0.6029647588729858
0,s_curve,2.74,3.0556023120880127,-0.6003894805908203,0.25,0.18573720753192902,0.2386624813079834,1.5076909065246582,-0.1818367838859558,0.6007350087165833
0,s_curve,2.7600000000000002,3.085787296295166,-0.6078600883483887,0.25,0.18479114770889282,0.2386624813079834,1.4442309141159058,-0.19075626134872437,0.490095317363739
0,s_curve,2.7800000000000002,3.1155824661254883,-0.6147030591964722,0.25,0.1831710934638977,0.2386624813079834,1.429297924041748,-0.2006213366985321,0.3509175181388855
0,s_curve,2.8000000000000003,3.1448159217834473,-0.6209392547607422,0.25,0.1819961667060852,0.2386624813079834,1.3794516324996948,-0.2097887247800827,0.4058617651462555
0,s_curve,2.82,3.1733744144439697,-0.6251365542411804,0.25,0.1840347945690155,0.2386624813079834,1.3628442287445068,-0.21714650094509125,0.49247944355010986
0,s_curve,2.84,3.2009143829345703,-0.6280453205108643,0.25,0.1884913593530655,0.2386624813079834,1.2912765741348267,-0.22499170899391174,0.5109511613845825
0,s_curve,2.86,3.2282028198242188,-0.6303743124008179,0.25,0.1954507678747177,0.2386624813079834,1.2952136993408203,-0.23152315616607666,0.5453445315361023
0,s_curve,2.88,3.2541420459747314,-0.6332418322563171,0.25,0.2022715061903,0.2386624813079834,1.1792693138122559,-0.23997806012630463,0.5158944725990295
0,s_curve,2.9,3.2768421173095703,-0.6333795785903931,0.25,0.20960566401481628,0.2386624813079834,1.045968770980835,-0.2442817986011505,0.5323567390441895
0,s_curve,2.92,3.2979636192321777,-0.6331183910369873,0.25,0.2141127586364746,0.2386624813079834,1.0203919410705566,-0.24938170611858368,0.48573067784309387
0,s_curve,2.94,3.3183817863464355,-0.6323516964912415,0.25,0.21736173331737518,0.2386624813079834,1.0082327127456665,-0.25381436944007874,0.5486139059066772
0,s_curve,2.96,3.3392961025238037,-0.6299145817756653,0.25,0.2206692397594452,0.2386624813079834,1.068367600440979,-0.25639456510543823,0.5591239929199219
0,s_curve,2.98,3.3607664108276367,-0.6257224678993225,0.25,0.222775399684906,0.2386624813079834,1.097566843032837,-0.25853797793388367,0.5893104076385498
0,s_curve,3.0,3.3822360038757324,-0.619856595993042,0.25,0.22274668514728546,0.2386624813079834,1.1290627717971802,-0.25852084159851074,0.5749436020851135
0,s_curve,3.02,3.4040939807891846,-0.6132329106330872,0.25,0.22168833017349243,0.2386624813079834,1.1441614627838135,-0.2591992914676666,0.4502100944519043
0,s_curve,3.04,3.4263601303100586,-0.6066847443580627,0.25,0.2183721661567688,0.2386624813079834,1.1540776491165161,-0.25941458344459534,0.377483993768692
0,s_curve,3.06,3.4478812217712402,-0.6011335849761963,0.25,0.21229776740074158,0.2386624813079834,1.048393726348877,-0.26169124245643616,0.3945131003856659
0,s_curve,3.08,3.4672977924346924,-0.5965409874916077,0.25,0.2057717740535736,0.2386624813079834,0.9233049750328064,-0.26413506269454956,0.38848185539245605
0,s_curve,3.1,3.48473858833313,-0.5924243330955505,0.25,0.19896820187568665,0.2386624813079834,0.8405574560165405,-0.26598113775253296,0.4186374545097351
0,s_curve,3.12,3.497870683670044,-0.5868138074874878,0.25,0.19633954763412476,0.2386624813079834,0.6576395034790039,-0.2657017707824707,0.45378804206848145
0,s_curve,3.14,3.5086004734039307,-0.5808106660842896,0.25,0.19615687429904938,0.2386624813079834,0.580145001411438,-0.2641579508781433,0.4718370735645294
0,s_curve,3.16,3.5181145668029785,-0.5753723978996277,0.25,0.19668805599212646,0.2386624813079834,0.5222641229629517,-0.2626821994781494,0.45117905735969543
0,s_curve,3.18,3.5271196365356445,-0.5700578093528748,0.25,0.19756083190441132,0.2386624813079834,0.5164060592651367,-0.2607193887233734,0.40464329719543457
0,s_curve,3.2,3.5356547832489014,-0.5660947561264038,0.25,0.19806919991970062,0.2386624813079834,0.4547116756439209,-0.2604995369911194,0.44141143560409546
0,s_curve,3.22,3.5438625812530518,-0.5615606307983398,0.25,0.19700856506824493,0.2386624813079834,0.4857417643070221,-0.2596253454685211,0.5140254497528076
0,s_curve,3.24,3.5523107051849365,-0.5561612844467163,0.25,0.19360782206058502,0.2386624813079834,0.512094259262085,-0.2580541968345642,0.5082527995109558
0,s_curve,3.2600000000000002,3.5607900619506836,-0.5496491193771362,0.25,0.1915052980184555,0.2386624813079834,0.5426663160324097,-0.25547555088996887,0.555039644241333
0,s_curve,3.2800000000000002,3.5705454349517822,-0.5424136519432068,0.25,0.19073598086833954,0.2386624813079834,0.6269378066062927,-0.25237682461738586,0.5090646147727966
0,s_curve,3.3000000000000003,3.5818963050842285,-0.5363704562187195,0.25,0.1894073337316513,0.2386624813079834,0.6392766237258911,-0.25169816613197327,0.5105350613594055
0,s_curve,3.3200000000000003,3.5951895713806152,-0.5316959619522095,0.25,0.1883004754781723,0.2386624813079834,0.713645875453949,-0.25308099389076233,0.5022971034049988
0,s_curve,3.34,3.609588146209717,-0.5281125903129578,0.25,0.18544140458106995,0.2386624813079834,0.7097437977790833,-0.2553793489933014,0.48300057649612427
0,s_curve,3.36,3.6238913536071777,-0.5256862044334412,0.25,0.1809537559747696,0.2386624813079834,0.6641126275062561,-0.25954771041870117,0.4296113848686218
0,s_curve,3.38,3.6362245082855225,-0.5233261585235596,0.25,0.17575113475322723,0.2386624813079834,0.546884298324585,-0.2629018723964691,0.447679340839386
0,s_curve,3.4,3.644835948944092,-0.5201588273048401,0.25,0.1730312556028366,0.2386624813079834,0.40785837173461914,-0.26388198137283325,0.4854390025138855
0,s_curve,3.42,3.6511292457580566,-0.5161629319190979,0.25,0.17320601642131805,0.2386624813079834,0.35738682746887207,-0.26309141516685486,0.49990400671958923
0,s_curve,3.44,3.6567399501800537,-0.5112116932868958,0.25,0.17522366344928741,0.2386624813079834,0.38436031341552734,-0.2606375813484192,0.5098724365234375
0,s_curve,3.46,3.6624581813812256,-0.5056144595146179,0.25,0.17796333134174347,0.2386624813079834,0.39725005626678467,-0.2583170235157013,0.47124671936035156
0,s_curve,3.48,3.6682207584381104,-0.49980831146240234,0.25,0.18014678359031677,0.2386624813079834,0.3947378695011139,-0.25583168864250183,0.43961653113365173
0,s_curve,3.5,3.6744444370269775,-0.49384012818336487,0.25,0.18211261928081512,0.2386624813079834,0.4215070307254791,-0.2534157931804657,0.38521426916122437
0,s_curve,3.52,3.681087017059326,-0.4878828525543213,0.25,0.18292585015296936,0.2386624813079834,0.44845879077911377,-0.25120317935943604,0.4118885099887848
0,s_curve,3.54,3.688309669494629,-0.48205259442329407,0.25,0.18197309970855713,0.2386624813079834,0.4574146270751953,-0.24937132000923157,0.4982920289039612
0,s_curve,3.56,3.6957545280456543,-0.4763270616531372,0.25,0.1790715605020523,0.2386624813079834,0.467050701379776,-0.24728961288928986,0.5186970233917236
0,s_curve,3.58,3.70267653465271,-0.4695274829864502,0.25,0.17696917057037354,0.2386624813079834,0.46115776896476746,-0.2446357011795044,0.5852767825126648
0,s_curve,3.6,3.709857940673828,-0.46182742714881897,0.25,0.17596739530563354,0.2386624813079834,0.5071445107460022,-0.2413155436515808,0.5913676619529724
0,s_curve,3.62,3.718238592147827,-0.4546394348144531,0.25,0.17467990517616272,0.2386624813079834,0.5414013862609863,-0.2390192449092865,0.5787267684936523
0,s_curve,3.64,3.727377414703369,-0.44854387640953064,0.25,0.17309333384037018,0.2386624813079834,0.553678035736084,-0.23804505169391632,0.5874984264373779
0,s_curve,3.66,3.737309455871582,-0.44226664304733276,0.25,0.17344015836715698,0.2386624813079834,0.57340407371521,-0.23694178462028503,0.5675895810127258
0,s_curve,3.68,3.7486376762390137,-0.4377136528491974,0.25,0.17300905287265778,0.2386624813079834,0.6094235181808472,-0.23857562243938446,0.5551900863647461
0,s_curve,3.7,3.7607719898223877,-0.4335331916809082,0.25,0.16977350413799286,0.2386624813079834,0.6263244152069092,-0.2409314215183258,0.522635281085968
0,s_curve,3.72,3.772857904434204,-0.42995697259902954,0.25,0.16359154880046844,0.2386624813079834,0.5935439467430115,-0.24378877878189087,0.5042077302932739
0,s_curve,3.74,3.7844841480255127,-0.42707592248916626,0.20999999344348907,0.15750689804553986,0.2386624813079834,0.510800838470459,-0.24669525027275085,0.4584238827228546
0,s_curve,3.7600000000000002,3.794090986251831,-0.42482319474220276,0.20999999344348907,0.15524396300315857,0.2386624813079834,0.4357781410217285,-0.24962083995342255,0.4755939543247223
0,s_curve,3.7800000000000002,3.8016958236694336,-0.4228689670562744,0.20999999344348907,0.15609681606292725,0.2386624813079834,0.327289879322052,-0.251789391040802,0.4489196240901947
0,s_curve,3.8000000000000003,3.8075122833251953,-0.4202404320240021,0.20999999344348907,0.15808050334453583,0.2386624813079834,0.3163219690322876,-0.2524704337120056,0.46050333976745605
0,s_curve,3.8200000000000003,3.8121402263641357,-0.4162192642688751,0.20999999344348907,0.16151775419712067,0.2386624813079834,0.2920967936515808,-0.2513486444950104,0.5070902109146118
0,s_curve,3.84,3.81557035446167,-0.4115546643733978,0.20999999344348907,0.16674740612506866,0.2386624813079834,0.25476810336112976,-0.24906519055366516,0.4923432171344757
0,s_curve,3.86,3.8186700344085693,-0.40649354457855225,0.20999999344348907,0.17254282534122467,0.2386624813079834,0.2762119770050049,-0.24627245962619781,0.464881956577301
0,s_curve,3.88,3.8223047256469727,-0.40046098828315735,0.20999999344348907,0.17807544767856598,0.2386624813079834,0.32999539375305176,-0.24291332066059113,0.4082748591899872
0,s_curve,3.9,3.8263862133026123,-0.39353469014167786,0.20999999344348907,0.18305693566799164,0.2386624813079834,0.3738596439361572,-0.2387675791978836,0.3705206513404846
0,s_curve,3.92,3.8314058780670166,-0.3858839273452759,0.20999999344348907,0.1867925375699997,0.2386624813079834,0.4428742527961731,-0.23482222855091095,0.41784629225730896
0,s_curve,3.94,3.8371410369873047,-0.3775363564491272,0.20999999344348907,0.18860206007957458,0.2386624813079834,0.47075414657592773,-0.23065131902694702,0.4309263825416565
0,s_curve,3.96,3.8431262969970703,-0.3695847988128662,0.20999999344348907,0.18844352662563324,0.2386624813079834,0.4600880742073059,-0.22694870829582214,0.4624684154987335
0,s_curve,3.98,3.848482847213745,-0.3617137670516968,0.20999999344348907,0.18885084986686707,0.2386624813079834,0.4333110451698303,-0.22298938035964966,0.5415560007095337
0,s_curve,4.0,3.853933572769165,-0.35253727436065674,0.20999999344348907,0.19101300835609436,0.2386624813079834,0.501454770565033,-0.21770316362380981,0.5231413841247559
0,s_curve,4.0200000000000005,3.8608832359313965,-0.3439377248287201,0.20999999344348907,0.19251197576522827,0.2386624813079834,0.526071310043335,-0.2140612006187439,0.5091882944107056
0,s_curve,4.04,3.8695149421691895,-0.33665910363197327,0.20999999344348907,0.19260932505130768,0.2386624813079834,0.5696606040000916,-0.21242853999137878,0.4881029427051544
0,s_curve,4.0600000000000005,3.8795888423919678,-0.3307034969329834,0.20999999344348907,0.1927463859319687,0.2386624813079834,0.5885013937950134,-0.21268051862716675,0.4576288163661957
0,s_curve,4.08,3.8908302783966064,-0.32599958777427673,0.20999999344348907,0.19175483286380768,0.2386624813079834,0.5905389189720154,-0.21461166441440582,0.4213040769100189
0,s_curve,4.1,3.9031829833984375,-0.3221498131752014,0.20999999344348907,0.18789039552211761,0.2386624813079834,0.6275019645690918,-0.21771882474422455,0.4163164794445038
0,s_curve,4.12,3.9153523445129395,-0.31970348954200745,0.20999999344348907,0.18362294137477875,0.2386624813079834,0.5507488250732422,-0.22216421365737915,0.4333677291870117
0,s_curve,4.14,3.9256184101104736,-0.31754088401794434,0.20999999344348907,0.1812480092048645,0.2386624813079834,0.4231020510196686,-0.2258307933807373,0.3714718818664551
0,s_curve,4.16,3.9332218170166016,-0.3148331344127655,0.20999999344348907,0.181321918964386,0.2386624813079834,0.36708584427833557,-0.22761203348636627,0.4474433362483978
0,s_curve,4.18,3.939098834991455,-0.31190717220306396,0.20999999344348907,0.18339036405086517,0.2386624813079834,0.2921826243400574,-0.22828510403633118,0.45513978600502014
0,s_curve,4.2,3.9437131881713867,-0.30944350361824036,0.20999999344348907,0.18523727357387543,0.2386624813079834,0.24527572095394135,-0.22850528359413147,0.43189433217048645
0,s_curve,4.22,3.9477412700653076,-0.3072649836540222,0.20999999344348907,0.18709300458431244,0.2386624813079834,0.22228969633579254,-0.22885382175445557,0.4391213655471802
0,s_curve,4.24,3.951347589492798,-0.3048383891582489,0.20999999344348907,0.18986348807811737,0.2386624813079834,0.22292956709861755,-0.22876548767089844,0.4188322424888611
0,s_curve,4.26,3.9548161029815674,-0.30186453461647034,0.20999999344348907,0.19210226833820343,0.2386624813079834,0.23100969195365906,-0.2281424105167389,0.35469868779182434
0,s_curve,4.28,3.958064317703247,-0.29836219549179077,0.20999999344348907,0.19219458103179932,0.2386624813079834,0.23776692152023315,-0.22695571184158325,0.3091956377029419
0,s_curve,4.3,3.9610931873321533,-0.29403558373451233,0.20999999344348907,0.18997982144355774,0.2386624813079834,0.26013123989105225,-0.2249571979045868,0.3326040506362915
0,s_curve,4.32,3.9646546840667725,-0.28875860571861267,0.20999999344348907,0.18570178747177124,0.2386624813079834,0.3152889013290405,-0.22244787216186523,0.3717370331287384
0,s_curve,4.34,3.96932053565979,-0.2833077609539032,0.20999999344348907,0.17995023727416992,0.2386624813079834,0.36801567673683167,-0.22039014101028442,0.394593745470047
0,s_curve,4.36,3.97465181350708,-0.2777823507785797,0.20999999344348907,0.1743139624595642,0.2386624813079834,0.3826071321964264,-0.2186298966407776,0.4046435058116913
0,s_curve,4.38,3.979872703552246,-0.27191394567489624,0.20999999344348907,0.16927829384803772,0.2386624813079834,0.39612430334091187,-0.21640561521053314,0.43098461627960205
0,s_curve,4.4,3.9864695072174072,-0.2651918828487396,0.20999999344348907,0.16526558995246887,0.2386624813079834,0.49970543384552,-0.21437442302703857,0.4327189028263092
0,s_curve,4.42,3.9953086376190186,-0.25830262899398804,0.20999999344348907,0.16178086400032043,0.2386624813079834,0.5847635269165039,-0.21342717111110687,0.4113542437553406
0,s_curve,4.44,4.005967617034912,-0.2522936463356018,0.20999999344348907,0.1581188440322876,0.2386624813079834,0.6228158473968506,-0.2142108678817749,0.343962162733078
0,s_curve,4.46,4.018266201019287,-0.24696779251098633,0.20999999344348907,0.15397986769676208,0.2386624813079834,0.6605932116508484,-0.21637409925460815,0.3223647475242615
0,s_curve,4.48,4.0281853675842285,-0.24129849672317505,0.20999999344348907,0.15024811029434204,0.2386624813079834,0.48802506923675537,-0.21708008646965027,0.36118653416633606
0,s_curve,4.5,4.035627365112305,-0.23542195558547974,0.20999999344348907,0.14884138107299805,0.2386624813079834,0.4582158029079437,-0.21625307202339172,0.3613474667072296
0,s_curve,4.5200000000000005,4.0421247482299805,-0.2301110178232193,0.20999999344348907,0.1494230180978775,0.2386624813079834,0.39381638169288635,-0.21538034081459045,0.3951525092124939
0,s_curve,4.54,4.047280788421631,-0.22505831718444824,0.20999999344348907,0.15219885110855103,0.2386624813079834,0.33972465991973877,-0.21398714184761047,0.44045862555503845
0,s_curve,4.5600000000000005,4.0514817237854,-0.22003908455371857,0.20999999344348907,0.1565953493118286,0.2386624813079834,0.3015609085559845,-0.2120976746082306,0.4887067973613739
0,s_curve,4.58,4.055027961730957,-0.21489061415195465,0.20999999344348907,0.16299769282341003,0.2386624813079834,0.28552061319351196,-0.2097407877445221,0.49941524863243103
0,s_curve,4.6000000000000005,4.058502197265625,-0.20959138870239258,0.20999999344348907,0.17004047334194183,0.2386624813079834,0.30517032742500305,-0.20718491077423096,0.4423121511936188
0,s_curve,4.62,4.062347412109375,-0.2037380188703537,0.20999999344348907,0.17604263126850128,0.2386624813079834,0.3382551670074463,-0.20441459119319916,0.404502272605896
0,s_curve,4.64,4.06660795211792,-0.19745315611362457,0.20999999344348907,0.18026292324066162,0.2386624813079834,0.363286554813385,-0.2015126645565033,0.38714417815208435
0,s_curve,4.66,4.070987701416016,-0.19039668142795563,0.20999999344348907,0.1827995777130127,0.2386624813079834,0.38763779401779175,-0.19803214073181152,0.42615553736686707
0,s_curve,4.68,4.075652122497559,-0.1833188235759735,0.20999999344348907,0.18422183394432068,0.2386624813079834,0.3948117792606354,-0.19469046592712402,0.42930683493614197
0,s_curve,4.7,4.080863952636719,-0.17720183730125427,0.20999999344348907,0.1847510039806366,0.2386624813079834,0.3854621648788452,-0.1924522966146469,0.4504551887512207
0,s_curve,4.72,4.085869789123535,-0.17204126715660095,0.20999999344348907,0.18493784964084625,0.2386624813079834,0.34100091457366943,-0.19089925289154053,0.49334517121315
0,s_curve,4.74,4.090804576873779,-0.16740477085113525,0.20999999344348907,0.18512554466724396,0.2386624813079834,0.33868080377578735,-0.18974462151527405,0.4949396252632141
0,s_curve,4.76,4.0962371826171875,-0.16313323378562927,0.20999999344348907,0.18506136536598206,0.2386624813079834,0.3502550423145294,-0.18916872143745422,0.5046921968460083
0,s_curve,4.78,4.10230827331543,-0.15975315868854523,0.20999999344348907,0.18459747731685638,0.2386624813079834,0.34478384256362915,-0.1896885186433792,0.5181138515472412
0,s_curve,4.8,4.107285976409912,-0.15639998018741608,0.20999999344348907,0.1840762197971344,0.2386624813079834,0.2804604172706604,-0.18962892889976501,0.5117242336273193
0,s_curve,4.82,4.1110992431640625,-0.1526062935590744,0.20999999344348907,0.18372522294521332,0.2386624813079834,0.2578124403953552,-0.1885606348514557,0.47938787937164307
0,s_curve,4.84,4.115074157714844,-0.1486123502254486,0.20999999344348907,0.1832444816827774,0.2386624813079834,0.2811587452888489,-0.18741410970687866,0.43917396664619446
0,s_curve,4.86,4.118714332580566,-0.1442503035068512,0.20999999344348907,0.18309785425662994,0.2386624813079834,0.2731710374355316,-0.185776025056839,0.42754510045051575
0,s_curve,4.88,4.121613502502441,-0.1392669677734375,0.20999999344348907,0.18414317071437836,0.2386624813079834,0.25450044870376587,-0.18321135640144348,0.4554596543312073
0,s_curve,4.9,4.124347686767578,-0.13390707969665527,0.20999999344348907,0.18689468502998352,0.2386624813079834,0.27015966176986694,-0.18024149537086487,0.5185984373092651
0,s_curve,4.92,4.127288818359375,-0.12785537540912628,0.20999999344348907,0.19177992641925812,0.2386624813079834,0.29760414361953735,-0.1768079698085785,0.4745888113975525
0,s_curve,4.94,4.1310248374938965,-0.12054628878831863,0.20999999344348907,0.19835299253463745,0.2386624813079834,0.38717758655548096,-0.1727622151374817,0.42662256956100464
0,s_curve,4.96,4.136165142059326,-0.11304954439401627,0.20999999344348907,0.2053994983434677,0.2386624813079834,0.43584656715393066,-0.16933275759220123,0.40234625339508057
0,s_curve,4.98,4.141373634338379,-0.10595620423555374,0.20999999344348907,0.20994873344898224,0.2386624813079834,0.3870237469673157,-0.16627761721611023,0.32394635677337646
0,s_curve,5.0,4.146516799926758,-0.09931062161922455,0.20999999344348907,0.21044282615184784,0.2386624813079834,0.3982977569103241,-0.16356036067008972,0.3597606420516968
0,s_curve,5.0200000000000005,4.152708530426025,-0.09283317625522614,0.20999999344348907,0.2085791528224945,0.2386624813079834,0.4553336203098297,-0.16156063973903656,0.3424380123615265
0,s_curve,5.04,4.158299922943115,-0.08797009289264679,0.20999999344348907,0.2057943195104599,0.2386624813079834,0.29441648721694946,-0.16057826578617096,0.36170291900634766
0,s_curve,5.0600000000000005,4.161999702453613,-0.08509578555822372,0.20999999344348907,0.2031089961528778,0.2386624813079834,0.1750340610742569,-0.16021504998207092,0.36914530396461487
0,s_curve,5.08,4.163633346557617,-0.08339345455169678,0.20999999344348907,0.20051586627960205,0.2386624813079834,0.059322699904441833,-0.15969303250312805,0.36743462085723877
0,s_curve,5.1000000000000005,4.163304805755615,-0.08284110575914383,0.20999999344348907,0.19668318331241608,0.2386624813079834,-0.04292749986052513,-0.1590510606765747,0.3812849223613739
0,s_curve,5.12,4.160023212432861,-0.08243278414011002,0.20999999344348907,0.19288435578346252,0.2386624813079834,-0.1760556399822235,-0.15690386295318604,0.3623630106449127
0,s_curve,5.14,4.155157566070557,-0.0825335830450058,0.20999999344348907,0.18949493765830994,0.2386624813079834,-0.2274608016014099,-0.15430977940559387,0.3273186683654785
0,s_curve,5.16,4.149563312530518,-0.08349895477294922,0.20999999344348907,0.18634748458862305,0.2386624813079834,-0.27862417697906494,-0.15203645825386047,0.30692189931869507
0,s_curve,5.18,4.142728805541992,-0.08443445712327957,0.20999999344348907,0.18441250920295715,0.2386624813079834,-0.33264800906181335,-0.14905554056167603,0.3155023753643036
0,s_curve,5.2,4.135542869567871,-0.08571681380271912,0.20999999344348907,0.18265573680400848,0.2386624813079834,-0.33614206314086914,-0.14617076516151428,0.30560338497161865
0,s_curve,5.22,4.128350257873535,-0.08694238215684891,0.20999999344348907,0.18088246881961823,0.2386624813079834,-0.3329782783985138,-0.14323487877845764,0.3770993649959564
0,s_curve,5.24,4.121305465698242,-0.08786994963884354,0.20999999344348907,0.17927402257919312,0.2386624813079834,-0.3067581355571747,-0.14013157784938812,0.405527800321579
0,s_curve,5.26,4.11561393737793,-0.0890876054763794,0.20999999344348907,0.17762774229049683,0.2386624813079834,-0.2543342709541321,-0.13801535964012146,0.3385937213897705
0,s_curve,5.28,4.1103739738464355,-0.09046386927366257,0.20999999344348907,0.17565737664699554,0.2386624813079834,-0.25468888878822327,-0.1362801045179367,0.3025016486644745
0,s_curve,5.3,4.104436874389648,-0.09137377887964249,0.20999999344348907,0.17484499514102936,0.2386624813079834,-0.2907779812812805,-0.13377177715301514,0.37578579783439636
0,s_curve,5.32,4.0977606773376465,-0.09157165139913559,0.20999999344348907,0.1759965717792511,0.2386624813079834,-0.27202147245407104,-0.13026215136051178,0.4174654185771942
0,s_curve,5.34,4.090795516967773,-0.09188761562108994,0.20999999344348907,0.17792566120624542,0.2386624813079834,-0.3102925419807434,-0.12669207155704498,0.506588339805603
0,s_curve,5.36,4.0847625732421875,-0.09284348040819168,0.20999999344348907,0.1794821172952652,0.2386624813079834,-0.2524656653404236,-0.12416934967041016,0.4738059937953949
0,s_curve,5.38,4.079791069030762,-0.09504596143960953,0.20999999344348907,0.18053194880485535,0.2386624813079834,-0.27260279655456543,-0.12327165901660919,0.44614800810813904
0,s_curve,5.4,4.075392246246338,-0.09922947734594345,0.20999999344348907,0.18135704100131989,0.2386624813079834,-0.3024372458457947,-0.12434311211109161,0.5117900371551514
0,s_curve,5.42,4.072053909301758,-0.10431183129549026,0.20999999344348907,0.18199299275875092,0.2386624813079834,-0.2507062554359436,-0.1267487108707428,0.41418901085853577
0,s_curve,5.44,4.069108009338379,-0.1095721572637558,0.20999999344348907,0.18353348970413208,0.2386624813079834,-0.2717937231063843,-0.12951891124248505,0.395797461271286
0,s_curve,5.46,4.067132472991943,-0.11726296693086624,0.20999999344348907,0.18526721000671387,0.2386624813079834,-0.2819041311740875,-0.13485239446163177,0.37729910016059875
0,s_curve,5.48,4.065730094909668,-0.12567932903766632,0.20999999344348907,0.18856114149093628,0.2386624813079834,-0.28603672981262207,-0.14110711216926575,0.3574215769767761
0,s_curve,5.5,4.065258026123047,-0.13479050993919373,0.20999999344348907,0.19191892445087433,0.2386624813079834,-0.24695520102977753,-0.1484539806842804,0.331877738237381
0,s_curve,5.5200000000000005,4.064621448516846,-0.1457187980413437,0.20999999344348907,0.19575190544128418,0.2386624813079834,-0.34287044405937195,-0.15722736716270447,0.390549898147583
0,s_curve,5.54,4.063595771789551,-0.1577945500612259,0.20999999344348907,0.20051181316375732,0.2386624813079834,-0.3750811815261841,-0.16674457490444183,0.398357093334198
0,s_curve,5.5600000000000005,4.06233024597168,-0.17050008475780487,0.20999999344348907,0.20506806671619415,0.2386624813079834,-0.39348170161247253,-0.17665554583072662,0.42114922404289246
0,s_curve,5.58,4.059915542602539,-0.182691752910614,0.20999999344348907,0.20826977491378784,0.2386624813079834,-0.4321107268333435,-0.1855049580335617,0.44701850414276123
0,s_curve,5.6000000000000005,4.055514335632324,-0.19373229146003723,0.20999999344348907,0.21026316285133362,0.2386624813079834,-0.4980030059814453,-0.19229987263679504,0.4476974308490753
0,s_curve,5.62,4.049932479858398,-0.20424950122833252,0.20999999344348907,0.21232080459594727,0.2386624813079834,-0.450639009475708,-0.1980080008506775,0.4684326946735382
0,s_curve,5.64,4.046167373657227,-0.2135399878025055,0.20999999344348907,0.2163950353860855,0.2386624813079834,-0.3502599596977234,-0.20369195938110352,0.44539621472358704
0,s_curve,5.66,4.0437445640563965,-0.22192317247390747,0.20999999344348907,0.22008484601974487,0.2386624813079834,-0.28039851784706116,-0.20935730636119843,0.43149226903915405
0,s_curve,5.68,4.043639659881592,-0.22899504005908966,0.20999999344348907,0.2241891771554947,0.2386624813079834,-0.13103613257408142,-0.21520370244979858,0.45060309767723083
0,s_curve,5.7,4.044395446777344,-0.23516303300857544,0.20999999344348907,0.22761887311935425,0.2386624813079834,-0.13079877197742462,-0.2207692265510559,0.480080783367157
0,s_curve,5.72,4.0459513664245605,-0.24083471298217773,0.20999999344348907,0.2293969690799713,0.2386624813079834,-0.06565035879611969,-0.22636081278324127,0.5042576193809509
0,s_curve,5.74,4.047828674316406,-0.2454216480255127,0.20999999344348907,0.22865678369998932,0.2386624813079834,-0.02752339094877243,-0.2312236875295639,0.45711079239845276
0,s_curve,5.76,4.050379753112793,-0.24991297721862793,0.20999999344348907,0.2264654040336609,0.2386624813079834,0.01142190396785736,-0.23637759685516357,0.42367738485336304
0,s_curve,5.78,4.053542137145996,-0.2544655203819275,0.20999999344348907,0.22475801408290863,0.2386624813079834,0.01088106632232666,-0.24191910028457642,0.47600552439689636
0,s_curve,5.8,4.0574445724487305,-0.2596188187599182,0.20999999344348907,0.22055278718471527,0.2386624813079834,0.024550333619117737,-0.248369500041008,0.46508458256721497
0,s_curve,5.82,4.062391757965088,-0.2621895372867584,0.20999999344348907,0.2165198028087616,0.2386624813079834,0.23628978431224823,-0.25323885679244995,0.5030280947685242
0,s_curve,5.84,4.069588661193848,-0.26271679997444153,0.20999999344348907,0.21410952508449554,0.2386624813079834,0.3327431082725525,-0.2576404809951782,0.465370774269104
0,s_curve,5.86,4.076760292053223,-0.2642526924610138,0.20999999344348907,0.20910409092903137,0.2386624813079834,0.23541170358657837,-0.26287031173706055,0.4700039029121399
0,s_curve,5.88,4.084883213043213,-0.2662539482116699,0.20999999344348907,0.20242872834205627,0.2386624813079834,0.33008304238319397,-0.2690122425556183,0.467258095741272
0,s_curve,5.9,4.0959553718566895,-0.26922592520713806,0.20999999344348907,0.19610697031021118,0.2386624813079834,0.42340436577796936,-0.27758798003196716,0.5439677834510803
0,s_curve,5.92,4.108617782592773,-0.271656334400177,0.20999999344348907,0.18766814470291138,0.2386624813079834,0.4498613178730011,-0.2865869402885437,0.4791692793369293
0,s_curve,5.94,4.1177825927734375,-0.2727554440498352,0.20999999344348907,0.17929096519947052,0.2386624813079834,0.26812872290611267,-0.292549192905426,0.4528350234031677
0,s_curve,5.96,4.1218180656433105,-0.2735744118690491,0.20999999344348907,0.17405451834201813,0.2386624813079834,0.036084000021219254,-0.295454204082489,0.5042948126792908
0,s_curve,5.98,4.122212886810303,-0.2756659984588623,0.20999999344348907,0.17279969155788422,0.2386624813079834,-0.08741039782762527,-0.2974177598953247,0.45357275009155273
0,s_curve,6.0,4.118638515472412,-0.2784422039985657,0.20999999344348907,0.1748478263616562,0.2386624813079834,-0.30050772428512573,-0.2977680563926697,0.39395928382873535
0,s_curve,6.0200000000000005,4.112748146057129,-0.2814147472381592,0.20999999344348907,0.17769227921962738,0.2386624813079834,-0.3312374949455261,-0.2970075011253357,0.4003591239452362
0,s_curve,6.04,4.109140872955322,-0.28635546565055847,0.20999999344348907,0.18167005479335785,0.2386624813079834,-0.26522260904312134,-0.299146831035614,0.4412597715854645
0,s_curve,6.0600000000000005,4.106306076049805,-0.2917979657649994,0.20999999344348907,0.185451939702034,0.2386624813079834,-0.2641522288322449,-0.3021302819252014,0.45204097032546997
0,s_curve,6.08,4.103582859039307,-0.29718875885009766,0.20999999344348907,0.18678255379199982,0.2386624813079834,-0.26333341002464294,-0.3051319718360901,0.4478524625301361
0,s_curve,6.1000000000000005,4.100945472717285,-0.303077757358551,0.20999999344348907,0.18562619388103485,0.2386624813079834,-0.2543342709541321,-0.3085968494415283,0.4534863233566284
0,s_curve,6.12,4.100216388702393,-0.3106607496738434,0.20999999344348907,0.18251429498195648,0.2386624813079834,-0.21297112107276917,-0.31452640891075134,0.48479288816452026
0,s_curve,6.140000000000001,4.101140022277832,-0.3178378641605377,0.20999999344348907,0.17914293706417084,0.2386624813079834,-0.13914190232753754,-0.32102683186531067,0.5526152849197388
0,s_curve,6.16,4.101735591888428,-0.3264685571193695,0.20999999344348907,0.17570281028747559,0.2386624813079834,-0.1985318660736084,-0.3285602331161499,0.544370710849762
0,s_curve,6.18,4.104140281677246,-0.3369583189487457,0.20999999344348907,0.17172017693519592,0.2386624813079834,-0.16213172674179077,-0.338641494512558,0.5652167201042175
0,s_curve,6.2,4.107176780700684,-0.34626972675323486,0.20999999344348907,0.16687943041324615,0.2386624813079834,-0.11959739774465561,-0.34808677434921265,0.5319136381149292
0,s_curve,6.22,4.109534740447998,-0.354828417301178,0.20999999344348907,0.1584155559539795,0.2386624813079834,-0.13837525248527527,-0.35653015971183777,0.5427911877632141
0,s_curve,6.24,4.111690521240234,-0.3646159768104553,0.20999999344348907,0.15156427025794983,0.2386624813079834,-0.20374678075313568,-0.36588817834854126,0.5209464430809021
0,s_curve,6.26,4.11332368850708,-0.3759768605232239,0.20999999344348907,0.1472746729850769,0.2386624813079834,-0.24676479399204254,-0.3762720823287964,0.5386511087417603
0,s_curve,6.28,4.113033771514893,-0.38628628849983215,0.20999999344348907,0.14311370253562927,0.2386624813079834,-0.31924155354499817,-0.3847196102142334,0.5918528437614441
0,s_curve,6.3,4.110629558563232,-0.395525187253952,0.20999999344348907,0.13973714411258698,0.2386624813079834,-0.35416698455810547,-0.3911095857620239,0.52983158826828
0,s_curve,6.32,4.107048511505127,-0.40499967336654663,0.20999999344348907,0.13625456392765045,0.2386624813079834,-0.419161319732666,-0.3970485031604767,0.4900621175765991
0,s_curve,6.34,4.102210998535156,-0.41199275851249695,0.20999999344348907,0.1318671703338623,0.2386624813079834,-0.38020429015159607,-0.40022411942481995,0.5719955563545227
0,s_curve,6.36,4.096388816833496,-0.4177311956882477,0.20999999344348907,0.12464198470115662,0.2386624813079834,-0.4276049733161926,-0.40181028842926025,0.5703593492507935
0,s_curve,6.38,4.088749885559082,-0.4233500063419342,0.20999999344348907,0.11664987355470657,0.2386624813079834,-0.5246134996414185,-0.4022965431213379,0.5608537793159485
1,s_curve,0.0,0.0,0.0,0.20999999344348907,0.3499999940395355,0.4780856668949127,0.0,0.0,0.0
1,s_curve,0.02,-0.0008583022281527519,0.0003576548187993467,0.20999999344348907,0.34459108114242554,0.4780856668949127,-0.04648358002305031,0.0007710378849878907,0.4892638325691223
1,s_curve,0.04,-0.0011500483378767967,0.00010745591134764254,0.20999999344348907,0.33479559421539307,0.4780856668949127,0.003778694197535515,0.0007227397873066366,0.3350506126880646
1,s_curve,0.06,-0.001155119389295578,-0.00013464124640449882,0.20999999344348907,0.3220405578613281,0.4780856668949127,-0.008096465840935707,0.0005234095151536167,0.4067777395248413
1,s_curve,0.08,-0.001041242852807045,-5.576422336162068e-05,0.20999999344348907,0.306292325258255,0.4780856668949127,0.007022376172244549,0.0005265805521048605,0.42702776193618774
1,s_curve,0.1,-0.0012547392398118973,-7.980398368090391e-05,0.20999999344348907,0.28811967372894287,0.4780856668949127,-0.01606583595275879,0.0006240261718630791,0.4290095269680023
1,s_curve,0.12,-0.0009173527359962463,-0.0003077775181736797,0.20999999344348907,0.2661154866218567,0.4780856668949127,0.02446582354605198,0.00024798669619485736,0.5467978715896606
1,s_curve,0.14,-0.0006269123405218124,5.00697351526469e-05,0.20999999344348907,0.23995453119277954,0.4780856668949127,0.01659524068236351,0.00038687681080773473,0.5495081543922424
1,s_curve,0.16,-0.0006561726331710815,6.46896951366216e-05,0.20999999344348907,0.2098996937274933,0.4780856668949127,-0.008850309066474438,0.00041518855141475797,0.522070050239563
1,s_curve,0.18,-0.0009177429601550102,0.0008392682648263872,0.20999999344348907,0.17894327640533447,0.4780856668949127,0.0215743575245142,0.001205844571813941,0.5117822289466858
1,s_curve,0.2,-0.0012465566396713257,0.0032872913870960474,0.20999999344348907,0.1564951092004776,0.4780856668949127,0.08304384350776672,0.003430635202676058,0.6327687501907349
1,s_curve,0.22,-0.0009660320356488228,0.00646597146987915,0.20999999344348907,0.1436595320701599,0.4780856668949127,0.11748769134283066,0.005930033978074789,0.6278088092803955
1,s_curve,0.24,6.07101246714592e-05,0.008858541958034039,0.20999999344348907,0.13967439532279968,0.4780856668949127,0.10138145089149475,0.00736238295212388,0.6403837203979492
1,s_curve,0.26,0.0027708038687705994,0.011504387483000755,0.20999999344348907,0.1426829695701599,0.4780856668949127,0.24095895886421204,0.008079608902335167,0.6542115807533264
1,s_curve,0.28,0.00797777809202671,0.014919213950634003,0.20999999344348907,0.15107634663581848,0.4780856668949127,0.3631758689880371,0.008064469322562218,0.6641090512275696
1,s_curve,0.3,0.015878865495324135,0.018813641741871834,0.20999999344348907,0.16258327662944794,0.4780856668949127,0.48519784212112427,0.006966804154217243,0.6534484624862671
1,s_curve,0.32,0.025946475565433502,0.022928552702069283,0.20999999344348907,0.17402105033397675,0.4780856668949127,0.5463728308677673,0.004835928790271282,0.6224706768989563
1,s_curve,0.34,0.03779003769159317,0.027103962376713753,0.20999999344348907,0.1840057373046875,0.4780856668949127,0.6315137147903442,0.001824903767555952,0.5489930510520935
1,s_curve,0.36,0.05106682702898979,0.030596768483519554,0.20999999344348907,0.19178704917430878,0.4780856668949127,0.6473932266235352,-0.0025434179697185755,0.5105462670326233
1,s_curve,0.38,0.06423407793045044,0.03424260392785072,0.20999999344348907,0.1957627534866333,0.4780856668949127,0.6320109367370605,-0.006808324716985226,0.42319148778915405
1,s_curve,0.4,0.07632198929786682,0.03789037466049194,0.20999999344348907,0.19564874470233917,0.4780856668949127,0.5803872346878052,-0.010350458323955536,0.33962514996528625
1,s_curve,0.42,0.08763100951910019,0.04197872057557106,0.20999999344348907,0.19249199330806732,0.4780856668949127,0.5772570371627808,-0.013098271563649178,0.3320971131324768
1,s_curve,0.44,0.09896165132522583,0.04600014165043831,0.20999999344348907,0.18650765717029572,0.4780856668949127,0.59074866771698,-0.015913963317871094,0.5153958797454834
1,s_curve,0.46,0.11115281283855438,0.049796149134635925,0.20999999344348907,0.17896167933940887,0.4780856668949127,0.6275966763496399,-0.01951482519507408,0.6261839270591736
1,s_curve,0.48,0.12410043925046921,0.052863191813230515,0.20999999344348907,0.1710367053747177,0.4780856668949127,0.6137674450874329,-0.02394425868988037,0.6065228581428528
1,s_curve,0.5,0.13728618621826172,0.055776119232177734,0.20999999344348907,0.16278721392154694,0.4780856668949127,0.6206625699996948,-0.02863217145204544,0.48550480604171753
1,s_curve,0.52,0.14928698539733887,0.05897007882595062,0.20999999344348907,0.1544024497270584,0.4780856668949127,0.5753223896026611,-0.03244239091873169,0.41064971685409546
1,s_curve,0.54,0.16051653027534485,0.06318072229623795,0.20999999344348907,0.14771316945552826,0.4780856668949127,0.6131962537765503,-0.03513968363404274,0.49309390783309937
1,s_curve,0.56,0.17258132994174957,0.06931376457214355,0.20999999344348907,0.14243613183498383,0.4780856668949127,0.7340478897094727,-0.03641463443636894,0.5658641457557678
1,s_curve,0.58,0.18597546219825745,0.0766676589846611,0.20999999344348907,0.13973234593868256,0.4780856668949127,0.8118959665298462,-0.037369582802057266,0.6586036086082458
1,s_curve,0.6,0.20188835263252258,0.08509061485528946,0.20999999344348907,0.13967570662498474,0.4780856668949127,0.9869621992111206,-0.038972754031419754,0.7286899089813232
1,s_curve,0.62,0.22082148492336273,0.09537981450557709,0.20999999344348907,0.141719251871109,0.4780856668949127,1.1020081043243408,-0.040214329957962036,0.8010032773017883
1,s_curve,0.64,0.24136541783809662,0.10474058985710144,0.20999999344348907,0.14682988822460175,0.4780856668949127,1.1583276987075806,-0.043094176799058914,0.7938877940177917
1,s_curve,0.66,0.26434335112571716,0.11433844268321991,0.20999999344348907,0.15233144164085388,0.4780856668949127,1.2564289569854736,-0.04705934599041939,0.7076077461242676
1,s_curve,0.68,0.2873154580593109,0.12368246912956238,0.20999999344348907,0.15725381672382355,0.4780856668949127,1.2037431001663208,-0.05124840885400772,0.6088058352470398
1,s_curve,0.7000000000000001,0.30954620242118835,0.13258212804794312,0.20999999344348907,0.16273492574691772,0.4780856668949127,1.1865317821502686,-0.05484005808830261,0.5836313366889954
1,s_curve,0.72,0.331869900226593,0.1420653909444809,0.20999999344348907,0.1686789095401764,0.4780856668949127,1.2342346906661987,-0.05827309191226959,0.5870314240455627
1,s_curve,0.74,0.3547721207141876,0.15213032066822052,0.20999999344348907,0.17503342032432556,0.4780856668949127,1.2786520719528198,-0.06082819029688835,0.5412431955337524
1,s_curve,0.76,0.3789695203304291,0.1632632613182068,0.20999999344348907,0.18128865957260132,0.4780856668949127,1.3854596614837646,-0.06332240253686905,0.5456196069717407
1,s_curve,0.78,0.40467870235443115,0.17585626244544983,0.20999999344348907,0.18607650697231293,0.4780856668949127,1.4644191265106201,-0.06458036601543427,0.5309969782829285
1,s_curve,0.8,0.43111827969551086,0.1886681318283081,0.20999999344348907,0.18858815729618073,0.4780856668949127,1.466435432434082,-0.06599469482898712,0.4768636226654053
1,s_curve,0.8200000000000001,0.45792484283447266,0.20054860413074493,0.20999999344348907,0.18916422128677368,0.4780856668949127,1.4485560655593872,-0.06815235316753387,0.2873937785625458
1,s_curve,0.84,0.48427581787109375,0.2115439772605896,0.20999999344348907,0.18778572976589203,0.4780856668949127,1.419478416442871,-0.0699833482503891,0.40626516938209534
1,s_curve,0.86,0.5099198818206787,0.22326219081878662,0.20999999344348907,0.18537338078022003,0.4780856668949127,1.4092148542404175,-0.07087277621030807,0.5533515214920044
1,s_curve,0.88,0.5354540944099426,0.23439261317253113,0.20999999344348907,0.18475651741027832,0.4780856668949127,1.410759449005127,-0.07196641713380814,0.6693059206008911
1,s_curve,0.9,0.562217652797699,0.24415135383605957,0.20999999344348907,0.18509480357170105,0.4780856668949127,1.453043818473816,-0.07372263818979263,0.7515038847923279
1,s_curve,0.92,0.5908387303352356,0.25330066680908203,0.20999999344348907,0.18548642098903656,0.4780856668949127,1.5261536836624146,-0.07674774527549744,0.723084032535553
1,s_curve,0.9400000000000001,0.6191855072975159,0.2623642683029175,0.20999999344348907,0.184444397687912,0.4780856668949127,1.4575128555297852,-0.07926351577043533,0.6739486455917358
1,s_curve,0.96,0.6475694179534912,0.2706829905509949,0.20999999344348907,0.18134495615959167,0.4780856668949127,1.4919344186782837,-0.08133102208375931,0.6273822784423828
1,s_curve,0.98,0.6753103137016296,0.2776770293712616,0.20999999344348907,0.17688165605068207,0.4780856668949127,1.3751983642578125,-0.08417842537164688,0.5657690763473511
1,s_curve,1.0,0.7013109922409058,0.28312286734580994,0.20999999344348907,0.1727035492658615,0.4780856668949127,1.291738510131836,-0.08746995031833649,0.5067819952964783
1,s_curve,1.02,0.7263570427894592,0.28750288486480713,0.1704999953508377,0.16925759613513947,0.4780856668949127,1.256293535232544,-0.09111518412828445,0.4894050657749176
1,s_curve,1.04,0.7504783272743225,0.29092347621917725,0.1704999953508377,0.1672111302614212,0.4780856668949127,1.2086902856826782,-0.09391900897026062,0.5318377017974854
1,s_curve,1.06,0.7753939628601074,0.29307693243026733,0.1704999953508377,0.16665242612361908,0.4780856668949127,1.2802244424819946,-0.09844138473272324,0.574054479598999
1,s_curve,1.08,0.8021863102912903,0.29481926560401917,0.1704999953508377,0.1658591330051422,0.4780856668949127,1.3705140352249146,-0.1025833934545517,0.5730952024459839
1,s_curve,1.1,0.8302615880966187,0.29630303382873535,0.1704999953508377,0.16393403708934784,0.4780856668949127,1.3984605073928833,-0.10691437125205994,0.5034500360488892
1,s_curve,1.12,0.858684241771698,0.2977341413497925,0.1704999953508377,0.16092553734779358,0.4780856668949127,1.4008090496063232,-0.11061997711658478,0.3260157108306885
1,s_curve,1.1400000000000001,0.8862688541412354,0.30018705129623413,0.1704999953508377,0.15844973921775818,0.4780856668949127,1.3619872331619263,-0.11242350935935974,0.2627785801887512
1,s_curve,1.16,0.9123969674110413,0.30387067794799805,0.1704999953508377,0.1570538580417633,0.4780856668949127,1.2883098125457764,-0.11212969571352005,0.3376922905445099
1,s_curve,1.18,0.9381560683250427,0.3087315559387207,0.1704999953508377,0.15674591064453125,0.4780856668949127,1.3132123947143555,-0.10887411236763,0.45491188764572144
1,s_curve,1.2,0.9643842577934265,0.3136100471019745,0.1704999953508377,0.1577458530664444,0.4780856668949127,1.3500430583953857,-0.1056293398141861,0.6007305979728699
1,s_curve,1.22,0.9919328689575195,0.31798526644706726,0.1704999953508377,0.1589994728565216,0.4780856668949127,1.4004030227661133,-0.10215993970632553,0.7068940997123718
1,s_curve,1.24,1.0197041034698486,0.3217431306838989,0.1704999953508377,0.15904995799064636,0.4780856668949127,1.3201500177383423,-0.0984983742237091,0.7117953896522522
1,s_curve,1.26,1.0444152355194092,0.3232143819332123,0.1704999953508377,0.1599406898021698,0.4780856668949127,1.1693321466445923,-0.09549892693758011,0.5951691269874573
1,s_curve,1.28,1.067267894744873,0.32246318459510803,0.1704999953508377,0.1611909121274948,0.4780856668949127,1.1235090494155884,-0.0950341746211052,0.49668264389038086
1,s_curve,1.3,1.0891308784484863,0.31999021768569946,0.1704999953508377,0.1627427637577057,0.4780856668949127,1.0852073431015015,-0.09524998068809509,0.4934576153755188
1,s_curve,1.32,1.1104732751846313,0.31662166118621826,0.1704999953508377,0.16458673775196075,0.4780856668949127,1.089786410331726,-0.09631775319576263,0.49276265501976013
1,s_curve,1.34,1.132207989692688,0.31317952275276184,0.1704999953508377,0.16585609316825867,0.4780856668949127,1.1174565553665161,-0.09710924327373505,0.5174593329429626
1,s_curve,1.36,1.1544145345687866,0.30939459800720215,0.1704999953508377,0.16732484102249146,0.4780856668949127,1.1670758724212646,-0.09681248664855957,0.5946393609046936
1,s_curve,1.3800000000000001,1.1783230304718018,0.304242879152298,0.1704999953508377,0.1695801019668579,0.4780856668949127,1.2718201875686646,-0.09763675928115845,0.6264283657073975
1,s_curve,1.4000000000000001,1.204146146774292,0.29791712760925293,0.1704999953508377,0.17167049646377563,0.4780856668949127,1.3541465997695923,-0.09865261614322662,0.5220518112182617
1,s_curve,1.42,1.2308231592178345,0.2913573980331421,0.1704999953508377,0.17239347100257874,0.4780856668949127,1.3675559759140015,-0.0982377678155899,0.3166525065898895
1,s_curve,1.44,1.257512092590332,0.28532537817955017,0.1704999953508377,0.17233259975910187,0.4780856668949127,1.3726352453231812,-0.09717264026403427,0.42266297340393066
1,s_curve,1.46,1.2848424911499023,0.27994003891944885,0.1704999953508377,0.17214301228523254,0.4780856668949127,1.3985512256622314,-0.09471695870161057,0.516261875629425
1,s_curve,1.48,1.3126976490020752,0.275269478559494,0.1704999953508377,0.17135663330554962,0.4780856668949127,1.3749967813491821,-0.09084327518939972,0.5562262535095215
1,s_curve,1.5,1.339935541152954,0.2714146375656128,0.1704999953508377,0.16879306733608246,0.4780856668949127,1.316244125366211,-0.08498874306678772,0.6574034094810486
1,s_curve,1.52,1.3671361207962036,0.2666092813014984,0.1704999953508377,0.16596323251724243,0.4780856668949127,1.3789937496185303,-0.08016104996204376,0.6881462931632996
1,s_curve,1.54,1.3941905498504639,0.2601976692676544,0.1704999953508377,0.1636570543050766,0.4780856668949127,1.3306843042373657,-0.07644419372081757,0.6811751127243042
1,s_curve,1.56,1.4189693927764893,0.253463476896286,0.1704999953508377,0.16095592081546783,0.4780856668949127,1.2215147018432617,-0.07270928472280502,0.5924639701843262
1,s_curve,1.58,1.441588282585144,0.24603889882564545,0.1704999953508377,0.15850262343883514,0.4780856668949127,1.154591679573059,-0.07072879374027252,0.538093090057373
1,s_curve,1.6,1.4630117416381836,0.23831318318843842,0.1704999953508377,0.15712764859199524,0.4780856668949127,1.13577401638031,-0.06867451965808868,0.5341795682907104
1,s_curve,1.62,1.484636902809143,0.2299828976392746,0.25,0.15739789605140686,0.4780856668949127,1.175934076309204,-0.06724321842193604,0.5653248429298401
1,s_curve,1.6400000000000001,1.507527470588684,0.22116073966026306,0.25,0.15788334608078003,0.4780856668949127,1.2667531967163086,-0.06499897688627243,0.632380485534668
1,s_curve,1.6600000000000001,1.5324896574020386,0.2120853066444397,0.25,0.15793874859809875,0.4780856668949127,1.3635400533676147,-0.062049053609371185,0.6482171416282654
1,s_curve,1.68,1.5597736835479736,0.20185762643814087,0.25,0.1585134118795395,0.4780856668949127,1.4761978387832642,-0.05877963826060295,0.5822397470474243
1,s_curve,1.7,1.588305115699768,0.19172824919223785,0.25,0.1590135544538498,0.4780856668949127,1.4871742725372314,-0.054007288068532944,0.49958693981170654
1,s_curve,1.72,1.6169756650924683,0.18255406618118286,0.25,0.15934541821479797,0.4780856668949127,1.442425012588501,-0.04832049459218979,0.5323231816291809
1,s_curve,1.74,1.6450227499008179,0.174546018242836,0.25,0.15947377681732178,0.4780856668949127,1.3954534530639648,-0.041681788861751556,0.588594913482666
1,s_curve,1.76,1.6734302043914795,0.16671720147132874,0.25,0.1603453904390335,0.4780856668949127,1.4595911502838135,-0.03403719887137413,0.6806246638298035
1,s_curve,1.78,1.7023674249649048,0.15747271478176117,0.25,0.16139213740825653,0.4780856668949127,1.5116467475891113,-0.027399355545639992,0.7370513081550598
1,s_curve,1.8,1.7315841913223267,0.1467970609664917,0.25,0.16108424961566925,0.4780856668949127,1.5244719982147217,-0.021624639630317688,0.785468578338623
1,s_curve,1.82,1.760195016860962,0.13621081411838531,0.25,0.1585063934326172,0.4780856668949127,1.4608032703399658,-0.015532182529568672,0.7809932827949524
1,s_curve,1.84,1.7872192859649658,0.12473803758621216,0.25,0.15520769357681274,0.4780856668949127,1.4248003959655762,-0.011104496195912361,0.6228804588317871
1,s_curve,1.86,1.8127028942108154,0.1128452867269516,0.25,0.15171703696250916,0.4780856668949127,1.3725005388259888,-0.007514630444347858,0.5602431297302246
1,s_curve,1.8800000000000001,1.8373321294784546,0.1008031889796257,0.25,0.14853043854236603,0.4780856668949127,1.3689769506454468,-0.004510208033025265,0.5620426535606384
1,s_curve,1.9000000000000001,1.8624086380004883,0.08844926953315735,0.25,0.1466280072927475,0.4780856668949127,1.4014105796813965,-0.0014342088252305984,0.6008914113044739
1,s_curve,1.92,1.887323260307312,0.0758223608136177,0.25,0.1460152268409729,0.4780856668949127,1.4019619226455688,0.0015863911248743534,0.6285377740859985
1,s_curve,1.94,1.9128388166427612,0.06191837415099144,0.25,0.14657306671142578,0.4780856668949127,1.4987058639526367,0.0038247322663664818,0.6305819749832153
1,s_curve,1.96,1.9399617910385132,0.046043988317251205,0.25,0.1479019969701767,0.4780856668949127,1.6206953525543213,0.005444034934043884,0.645198404788971
1,s_curve,1.98,1.9677289724349976,0.028742467984557152,0.25,0.14862161874771118,0.4780856668949127,1.5999815464019775,0.006233399733901024,0.5702168345451355
1,s_curve,2.0,1.9942578077316284,0.012645564042031765,0.25,0.14908765256404877,0.4780856668949127,1.4860116243362427,0.007396818138659,0.5876412987709045
1,s_curve,2.02,2.019758939743042,-0.000550663098692894,0.25,0.14991021156311035,0.4780856668949127,1.3945984840393066,0.010416323319077492,0.6456080079078674
1,s_curve,2.04,2.0453295707702637,-0.012303236871957779,0.25,0.15113621950149536,0.4780856668949127,1.417648196220398,0.014685318805277348,0.6691635847091675
1,s_curve,2.06,2.0722298622131348,-0.024773215875029564,0.25,0.15251769125461578,0.4780856668949127,1.5125911235809326,0.01910707727074623,0.65854811668396
1,s_curve,2.08,2.100167751312256,-0.03830767795443535,0.25,0.15240070223808289,0.4780856668949127,1.5493407249450684,0.02301762066781521,0.6858168244361877
1,s_curve,2.1,2.128913402557373,-0.051126278936862946,0.25,0.15044520795345306,0.4780856668949127,1.5442396402359009,0.028009988367557526,0.650154709815979
1,s_curve,2.12,2.1576380729675293,-0.0632862001657486,0.25,0.14709393680095673,0.4780856668949127,1.5054833889007568,0.033333562314510345,0.5554397106170654
1,s_curve,2.14,2.184413433074951,-0.07566165924072266,0.25,0.14403393864631653,0.4780856668949127,1.4321060180664062,0.037383582442998886,0.5622800588607788
1,s_curve,2.16,2.209038734436035,-0.08927593380212784,0.1704999953508377,0.1421184092760086,0.4780856668949127,1.3935821056365967,0.039187297224998474,0.6276767253875732
1,s_curve,2.18,2.2313051223754883,-0.1046767383813858,0.1704999953508377,0.1410926729440689,0.4780856668949127,1.3302953243255615,0.037843409925699234,0.6113640666007996
1,s_curve,2.2,2.2529456615448,-0.1211354210972786,0.1704999953508377,0.14229053258895874,0.4780856668949127,1.4058270454406738,0.0353422537446022,0.7199521064758301
1,s_curve,2.22,2.2760825157165527,-0.14039090275764465,0.1704999953508377,0.14616240561008453,0.4780856668949127,1.5540077686309814,0.031151968985795975,0.6941781640052795
1,s_curve,2.24,2.30062198638916,-0.1620665192604065,0.1704999953508377,0.15006764233112335,0.4780856668949127,1.6058716773986816,0.024898994714021683,0.6281787753105164
1,s_curve,2.2600000000000002,2.3238327503204346,-0.1830836683511734,0.1704999953508377,0.15321555733680725,0.4780856668949127,1.4679224491119385,0.01863492839038372,0.49221986532211304
1,s_curve,2.2800000000000002,2.346135139465332,-0.20103149116039276,0.1704999953508377,0.15567247569561005,0.4780856668949127,1.384688138961792,0.014038806781172752,0.5550358295440674
1,s_curve,2.3000000000000003,2.3688459396362305,-0.21615400910377502,0.1704999953508377,0.15825144946575165,0.4780856668949127,1.3629937171936035,0.012043556198477745,0.5722239017486572
1,s_curve,2.32,2.3926422595977783,-0.22979915142059326,0.1704999953508377,0.1615712195634842,0.4780856668949127,1.3906729221343994,0.01173725537955761,0.5985649824142456
1,s_curve,2.34,2.4177842140197754,-0.2423933744430542,0.1704999953508377,0.16578823328018188,0.4780856668949127,1.4341778755187988,0.012189416214823723,0.6201114654541016
1,s_curve,2.36,2.4444687366485596,-0.2541869580745697,0.1704999953508377,0.17185376584529877,0.4780856668949127,1.4950426816940308,0.014109534211456776,0.6455703973770142
1,s_curve,2.38,2.4724912643432617,-0.26654279232025146,0.1704999953508377,0.1775737851858139,0.4780856668949127,1.5538043975830078,0.015827691182494164,0.5936246514320374
1,s_curve,2.4,2.501234769821167,-0.2797538936138153,0.1704999953508377,0.18121124804019928,0.4780856668949127,1.5863611698150635,0.01600499451160431,0.4458687901496887
1,s_curve,2.42,2.5302720069885254,-0.2927324175834656,0.1704999953508377,0.18243062496185303,0.4780856668949127,1.5862351655960083,0.016420941799879074,0.42501431703567505
1,s_curve,2.44,2.55876088142395,-0.30570921301841736,0.1704999953508377,0.18362408876419067,0.4780856668949127,1.5520734786987305,0.016136597841978073,0.4972490072250366
1,s_curve,2.46,2.5869510173797607,-0.3178107738494873,0.1704999953508377,0.1866273730993271,0.4780856668949127,1.5457326173782349,0.01606929488480091,0.6366392970085144
1,s_curve,2.48,2.6163103580474854,-0.329076886177063,0.1704999953508377,0.19009870290756226,0.4780856668949127,1.6132464408874512,0.01571236550807953,0.7055389285087585
1,s_curve,2.5,2.6482977867126465,-0.3399430513381958,0.1704999953508377,0.19413816928863525,0.4780856668949127,1.7653592824935913,0.01655270904302597,0.7423739433288574
1,s_curve,2.52,2.6833252906799316,-0.3515724241733551,0.1704999953508377,0.1994255781173706,0.4780856668949127,1.891302466392517,0.016737807542085648,0.6494371294975281
1,s_curve,2.54,2.718360185623169,-0.36422601342201233,0.1704999953508377,0.20300401747226715,0.4780856668949127,1.8256773948669434,0.014870028011500835,0.49668359756469727
1,s_curve,2.56,2.751430034637451,-0.3751230835914612,0.1704999953508377,0.20472072064876556,0.4780856668949127,1.6871131658554077,0.013144122436642647,0.530751645565033
1,s_curve,2.58,2.783271074295044,-0.3832252323627472,0.1704999953508377,0.20678246021270752,0.4780856668949127,1.6315841674804688,0.012922869995236397,0.5681330561637878
1,s_curve,2.6,2.8153743743896484,-0.3893715441226959,0.1704999953508377,0.2096896469593048,0.4780856668949127,1.6740983724594116,0.012688448652625084,0.5532081127166748
1,s_curve,2.62,2.8495826721191406,-0.39571377635002136,0.1704999953508377,0.2131282091140747,0.4780856668949127,1.7945839166641235,0.012342885136604309,0.5135534405708313
1,s_curve,2.64,2.885749578475952,-0.4019601047039032,0.1704999953508377,0.21480432152748108,0.4780856668949127,1.8530702590942383,0.011134721338748932,0.4844987690448761
1,s_curve,2.66,2.9222488403320312,-0.40692049264907837,0.25,0.21384337544441223,0.4780856668949127,1.8160227537155151,0.009888270869851112,0.3757367730140686
1,s_curve,2.68,2.957908868789673,-0.41014960408210754,0.25,0.21037600934505463,0.4780856668949127,1.7810723781585693,0.008976355195045471,0.4663759469985962
1,s_curve,2.7,2.9936633110046387,-0.4127226769924164,0.25,0.20526887476444244,0.4780856668949127,1.7958738803863525,0.007407012395560741,0.5502323508262634
1,s_curve,2.72,3.0297610759735107,-0.4149834215641022,0.25,0.20114286243915558,0.4780856668949127,1.8012334108352661,0.004814123269170523,0.6493229866027832
1,s_curve,2.74,3.0659327507019043,-0.41721779108047485,0.25,0.19744077324867249,0.4780856668949127,1.788091778755188,0.0009170443518087268,0.6284049153327942
1,s_curve,2.7600000000000002,3.1021883487701416,-0.41955626010894775,0.25,0.19307011365890503,0.4780856668949127,1.75466787815094,-0.004387465305626392,0.5720903277397156
1,s_curve,2.7800000000000002,3.138104200363159,-0.4206279516220093,0.25,0.18942630290985107,0.4780856668949127,1.76244056224823,-0.010563592426478863,0.47821244597435
1,s_curve,2.8000000000000003,3.1725094318389893,-0.42058804631233215,0.25,0.1858171820640564,0.4780856668949127,1.6368985176086426,-0.015819596126675606,0.5062835812568665
1,s_curve,2.82,3.2046661376953125,-0.41863763332366943,0.25,0.1817886233329773,0.4780856668949127,1.5777910947799683,-0.019749512895941734,0.6181893944740295
1,s_curve,2.84,3.2361867427825928,-0.4144468903541565,0.25,0.17722314596176147,0.4780856668949127,1.598739743232727,-0.022192951291799545,0.5946786999702454
1,s_curve,2.86,3.2685546875,-0.4083213210105896,0.25,0.17361319065093994,0.4780856668949127,1.692728042602539,-0.023821335285902023,0.6466100811958313
1,s_curve,2.88,3.301891326904297,-0.40073102712631226,0.25,0.17013806104660034,0.4780856668949127,1.7164627313613892,-0.0261136032640934,0.6747937202453613
1,s_curve,2.9,3.3355112075805664,-0.3921152651309967,0.25,0.16418702900409698,0.4780856668949127,1.7170661687850952,-0.02775212936103344,0.6260680556297302
1,s_curve,2.92,3.368173599243164,-0.3840222656726837,0.25,0.1576024293899536,0.4780856668949127,1.626983880996704,-0.030412012711167336,0.5589326024055481
1,s_curve,2.94,3.400115489959717,-0.37477901577949524,0.25,0.15165910124778748,0.4780856668949127,1.6758975982666016,-0.03248424455523491,0.4630120098590851
1,s_curve,2.96,3.4320919513702393,-0.3646971583366394,0.25,0.14733551442623138,0.4780856668949127,1.663818120956421,-0.035122696310281754,0.5242639183998108
1,s_curve,2.98,3.463655471801758,-0.35497453808784485,0.25,0.146026149392128,0.4780856668949127,1.6197047233581543,-0.03820156306028366,0.5845857858657837
1,s_curve,3.0,3.494446277618408,-0.34660664200782776,0.25,0.14755167067050934,0.4780856668949127,1.5382862091064453,-0.0427558571100235,0.6342841386795044
1,s_curve,3.02,3.5253968238830566,-0.33837905526161194,0.25,0.15237970650196075,0.4780856668949127,1.6214003562927246,-0.04798693209886551,0.7221459746360779
1,s_curve,3.04,3.558900833129883,-0.3304976224899292,0.25,0.1595044732093811,0.4780856668949127,1.6937503814697266,-0.055781058967113495,0.6916795969009399
1,s_curve,3.06,3.5925066471099854,-0.32400718331336975,0.25,0.16643314063549042,0.4780856668949127,1.5963292121887207,-0.06494037061929703,0.6016533970832825
1,s_curve,3.08,3.6240437030792236,-0.31789159774780273,0.25,0.17167969048023224,0.4780856668949127,1.485443353652954,-0.07386203110218048,0.5524033308029175
1,s_curve,3.1,3.6537673473358154,-0.3108782172203064,0.25,0.1764553189277649,0.4780856668949127,1.4362801313400269,-0.08194075524806976,0.4874650239944458
1,s_curve,3.12,3.680912733078003,-0.30213356018066406,0.25,0.18163365125656128,0.4780856668949127,1.399063229560852,-0.08723533898591995,0.5046025514602661
1,s_curve,3.14,3.7070353031158447,-0.2910784184932709,0.20999999344348907,0.18776434659957886,0.4780856668949127,1.432861089706421,-0.09020540118217468,0.486674427986145
1,s_curve,3.16,3.732816457748413,-0.2783660590648651,0.20999999344348907,0.1943313628435135,0.4780856668949127,1.449013352394104,-0.09230892360210419,0.47866177558898926
1,s_curve,3.18,3.7589056491851807,-0.2652290463447571,0.20999999344348907,0.20062638819217682,0.4780856668949127,1.4746203422546387,-0.09406118839979172,0.44236668944358826
1,s_curve,3.2,3.785881996154785,-0.25177451968193054,0.20999999344348907,0.2047954797744751,0.4780856668949127,1.5131676197052002,-0.09652174264192581,0.33913490176200867
1,s_curve,3.22,3.813136100769043,-0.23770354688167572,0.20999999344348907,0.20533470809459686,0.4780856668949127,1.531409502029419,-0.09861962497234344,0.22511690855026245
1,s_curve,3.24,3.8403584957122803,-0.22429241240024567,0.20999999344348907,0.20362313091754913,0.4780856668949127,1.4781126976013184,-0.10143259167671204,0.3192281424999237
1,s_curve,3.2600000000000002,3.866485595703125,-0.2110014706850052,0.20999999344348907,0.20341740548610687,0.4780856668949127,1.4525989294052124,-0.10418564081192017,0.46571362018585205
1,s_curve,3.2800000000000002,3.892287254333496,-0.1973581463098526,0.20999999344348907,0.20389822125434875,0.4780856668949127,1.456752061843872,-0.10642340779304504,0.5651156902313232
1,s_curve,3.3000000000000003,3.9180994033813477,-0.1835477203130722,0.20999999344348907,0.20320412516593933,0.4780856668949127,1.459086537361145,-0.10878275334835052,0.6083661317825317
1,s_curve,3.3200000000000003,3.9442198276519775,-0.16917651891708374,0.20999999344348907,0.20263373851776123,0.4780856668949127,1.5172398090362549,-0.11086325347423553,0.627632200717926
2,random_curve,0.0,0.0,0.0,0.25,0.3499999940395355,0.3364245593547821,0.0,0.0,0.0
2,random_curve,0.02,-0.0004443405196070671,-0.0002964563318528235,0.25,0.3448565602302551,0.3364245593547821,-0.035769082605838776,-0.00025961233768612146,0.4549686014652252
2,random_curve,0.04,-0.0004161633551120758,-0.00041308801155537367,0.25,0.3353060483932495,0.3364245593547821,0.02053048089146614,-0.00037813829840160906,0.27822989225387573
2,random_curve,0.06,0.00021844729781150818,-0.0006862455047667027,0.25,0.32298749685287476,0.3364245593547821,0.03432768955826759,-0.0007016424788162112,0.3876745402812958
2,random_curve,0.08,0.00038750842213630676,-0.00042713229777291417,0.25,0.30784881114959717,0.3364245593547821,-0.009066775441169739,-0.0004570252785924822,0.4984719157218933
2,random_curve,0.1,0.000438944436609745,-0.00024707475677132607,0.25,0.2898910641670227,0.3364245593547821,0.01275840774178505,-0.0002817085478454828,0.499175488948822
2,random_curve,0.12,0.0005759904161095619,-0.0004726694314740598,0.25,0.26815065741539,0.3364245593547821,0.0001434768782928586,-0.000517631764523685,0.5175277590751648
2,random_curve,0.14,0.00046840403228998184,-0.0006018149433657527,0.25,0.24145908653736115,0.3364245593547821,-0.006347481161355972,-0.0006376691162586212,0.534126877784729
2,random_curve,0.16,0.0013629831373691559,-0.000600511790253222,0.25,0.21153071522712708,0.3364245593547821,0.09307631850242615,-0.0007085986435413361,0.4675517976284027
2,random_curve,0.18,0.004795590881258249,-0.000775888271164149,0.25,0.18352347612380981,0.3364245593547821,0.22905126214027405,-0.0011605516774579883,0.46657055616378784
2,random_curve,0.2,0.010803158394992352,-0.0015770569443702698,0.25,0.1641390174627304,0.3364245593547821,0.3483129143714905,-0.0024441564455628395,0.61832195520401
2,random_curve,0.22,0.019080713391304016,-0.0025254939682781696,0.25,0.15459878742694855,0.3364245593547821,0.4484225809574127,-0.004057827405631542,0.6139751076698303
2,random_curve,0.24,0.029080744832754135,-0.004050584509968758,0.25,0.15335983037948608,0.3364245593547821,0.5154439806938171,-0.006408843211829662,0.6076692342758179
2,random_curve,0.26,0.041600655764341354,-0.005596893839538097,0.25,0.1580851823091507,0.3364245593547821,0.683418333530426,-0.008935636840760708,0.5521208047866821
2,random_curve,0.28,0.05606285482645035,-0.005876714363694191,0.25,0.1651855856180191,0.3364245593547821,0.7370699644088745,-0.010352721437811852,0.513608455657959
2,random_curve,0.3,0.07116051018238068,-0.0054776170291006565,0.25,0.17110219597816467,0.3364245593547821,0.7553796768188477,-0.011182690970599651,0.4391448497772217
2,random_curve,0.32,0.08625917881727219,-0.005238112062215805,0.25,0.17394600808620453,0.3364245593547821,0.7485517859458923,-0.012070628814399242,0.4150778651237488
2,random_curve,0.34,0.10137326270341873,-0.0046604108065366745,0.25,0.17436470091342926,0.3364245593547821,0.7440050840377808,-0.012741508893668652,0.3550499677658081
2,random_curve,0.36,0.11561767011880875,-0.003090615151450038,0.25,0.17330493032932281,0.3364245593547821,0.6874837875366211,-0.012152069248259068,0.3474080562591553
2,random_curve,0.38,0.12820632755756378,-0.0003858000854961574,0.25,0.17129912972450256,0.3364245593547821,0.6129902601242065,-0.010316755622625351,0.38399916887283325
2,random_curve,0.4,0.14067485928535461,0.0033542662858963013,0.25,0.16820909082889557,0.3364245593547821,0.6614967584609985,-0.00759963970631361,0.5460143685340881
2,random_curve,0.42,0.15557529032230377,0.0069950721226632595,0.25,0.16659466922283173,0.3364245593547821,0.8192441463470459,-0.004867878742516041,0.6922010183334351
2,random_curve,0.44,0.17272265255451202,0.01045306958258152,0.25,0.16836819052696228,0.3364245593547821,0.887043833732605,-0.002454663161188364,0.6531649827957153
2,random_curve,0.46,0.1898684799671173,0.013644136488437653,0.25,0.17048321664333344,0.3364245593547821,0.8455269932746887,-0.0004083869862370193,0.5553038120269775
2,random_curve,0.48,0.20671017467975616,0.0159133393317461,0.25,0.17272493243217468,0.3364245593547821,0.8592164516448975,0.0010043447837233543,0.6071195006370544
2,random_curve,0.5,0.22468037903308868,0.017098424956202507,0.25,0.17748592793941498,0.3364245593547821,0.9499115943908691,0.0010987449204549193,0.5842357873916626
2,random_curve,0.52,0.24481071531772614,0.016648191958665848,0.25,0.1839366853237152,0.3364245593547821,1.0731382369995117,-0.0001365871139569208,0.6787412166595459
2,random_curve,0.54,0.2675912082195282,0.014511983841657639,0.25,0.19046245515346527,0.3364245593547821,1.2007848024368286,-0.0033271266147494316,0.7398287653923035
2,random_curve,0.56,0.2928609549999237,0.011287118308246136,0.25,0.19577421247959137,0.3364245593547821,1.2970426082611084,-0.007199790328741074,0.7076677680015564
2,random_curve,0.58,0.319867342710495,0.007479474414139986,0.25,0.200253427028656,0.3364245593547821,1.3511478900909424,-0.01170478668063879,0.516961932182312
2,random_curve,0.6,0.3459443747997284,0.004046822432428598,0.25,0.20514316856861115,0.3364245593547821,1.2821944952011108,-0.015648195520043373,0.46605944633483887
2,random_curve,0.62,0.37149834632873535,0.0007535133045166731,0.25,0.21222370862960815,0.3364245593547821,1.2924261093139648,-0.018800964578986168,0.5633727312088013
2,random_curve,0.64,0.3981984853744507,-0.0025858250446617603,0.25,0.22217285633087158,0.3364245593547821,1.3773759603500366,-0.022019529715180397,0.56681889295578
2,random_curve,0.66,0.4258682131767273,-0.006290906108915806,0.25,0.236225888133049,0.3364245593547821,1.4186311960220337,-0.025334209203720093,0.649310827255249
2,random_curve,0.68,0.45511046051979065,-0.010312610305845737,0.25,0.2508606016635895,0.3364245593547821,1.5082721710205078,-0.02813664823770523,0.6113791465759277
2,random_curve,0.7000000000000001,0.48552653193473816,-0.014427713118493557,0.25,0.26211631298065186,0.3364245593547821,1.5347192287445068,-0.03084525838494301,0.49510443210601807
2,random_curve,0.72,0.516269326210022,-0.018148723989725113,0.25,0.269402414560318,0.3364245593547821,1.5475306510925293,-0.032713066786527634,0.35294052958488464
2,random_curve,0.74,0.5462908148765564,-0.020898476243019104,0.25,0.27275386452674866,0.3364245593547821,1.4954034090042114,-0.033242084085941315,0.44782644510269165
2,random_curve,0.76,0.576208233833313,-0.023393355309963226,0.25,0.27308160066604614,0.3364245593547821,1.5167666673660278,-0.03268972039222717,0.5750777721405029
2,random_curve,0.78,0.6067219376564026,-0.025597043335437775,0.25,0.2713198661804199,0.3364245593547821,1.5361133813858032,-0.031573228538036346,0.611589252948761
2,random_curve,0.8,0.6373788714408875,-0.02865264005959034,0.25,0.2664230167865753,0.3364245593547821,1.5444512367248535,-0.030834872275590897,0.5925352573394775
2,random_curve,0.8200000000000001,0.6678284406661987,-0.03245280310511589,0.25,0.25841793417930603,0.3364245593547821,1.5231472253799438,-0.0304121021181345,0.4573820233345032
2,random_curve,0.84,0.6976631283760071,-0.03660021349787712,0.25,0.247578427195549,0.3364245593547821,1.4930644035339355,-0.02999722585082054,0.30620160698890686
2,random_curve,0.86,0.7266917824745178,-0.04131993278861046,0.25,0.23431971669197083,0.3364245593547821,1.4403152465820312,-0.029339509084820747,0.41203781962394714
2,random_curve,0.88,0.754984974861145,-0.04535598307847977,0.25,0.22169147431850433,0.3364245593547821,1.4270120859146118,-0.028136158362030983,0.6524146199226379
2,random_curve,0.9,0.7839428186416626,-0.04889316111803055,0.29319998621940613,0.21100057661533356,0.3364245593547821,1.477588176727295,-0.025965873152017593,0.7473746538162231
2,random_curve,0.92,0.8139098286628723,-0.05204953998327255,0.29319998621940613,0.2025952786207199,0.3364245593547821,1.4866058826446533,-0.022462649270892143,0.7250968217849731
2,random_curve,0.9400000000000001,0.8428802490234375,-0.055012721568346024,0.29319998621940613,0.19708842039108276,0.3364245593547821,1.3958405256271362,-0.01886037178337574,0.6274389624595642
2,random_curve,0.96,0.870916485786438,-0.05836343765258789,0.29319998621940613,0.19396838545799255,0.3364245593547821,1.3877862691879272,-0.01556842029094696,0.5848565697669983
2,random_curve,0.98,0.8978256583213806,-0.06281208992004395,0.29319998621940613,0.1923069953918457,0.3364245593547821,1.3216966390609741,-0.013368107378482819,0.5206519365310669
2,random_curve,1.0,0.9231083989143372,-0.06863205879926682,0.29319998621940613,0.19185571372509003,0.3364245593547821,1.2813674211502075,-0.012226235121488571,0.637078046798706
2,random_curve,1.02,0.9476243853569031,-0.07551363855600357,0.29319998621940613,0.1926523894071579,0.3364245593547821,1.2671328783035278,-0.012438427656888962,0.6489050388336182
2,random_curve,1.04,0.9727000594139099,-0.08296028524637222,0.29319998621940613,0.19546601176261902,0.3364245593547821,1.366738200187683,-0.01256612315773964,0.6988301873207092
2,random_curve,1.06,1.000352144241333,-0.09127681702375412,0.29319998621940613,0.19867148995399475,0.3364245593547821,1.4985090494155884,-0.01275772787630558,0.7245736718177795
2,random_curve,1.08,1.029693603515625,-0.1003909781575203,0.29319998621940613,0.19896461069583893,0.3364245593547821,1.5575361251831055,-0.012994925491511822,0.6567039489746094
2,random_curve,1.1,1.0585108995437622,-0.1094905436038971,0.29319998621940613,0.19702135026454926,0.3364245593547821,1.470781922340393,-0.013147804886102676,0.5567272305488586
2,random_curve,1.12,1.0864908695220947,-0.11789331585168839,0.29319998621940613,0.19580599665641785,0.3364245593547821,1.4727771282196045,-0.01248670183122158,0.555361807346344
2,random_curve,1.1400000000000001,1.1154180765151978,-0.126425638794899,0.29319998621940613,0.19666476547718048,0.3364245593547821,1.5513030290603638,-0.011662407778203487,0.6368763446807861
2,random_curve,1.16,1.1460440158843994,-0.13466912508010864,0.29319998621940613,0.1998284012079239,0.3364245593547821,1.6141248941421509,-0.009876362979412079,0.6817387342453003
2,random_curve,1.18,1.1775380373001099,-0.14197631180286407,0.29319998621940613,0.20320773124694824,0.3364245593547821,1.6140245199203491,-0.00672468077391386,0.7401406168937683
2,random_curve,1.2,1.2111414670944214,-0.14927437901496887,0.29319998621940613,0.20735320448875427,0.3364245593547821,1.7795186042785645,-0.002855324186384678,0.7459749579429626
2,random_curve,1.22,1.246769905090332,-0.15703608095645905,0.29319998621940613,0.20951388776302338,0.3364245593547821,1.8133748769760132,0.001290184911340475,0.7077190279960632
2,random_curve,1.24,1.2823289632797241,-0.16412103176116943,0.29319998621940613,0.20841632783412933,0.3364245593547821,1.7889569997787476,0.006072899792343378,0.6402862071990967
2,random_curve,1.26,1.3169877529144287,-0.17157025635242462,0.29319998621940613,0.20874717831611633,0.3364245593547821,1.7449250221252441,0.010194645263254642,0.5985346436500549
2,random_curve,1.28,1.3507232666015625,-0.17833270132541656,0.29319998621940613,0.21387234330177307,0.3364245593547821,1.7079370021820068,0.01460975967347622,0.6289884448051453
2,random_curve,1.3,1.3853341341018677,-0.18524956703186035,0.29319998621940613,0.2219495326280594,0.3364245593547821,1.8144314289093018,0.018881097435951233,0.6580458879470825
2,random_curve,1.32,1.4232125282287598,-0.19202639162540436,0.29319998621940613,0.22881950438022614,0.3364245593547821,1.982007622718811,0.024182245135307312,0.6942315697669983
2,random_curve,1.34,1.4629486799240112,-0.19924534857273102,0.29319998621940613,0.23294050991535187,0.3364245593547821,2.0110578536987305,0.0293209720402956,0.5485091805458069
2,random_curve,1.36,1.5026990175247192,-0.2076074779033661,0.29319998621940613,0.2339305430650711,0.3364245593547821,1.9984253644943237,0.03296332806348801,0.48581865429878235
2,random_curve,1.3800000000000001,1.5412260293960571,-0.21470682322978973,0.29319998621940613,0.23483864963054657,0.3364245593547821,1.9190870523452759,0.03699203580617905,0.649587094783783
2,random_curve,1.4000000000000001,1.579384207725525,-0.22000804543495178,0.29319998621940613,0.2346232533454895,0.3364245593547821,1.9072695970535278,0.0421309657394886,0.6759442687034607
2,random_curve,1.42,1.6181119680404663,-0.2262258231639862,0.1704999953508377,0.23292674124240875,0.3364245593547821,2.0056118965148926,0.04593468829989433,0.6784434914588928
2,random_curve,1.44,1.6583075523376465,-0.23285067081451416,0.1704999953508377,0.22890877723693848,0.3364245593547821,2.027060031890869,0.04897806793451309,0.5942052006721497
2,random_curve,1.46,1.6979293823242188,-0.2390228807926178,0.1704999953508377,0.2215815931558609,0.3364245593547821,1.9582411050796509,0.05152180790901184,0.48911067843437195
2,random_curve,1.48,1.7355992794036865,-0.2469014674425125,0.1704999953508377,0.2146815061569214,0.3364245593547821,1.8837242126464844,0.05116049945354462,0.4776850640773773
2,random_curve,1.5,1.7713041305541992,-0.2564607560634613,0.1704999953508377,0.2098345309495926,0.3364245593547821,1.8096437454223633,0.04796460643410683,0.4954763948917389
2,random_curve,1.52,1.8063278198242188,-0.26627668738365173,0.1704999953508377,0.20790539681911469,0.3364245593547821,1.8307310342788696,0.04358537867665291,0.6559963226318359
2,random_curve,1.54,1.843205451965332,-0.2763689160346985,0.1704999953508377,0.20753072202205658,0.3364245593547821,1.9424805641174316,0.038270365446805954,0.6658706068992615
2,random_curve,1.56,1.8811907768249512,-0.28708910942077637,0.1704999953508377,0.2046271115541458,0.3364245593547821,1.931941032409668,0.031432539224624634,0.6222468018531799
2,random_curve,1.58,1.919248342514038,-0.29850664734840393,0.1704999953508377,0.19871926307678223,0.3364245593547821,1.9190701246261597,0.022840578109025955,0.5347761511802673
2,random_curve,1.6,1.9567760229110718,-0.3091784715652466,0.1704999953508377,0.19099488854408264,0.3364245593547821,1.853752613067627,0.013913693837821484,0.6052039265632629
2,random_curve,1.62,1.99323570728302,-0.31645485758781433,0.1704999953508377,0.18259209394454956,0.3364245593547821,1.8087204694747925,0.007364259101450443,0.6375726461410522
2,random_curve,1.6400000000000001,2.02970290184021,-0.3217606544494629,0.1704999953508377,0.174266055226326,0.3364245593547821,1.8399171829223633,0.0018257570918649435,0.6634100079536438
2,random_curve,1.6600000000000001,2.0669093132019043,-0.3258129060268402,0.1704999953508377,0.16581398248672485,0.3364245593547821,1.8478589057922363,-0.003458593040704727,0.6458225846290588
2,random_curve,1.68,2.10546612739563,-0.3296755254268646,0.1704999953508377,0.1568896472454071,0.3364245593547821,1.9384294748306274,-0.0096536073833704,0.6200854778289795
2,random_curve,1.7,2.1444292068481445,-0.33406856656074524,0.1704999953508377,0.1477426290512085,0.3364245593547821,1.8483608961105347,-0.01743173971772194,0.5685803890228271
2,random_curve,1.72,2.1813595294952393,-0.3385092616081238,0.1704999953508377,0.14001305401325226,0.3364245593547821,1.7558397054672241,-0.02650904655456543,0.5681093335151672
2,random_curve,1.74,2.2169039249420166,-0.34296292066574097,0.1704999953508377,0.13448095321655273,0.3364245593547821,1.6937319040298462,-0.03573620319366455,0.6216456294059753
2,random_curve,1.76,2.2517752647399902,-0.3465843200683594,0.1704999953508377,0.13204644620418549,0.3364245593547821,1.6998484134674072,-0.04473182559013367,0.7243064641952515
2,random_curve,1.78,2.2873919010162354,-0.3502606153488159,0.1704999953508377,0.13248801231384277,0.3364245593547821,1.715855598449707,-0.05456620082259178,0.7663694620132446
2,random_curve,1.8,2.322610378265381,-0.35216620564460754,0.1704999953508377,0.1382746547460556,0.3364245593547821,1.6954530477523804,-0.06321150809526443,0.7640140652656555
2,random_curve,1.82,2.357496976852417,-0.3563648462295532,0.20999999344348907,0.14498557150363922,0.3364245593547821,1.6017323732376099,-0.07458703964948654,0.6872357726097107
2,random_curve,1.84,2.3915231227874756,-0.36140626668930054,0.20999999344348907,0.15264931321144104,0.3364245593547821,1.5411192178726196,-0.08762411773204803,0.5341218709945679
2,random_curve,1.86,2.4228386878967285,-0.36569881439208984,0.20999999344348907,0.15986502170562744,0.3364245593547821,1.4112024307250977,-0.09925273805856705,0.49810025095939636
2,random_curve,1.8800000000000001,2.4514825344085693,-0.3680427372455597,0.20999999344348907,0.16629336774349213,0.3364245593547821,1.319236159324646,-0.10858316719532013,0.5668950080871582
2,random_curve,1.9000000000000001,2.4785821437835693,-0.3684750497341156,0.20999999344348907,0.1725989580154419,0.3364245593547821,1.303666114807129,-0.11636828631162643,0.5988452434539795
2,random_curve,1.92,2.5049798488616943,-0.36725711822509766,0.20999999344348907,0.18060745298862457,0.3364245593547821,1.296191692352295,-0.12224282324314117,0.625565230846405
2,random_curve,1.94,2.532153367996216,-0.36432740092277527,0.20999999344348907,0.19017446041107178,0.3364245593547821,1.3964753150939941,-0.12718674540519714,0.6557314395904541
2,random_curve,1.96,2.5616812705993652,-0.36048388481140137,0.20999999344348907,0.19981031119823456,0.3364245593547821,1.5270668268203735,-0.131967231631279,0.6141449213027954
2,random_curve,1.98,2.593468189239502,-0.3564532995223999,0.20999999344348907,0.2064133733510971,0.3364245593547821,1.5894490480422974,-0.13746477663516998,0.5355148911476135
2,random_curve,2.0,2.625490665435791,-0.35172930359840393,0.20999999344348907,0.20900478959083557,0.3364245593547821,1.5860580205917358,-0.14261282980442047,0.4786912798881531
2,random_curve,2.02,2.6565098762512207,-0.34605905413627625,0.20999999344348907,0.2096472978591919,0.3364245593547821,1.542562484741211,-0.14694315195083618,0.4322216808795929
2,random_curve,2.04,2.6866462230682373,-0.33892810344696045,0.20999999344348907,0.21118083596229553,0.3364245593547821,1.5610026121139526,-0.14960621297359467,0.4212075173854828
2,random_curve,2.06,2.7171385288238525,-0.3296967148780823,0.20999999344348907,0.2116873562335968,0.3364245593547821,1.613874912261963,-0.150526225566864,0.5263272523880005
2,random_curve,2.08,2.748084783554077,-0.31979164481163025,0.20999999344348907,0.21013253927230835,0.3364245593547821,1.6319398880004883,-0.15110525488853455,0.640067994594574
2,random_curve,2.1,2.779693365097046,-0.31007567048072815,0.20999999344348907,0.20669496059417725,0.3364245593547821,1.6634306907653809,-0.15209205448627472,0.6392450332641602
2,random_curve,2.12,2.8125178813934326,-0.29969993233680725,0.20999999344348907,0.20240244269371033,0.3364245593547821,1.7701929807662964,-0.15287525951862335,0.4709688723087311
2,random_curve,2.14,2.8448338508605957,-0.28720855712890625,0.20999999344348907,0.19803021848201752,0.3364245593547821,1.6739479303359985,-0.15148195624351501,0.37489980459213257
2,random_curve,2.16,2.8740901947021484,-0.2742025554180145,0.20999999344348907,0.1937425136566162,0.3364245593547821,1.5525909662246704,-0.14858290553092957,0.47995659708976746
2,random_curve,2.18,2.902024984359741,-0.260284423828125,0.20999999344348907,0.19114479422569275,0.3364245593547821,1.5605183839797974,-0.14418835937976837,0.5743288397789001
2,random_curve,2.2,2.9304144382476807,-0.24578967690467834,0.20999999344348907,0.19247062504291534,0.3364245593547821,1.6195827722549438,-0.13934235274791718,0.6411477327346802
2,random_curve,2.22,2.960361957550049,-0.22964490950107574,0.20999999344348907,0.1965579390525818,0.3364245593547821,1.7185219526290894,-0.13325203955173492,0.6809952259063721
2,random_curve,2.24,2.9917266368865967,-0.21157492697238922,0.20999999344348907,0.19957123696804047,0.3364245593547821,1.7762573957443237,-0.12552602589130402,0.6939674615859985
2,random_curve,2.2600000000000002,3.022761344909668,-0.192734494805336,0.20999999344348907,0.19921992719173431,0.3364245593547821,1.7239067554473877,-0.11667869240045547,0.6504940390586853
2,random_curve,2.2800000000000002,3.0533430576324463,-0.17510882019996643,0.20999999344348907,0.19769048690795898,0.3364245593547821,1.7002440690994263,-0.10854994505643845,0.5876304507255554
2,random_curve,2.3000000000000003,3.0837700366973877,-0.15946808457374573,0.20999999344348907,0.1956910341978073,0.3364245593547821,1.6519724130630493,-0.10160110890865326,0.6000637412071228
2,random_curve,2.32,3.1138575077056885,-0.14526858925819397,0.20999999344348907,0.19544100761413574,0.3364245593547821,1.6351947784423828,-0.09581170231103897,0.6390981674194336
2,random_curve,2.34,3.1442301273345947,-0.13289286196231842,0.20999999344348907,0.19620934128761292,0.3364245593547821,1.6243832111358643,-0.09147615730762482,0.6527882814407349
2,random_curve,2.36,3.1756110191345215,-0.1213170662522316,0.20999999344348907,0.19929856061935425,0.3364245593547821,1.7165807485580444,-0.0877365991473198,0.7370485663414001
2,random_curve,2.38,3.2095816135406494,-0.10912108421325684,0.20999999344348907,0.20386970043182373,0.3364245593547821,1.8381965160369873,-0.08345173299312592,0.5874113440513611
2,random_curve,2.4,3.2445106506347656,-0.09584677964448929,0.20999999344348907,0.20630091428756714,0.3364245593547821,1.7975376844406128,-0.07769449800252914,0.3521496653556824
2,random_curve,2.42,3.277970314025879,-0.08172775059938431,0.20999999344348907,0.20750322937965393,0.3364245593547821,1.7479819059371948,-0.07020685821771622,0.47399967908859253
2,random_curve,2.44,3.310694456100464,-0.06658336520195007,0.20999999344348907,0.2085876613855362,0.3364245593547821,1.7166626453399658,-0.06097651273012161,0.5480690598487854
2,random_curve,2.46,3.3437678813934326,-0.052075330168008804,0.20999999344348907,0.21128341555595398,0.3364245593547821,1.7750840187072754,-0.05133099853992462,0.6627693176269531
2,random_curve,2.48,3.3785316944122314,-0.037963151931762695,0.20999999344348907,0.21355299651622772,0.3364245593547821,1.8477541208267212,-0.04204767197370529,0.6947375535964966
2,random_curve,2.5,3.4150726795196533,-0.023790856823325157,0.20999999344348907,0.21394944190979004,0.3364245593547821,1.9139602184295654,-0.032200854271650314,0.658449113368988
2,random_curve,2.52,3.4518094062805176,-0.008915595710277557,0.20999999344348907,0.21112343668937683,0.3364245593547821,1.8627796173095703,-0.020924609154462814,0.5738324522972107
2,random_curve,2.54,3.4874112606048584,0.004174541682004929,0.20999999344348907,0.20815075933933258,0.3364245593547821,1.803907036781311,-0.010627448558807373,0.568382740020752
2,random_curve,2.56,3.5224521160125732,0.015578202903270721,0.20999999344348907,0.20779761672019958,0.3364245593547821,1.7718292474746704,-0.0013354053953662515,0.5545694828033447
2,random_curve,2.58,3.556910991668701,0.025479227304458618,0.20999999344348907,0.21180647611618042,0.3364245593547821,1.7451061010360718,0.0070712813176214695,0.686893105506897
2,random_curve,2.6,3.5926389694213867,0.03378854691982269,0.20999999344348907,0.21900993585586548,0.3364245593547821,1.8469501733779907,0.014430725015699863,0.707428514957428
2,random_curve,2.62,3.630811929702759,0.04115602746605873,0.20999999344348907,0.22665324807167053,0.3364245593547821,1.953730583190918,0.02143768221139908,0.514097273349762
2,random_curve,2.64,3.669811248779297,0.048300180584192276,0.20999999344348907,0.23245607316493988,0.3364245593547821,1.9030187129974365,0.028842495754361153,0.36976635456085205
2,random_curve,2.66,3.7073090076446533,0.05598723515868187,0.20999999344348907,0.23833169043064117,0.3364245593547821,1.832779049873352,0.037304289638996124,0.44437164068222046
2,random_curve,2.68,3.7439916133880615,0.06352793425321579,0.20999999344348907,0.24521973729133606,0.3364245593547821,1.8219050168991089,0.04605923965573311,0.5480286478996277
2,random_curve,2.7,3.7817366123199463,0.07036329060792923,0.20999999344348907,0.25214365124702454,0.3364245593547821,1.9145714044570923,0.05479877442121506,0.5788402557373047
2,random_curve,2.72,3.8209071159362793,0.07707524299621582,0.20999999344348907,0.2562282681465149,0.3364245593547821,1.9398120641708374,0.0636594370007515,0.5605148077011108
2,random_curve,2.74,3.8602993488311768,0.0839088186621666,0.20999999344348907,0.25649121403694153,0.3364245593547821,1.9423704147338867,0.07299135625362396,0.48951977491378784
2,random_curve,2.7600000000000002,3.899505615234375,0.09156879782676697,0.20999999344348907,0.25341230630874634,0.3364245593547821,1.9251211881637573,0.08340393751859665,0.4599931240081787
2,random_curve,2.7800000000000002,3.936750888824463,0.09791137278079987,0.20999999344348907,0.25047656893730164,0.3364245593547821,1.7739667892456055,0.09254791587591171,0.5986534953117371
3,random_curve,0.0,0.0,0.0,0.1704999953508377,0.3499999940395355,0.30593836307525635,0.0,0.0,0.0
3,random_curve,0.02,-0.0005422616377472878,-0.00012824457371607423,0.1704999953508377,0.3444276452064514,0.30593836307525635,-0.04398159310221672,-0.00010357408609706908,0.4906442165374756
3,random_curve,0.04,-0.0006574569270014763,0.00019465658988337964,0.1704999953508377,0.33452242612838745,0.30593836307525635,0.01710042729973793,0.0002242092596134171,0.3745066523551941
3,random_curve,0.06,-0.0002522803843021393,0.00034900408354587853,0.1704999953508377,0.3230976462364197,0.30593836307525635,0.020385000854730606,0.00036006304435431957,0.4143522381782532
3,random_curve,0.08,-0.000180169939994812,7.554219337180257e-06,0.1704999953508377,0.30791229009628296,0.30593836307525635,-0.005716586485505104,1.5699759387644008e-05,0.5743197798728943
3,random_curve,0.1,-4.3934211134910583e-05,6.734715134371072e-05,0.1704999953508377,0.2892341911792755,0.30593836307525635,0.012554600834846497,6.926633068360388e-05,0.449555367231369
3,random_curve,0.12,8.00546258687973e-05,-0.0001799753081286326,0.1704999953508377,0.26678726077079773,0.30593836307525635,0.001970475073903799,-0.00018341366376262158,0.5444486737251282
3,random_curve,0.14,0.0005190409719944,-0.00026123804855160415,0.1704999953508377,0.24080625176429749,0.30593836307525635,0.027290131896734238,-0.00028445874340832233,0.49312686920166016
3,random_curve,0.16,0.0008643586188554764,-0.0002263638307340443,0.1704999953508377,0.21065104007720947,0.30593836307525635,0.02175663225352764,-0.0002652469847816974,0.5230425596237183
3,random_curve,0.18,0.002256150357425213,-5.461362889036536e-05,0.1704999953508377,0.1795148104429245,0.30593836307525635,0.10528699308633804,-0.0001566558494232595,0.46101313829421997
3,random_curve,0.2,0.005521455314010382,2.7439091354608536e-07,0.1704999953508377,0.15434178709983826,0.30593836307525635,0.21861247718334198,-0.00024958979338407516,0.5086708068847656
3,random_curve,0.22,0.011510960757732391,-0.0005992819205857813,0.1704999953508377,0.1386975646018982,0.30593836307525635,0.3638978898525238,-0.0011195766273885965,0.5884929895401001
3,random_curve,0.24,0.02037600800395012,-0.0020778169855475426,0.1704999953508377,0.1317288875579834,0.30593836307525635,0.4958096742630005,-0.0030597124714404345,0.637586772441864
3,random_curve,0.26,0.03238542377948761,-0.00441773934289813,0.1704999953508377,0.1316610425710678,0.30593836307525635,0.6641881465911865,-0.005903440993279219,0.6362860798835754
3,random_curve,0.28,0.04657521843910217,-0.006982769351452589,0.1704999953508377,0.13585001230239868,0.30593836307525635,0.7095655798912048,-0.009063923731446266,0.6074179410934448
3,random_curve,0.3,0.061544694006443024,-0.009732735343277454,0.1704999953508377,0.14251066744327545,0.30593836307525635,0.7538135647773743,-0.012560251168906689,0.6035652756690979
3,random_curve,0.32,0.07617290318012238,-0.01187506876885891,0.1704999953508377,0.14851392805576324,0.30593836307525635,0.7038406133651733,-0.015226240269839764,0.5054591298103333
3,random_curve,0.34,0.09052793681621552,-0.013168398290872574,0.1704999953508377,0.15348480641841888,0.30593836307525635,0.7032355070114136,-0.01703396812081337,0.44790735840797424
3,random_curve,0.36,0.10347498208284378,-0.013720755465328693,0.1704999953508377,0.1572154015302658,0.30593836307525635,0.5931618213653564,-0.018209416419267654,0.4037103056907654
3,random_curve,0.38,0.11428270488977432,-0.012752418406307697,0.1704999953508377,0.15954579412937164,0.30593836307525635,0.5051828026771545,-0.017529046162962914,0.41657593846321106
3,random_curve,0.4,0.12393693625926971,-0.010487470775842667,0.1704999953508377,0.16005603969097137,0.30593836307525635,0.4695032835006714,-0.015521826222538948,0.4019480049610138
3,random_curve,0.42,0.13376303017139435,-0.00820887926965952,0.1704999953508377,0.15998747944831848,0.30593836307525635,0.5205378532409668,-0.013505540788173676,0.4730680286884308
3,random_curve,0.44,0.14439015090465546,-0.006347083020955324,0.1704999953508377,0.16028426587581635,0.30593836307525635,0.5409841537475586,-0.012121407315135002,0.49782609939575195
3,random_curve,0.46,0.1552782654762268,-0.004417268559336662,0.1704999953508377,0.16010116040706635,0.30593836307525635,0.5451603531837463,-0.010348266921937466,0.5104171633720398
3,random_curve,0.48,0.16631008684635162,-0.0024977554567158222,0.1704999953508377,0.15931977331638336,0.30593836307525635,0.5416796803474426,-0.008587490767240524,0.48622238636016846
3,random_curve,0.5,0.17746327817440033,-0.000892035779543221,0.1704999953508377,0.15792830288410187,0.30593836307525635,0.5796477198600769,-0.007142219692468643,0.5338631272315979
3,random_curve,0.52,0.1897060126066208,4.7262117732316256e-05,0.1704999953508377,0.1569896638393402,0.30593836307525635,0.661175012588501,-0.006534915883094072,0.6057577729225159
3,random_curve,0.54,0.20386672019958496,0.00014525529695674777,0.1704999953508377,0.1560070812702179,0.30593836307525635,0.7523582577705383,-0.0064268154092133045,0.6377056837081909
3,random_curve,0.56,0.21949224174022675,-0.0003391715290490538,0.1704999953508377,0.15412531793117523,0.30593836307525635,0.8265262246131897,-0.006900088395923376,0.6671566367149353
3,random_curve,0.58,0.2369699627161026,-0.0008312180871143937,0.1704999953508377,0.15230369567871094,0.30593836307525635,0.9401803612709045,-0.00743225309997797,0.6955341696739197
3,random_curve,0.6,0.2568315863609314,-0.0008107303874567151,0.1704999953508377,0.15129518508911133,0.30593836307525635,1.0364491939544678,-0.007044598925858736,0.6552066206932068
3,random_curve,0.62,0.2775138020515442,0.00015799657558090985,0.1704999953508377,0.1509753316640854,0.30593836307525635,1.0008256435394287,-0.005740806460380554,0.5191105008125305
3,random_curve,0.64,0.2970120906829834,0.0019560300279408693,0.1704999953508377,0.1511348932981491,0.30593836307525635,0.9594642519950867,-0.0031885134521871805,0.3757888376712799
3,random_curve,0.66,0.31698542833328247,0.0035352506674826145,0.1704999953508377,0.15251202881336212,0.30593836307525635,1.0331624746322632,-0.0009035391267389059,0.48770129680633545
3,random_curve,0.68,0.33859413862228394,0.004473053850233555,0.1704999953508377,0.15493331849575043,0.30593836307525635,1.1171090602874756,0.0013565518893301487,0.5486013293266296
3,random_curve,0.7000000000000001,0.36161893606185913,0.004358598962426186,0.1704999953508377,0.15718761086463928,0.30593836307525635,1.169258952140808,0.002688175532966852,0.6007225513458252
3,random_curve,0.72,0.38485589623451233,0.00443168543279171,0.1704999953508377,0.1585516333580017,0.30593836307525635,1.1306300163269043,0.004342110827565193,0.6475622653961182
3,random_curve,0.74,0.40807610750198364,0.0038859008345752954,0.1704999953508377,0.15925075113773346,0.30593836307525635,1.1716183423995972,0.006399023812264204,0.6941040754318237
3,random_curve,0.76,0.4312519133090973,0.003336847759783268,0.1704999953508377,0.1590999811887741,0.30593836307525635,1.1189314126968384,0.008174335584044456,0.6792657375335693
3,random_curve,0.78,0.45217612385749817,0.0028807497583329678,0.1704999953508377,0.1580439954996109,0.30593836307525635,0.9675076007843018,0.010639854706823826,0.5905088782310486
3,random_curve,0.8,0.4704035818576813,0.0016542051453143358,0.1704999953508377,0.1575842797756195,0.30593836307525635,0.8633942604064941,0.011634440161287785,0.5234808921813965
3,random_curve,0.8200000000000001,0.4866396486759186,-0.0013689197367057204,0.1704999953508377,0.15776537358760834,0.30593836307525635,0.8102928400039673,0.011379105970263481,0.4649028480052948
3,random_curve,0.84,0.50206059217453,-0.006220226176083088,0.1704999953508377,0.15809029340744019,0.30593836307525635,0.8120573163032532,0.008598764427006245,0.5011963844299316
3,random_curve,0.86,0.5180069804191589,-0.011921136640012264,0.1704999953508377,0.1575712412595749,0.30593836307525635,0.8708350658416748,0.006147426553070545,0.5292770862579346
3,random_curve,0.88,0.5348005890846252,-0.01806209608912468,0.1704999953508377,0.15701447427272797,0.30593836307525635,0.9126017093658447,0.003431369550526142,0.5341310501098633
3,random_curve,0.9,0.5525866150856018,-0.024506451562047005,0.1704999953508377,0.15715281665325165,0.30593836307525635,0.9493159055709839,0.0003839986165985465,0.46689337491989136
3,random_curve,0.92,0.5707849264144897,-0.030040575191378593,0.1704999953508377,0.15776288509368896,0.30593836307525635,0.9393802881240845,-0.0008959653787314892,0.43379583954811096
3,random_curve,0.9400000000000001,0.5888586044311523,-0.033983685076236725,0.1704999953508377,0.15846851468086243,0.30593836307525635,0.893247663974762,-0.0009896612027660012,0.4181487262248993
3,random_curve,0.96,0.6063693165779114,-0.03666786849498749,0.1704999953508377,0.15860339999198914,0.30593836307525635,0.8668707013130188,0.0008762530633248389,0.4102077782154083
3,random_curve,0.98,0.6236968040466309,-0.038547102361917496,0.1704999953508377,0.15816885232925415,0.30593836307525635,0.8635213971138,0.0029504145495593548,0.48933345079421997
3,random_curve,1.0,0.6417443156242371,-0.039655737578868866,0.1704999953508377,0.15786072611808777,0.30593836307525635,0.8955724835395813,0.00699589354917407,0.5644758343696594
3,random_curve,1.02,0.6599538922309875,-0.0402369424700737,0.1704999953508377,0.15703146159648895,0.30593836307525635,0.8727722764015198,0.011593107134103775,0.6139474511146545
3,random_curve,1.04,0.6782770156860352,-0.04221935197710991,0.1704999953508377,0.15704061090946198,0.30593836307525635,0.9414740800857544,0.014695202931761742,0.6722925901412964
3,random_curve,1.06,0.6972597241401672,-0.04434552788734436,0.1704999953508377,0.15672817826271057,0.30593836307525635,0.9258345365524292,0.018566912040114403,0.6471046805381775
3,random_curve,1.08,0.7151067852973938,-0.04664468765258789,0.1704999953508377,0.1554672122001648,0.30593836307525635,0.8518286943435669,0.021573392674326897,0.5311752557754517
3,random_curve,1.1,0.731656014919281,-0.05013800784945488,0.1704999953508377,0.15394490957260132,0.30593836307525635,0.8349887132644653,0.023853816092014313,0.4789068102836609
3,random_curve,1.12,0.7474073767662048,-0.05513704568147659,0.1704999953508377,0.1527954339981079,0.30593836307525635,0.8536723256111145,0.024447832256555557,0.5052420496940613
3,random_curve,1.1400000000000001,0.7641001343727112,-0.06195817515254021,0.1704999953508377,0.1527281105518341,0.30593836307525635,0.9582037329673767,0.023526912555098534,0.5727376341819763
3,random_curve,1.16,0.7830607891082764,-0.07015755027532578,0.1704999953508377,0.15312063694000244,0.30593836307525635,1.1007730960845947,0.022730398923158646,0.5967668890953064
3,random_curve,1.18,0.8037175536155701,-0.0795934721827507,0.1704999953508377,0.1528840810060501,0.30593836307525635,1.1522270441055298,0.021280435845255852,0.588951587677002
3,random_curve,1.2,0.8255394697189331,-0.08889520913362503,0.1704999953508377,0.15240861475467682,0.30593836307525635,1.1870490312576294,0.021077029407024384,0.5095710754394531
3,random_curve,1.22,0.8470404148101807,-0.09712845087051392,0.1704999953508377,0.15161748230457306,0.30593836307525635,1.1053094863891602,0.021698346361517906,0.3949865400791168
3,random_curve,1.24,0.8678597807884216,-0.10433750599622726,0.1704999953508377,0.15113584697246552,0.30593836307525635,1.0951652526855469,0.02354748733341694,0.46190914511680603
3,random_curve,1.26,0.8891492486000061,-0.11121795326471329,0.1704999953508377,0.15141692757606506,0.30593836307525635,1.1259889602661133,0.02585083805024624,0.5158933997154236
3,random_curve,1.28,0.9110592603683472,-0.11859229952096939,0.1704999953508377,0.15228179097175598,0.30593836307525635,1.1813066005706787,0.02847566083073616,0.5941654443740845
3,random_curve,1.3,0.934377908706665,-0.12693633139133453,0.1704999953508377,0.15348736941814423,0.30593836307525635,1.2723546028137207,0.030842110514640808,0.6675505638122559
3,random_curve,1.32,0.9586366415023804,-0.1356516033411026,0.1704999953508377,0.1537550836801529,0.30593836307525635,1.2749335765838623,0.03342783451080322,0.7105015516281128
3,random_curve,1.34,0.9816537499427795,-0.1439685970544815,0.1704999953508377,0.15278863906860352,0.30593836307525635,1.1494958400726318,0.036539752036333084,0.6813247799873352
3,random_curve,1.36,1.0028419494628906,-0.15287989377975464,0.1704999953508377,0.15159693360328674,0.30593836307525635,1.1222336292266846,0.0380452461540699,0.5560292601585388
3,random_curve,1.3800000000000001,1.0230120420455933,-0.16205205023288727,0.1704999953508377,0.15025024116039276,0.30593836307525635,1.0920758247375488,0.039416853338479996,0.53618985414505
3,random_curve,1.4000000000000001,1.0425984859466553,-0.1717580109834671,0.1704999953508377,0.14910784363746643,0.30593836307525635,1.1040658950805664,0.03981801122426987,0.5191590189933777
3,random_curve,1.42,1.062324047088623,-0.18185067176818848,0.1704999953508377,0.14851056039333344,0.30593836307525635,1.137026071548462,0.04043637588620186,0.5401249527931213
3,random_curve,1.44,1.0832853317260742,-0.19266316294670105,0.1704999953508377,0.14905668795108795,0.30593836307525635,1.2339389324188232,0.040834154933691025,0.5929321646690369
3,random_curve,1.46,1.106103539466858,-0.20460321009159088,0.1704999953508377,0.14982309937477112,0.30593836307525635,1.3371953964233398,0.04156556352972984,0.607088565826416
3,random_curve,1.48,1.1302114725112915,-0.21789418160915375,0.1704999953508377,0.14989446103572845,0.30593836307525635,1.4032232761383057,0.0416640043258667,0.5808392763137817
3,random_curve,1.5,1.1540004014968872,-0.23234763741493225,0.1704999953508377,0.14848744869232178,0.30593836307525635,1.375557780265808,0.04087546467781067,0.5746930837631226
3,random_curve,1.52,1.1780226230621338,-0.24707473814487457,0.1704999953508377,0.14618268609046936,0.30593836307525635,1.4138191938400269,0.039954911917448044,0.4912649095058441
3,random_curve,1.54,1.2021002769470215,-0.26067084074020386,0.1704999953508377,0.1440955251455307,0.30593836307525635,1.3604931831359863,0.04014020040631294,0.5145964026451111
3,random_curve,1.56,1.2259292602539062,-0.27352452278137207,0.1704999953508377,0.14254428446292877,0.30593836307525635,1.3628027439117432,0.04093866050243378,0.5751546621322632
3,random_curve,1.58,1.2501366138458252,-0.2866617441177368,0.1704999953508377,0.14132733643054962,0.30593836307525635,1.3987267017364502,0.041689787060022354,0.5998807549476624
3,random_curve,1.6,1.2745919227600098,-0.3007239103317261,0.1704999953508377,0.14112916588783264,0.30593836307525635,1.4432178735733032,0.04173552989959717,0.644873321056366
3,random_curve,1.62,1.2998443841934204,-0.3161498010158539,0.1704999953508377,0.14122292399406433,0.30593836307525635,1.5122075080871582,0.041000984609127045,0.6737861633300781
3,random_curve,1.6400000000000001,1.3260713815689087,-0.33138591051101685,0.1704999953508377,0.1406353861093521,0.30593836307525635,1.5044951438903809,0.04091237857937813,0.6825632452964783
3,random_curve,1.6600000000000001,1.3517835140228271,-0.345258504152298,0.1704999953508377,0.13870929181575775,0.30593836307525635,1.3956753015518188,0.04146898537874222,0.6919463276863098
3,random_curve,1.68,1.3761188983917236,-0.35899773240089417,0.1704999953508377,0.136480450630188,0.30593836307525635,1.3851358890533447,0.04150763526558876,0.5833984017372131
3,random_curve,1.7,1.399444341659546,-0.37308961153030396,0.1704999953508377,0.1339855194091797,0.30593836307525635,1.3529901504516602,0.04045365750789642,0.537909746170044
3,random_curve,1.72,1.4225986003875732,-0.3878043293952942,0.1704999953508377,0.1316716969013214,0.30593836307525635,1.376579761505127,0.03871643915772438,0.5300362706184387
3,random_curve,1.74,1.4454755783081055,-0.4024095833301544,0.1704999953508377,0.12997281551361084,0.30593836307525635,1.3365439176559448,0.03686963766813278,0.5473871827125549
3,random_curve,1.76,1.4682350158691406,-0.41645896434783936,0.1704999953508377,0.12955202162265778,0.30593836307525635,1.3587685823440552,0.03486217185854912,0.5825633406639099
3,random_curve,1.78,1.492323875427246,-0.43084630370140076,0.1704999953508377,0.1300700604915619,0.30593836307525635,1.4459493160247803,0.03321987763047218,0.6336520314216614
3,random_curve,1.8,1.518101692199707,-0.44606101512908936,0.1704999953508377,0.13035587966442108,0.30593836307525635,1.5170786380767822,0.03139074891805649,0.6202444434165955
3,random_curve,1.82,1.5441564321517944,-0.46192336082458496,0.1704999953508377,0.13048744201660156,0.30593836307525635,1.4907622337341309,0.02810661494731903,0.5709415674209595
3,random_curve,1.84,1.5696958303451538,-0.4771660268306732,0.1704999953508377,0.1308591514825821,0.30593836307525635,1.4395458698272705,0.025183670222759247,0.512688934803009
3,random_curve,1.86,1.5943113565444946,-0.48950642347335815,0.1704999953508377,0.13127118349075317,0.30593836307525635,1.3408023118972778,0.024258479475975037,0.5854339003562927
3,random_curve,1.8800000000000001,1.618862271308899,-0.4989205598831177,0.1704999953508377,0.13156500458717346,0.30593836307525635,1.3171707391738892,0.024824894964694977,0.6263880133628845
3,random_curve,1.9000000000000001,1.6443666219711304,-0.5073463916778564,0.1704999953508377,0.13120342791080475,0.30593836307525635,1.3606359958648682,0.026841474696993828,0.600817084312439
3,random_curve,1.92,1.670681357383728,-0.5156709551811218,0.1704999953508377,0.1309986710548401,0.30593836307525635,1.4147894382476807,0.028916392475366592,0.6155204176902771
3,random_curve,1.94,1.6977368593215942,-0.5239906907081604,0.1704999953508377,0.13079744577407837,0.30593836307525635,1.4037609100341797,0.029645469039678574,0.6309797167778015
3,random_curve,1.96,1.72502601146698,-0.5327274799346924,0.1704999953508377,0.13025376200675964,0.30593836307525635,1.4302988052368164,0.03020755760371685,0.5816664099693298
3,random_curve,1.98,1.751975417137146,-0.5413174033164978,0.1704999953508377,0.12906277179718018,0.30593836307525635,1.3844050168991089,0.030267201364040375,0.5345321893692017
3,random_curve,2.0,1.7773767709732056,-0.5501487255096436,0.1704999953508377,0.1276896595954895,0.30593836307525635,1.2981348037719727,0.02796464040875435,0.5533607602119446
3,random_curve,2.02,1.8009545803070068,-0.5603901743888855,0.1704999953508377,0.1264553815126419,0.30593836307525635,1.2334392070770264,0.024036163464188576,0.5711508989334106
3,random_curve,2.04,1.8237377405166626,-0.5714274644851685,0.1704999953508377,0.12641079723834991,0.30593836307525635,1.2411565780639648,0.0187995582818985,0.6543478965759277
3,random_curve,2.06,1.8476814031600952,-0.5839301347732544,0.1704999953508377,0.12808926403522491,0.30593836307525635,1.3260177373886108,0.010367346927523613,0.6511392593383789
3,random_curve,2.08,1.8730201721191406,-0.5977402925491333,0.1704999953508377,0.13028715550899506,0.30593836307525635,1.357400894165039,0.0011995737440884113,0.6362720131874084
3,random_curve,2.1,1.8983019590377808,-0.6123685836791992,0.1704999953508377,0.13181734085083008,0.30593836307525635,1.3106549978256226,-0.010342460125684738,0.6032487750053406
3,random_curve,2.12,1.9229648113250732,-0.6265771985054016,0.1704999953508377,0.13279905915260315,0.30593836307525635,1.240581750869751,-0.021776556968688965,0.5312908291816711
3,random_curve,2.14,1.9459786415100098,-0.6382628679275513,0.1704999953508377,0.13401274383068085,0.30593836307525635,1.12852144241333,-0.031191052868962288,0.491792768239975
3,random_curve,2.16,1.9676719903945923,-0.6462714076042175,0.1704999953508377,0.13554060459136963,0.30593836307525635,1.0816012620925903,-0.03867807239294052,0.5261011719703674
3,random_curve,2.18,1.9895027875900269,-0.6515914797782898,0.1704999953508377,0.13681013882160187,0.30593836307525635,1.1110103130340576,-0.04297160729765892,0.5198034644126892
3,random_curve,2.2,2.0123093128204346,-0.6556936502456665,0.1704999953508377,0.13837090134620667,0.30593836307525635,1.1666719913482666,-0.047618474811315536,0.5109437108039856
3,random_curve,2.22,2.0359039306640625,-0.6587320566177368,0.1704999953508377,0.14015164971351624,0.30593836307525635,1.1532583236694336,-0.05090945586562157,0.46145570278167725
3,random_curve,2.24,2.058842897415161,-0.6616345047950745,0.1704999953508377,0.14136281609535217,0.30593836307525635,1.105310320854187,-0.05544397234916687,0.4793451130390167
3,random_curve,2.2600000000000002,2.0805702209472656,-0.6644846200942993,0.1704999953508377,0.14202038943767548,0.30593836307525635,1.0228625535964966,-0.05960050970315933,0.46497297286987305
3,random_curve,2.2800000000000002,2.101112127304077,-0.6672403812408447,0.1704999953508377,0.14165231585502625,0.30593836307525635,0.982488214969635,-0.06476155668497086,0.43179669976234436
3,random_curve,2.3000000000000003,2.120485305786133,-0.6708455085754395,0.1704999953508377,0.14074461162090302,0.30593836307525635,0.8889914155006409,-0.07019601762294769,0.4939274191856384
3,random_curve,2.32,2.138742208480835,-0.6763316988945007,0.1704999953508377,0.13988852500915527,0.30593836307525635,0.8325079679489136,-0.07858500629663467,0.5477136969566345
3,random_curve,2.34,2.1563477516174316,-0.6826145052909851,0.1704999953508377,0.13882261514663696,0.30593836307525635,0.7856664657592773,-0.0867767259478569,0.5846028327941895
3,random_curve,2.36,2.174565553665161,-0.6894505023956299,0.1704999953508377,0.1384146809577942,0.30593836307525635,0.8437952399253845,-0.09721755981445312,0.569550096988678
3,random_curve,2.38,2.193333864212036,-0.6974902749061584,0.1704999953508377,0.13850443065166473,0.30593836307525635,0.8203109502792358,-0.10894973576068878,0.5199539065361023
3,random_curve,2.4,2.2112724781036377,-0.7055063843727112,0.1704999953508377,0.13853774964809418,0.30593836307525635,0.746284008026123,-0.11981066316366196,0.47014322876930237
3,random_curve,2.42,2.2275800704956055,-0.7119189500808716,0.1704999953508377,0.13793911039829254,0.30593836307525635,0.6844554543495178,-0.1300424486398697,0.4800841808319092
3,random_curve,2.44,2.2424821853637695,-0.7159751653671265,0.1704999953508377,0.1368558406829834,0.30593836307525635,0.6670632362365723,-0.13764429092407227,0.46297457814216614
3,random_curve,2.46,2.2566089630126953,-0.7172030806541443,0.1704999953508377,0.13598361611366272,0.30593836307525635,0.6661940813064575,-0.14146436750888824,0.5331360697746277
3,random_curve,2.48,2.2700066566467285,-0.7160443067550659,0.1704999953508377,0.1349577009677887,0.30593836307525635,0.6379117369651794,-0.14415675401687622,0.5147135853767395
3,random_curve,2.5,2.2825045585632324,-0.7150834798812866,0.1704999953508377,0.13353754580020905,0.30593836307525635,0.5766870975494385,-0.1467835009098053,0.3985174596309662
3,random_curve,2.52,2.294010639190674,-0.7159663438796997,0.1704999953508377,0.131306454539299,0.30593836307525635,0.5082677006721497,-0.15089653432369232,0.3287454843521118
3,random_curve,2.54,2.3050036430358887,-0.7182919979095459,0.25,0.12853984534740448,0.30593836307525635,0.4738903045654297,-0.1554134041070938,0.36259233951568604
3,random_curve,2.56,2.316023111343384,-0.7223146557807922,0.25,0.12491694837808609,0.30593836307525635,0.44673585891723633,-0.16273576021194458,0.5742237567901611
3,random_curve,2.58,2.327775001525879,-0.7279646992683411,0.25,0.1213211640715599,0.30593836307525635,0.4827842116355896,-0.17183402180671692,0.6884937882423401
3,random_curve,2.6,2.340329647064209,-0.7351853251457214,0.25,0.1186305359005928,0.30593836307525635,0.503577470779419,-0.18267673254013062,0.6180042624473572
3,random_curve,2.62,2.353360414505005,-0.7405807971954346,0.25,0.11651072651147842,0.30593836307525635,0.5369226336479187,-0.19194091856479645,0.49726608395576477
3,random_curve,2.64,2.3656630516052246,-0.7422076463699341,0.25,0.11414743214845657,0.30593836307525635,0.5507389903068542,-0.19668680429458618,0.48235902190208435
4,s_curve,0.0,0.0,0.0,0.29319998621940613,0.3499999940395355,0.5810300707817078,0.0,0.0,0.0
4,s_curve,0.02,-0.0005183722823858261,-3.227414345019497e-05,0.29319998621940613,0.3451129198074341,0.5810300707817078,-0.026771150529384613,0.0002583854366093874,0.4710499346256256
4,s_curve,0.04,-0.001027076505124569,-0.00016017846064642072,0.29319998621940613,0.33622750639915466,0.5810300707817078,-0.018030960112810135,0.0004316097474656999,0.286446213722229
4,s_curve,0.06,-0.0009656548500061035,0.00018192187417298555,0.29319998621940613,0.3246842324733734,0.5810300707817078,0.015053807757794857,0.0006834130617789924,0.27126219868659973
4,s_curve,0.08,-0.000795525498688221,0.0006486916681751609,0.29319998621940613,0.3096018135547638,0.5810300707817078,0.01899150013923645,0.0009794635698199272,0.34529075026512146
4,s_curve,0.1,-0.0008011013269424438,0.00052468734793365,0.29319998621940613,0.2906017303466797,0.5810300707817078,-0.013309314846992493,0.0008790042484179139,0.35716262459754944
4,s_curve,0.12,-0.0004999814555048943,0.0002377644123043865,0.29319998621940613,0.2673613131046295,0.5810300707817078,0.01485864631831646,0.00047371169785037637,0.4294751286506653
4,s_curve,0.14,-0.0003269379958510399,0.0001466482790419832,0.29319998621940613,0.2403460592031479,0.5810300707817078,-0.0006500161252915859,0.000302391592413187,0.49349990487098694
4,s_curve,0.16,0.00013280753046274185,0.00041400265763513744,0.29319998621940613,0.2120535522699356,0.5810300707817078,0.05601517856121063,0.00027253967709839344,0.5134192705154419
4,s_curve,0.18,0.002174459397792816,0.0011515041114762425,0.29319998621940613,0.1873520165681839,0.5810300707817078,0.1601443737745285,-0.0002355340402573347,0.5169390439987183
4,s_curve,0.2,0.0067516230046749115,0.0033959886059165,0.29319998621940613,0.1701863557100296,0.5810300707817078,0.31243687868118286,-0.0008810961153358221,0.55519038438797
4,s_curve,0.22,0.013684138655662537,0.0068015833385288715,0.29319998621940613,0.16194364428520203,0.5810300707817078,0.43370121717453003,-0.0018537421710789204,0.5933859348297119
4,s_curve,0.24,0.022541768848896027,0.010641289874911308,0.29319998621940613,0.16142746806144714,0.5810300707817078,0.5032743811607361,-0.003565791994333267,0.6235692501068115
4,s_curve,0.26,0.03369620442390442,0.014266973361372948,0.29319998621940613,0.16667790710926056,0.5810300707817078,0.6115783452987671,-0.006658046040683985,0.595298707485199
4,s_curve,0.28,0.04789329692721367,0.017049025744199753,0.29319998621940613,0.1754569411277771,0.5810300707817078,0.7099428176879883,-0.012125641107559204,0.5486074686050415
4,s_curve,0.3,0.06399158388376236,0.01919703744351864,0.29319998621940613,0.18572112917900085,0.5810300707817078,0.7403466701507568,-0.019166816025972366,0.5469669103622437
4,s_curve,0.32,0.08022555708885193,0.02094379998743534,0.29319998621940613,0.195041224360466,0.5810300707817078,0.7155260443687439,-0.026680290699005127,0.5043583512306213
4,s_curve,0.34,0.09553590416908264,0.022952506318688393,0.29319998621940613,0.20185965299606323,0.5810300707817078,0.6816039681434631,-0.03335478901863098,0.4604511857032776
4,s_curve,0.36,0.11063377559185028,0.0251071248203516,0.29319998621940613,0.20578613877296448,0.5810300707817078,0.6908020377159119,-0.0397910475730896,0.4347393214702606
4,s_curve,0.38,0.12548115849494934,0.02724325843155384,0.29319998621940613,0.2061435580253601,0.5810300707817078,0.6733919382095337,-0.046233899891376495,0.4614930748939514
4,s_curve,0.4,0.1401100754737854,0.029098957777023315,0.29319998621940613,0.20369035005569458,0.5810300707817078,0.6463922262191772,-0.05259193480014801,0.45370134711265564
4,s_curve,0.42,0.15500237047672272,0.03150508552789688,0.29319998621940613,0.20081983506679535,0.5810300707817078,0.7154809236526489,-0.05862971022725105,0.4093623757362366
4,s_curve,0.44,0.1708783209323883,0.03500612452626228,0.29319998621940613,0.19923613965511322,0.5810300707817078,0.7858272790908813,-0.06427927315235138,0.315239280462265
4,s_curve,0.46,0.18644309043884277,0.039783328771591187,0.29319998621940613,0.19855424761772156,0.5810300707817078,0.770648717880249,-0.06877898424863815,0.2773532569408417
4,s_curve,0.48,0.2005235254764557,0.04580666124820709,0.29319998621940613,0.19892792403697968,0.5810300707817078,0.7539350390434265,-0.07122521102428436,0.3992254137992859
4,s_curve,0.5,0.2138974517583847,0.05297233536839485,0.29319998621940613,0.20185931026935577,0.5810300707817078,0.8002113103866577,-0.0723283439874649,0.6584224700927734
4,s_curve,0.52,0.22980384528636932,0.062416575849056244,0.29319998621940613,0.20809531211853027,0.5810300707817078,1.041552186012268,-0.07295861095190048,0.6723642945289612
4,s_curve,0.54,0.250233918428421,0.07335705310106277,0.29319998621940613,0.2154713273048401,0.5810300707817078,1.2109367847442627,-0.07443620264530182,0.603438675403595
4,s_curve,0.56,0.2725328803062439,0.08309177309274673,0.29319998621940613,0.22274799644947052,0.5810300707817078,1.1821156740188599,-0.07803068310022354,0.4940105676651001
4,s_curve,0.58,0.2942456603050232,0.09172780811786652,0.29319998621940613,0.2298312485218048,0.5810300707817078,1.1384170055389404,-0.0818873792886734,0.45948106050491333
4,s_curve,0.6,0.3163403570652008,0.10022399574518204,0.29319998621940613,0.23783151805400848,0.5810300707817078,1.2048370838165283,-0.08617936074733734,0.5558134317398071
4,s_curve,0.62,0.34003588557243347,0.10950033366680145,0.29319998621940613,0.2451183944940567,0.5810300707817078,1.3048442602157593,-0.09018846601247787,0.6259751915931702
4,s_curve,0.64,0.36523202061653137,0.1190442144870758,0.29319998621940613,0.24991145730018616,0.5810300707817078,1.337823748588562,-0.09476467967033386,0.6045235991477966
4,s_curve,0.66,0.39182570576667786,0.12909917533397675,0.29319998621940613,0.25356924533843994,0.5810300707817078,1.4424731731414795,-0.09947068989276886,0.5007435083389282
4,s_curve,0.68,0.4189399778842926,0.1387171894311905,0.29319998621940613,0.2545454204082489,0.5810300707817078,1.3989547491073608,-0.10401318967342377,0.3581021726131439
4,s_curve,0.7000000000000001,0.44489261507987976,0.14750657975673676,0.29319998621940613,0.25346696376800537,0.5810300707817078,1.3152663707733154,-0.10886229574680328,0.27191483974456787
4,s_curve,0.72,0.4691663980484009,0.1561669409275055,0.29319998621940613,0.2539360821247101,0.5810300707817078,1.2783445119857788,-0.11240170896053314,0.47148120403289795
4,s_curve,0.74,0.49333637952804565,0.16483446955680847,0.29319998621940613,0.25750190019607544,0.5810300707817078,1.3172253370285034,-0.11586658656597137,0.5583251118659973
4,s_curve,0.76,0.5197816491127014,0.17381267249584198,0.29319998621940613,0.2629436254501343,0.5810300707817078,1.4558433294296265,-0.1198558583855629,0.616492509841919
4,s_curve,0.78,0.5492748618125916,0.18317709863185883,0.29319998621940613,0.26680585741996765,0.5810300707817078,1.5839356184005737,-0.12383615970611572,0.5873211622238159
4,s_curve,0.8,0.5801116824150085,0.19294321537017822,0.29319998621940613,0.2678617835044861,0.5810300707817078,1.6059184074401855,-0.12781402468681335,0.49543246626853943
4,s_curve,0.8200000000000001,0.6101619005203247,0.20177343487739563,0.29319998621940613,0.2673291563987732,0.5810300707817078,1.5312806367874146,-0.13176123797893524,0.5126585960388184
4,s_curve,0.84,0.6392505764961243,0.21005140244960785,0.29319998621940613,0.2657563090324402,0.5810300707817078,1.4935122728347778,-0.13528893887996674,0.5469289422035217
4,s_curve,0.86,0.6682532429695129,0.2180860936641693,0.29319998621940613,0.2623541057109833,0.5810300707817078,1.5205501317977905,-0.13842344284057617,0.5914806723594666
4,s_curve,0.88,0.6980889439582825,0.2266571819782257,0.29319998621940613,0.25997722148895264,0.5810300707817078,1.5837607383728027,-0.1397952437400818,0.5346242785453796
4,s_curve,0.9,0.7291371822357178,0.2354675531387329,0.29319998621940613,0.25673630833625793,0.5810300707817078,1.6372640132904053,-0.14110487699508667,0.44348958134651184
4,s_curve,0.92,0.7615549564361572,0.24470345675945282,0.29319998621940613,0.2510635554790497,0.5810300707817078,1.7121171951293945,-0.14143729209899902,0.3325813114643097
4,s_curve,0.9400000000000001,0.7933099865913391,0.2545005977153778,0.29319998621940613,0.24427692592144012,0.5810300707817078,1.6052733659744263,-0.13999618589878082,0.31600913405418396
4,s_curve,0.96,0.8237898349761963,0.26332327723503113,0.29319998621940613,0.23779669404029846,0.5810300707817078,1.5888129472732544,-0.13817813992500305,0.4654514491558075
4,s_curve,0.98,0.8553981184959412,0.27181994915008545,0.29319998621940613,0.23249247670173645,0.5810300707817078,1.6704740524291992,-0.13580195605754852,0.6609447002410889
4,s_curve,1.0,0.8886687755584717,0.2801074683666229,0.29319998621940613,0.22771257162094116,0.5810300707817078,1.7297722101211548,-0.13264337182044983,0.7136525511741638
4,s_curve,1.02,0.9221009016036987,0.2876458168029785,0.29319998621940613,0.22240012884140015,0.5810300707817078,1.6363980770111084,-0.12892460823059082,0.7517966628074646
4,s_curve,1.04,0.9539833068847656,0.2934121787548065,0.29319998621940613,0.21866106986999512,0.5810300707817078,1.5813024044036865,-0.1256074160337448,0.6481594443321228
4,s_curve,1.06,0.9850882887840271,0.2976490557193756,0.29319998621940613,0.2157786637544632,0.5810300707817078,1.5401623249053955,-0.12263356894254684,0.6391114592552185
4,s_curve,1.08,1.0156853199005127,0.3001812696456909,0.29319998621940613,0.21543124318122864,0.5810300707817078,1.5333137512207031,-0.1194680854678154,0.6366937756538391
4,s_curve,1.1,1.0466691255569458,0.30073773860931396,0.29319998621940613,0.21927477419376373,0.5810300707817078,1.5831934213638306,-0.11779274046421051,0.6587686538696289
4,s_curve,1.12,1.0791548490524292,0.2994967997074127,0.29319998621940613,0.22785432636737823,0.5810300707817078,1.6864124536514282,-0.11665913462638855,0.6669872999191284
4,s_curve,1.1400000000000001,1.1146724224090576,0.29759934544563293,0.29319998621940613,0.2386636883020401,0.5810300707817078,1.847068428993225,-0.11454807966947556,0.644626259803772
4,s_curve,1.16,1.1531070470809937,0.2958294153213501,0.29319998621940613,0.2476053237915039,0.5810300707817078,1.9232242107391357,-0.11039027571678162,0.5062220692634583
4,s_curve,1.18,1.1918091773986816,0.29370224475860596,0.29319998621940613,0.25455814599990845,0.5810300707817078,1.8947206735610962,-0.1049828976392746,0.40915635228157043
4,s_curve,1.2,1.229378581047058,0.2906080186367035,0.29319998621940613,0.260800302028656,0.5810300707817078,1.8573237657546997,-0.09932876378297806,0.4621693193912506
4,s_curve,1.22,1.2681626081466675,0.2861437499523163,0.29319998621940613,0.26803961396217346,0.5810300707817078,1.995764970779419,-0.09333330392837524,0.6396607160568237
4,s_curve,1.24,1.3093949556350708,0.2803056240081787,0.29319998621940613,0.27397337555885315,0.5810300707817078,2.082839250564575,-0.08655501902103424,0.684515655040741
4,s_curve,1.26,1.3517870903015137,0.27386474609375,0.29319998621940613,0.27702024579048157,0.5810300707817078,2.0996310710906982,-0.0785713940858841,0.6908605098724365
4,s_curve,1.28,1.3938547372817993,0.2676926255226135,0.29319998621940613,0.2771241068840027,0.5810300707817078,2.0581541061401367,-0.06914210319519043,0.5756168365478516
4,s_curve,1.3,1.435439944267273,0.2612336277961731,0.29319998621940613,0.27458611130714417,0.5810300707817078,2.007927894592285,-0.05900178849697113,0.5148696303367615
4,s_curve,1.32,1.4746620655059814,0.25393858551979065,0.29319998621940613,0.27385610342025757,0.5810300707817078,1.8877668380737305,-0.04958907142281532,0.5265148282051086
4,s_curve,1.34,1.5114555358886719,0.24513281881809235,0.20999999344348907,0.27465248107910156,0.5810300707817078,1.8314528465270996,-0.04177113622426987,0.49036693572998047
4,s_curve,1.36,1.546579122543335,0.23489056527614594,0.20999999344348907,0.27429652214050293,0.5810300707817078,1.7812504768371582,-0.035313766449689865,0.5725119709968567
4,s_curve,1.3800000000000001,1.581372857093811,0.2237059324979782,0.20999999344348907,0.2704777419567108,0.5810300707817078,1.8282051086425781,-0.029255572706460953,0.4924989342689514
4,s_curve,1.4000000000000001,1.6174806356430054,0.21242086589336395,0.20999999344348907,0.2633933424949646,0.5810300707817078,1.8280775547027588,-0.022098656743764877,0.39805716276168823
4,s_curve,1.42,1.6525413990020752,0.2018715739250183,0.20999999344348907,0.2558973729610443,0.5810300707817078,1.7546663284301758,-0.0139616709202528,0.49501171708106995
4,s_curve,1.44,1.6869460344314575,0.19101186096668243,0.20999999344348907,0.24889613687992096,0.5810300707817078,1.7677738666534424,-0.006243754643946886,0.6051827669143677
4,s_curve,1.46,1.7212473154067993,0.18000108003616333,0.20999999344348907,0.24150589108467102,0.5810300707817078,1.7434011697769165,0.001650091027840972,0.6713026762008667
4,s_curve,1.48,1.756076693534851,0.1688871681690216,0.20999999344348907,0.23182691633701324,0.5810300707817078,1.7788528203964233,0.010060030966997147,0.6554163098335266
4,s_curve,1.5,1.790650486946106,0.1583559215068817,0.20999999344348907,0.21966886520385742,0.5810300707817078,1.6924160718917847,0.019131308421492577,0.6056639552116394
4,s_curve,1.52,1.822525143623352,0.14750972390174866,0.20999999344348907,0.20922783017158508,0.5810300707817078,1.5842087268829346,0.027025215327739716,0.6074041128158569
4,s_curve,1.54,1.8523775339126587,0.13699238002300262,0.20999999344348907,0.20241092145442963,0.5810300707817078,1.5327576398849487,0.034062959253787994,0.658410906791687
4,s_curve,1.56,1.8815028667449951,0.1255192756652832,0.20999999344348907,0.19962690770626068,0.5810300707817078,1.5488388538360596,0.04018092900514603,0.6942679286003113
4,s_curve,1.58,1.9104044437408447,0.11262118071317673,0.20999999344348907,0.20071882009506226,0.5810300707817078,1.601289987564087,0.04501833766698837,0.7411147952079773
4,s_curve,1.6,1.939709186553955,0.09872249513864517,0.20999999344348907,0.20626528561115265,0.5810300707817078,1.6635761260986328,0.04933805763721466,0.8069456815719604
4,s_curve,1.62,1.9717941284179688,0.08214530348777771,0.20999999344348907,0.21539317071437836,0.5810300707817078,1.9235918521881104,0.05305586755275726,0.7445613145828247
4,s_curve,1.6400000000000001,2.006690263748169,0.06266940385103226,0.20999999344348907,0.22603802382946014,0.5810300707817078,1.974090337753296,0.05600390583276749,0.509364128112793
4,s_curve,1.6600000000000001,2.041266441345215,0.04427526891231537,0.20999999344348907,0.23576174676418304,0.5810300707817078,1.9269819259643555,0.05967898666858673,0.41892892122268677
4,s_curve,1.68,2.0752341747283936,0.026373915374279022,0.20999999344348907,0.24589306116104126,0.5810300707817078,1.9269927740097046,0.0634298026561737,0.5038770437240601
4,s_curve,1.7,2.109950304031372,0.007763184607028961,0.20999999344348907,0.25794222950935364,0.5810300707817078,2.015789270401001,0.06695889681577682,0.6023302674293518
4,s_curve,1.72,2.14603328704834,-0.012321872636675835,0.20999999344348907,0.2676459550857544,0.5810300707817078,2.0951662063598633,0.06990501284599304,0.6533490419387817
4,s_curve,1.74,2.183486223220825,-0.032844893634319305,0.20999999344348907,0.273189514875412,0.5810300707817078,2.14210844039917,0.07305817306041718,0.6184871792793274
4,s_curve,1.76,2.2212986946105957,-0.05238524079322815,0.20999999344348907,0.2753227949142456,0.5810300707817078,2.1257221698760986,0.07699696719646454,0.4495370388031006
4,s_curve,1.78,2.2582762241363525,-0.0719105526804924,0.20999999344348907,0.2761484980583191,0.5810300707817078,2.050323724746704,0.07990618050098419,0.5038955807685852
4,s_curve,1.8,2.2929365634918213,-0.09179431200027466,0.20999999344348907,0.27838778495788574,0.5810300707817078,1.9689300060272217,0.0811525359749794,0.6641950011253357
4,s_curve,1.82,2.327362060546875,-0.11057529598474503,0.20999999344348907,0.2842217683792114,0.5810300707817078,1.9885622262954712,0.08283993601799011,0.6880267262458801
4,s_curve,1.84,2.3639025688171387,-0.12801772356033325,0.20999999344348907,0.29079845547676086,0.5810300707817078,2.0687408447265625,0.08630484342575073,0.6635241508483887
4,s_curve,1.86,2.402510643005371,-0.1460210084915161,0.20999999344348907,0.29512515664100647,0.5810300707817078,2.14347243309021,0.0897330790758133,0.5524438619613647
4,s_curve,1.8800000000000001,2.4407498836517334,-0.16474303603172302,0.20999999344348907,0.2953648567199707,0.5810300707817078,2.110947608947754,0.0916626900434494,0.5777350664138794
4,s_curve,1.9000000000000001,2.4782874584198,-0.18293911218643188,0.20999999344348907,0.2932901978492737,0.5810300707817078,2.0261900424957275,0.09296578168869019,0.5808677077293396
4,s_curve,1.92,2.5148117542266846,-0.19886016845703125,0.20999999344348907,0.2949991524219513,0.5810300707817078,1.952845811843872,0.09505534917116165,0.5495836734771729
4,s_curve,1.94,2.5510520935058594,-0.21243393421173096,0.20999999344348907,0.2959877550601959,0.5810300707817078,1.9164683818817139,0.09833013266324997,0.5369676351547241
4,s_curve,1.96,2.5874745845794678,-0.224803164601326,0.20999999344348907,0.29269132018089294,0.5810300707817078,1.9226794242858887,0.10190689563751221,0.3651621341705322
4,s_curve,1.98,2.624387264251709,-0.23672309517860413,0.20999999344348907,0.28553712368011475,0.5810300707817078,1.9442739486694336,0.10511372238397598,0.3512570858001709
4,s_curve,2.0,2.659950017929077,-0.24916647374629974,0.20999999344348907,0.28013908863067627,0.5810300707817078,1.8389177322387695,0.1063166931271553,0.5354126691818237
4,s_curve,2.02,2.6937029361724854,-0.2610262334346771,0.20999999344348907,0.27925392985343933,0.5810300707817078,1.7650889158248901,0.10645521432161331,0.5731650590896606
4,s_curve,2.04,2.726763963699341,-0.27171850204467773,0.20999999344348907,0.2785312235355377,0.5810300707817078,1.7322039604187012,0.10569681972265244,0.6110840439796448
4,s_curve,2.06,2.7599024772644043,-0.2825738787651062,0.20999999344348907,0.274958997964859,0.5810300707817078,1.7469497919082642,0.10438434779644012,0.5925732851028442
4,s_curve,2.08,2.7924561500549316,-0.29404184222221375,0.20999999344348907,0.2686064839363098,0.5810300707817078,1.700234055519104,0.10122036188840866,0.4917374551296234
4,s_curve,2.1,2.8241078853607178,-0.3060202896595001,0.20999999344348907,0.26014137268066406,0.5810300707817078,1.6404668092727661,0.09624382108449936,0.39676371216773987
4,s_curve,2.12,2.854438304901123,-0.31650310754776,0.20999999344348907,0.24972759187221527,0.5810300707817078,1.5345832109451294,0.09143760055303574,0.3684333860874176
4,s_curve,2.14,2.883070945739746,-0.3260515034198761,0.20999999344348907,0.23839133977890015,0.5810300707817078,1.4407392740249634,0.08636744320392609,0.3702562749385834
4,s_curve,2.16,2.9100043773651123,-0.33413320779800415,0.25,0.22749055922031403,0.5810300707817078,1.3438247442245483,0.08177710324525833,0.34035536646842957
4,s_curve,2.18,2.936023473739624,-0.34100955724716187,0.25,0.21721473336219788,0.5810300707817078,1.310251235961914,0.07652600109577179,0.3624174892902374
4,s_curve,2.2,2.9609389305114746,-0.3464805781841278,0.25,0.20540352165699005,0.5810300707817078,1.2245882749557495,0.07269448786973953,0.3479904532432556
4,s_curve,2.22,2.9850707054138184,-0.3522341847419739,0.25,0.19388093054294586,0.5810300707817078,1.1631853580474854,0.06806051731109619,0.3473758399486542
4,s_curve,2.24,3.0072181224823,-0.36055535078048706,0.25,0.1911054104566574,0.5810300707817078,1.0459749698638916,0.05928235873579979,0.3483527600765228
4,s_curve,2.2600000000000002,3.027689218521118,-0.3672996163368225,0.25,0.18778812885284424,0.5810300707817078,0.9708097577095032,0.05253468081355095,0.33105137944221497
4,s_curve,2.2800000000000002,3.047208786010742,-0.3726009130477905,0.25,0.18422551453113556,0.5810300707817078,0.9202251434326172,0.04603418707847595,0.26724836230278015
4,s_curve,2.3000000000000003,3.064383029937744,-0.37715327739715576,0.25,0.1788792610168457,0.5810300707817078,0.7893773317337036,0.04092901572585106,0.2904084026813507
4,s_curve,2.32,3.079907178878784,-0.3826976716518402,0.25,0.1743541657924652,0.5810300707817078,0.7322893142700195,0.033820461481809616,0.33623695373535156
4,s_curve,2.34,3.0944747924804688,-0.389433890581131,0.25,0.16974560916423798,0.5810300707817078,0.6941707730293274,0.025624562054872513,0.32958975434303284
5,random_curve,0.0,0.0,0.0,0.1704999953508377,0.3499999940395355,0.4475550353527069,0.0,0.0,0.0
5,random_curve,0.02,-0.0004855245351791382,-0.0003193649754393846,0.1704999953508377,0.34457269310951233,0.4475550353527069,-0.025680504739284515,-0.0005401784437708557,0.4668784737586975
5,random_curve,0.04,-0.0007034949958324432,-0.00047346606152132154,0.1704999953508377,0.3348716199398041,0.4475550353527069,0.00643071997910738,-0.0007914688903838396,0.3833469748497009
5,random_curve,0.06,-0.000203598290681839,-0.0006772784399800003,0.1704999953508377,0.32298365235328674,0.4475550353527069,0.02881319262087345,-0.0006714857881888747,0.4187423586845398
5,random_curve,0.08,0.00015231594443321228,-0.0010345709742978215,0.1704999953508377,0.3087053596973419,0.4475550353527069,0.01655343919992447,-0.000759823014959693,0.5174519419670105
5,random_curve,0.1,-9.379535913467407e-05,-0.001273683039471507,0.1704999953508377,0.29035496711730957,0.4475550353527069,-0.01847287081182003,-0.0010968811111524701,0.6034243106842041
5,random_curve,0.12,-0.0002773404121398926,-0.0012087221257388592,0.1704999953508377,0.26781585812568665,0.4475550353527069,-0.002523886039853096,-0.0011490193428471684,0.6067973375320435
5,random_curve,0.14,-0.00046645384281873703,-0.0005907704471610487,0.1704999953508377,0.2413124144077301,0.4475550353527069,-0.022747918963432312,-0.0007514947792515159,0.5001768469810486
5,random_curve,0.16,-0.0003822818398475647,-0.00018961532623507082,0.1704999953508377,0.2116393744945526,0.4475550353527069,0.0004955660551786423,-0.0003746722068171948,0.45545610785484314
5,random_curve,0.18,0.0018834136426448822,-0.0006312654004432261,0.1704999953508377,0.1847233772277832,0.4475550353527069,0.16062185168266296,0.0005639302544295788,0.5256133079528809
5,random_curve,0.2,0.006418577395379543,-0.002656723605468869,0.1704999953508377,0.16535747051239014,0.4475550353527069,0.3028363585472107,0.0015079574659466743,0.5839356184005737
5,random_curve,0.22,0.013380308635532856,-0.005800306797027588,0.1704999953508377,0.15483532845973969,0.4475550353527069,0.4332332909107208,0.0029289284721016884,0.6195678114891052
5,random_curve,0.24,0.022371908649802208,-0.0098031647503376,0.1704999953508377,0.15241442620754242,0.4475550353527069,0.5281380414962769,0.00481115747243166,0.6318088173866272
5,random_curve,0.26,0.033615123480558395,-0.014941353350877762,0.1704999953508377,0.15620306134223938,0.4475550353527069,0.6566163301467896,0.007094922475516796,0.615454375743866
5,random_curve,0.28,0.0471242256462574,-0.020885778591036797,0.1704999953508377,0.16333870589733124,0.4475550353527069,0.7685077786445618,0.009935288690030575,0.6047138571739197
5,random_curve,0.3,0.061881229281425476,-0.02736317552626133,0.1704999953508377,0.1713661253452301,0.4475550353527069,0.7954404950141907,0.013051282614469528,0.5998117327690125
5,random_curve,0.32,0.07681077718734741,-0.033680085092782974,0.1704999953508377,0.17772039771080017,0.4475550353527069,0.7761246562004089,0.01649143174290657,0.5766777396202087
5,random_curve,0.34,0.09156715869903564,-0.03938569128513336,0.1704999953508377,0.18202762305736542,0.4475550353527069,0.73238205909729,0.020145811140537262,0.5125113725662231
5,random_curve,0.36,0.10497640073299408,-0.04354085400700569,0.1704999953508377,0.18481944501399994,0.4475550353527069,0.614469051361084,0.024315129965543747,0.3911519944667816
5,random_curve,0.38,0.1168329119682312,-0.04620004817843437,0.1704999953508377,0.18603460490703583,0.4475550353527069,0.5329363346099854,0.029055949300527573,0.40233781933784485
5,random_curve,0.4,0.12792563438415527,-0.04828643426299095,0.1704999953508377,0.18504273891448975,0.4475550353527069,0.5123733878135681,0.03352260962128639,0.4746913015842438
5,random_curve,0.42,0.13993804156780243,-0.05121409520506859,0.1704999953508377,0.18315424025058746,0.4475550353527069,0.6251084208488464,0.037805311381816864,0.5220526456832886
5,random_curve,0.44,0.15320748090744019,-0.05416930839419365,0.1704999953508377,0.18075904250144958,0.4475550353527069,0.626526951789856,0.042767420411109924,0.5155096054077148
5,random_curve,0.46,0.1660957783460617,-0.0572345033288002,0.1704999953508377,0.17772755026817322,0.4475550353527069,0.6128625273704529,0.04742538183927536,0.5184397101402283
5,random_curve,0.48,0.17802506685256958,-0.061364706605672836,0.1704999953508377,0.1742047518491745,0.4475550353527069,0.6205600500106812,0.05081411823630333,0.5496037602424622
5,random_curve,0.5,0.18950659036636353,-0.06722860783338547,0.1704999953508377,0.1709095537662506,0.4475550353527069,0.6721199750900269,0.05220603942871094,0.5865253806114197
5,random_curve,0.52,0.20188260078430176,-0.07440310716629028,0.1704999953508377,0.16866035759449005,0.4475550353527069,0.7543387413024902,0.052992433309555054,0.6219782829284668
5,random_curve,0.54,0.21525417268276215,-0.08303990960121155,0.1704999953508377,0.16740280389785767,0.4475550353527069,0.8310804963111877,0.05335384979844093,0.6704801917076111
5,random_curve,0.56,0.22960831224918365,-0.0924406349658966,0.1704999953508377,0.16593767702579498,0.4475550353527069,0.8865810632705688,0.053095702081918716,0.668972373008728
5,random_curve,0.58,0.24577702581882477,-0.10263246297836304,0.1704999953508377,0.16511283814907074,0.4475550353527069,1.0176646709442139,0.053140513598918915,0.6445416808128357
5,random_curve,0.6,0.2641902565956116,-0.1135382130742073,0.1704999953508377,0.16421058773994446,0.4475550353527069,1.078392744064331,0.05387645959854126,0.5391276478767395
5,random_curve,0.62,0.28323376178741455,-0.12316823750734329,0.1704999953508377,0.1628875434398651,0.4475550353527069,1.0510609149932861,0.05553441867232323,0.47953054308891296
5,random_curve,0.64,0.302053302526474,-0.13193514943122864,0.1704999953508377,0.16193805634975433,0.4475550353527069,1.0228228569030762,0.05800546333193779,0.5381101369857788
5,random_curve,0.66,0.32134494185447693,-0.14026640355587006,0.1704999953508377,0.16175079345703125,0.4475550353527069,1.0671517848968506,0.06044189631938934,0.5430489778518677
5,random_curve,0.68,0.3416358232498169,-0.14832432568073273,0.1704999953508377,0.16238179802894592,0.4475550353527069,1.0983247756958008,0.06389287859201431,0.5739911794662476
5,random_curve,0.7000000000000001,0.3626916706562042,-0.15538674592971802,0.1704999953508377,0.16346441209316254,0.4475550353527069,1.0858662128448486,0.06775685399770737,0.6340032815933228
5,random_curve,0.72,0.3835127055644989,-0.1606977880001068,0.1704999953508377,0.16412027180194855,0.4475550353527069,1.006817102432251,0.0733891949057579,0.6393654346466064
5,random_curve,0.74,0.4046354591846466,-0.16580654680728912,0.1704999953508377,0.16411426663398743,0.4475550353527069,1.086212396621704,0.07839696109294891,0.632780909538269
5,random_curve,0.76,0.4261264204978943,-0.1715414673089981,0.1704999953508377,0.16287226974964142,0.4475550353527069,1.0836119651794434,0.08338094502687454,0.5589838027954102
5,random_curve,0.78,0.4462827444076538,-0.17824596166610718,0.1704999953508377,0.16005298495292664,0.4475550353527069,1.0395944118499756,0.08585617691278458,0.5103406310081482
5,random_curve,0.8,0.4653547704219818,-0.1859159618616104,0.1704999953508377,0.15740345418453217,0.4475550353527069,1.0260283946990967,0.08739063888788223,0.531170666217804
5,random_curve,0.8200000000000001,0.48442012071609497,-0.19369114935398102,0.1704999953508377,0.15591369569301605,0.4475550353527069,1.0543701648712158,0.08771128952503204,0.6187877655029297
5,random_curve,0.84,0.5046031475067139,-0.20159777998924255,0.1704999953508377,0.1563224196434021,0.4475550353527069,1.1269828081130981,0.0887005552649498,0.649216890335083
5,random_curve,0.86,0.5264550447463989,-0.20993295311927795,0.1704999953508377,0.15776270627975464,0.4475550353527069,1.2145488262176514,0.08870671689510345,0.6631284952163696
5,random_curve,0.88,0.5502806901931763,-0.21857497096061707,0.1704999953508377,0.1603696197271347,0.4475550353527069,1.3282781839370728,0.08912141621112823,0.6669735908508301
5,random_curve,0.9,0.5764608383178711,-0.22820039093494415,0.1704999953508377,0.1637694090604782,0.4475550353527069,1.4351933002471924,0.08877350389957428,0.6222110986709595
5,random_curve,0.92,0.6034323573112488,-0.23890799283981323,0.1704999953508377,0.16571860015392303,0.4475550353527069,1.4337618350982666,0.08594395965337753,0.5208553671836853
5,random_curve,0.9400000000000001,0.6292730569839478,-0.2490258663892746,0.1704999953508377,0.1655043065547943,0.4475550353527069,1.3383474349975586,0.08298702538013458,0.4790996015071869
5,random_curve,0.96,0.6543139815330505,-0.2574416399002075,0.1704999953508377,0.16499339044094086,0.4475550353527069,1.311275839805603,0.08074953407049179,0.5736481547355652
5,random_curve,0.98,0.6799606680870056,-0.26489195227622986,0.1704999953508377,0.1644684076309204,0.4475550353527069,1.3547494411468506,0.07883550226688385,0.5957493782043457
5,random_curve,1.0,0.7068567872047424,-0.27224981784820557,0.1704999953508377,0.16333599388599396,0.4475550353527069,1.4093761444091797,0.07527688145637512,0.5924742817878723
5,random_curve,1.02,0.7345123291015625,-0.2790127694606781,0.25,0.16087853908538818,0.4475550353527069,1.4078809022903442,0.07210569083690643,0.6007608771324158
5,random_curve,1.04,0.7627459168434143,-0.2847661077976227,0.25,0.157789409160614,0.4475550353527069,1.4387999773025513,0.06900690495967865,0.6773867607116699
5,random_curve,1.06,0.7914049625396729,-0.28997859358787537,0.25,0.15380840003490448,0.4475550353527069,1.418404221534729,0.06545490026473999,0.6845883131027222
5,random_curve,1.08,0.8192098736763,-0.2945549190044403,0.25,0.14832095801830292,0.4475550353527069,1.3433256149291992,0.06070028617978096,0.660549521446228
5,random_curve,1.1,0.8453435301780701,-0.2986897826194763,0.25,0.14242051541805267,0.4475550353527069,1.2562898397445679,0.05607152730226517,0.6167807579040527
5,random_curve,1.12,0.8706861734390259,-0.30275726318359375,0.25,0.1374819427728653,0.4475550353527069,1.2371455430984497,0.050914451479911804,0.6183803677558899
5,random_curve,1.1400000000000001,0.8960996270179749,-0.30656808614730835,0.25,0.13428963720798492,0.4475550353527069,1.2366007566452026,0.04543527215719223,0.6661853790283203
5,random_curve,1.16,0.9217091202735901,-0.3106168806552887,0.25,0.13274240493774414,0.4475550353527069,1.2356584072113037,0.03786333650350571,0.6793890595436096
5,random_curve,1.18,0.9467061161994934,-0.31507429480552673,0.25,0.1328781694173813,0.4475550353527069,1.1552350521087646,0.03031003102660179,0.671006977558136
5,random_curve,1.2,0.9719510674476624,-0.3191993832588196,0.25,0.1353086233139038,0.4475550353527069,1.2496246099472046,0.021761855110526085,0.6621159315109253
5,random_curve,1.22,0.9990214109420776,-0.32282593846321106,0.25,0.13931645452976227,0.4475550353527069,1.3117505311965942,0.013319825753569603,0.662359356880188
5,random_curve,1.24,1.0264698266983032,-0.3259897530078888,0.25,0.14283449947834015,0.4475550353527069,1.2574557065963745,0.00479640020057559,0.5984814167022705
5,random_curve,1.26,1.0522615909576416,-0.3286675810813904,0.25,0.14519761502742767,0.4475550353527069,1.1742538213729858,-0.0041131190955638885,0.5099236965179443
5,random_curve,1.28,1.0768522024154663,-0.3305869996547699,0.25,0.14715582132339478,0.4475550353527069,1.1546419858932495,-0.011806918308138847,0.5089539885520935
5,random_curve,1.3,1.1011070013046265,-0.33146968483924866,0.25,0.14840194582939148,0.4475550353527069,1.1766246557235718,-0.019270382821559906,0.6004226207733154
5,random_curve,1.32,1.1254962682724,-0.3317748010158539,0.25,0.14792189002037048,0.4475550353527069,1.1735248565673828,-0.02616330049932003,0.6253824830055237
5,random_curve,1.34,1.1505656242370605,-0.3316713273525238,0.25,0.14523598551750183,0.4475550353527069,1.216629981994629,-0.03306424617767334,0.6706017851829529
5,random_curve,1.36,1.1766018867492676,-0.3306339979171753,0.25,0.14193563163280487,0.4475550353527069,1.2707182168960571,-0.04033850133419037,0.7178175449371338
5,random_curve,1.3800000000000001,1.2033538818359375,-0.32846587896347046,0.25,0.13838526606559753,0.4475550353527069,1.306784987449646,-0.04654757305979729,0.6119015216827393
5,random_curve,1.4000000000000001,1.229756474494934,-0.3259040415287018,0.25,0.13444136083126068,0.4475550353527069,1.261263370513916,-0.05294531583786011,0.5291367173194885
5,random_curve,1.42,1.2557791471481323,-0.3240865170955658,0.25,0.13167518377304077,0.4475550353527069,1.2486883401870728,-0.05985064432024956,0.5504413843154907
5,random_curve,1.44,1.2816822528839111,-0.3227502107620239,0.25,0.13101041316986084,0.4475550353527069,1.2436491250991821,-0.06757810711860657,0.6368628740310669
5,random_curve,1.46,1.3082467317581177,-0.32150059938430786,0.25,0.13263961672782898,0.4475550353527069,1.2922066450119019,-0.07563400268554688,0.6635904312133789
5,random_curve,1.48,1.3362535238265991,-0.32051917910575867,0.25,0.13548481464385986,0.4475550353527069,1.3511039018630981,-0.08459442853927612,0.685781717300415
5,random_curve,1.5,1.3654814958572388,-0.32015863060951233,0.25,0.13840822875499725,0.4475550353527069,1.3630616664886475,-0.09483370184898376,0.6784179210662842
5,random_curve,1.52,1.3956046104431152,-0.31954678893089294,0.25,0.14203506708145142,0.4475550353527069,1.4077939987182617,-0.10515575855970383,0.5564305186271667
5,random_curve,1.54,1.4239863157272339,-0.3183061480522156,0.25,0.14579591155052185,0.4475550353527069,1.2916208505630493,-0.11435776948928833,0.3928556442260742
5,random_curve,1.56,1.4499375820159912,-0.31580284237861633,0.25,0.1492018848657608,0.4475550353527069,1.2315260171890259,-0.12144583463668823,0.3407626748085022
5,random_curve,1.58,1.474223256111145,-0.3116849362850189,0.25,0.15179042518138885,0.4475550353527069,1.208356261253357,-0.12648405134677887,0.47436395287513733
5,random_curve,1.6,1.4987428188323975,-0.30656006932258606,0.25,0.15437716245651245,0.4475550353527069,1.281302809715271,-0.13048982620239258,0.6023776531219482
5,random_curve,1.62,1.5249786376953125,-0.30049237608909607,0.25,0.15616707503795624,0.4475550353527069,1.3483963012695312,-0.1342543363571167,0.6532823443412781
5,random_curve,1.6400000000000001,1.550765037536621,-0.2944360673427582,0.25,0.15642502903938293,0.4475550353527069,1.2805066108703613,-0.1378370225429535,0.6441197991371155
5,random_curve,1.6600000000000001,1.5754985809326172,-0.28872671723365784,0.25,0.15609224140644073,0.4475550353527069,1.2335526943206787,-0.14085929095745087,0.5774145126342773
5,random_curve,1.68,1.5993058681488037,-0.28346121311187744,0.25,0.1565065234899521,0.4475550353527069,1.2000819444656372,-0.14412471652030945,0.5069605112075806
5,random_curve,1.7,1.6222522258758545,-0.27833113074302673,0.25,0.1587838977575302,0.4475550353527069,1.1608284711837769,-0.14672397077083588,0.5653946995735168
5,random_curve,1.72,1.6454639434814453,-0.2736804485321045,0.25,0.16218459606170654,0.4475550353527069,1.1883926391601562,-0.14989998936653137,0.5990308523178101
5,random_curve,1.74,1.669020652770996,-0.2698799669742584,0.25,0.1661333292722702,0.4475550353527069,1.1794958114624023,-0.15389367938041687,0.6381421089172363
5,random_curve,1.76,1.6935639381408691,-0.26722708344459534,0.25,0.1718791276216507,0.4475550353527069,1.2622790336608887,-0.15836095809936523,0.7100666165351868
5,random_curve,1.78,1.7203136682510376,-0.26581069827079773,0.25,0.17931590974330902,0.4475550353527069,1.3280930519104004,-0.16476796567440033,0.6323911547660828
5,random_curve,1.8,1.747269868850708,-0.2645871341228485,0.25,0.18592055141925812,0.4475550353527069,1.3008185625076294,-0.17106744647026062,0.49698495864868164
5,random_curve,1.82,1.7729638814926147,-0.2630656659603119,0.25,0.19118832051753998,0.4475550353527069,1.2380547523498535,-0.17559385299682617,0.31155508756637573
5,random_curve,1.84,1.797719955444336,-0.26009950041770935,0.25,0.19603613018989563,0.4475550353527069,1.2510937452316284,-0.1785380244255066,0.35347485542297363
5,random_curve,1.86,1.8228014707565308,-0.25590381026268005,0.25,0.19953584671020508,0.4475550353527069,1.2894717454910278,-0.1799003630876541,0.42949509620666504
5,random_curve,1.8800000000000001,1.8476976156234741,-0.251458078622818,0.25,0.20005954802036285,0.4475550353527069,1.2528116703033447,-0.179762065410614,0.4807264804840088
5,random_curve,1.9000000000000001,1.8722829818725586,-0.24673405289649963,0.25,0.19757117331027985,0.4475550353527069,1.244116187095642,-0.17911961674690247,0.49889662861824036
5,random_curve,1.92,1.897159457206726,-0.2423817217350006,0.25,0.19355545938014984,0.4475550353527069,1.280026912689209,-0.1783047616481781,0.5295594930648804
5,random_curve,1.94,1.921603798866272,-0.2379683256149292,0.25,0.1878160983324051,0.4475550353527069,1.1818703413009644,-0.17678363621234894,0.5620946288108826
5,random_curve,1.96,1.944176197052002,-0.23456399142742157,0.25,0.18310177326202393,0.4475550353527069,1.1194959878921509,-0.17472489178180695,0.5745235681533813
5,random_curve,1.98,1.9663478136062622,-0.23305274546146393,0.25,0.1803191751241684,0.4475550353527069,1.12223219871521,-0.17455458641052246,0.6594544649124146
5,random_curve,2.0,1.9891197681427002,-0.2331816554069519,0.25,0.17986823618412018,0.4475550353527069,1.1690914630889893,-0.17556878924369812,0.671491801738739
5,random_curve,2.02,2.0130302906036377,-0.2347681224346161,0.25,0.18112516403198242,0.4475550353527069,1.2273375988006592,-0.1766795963048935,0.6491486430168152
5,random_curve,2.04,2.0386321544647217,-0.23743939399719238,0.25,0.18529373407363892,0.4475550353527069,1.3575413227081299,-0.17861546576023102,0.6893633604049683
5,random_curve,2.06,2.066666841506958,-0.2410261482000351,0.25,0.19175300002098083,0.4475550353527069,1.4285752773284912,-0.18049848079681396,0.6384478211402893
5,random_curve,2.08,2.0949654579162598,-0.24427223205566406,0.25,0.19922679662704468,0.4475550353527069,1.3968757390975952,-0.18110567331314087,0.4856949746608734
5,random_curve,2.1,2.121919870376587,-0.24638742208480835,0.25,0.20670434832572937,0.4475550353527069,1.3057820796966553,-0.17994292080402374,0.4403226375579834
5,random_curve,2.12,2.14825701713562,-0.24760204553604126,0.25,0.21381960809230804,0.4475550353527069,1.319216012954712,-0.17665180563926697,0.557550311088562
5,random_curve,2.14,2.1752052307128906,-0.2475823312997818,0.25,0.22079899907112122,0.4475550353527069,1.3317394256591797,-0.1717892438173294,0.5930071473121643
5,random_curve,2.16,2.20265793800354,-0.24670372903347015,0.25,0.22584548592567444,0.4475550353527069,1.323631763458252,-0.16538333892822266,0.637925386428833
5,random_curve,2.18,2.2297916412353516,-0.24557530879974365,0.29319998621940613,0.22789905965328217,0.4475550353527069,1.2807351350784302,-0.15826797485351562,0.6868005990982056
5,random_curve,2.2,2.2573702335357666,-0.24484923481941223,0.29319998621940613,0.2275698184967041,0.4475550353527069,1.3287732601165771,-0.15036335587501526,0.6338937282562256
5,random_curve,2.22,2.2848427295684814,-0.24362187087535858,0.29319998621940613,0.22371968626976013,0.4475550353527069,1.2868231534957886,-0.14190606772899628,0.5667446255683899
5,random_curve,2.24,2.311692476272583,-0.2427821159362793,0.29319998621940613,0.21839553117752075,0.4475550353527069,1.2570334672927856,-0.13363628089427948,0.6128442287445068
5,random_curve,2.2600000000000002,2.337916135787964,-0.24320624768733978,0.29319998621940613,0.21571393311023712,0.4475550353527069,1.2636148929595947,-0.1259944587945938,0.6466746926307678
5,random_curve,2.2800000000000002,2.364177942276001,-0.24452999234199524,0.29319998621940613,0.21594765782356262,0.4475550353527069,1.291231393814087,-0.11916106194257736,0.6389061808586121
5,random_curve,2.3000000000000003,2.391721487045288,-0.245901420712471,0.29319998621940613,0.2173532247543335,0.4475550353527069,1.3646330833435059,-0.11169825494289398,0.6511754393577576
5,random_curve,2.32,2.421557664871216,-0.24688592553138733,0.29319998621940613,0.2178656905889511,0.4475550353527069,1.4689223766326904,-0.10249996185302734,0.6610880494117737
5,random_curve,2.34,2.453176736831665,-0.24768194556236267,0.29319998621940613,0.21631352603435516,0.4475550353527069,1.5191011428833008,-0.09245441854000092,0.5668159127235413
5,random_curve,2.36,2.48685359954834,-0.2483019232749939,0.29319998621940613,0.2126481533050537,0.4475550353527069,1.6191881895065308,-0.08126742392778397,0.4357033967971802
5,random_curve,2.38,2.521388292312622,-0.24914228916168213,0.29319998621940613,0.20767247676849365,0.4475550353527069,1.6287667751312256,-0.06974157691001892,0.5879236459732056
5,random_curve,2.4,2.5561084747314453,-0.25029873847961426,0.29319998621940613,0.20440976321697235,0.4475550353527069,1.6683235168457031,-0.058215297758579254,0.6798377633094788
5,random_curve,2.42,2.5918290615081787,-0.25222206115722656,0.29319998621940613,0.2029867023229599,0.4475550353527069,1.7320414781570435,-0.04702889919281006,0.7066838145256042
5,random_curve,2.44,2.6281371116638184,-0.25472837686538696,0.29319998621940613,0.20097710192203522,0.4475550353527069,1.7363301515579224,-0.036145564168691635,0.7187522649765015
5,random_curve,2.46,2.6653077602386475,-0.2583509087562561,0.29319998621940613,0.19808517396450043,0.4475550353527069,1.8439298868179321,-0.02603790909051895,0.6848109364509583
5,random_curve,2.48,2.7038345336914062,-0.26203346252441406,0.29319998621940613,0.19197307527065277,0.4475550353527069,1.874017357826233,-0.01564892753958702,0.6184775829315186
5,random_curve,2.5,2.7417795658111572,-0.26514479517936707,0.29319998621940613,0.1848384588956833,0.4475550353527069,1.8271405696868896,-0.005171328317373991,0.5795188546180725
5,random_curve,2.52,2.7791316509246826,-0.2679758071899414,0.29319998621940613,0.18068142235279083,0.4475550353527069,1.8198152780532837,0.004627433139830828,0.6363492012023926
5,random_curve,2.54,2.817322015762329,-0.27105122804641724,0.29319998621940613,0.1791931837797165,0.4475550353527069,1.91856050491333,0.014240667223930359,0.6888662576675415
5,random_curve,2.56,2.857938766479492,-0.2752179205417633,0.29319998621940613,0.17880651354789734,0.4475550353527069,2.063447952270508,0.022927699610590935,0.7096229195594788
5,random_curve,2.58,2.9000818729400635,-0.28099843859672546,0.29319998621940613,0.17836539447307587,0.4475550353527069,2.1260578632354736,0.029612181708216667,0.5484659075737
5,random_curve,2.6,2.941857099533081,-0.28677576780319214,0.29319998621940613,0.17669150233268738,0.4475550353527069,2.033128499984741,0.03506472334265709,0.5503574013710022
5,random_curve,2.62,2.981104850769043,-0.29005593061447144,0.29319998621940613,0.1743694692850113,0.4475550353527069,1.901870846748352,0.04110186919569969,0.5927585363388062
5,random_curve,2.64,3.0192713737487793,-0.2918508052825928,0.29319998621940613,0.17325104773044586,0.4475550353527069,1.908005714416504,0.04711388796567917,0.6856619715690613
5,random_curve,2.66,3.058652400970459,-0.29211798310279846,0.1704999953508377,0.17265956103801727,0.4475550353527069,1.9971357583999634,0.05345047637820244,0.6856773495674133
5,random_curve,2.68,3.099928855895996,-0.2916879653930664,0.1704999953508377,0.17020153999328613,0.4475550353527069,2.0697412490844727,0.059071134775877,0.596296489238739
5,random_curve,2.7,3.1411805152893066,-0.2902897596359253,0.1704999953508377,0.16514849662780762,0.4475550353527069,2.0035037994384766,0.06374675780534744,0.48118728399276733
5,random_curve,2.72,3.1803932189941406,-0.2898362874984741,0.1704999953508377,0.16015519201755524,0.4475550353527069,1.9185335636138916,0.06541629135608673,0.5270478129386902
5,random_curve,2.74,3.2177507877349854,-0.29120057821273804,0.1704999953508377,0.1564691662788391,0.4475550353527069,1.8133525848388672,0.06426816433668137,0.586733341217041
5,random_curve,2.7600000000000002,3.253737449645996,-0.29499033093452454,0.1704999953508377,0.15417908132076263,0.4475550353527069,1.747734785079956,0.057251691818237305,0.6597691178321838
5,random_curve,2.7800000000000002,3.2898364067077637,-0.30026865005493164,0.1704999953508377,0.1544824242591858,0.4475550353527069,1.784868836402893,0.047986891120672226,0.7491728663444519
5,random_curve,2.8000000000000003,3.3284008502960205,-0.30521953105926514,0.1704999953508377,0.1600855588912964,0.4475550353527069,1.9009323120117188,0.03702879324555397,0.6942067742347717
5,random_curve,2.82,3.366832971572876,-0.3100176751613617,0.1704999953508377,0.16954828798770905,0.4475550353527069,1.7519690990447998,0.02457219734787941,0.5326526165008545
5,random_curve,2.84,3.4017560482025146,-0.3143745958805084,0.1704999953508377,0.17901268601417542,0.4475550353527069,1.5575345754623413,0.011986528523266315,0.5537224411964417
5,random_curve,2.86,3.434208393096924,-0.31706589460372925,0.1704999953508377,0.18802933394908905,0.4475550353527069,1.488916277885437,0.0006800801493227482,0.577422022819519
5,random_curve,2.88,3.4651002883911133,-0.31641170382499695,0.1704999953508377,0.19582940638065338,0.4475550353527069,1.468090295791626,-0.007758631836622953,0.537727415561676
5,random_curve,2.9,3.4949355125427246,-0.3134725093841553,0.1704999953508377,0.20172317326068878,0.4475550353527069,1.442738652229309,-0.015653075650334358,0.42903098464012146
5,random_curve,2.92,3.5244851112365723,-0.3107509911060333,0.1704999953508377,0.20395685732364655,0.4475550353527069,1.4125806093215942,-0.023470669984817505,0.44121119379997253
5,random_curve,2.94,3.5544068813323975,-0.30800560116767883,0.1704999953508377,0.2031325101852417,0.4475550353527069,1.428240180015564,-0.03195211663842201,0.30441802740097046
5,random_curve,2.96,3.5845749378204346,-0.3049395978450775,0.1704999953508377,0.19928306341171265,0.4475550353527069,1.418164849281311,-0.04196792095899582,0.21545174717903137
5,random_curve,2.98,3.61409592628479,-0.3024033010005951,0.1704999953508377,0.19462114572525024,0.4475550353527069,1.3231593370437622,-0.05187928304076195,0.20587825775146484
5,random_curve,3.0,3.6424505710601807,-0.3020038604736328,0.1704999953508377,0.19013823568820953,0.4475550353527069,1.2077455520629883,-0.06436027586460114,0.327804297208786
5,random_curve,3.02,3.669299602508545,-0.3019098937511444,0.1704999953508377,0.18700578808784485,0.4475550353527069,1.1770329475402832,-0.07623013108968735,0.4550597667694092
5,random_curve,3.04,3.6954944133758545,-0.30109015107154846,0.1704999953508377,0.1847478151321411,0.4475550353527069,1.134546160697937,-0.08803395926952362,0.5075539350509644
5,random_curve,3.06,3.7199742794036865,-0.30033987760543823,0.1704999953508377,0.18306642770767212,0.4475550353527069,1.0426840782165527,-0.09883330762386322,0.5129396915435791
5,random_curve,3.08,3.7423572540283203,-0.29960110783576965,0.1704999953508377,0.18159833550453186,0.4475550353527069,0.9208652377128601,-0.10939037799835205,0.47741252183914185
5,random_curve,3.1,3.7619411945343018,-0.2979041337966919,0.1704999953508377,0.18120525777339935,0.4475550353527069,0.8717145919799805,-0.11725668609142303,0.5277646780014038
5,random_curve,3.12,3.779564142227173,-0.29540446400642395,0.1704999953508377,0.1815144121646881,0.4475550353527069,0.7703731060028076,-0.12427087128162384,0.5090676546096802
5,random_curve,3.14,3.794461965560913,-0.2923814356327057,0.1704999953508377,0.18161118030548096,0.4475550353527069,0.6588356494903564,-0.12942279875278473,0.43332284688949585
5,random_curve,3.16,3.8059067726135254,-0.28842875361442566,0.1704999953508377,0.18180066347122192,0.4475550353527069,0.5341603755950928,-0.13198727369308472,0.3871282637119293
5,random_curve,3.18,3.814338207244873,-0.28362295031547546,0.1704999953508377,0.18247400224208832,0.4475550353527069,0.44000953435897827,-0.13191892206668854,0.36307597160339355
5,random_curve,3.2,3.819779872894287,-0.27832284569740295,0.1704999953508377,0.18318074941635132,0.4475550353527069,0.3120301365852356,-0.1303544044494629,0.34574902057647705
5,random_curve,3.22,3.8226301670074463,-0.2732638716697693,0.1704999953508377,0.18350674211978912,0.4475550353527069,0.20084169507026672,-0.127606600522995,0.3697149157524109
5,random_curve,3.24,3.8238413333892822,-0.2695784270763397,0.1704999953508377,0.183139368891716,0.4475550353527069,0.10536560416221619,-0.12514173984527588,0.39783596992492676
5,random_curve,3.2600000000000002,3.824070930480957,-0.26728516817092896,0.1704999953508377,0.18174144625663757,0.4475550353527069,0.03792513906955719,-0.12332748621702194,0.4112796187400818
5,random_curve,3.2800000000000002,3.8233134746551514,-0.2663777470588684,0.1704999953508377,0.1798519641160965,0.4475550353527069,-0.04718036577105522,-0.1221555694937706,0.4383184015750885
5,random_curve,3.3000000000000003,3.822192430496216,-0.2671149969100952,0.1704999953508377,0.17777660489082336,0.4475550353527069,-0.0808524638414383,-0.12217831611633301,0.44059035181999207
5,random_curve,3.3200000000000003,3.8206663131713867,-0.26896539330482483,0.1704999953508377,0.17581398785114288,0.4475550353527069,-0.13402637839317322,-0.12292453646659851,0.47904905676841736
5,random_curve,3.34,3.8191890716552734,-0.27115023136138916,0.1704999953508377,0.1740182787179947,0.4475550353527069,-0.11168336868286133,-0.12397943437099457,0.4980262219905853
5,random_curve,3.36,3.8180859088897705,-0.27334466576576233,0.1704999953508377,0.17250356078147888,0.4475550353527069,-0.10004245489835739,-0.12524265050888062,0.5197888612747192
5,random_curve,3.38,3.817519426345825,-0.2758585810661316,0.1704999953508377,0.17152447998523712,0.4475550353527069,-0.07672388851642609,-0.12706297636032104,0.5465939044952393
5,random_curve,3.4,3.817436456680298,-0.27846282720565796,0.1704999953508377,0.17102329432964325,0.4475550353527069,-0.08015009760856628,-0.12921839952468872,0.5457720756530762
5,random_curve,3.42,3.8180618286132812,-0.28143978118896484,0.1704999953508377,0.17095120251178741,0.4475550353527069,-0.03810515254735947,-0.13206776976585388,0.5224474668502808
5,random_curve,3.44,3.8196568489074707,-0.2847750186920166,0.1704999953508377,0.17123062908649445,0.4475550353527069,-0.012939736247062683,-0.13573876023292542,0.4731074869632721
5,random_curve,3.46,3.8218982219696045,-0.2887210547924042,0.1704999953508377,0.17144539952278137,0.4475550353527069,-0.004261516034603119,-0.14027166366577148,0.4303683340549469
5,random_curve,3.48,3.823810338973999,-0.2924835979938507,0.1704999953508377,0.17168714106082916,0.4475550353527069,-0.028233420103788376,-0.14447332918643951,0.3517148494720459
5,random_curve,3.5,3.8247315883636475,-0.294490247964859,0.1704999953508377,0.17138749361038208,0.4475550353527069,-0.0017874334007501602,-0.1466614305973053,0.3403681516647339
5,random_curve,3.52,3.8248937129974365,-0.29408249258995056,0.1704999953508377,0.17047587037086487,0.4475550353527069,0.04901406168937683,-0.14640377461910248,0.35215288400650024
5,random_curve,3.54,3.8250925540924072,-0.29148250818252563,0.1704999953508377,0.16962973773479462,0.4475550353527069,0.10716119408607483,-0.1443139761686325,0.35013076663017273
5,random_curve,3.56,3.825596809387207,-0.2877748906612396,0.1704999953508377,0.16915276646614075,0.4475550353527069,0.1307990550994873,-0.14145201444625854,0.33699142932891846
5,random_curve,3.58,3.825869560241699,-0.28325629234313965,0.1704999953508377,0.1694125384092331,0.4475550353527069,0.1417275071144104,-0.13778109848499298,0.312500923871994
5,random_curve,3.6,3.826058864593506,-0.27783283591270447,0.1704999953508377,0.17005078494548798,0.4475550353527069,0.17027565836906433,-0.13330118358135223,0.32461634278297424
5,random_curve,3.62,3.826850414276123,-0.2726285457611084,0.1704999953508377,0.17099741101264954,0.4475550353527069,0.17938151955604553,-0.12932872772216797,0.2714548707008362
5,random_curve,3.64,3.828090190887451,-0.2678193151950836,0.1704999953508377,0.17237785458564758,0.4475550353527069,0.18429267406463623,-0.12592990696430206,0.2581060528755188
5,random_curve,3.66,3.8295066356658936,-0.2632335424423218,0.1704999953508377,0.17364326119422913,0.4475550353527069,0.18318210542201996,-0.12281438708305359,0.24736562371253967
5,random_curve,3.68,3.8311431407928467,-0.25878822803497314,0.1704999953508377,0.17429351806640625,0.4475550353527069,0.18801695108413696,-0.1199352890253067,0.24110612273216248
5,random_curve,3.7,3.83320951461792,-0.2548908591270447,0.1704999953508377,0.17444095015525818,0.4475550353527069,0.1896594762802124,-0.11774913966655731,0.2633818984031677
5,random_curve,3.72,3.8358676433563232,-0.2516321539878845,0.1704999953508377,0.17432184517383575,0.4475550353527069,0.20057424902915955,-0.11641918122768402,0.2838645875453949
5,random_curve,3.74,3.8390450477600098,-0.24906809628009796,0.1704999953508377,0.1738000363111496,0.4475550353527069,0.20242995023727417,-0.11595393717288971,0.31218382716178894
5,random_curve,3.7600000000000002,3.842273473739624,-0.2471388876438141,0.20999999344348907,0.17300209403038025,0.4475550353527069,0.17445653676986694,-0.11567196995019913,0.3208189904689789
5,random_curve,3.7800000000000002,3.8454513549804688,-0.24573877453804016,0.20999999344348907,0.17172160744667053,0.4475550353527069,0.16734792292118073,-0.1162436455488205,0.3377120792865753
5,random_curve,3.8000000000000003,3.8488826751708984,-0.24439744651317596,0.20999999344348907,0.17031411826610565,0.4475550353527069,0.1905069351196289,-0.1170034408569336,0.33704978227615356
5,random_curve,3.8200000000000003,3.8527848720550537,-0.24247416853904724,0.20999999344348907,0.16946762800216675,0.4475550353527069,0.2337242215871811,-0.11753477901220322,0.325567364692688
5,random_curve,3.84,3.8569297790527344,-0.24052900075912476,0.20999999344348907,0.16890497505664825,0.4475550353527069,0.21758320927619934,-0.11818088591098785,0.34972408413887024
5,random_curve,3.86,3.860922336578369,-0.23934286832809448,0.20999999344348907,0.16854462027549744,0.4475550353527069,0.18233129382133484,-0.1193782240152359,0.36293038725852966
5,random_curve,3.88,3.864278793334961,-0.2385770082473755,0.20999999344348907,0.16849391162395477,0.4475550353527069,0.140856072306633,-0.12057821452617645,0.3907720744609833
5,random_curve,3.9,3.866931915283203,-0.23765039443969727,0.20999999344348907,0.16864760220050812,0.4475550353527069,0.13487878441810608,-0.12125811725854874,0.37552231550216675
5,random_curve,3.92,3.8689770698547363,-0.23653799295425415,0.20999999344348907,0.16922612488269806,0.4475550353527069,0.09896744787693024,-0.12144927680492401,0.3610464036464691
5,random_curve,3.94,3.870176315307617,-0.2353803515434265,0.20999999344348907,0.16992084681987762,0.4475550353527069,0.06331996619701385,-0.12113877385854721,0.3699762523174286
5,random_curve,3.96,3.870266914367676,-0.23419341444969177,0.20999999344348907,0.17032651603221893,0.4475550353527069,0.016557663679122925,-0.12019585818052292,0.37220242619514465
5,random_curve,3.98,3.869619131088257,-0.23270787298679352,0.20999999344348907,0.1705622375011444,0.4475550353527069,0.015945620834827423,-0.11859835684299469,0.3454636037349701
5,random_curve,4.0,3.8689937591552734,-0.23078320920467377,0.20999999344348907,0.17092299461364746,0.4475550353527069,0.031975530087947845,-0.1166459247469902,0.31705817580223083
5,random_curve,4.0200000000000005,3.8684959411621094,-0.2290467470884323,0.20999999344348907,0.17149747908115387,0.4475550353527069,0.021491235122084618,-0.11492082476615906,0.27496588230133057
5,random_curve,4.04,3.8679795265197754,-0.227447047829628,0.20999999344348907,0.17224843800067902,0.4475550353527069,0.02045493572950363,-0.1132998913526535,0.2682880759239197
5,random_curve,4.0600000000000005,3.8679659366607666,-0.22608666121959686,0.20999999344348907,0.1729002594947815,0.4475550353527069,0.043939489871263504,-0.11215479671955109,0.2788269519805908
5,random_curve,4.08,3.868425130844116,-0.22500064969062805,0.20999999344348907,0.17291736602783203,0.4475550353527069,0.05259203165769577,-0.1114984005689621,0.2988443672657013
5,random_curve,4.1,3.8691885471343994,-0.2242906093597412,0.20999999344348907,0.1726243942975998,0.4475550353527069,0.049695663154125214,-0.11132322251796722,0.3711196780204773
5,random_curve,4.12,3.870191812515259,-0.2233124077320099,0.20999999344348907,0.17213763296604156,0.4475550353527069,0.08197209239006042,-0.11105531454086304,0.4020487666130066
5,random_curve,4.14,3.872136354446411,-0.2222854346036911,0.20999999344348907,0.17265640199184418,0.4475550353527069,0.1280931830406189,-0.11126275360584259,0.44272980093955994
5,random_curve,4.16,3.8748323917388916,-0.22082291543483734,0.20999999344348907,0.17400628328323364,0.4475550353527069,0.1708744466304779,-0.1115180253982544,0.45064622163772583
5,random_curve,4.18,3.877999782562256,-0.21796312928199768,0.20999999344348907,0.17491576075553894,0.4475550353527069,0.24194277822971344,-0.11086328327655792,0.44214513897895813
5,random_curve,4.2,3.8818771839141846,-0.21384331583976746,0.20999999344348907,0.17522583901882172,0.4475550353527069,0.30077895522117615,-0.10926592350006104,0.4938364028930664
5,random_curve,4.22,3.8867125511169434,-0.20902705192565918,0.20999999344348907,0.17601507902145386,0.4475550353527069,0.37187182903289795,-0.10797266662120819,0.5114018321037292
5,random_curve,4.24,3.892742395401001,-0.20307953655719757,0.20999999344348907,0.17733535170555115,0.4475550353527069,0.4547683298587799,-0.10640847682952881,0.5009278655052185
5,random_curve,4.26,3.8990819454193115,-0.19641122221946716,0.20999999344348907,0.17837892472743988,0.4475550353527069,0.44150209426879883,-0.10441946983337402,0.48122212290763855
5,random_curve,4.28,3.905059337615967,-0.18990956246852875,0.20999999344348907,0.17889846861362457,0.4475550353527069,0.4034142792224884,-0.1023663729429245,0.4656241238117218
5,random_curve,4.3,3.910712480545044,-0.1835596114397049,0.20999999344348907,0.179068461060524,0.4475550353527069,0.4101244807243347,-0.10025794804096222,0.4130556881427765
5,random_curve,4.32,3.9163317680358887,-0.17770916223526,0.20999999344348907,0.1790803074836731,0.4475550353527069,0.38312309980392456,-0.09833158552646637,0.39785292744636536
5,random_curve,4.34,3.921340227127075,-0.17258720099925995,0.20999999344348907,0.1788247525691986,0.4475550353527069,0.32239726185798645,-0.09694653749465942,0.35740867257118225
5,random_curve,4.36,3.925443172454834,-0.1685110628604889,0.20999999344348907,0.1777823269367218,0.4475550353527069,0.253917396068573,-0.09591063112020493,0.2830469608306885
5,random_curve,4.38,3.9293408393859863,-0.16482503712177277,0.20999999344348907,0.1768919676542282,0.4475550353527069,0.2736172080039978,-0.09507999569177628,0.2437097579240799
5,random_curve,4.4,3.9324092864990234,-0.16086332499980927,0.20999999344348907,0.17580778896808624,0.4475550353527069,0.22144019603729248,-0.09355254471302032,0.25942790508270264
5,random_curve,4.42,3.9343953132629395,-0.15595969557762146,0.20999999344348907,0.17399922013282776,0.4475550353527069,0.22845450043678284,-0.0906357690691948,0.3352952003479004
5,random_curve,4.44,3.936281681060791,-0.14973917603492737,0.20999999344348907,0.17143362760543823,0.4475550353527069,0.2749425172805786,-0.08657720685005188,0.36772772669792175
5,random_curve,4.46,3.9384028911590576,-0.14294837415218353,0.20999999344348907,0.16890990734100342,0.4475550353527069,0.2968643009662628,-0.08218161761760712,0.37136349081993103
5,random_curve,4.48,3.9415993690490723,-0.13589240610599518,0.20999999344348907,0.16709046065807343,0.4475550353527069,0.3569275438785553,-0.07817642390727997,0.3446831703186035
5,random_curve,4.5,3.945540189743042,-0.12893441319465637,0.20999999344348907,0.16619685292243958,0.4475550353527069,0.3693948984146118,-0.07454703003168106,0.30833449959754944
5,random_curve,4.5200000000000005,3.9500060081481934,-0.12185697257518768,0.20999999344348907,0.16591115295886993,0.4475550353527069,0.3978375494480133,-0.07129038125276566,0.31162044405937195
5,random_curve,4.54,3.955226421356201,-0.11524152755737305,0.20999999344348907,0.16580232977867126,0.4475550353527069,0.40112510323524475,-0.06884405016899109,0.29729583859443665
5,random_curve,4.5600000000000005,3.960848331451416,-0.10979238152503967,0.20999999344348907,0.16575725376605988,0.4475550353527069,0.37196266651153564,-0.06758428364992142,0.2974123954772949
5,random_curve,4.58,3.966526746749878,-0.10531071573495865,0.20999999344348907,0.16566763818264008,0.4475550353527069,0.35157933831214905,-0.06715080142021179,0.30307939648628235
5,random_curve,4.6000000000000005,3.9719362258911133,-0.10149750113487244,0.20999999344348907,0.1654890775680542,0.4475550353527069,0.30963730812072754,-0.06711224466562271,0.29792484641075134
5,random_curve,4.62,3.976480722427368,-0.09860333800315857,0.20999999344348907,0.1652243584394455,0.4475550353527069,0.23730912804603577,-0.06733369827270508,0.3113991916179657
5,random_curve,4.64,3.980250120162964,-0.09633319824934006,0.20999999344348907,0.16481873393058777,0.4475550353527069,0.20356890559196472,-0.06755528599023819,0.3204500377178192
5,random_curve,4.66,3.9832262992858887,-0.09446112811565399,0.20999999344348907,0.16426324844360352,0.4475550353527069,0.15607358515262604,-0.06773022562265396,0.3282046616077423
5,random_curve,4.68,3.9849021434783936,-0.09286697208881378,0.20999999344348907,0.16390861570835114,0.4475550353527069,0.08218125998973846,-0.06738649308681488,0.3296903669834137
5,random_curve,4.7,3.9853837490081787,-0.0917571634054184,0.20999999344348907,0.16352497041225433,0.4475550353527069,0.026161357760429382,-0.06675403565168381,0.33047088980674744
5,random_curve,4.72,3.9853038787841797,-0.09116430580615997,0.20999999344348907,0.16332797706127167,0.4475550353527069,0.0029494529590010643,-0.06622269749641418,0.32350432872772217
5,random_curve,4.74,3.9850475788116455,-0.09147830307483673,0.20999999344348907,0.16352464258670807,0.4475550353527069,-0.03682543337345123,-0.06633274257183075,0.32318830490112305
5,random_curve,4.76,3.9841129779815674,-0.09229383617639542,0.20999999344348907,0.16366831958293915,0.4475550353527069,-0.07715509086847305,-0.06646423786878586,0.3376878798007965
5,random_curve,4.78,3.982527494430542,-0.09305502474308014,0.20999999344348907,0.16386504471302032,0.4475550353527069,-0.09385061264038086,-0.06617768108844757,0.3337317407131195
5,random_curve,4.8,3.980801582336426,-0.09378916770219803,0.20999999344348907,0.16445104777812958,0.4475550353527069,-0.08808876574039459,-0.0657883957028389,0.32752296328544617
5,random_curve,4.82,3.97926664352417,-0.09481509029865265,0.20999999344348907,0.16569387912750244,0.4475550353527069,-0.09470818191766739,-0.06574764847755432,0.3191172480583191
5,random_curve,4.84,3.97750186920166,-0.0960569828748703,0.20999999344348907,0.16746526956558228,0.4475550353527069,-0.118238165974617,-0.06575185805559158,0.31699374318122864
5,random_curve,4.86,3.975102663040161,-0.09639889001846313,0.20999999344348907,0.16941002011299133,0.4475550353527069,-0.09872177243232727,-0.06465494632720947,0.3123326301574707
6,s_curve,0.0,0.0,0.0,0.25,0.3499999940395355,0.43620461225509644,0.0,0.0,0.0
6,s_curve,0.02,-0.0005341656506061554,-0.00011708652891684324,0.25,0.34477469325065613,0.43620461225509644,-0.03474297374486923,0.0001962706883205101,0.44777271151542664
6,s_curve,0.04,-0.0007093818858265877,-0.0002714086731430143,0.25,0.33458662033081055,0.43620461225509644,-0.003825726453214884,0.00016387576761189848,0.20461465418338776
6,s_curve,0.06,-0.0006880750879645348,0.00025194298359565437,0.25,0.32242369651794434,0.43620461225509644,0.02163061499595642,0.0005890824249945581,0.311591774225235
6,s_curve,0.08,-0.0007465202361345291,0.000586982409004122,0.25,0.30796656012535095,0.43620461225509644,0.002770069520920515,0.0009009696659632027,0.4342407286167145
6,s_curve,0.1,-0.0008493643254041672,0.0008618655265308917,0.25,0.28972890973091125,0.43620461225509644,0.002723905723541975,0.001187072484754026,0.3955451548099518
6,s_curve,0.12,-0.00046858564019203186,0.0008650331292301416,0.25,0.2677270770072937,0.43620461225509644,0.01582208275794983,0.0009801230626180768,0.3637106418609619
6,s_curve,0.14,0.00015216413885354996,0.0005898998933844268,0.25,0.24130523204803467,0.43620461225509644,0.01618877612054348,0.00040873780380934477,0.42669677734375
6,s_curve,0.16,0.0005027847364544868,7.521132647525519e-05,0.25,0.21084444224834442,0.43620461225509644,4.2654573917388916e-05,-0.00021395820658653975,0.5208860039710999
6,s_curve,0.18,0.002058110199868679,0.00044448557309806347,0.25,0.1825156956911087,0.43620461225509644,0.13646253943443298,-0.0007617653463967144,0.5330266952514648
6,s_curve,0.2,0.005417113658040762,0.0018430182244628668,0.25,0.1613157093524933,0.43620461225509644,0.21774716675281525,-0.001443075598217547,0.5568379759788513
6,s_curve,0.22,0.010268100537359715,0.00374972028657794,0.25,0.14955802261829376,0.43620461225509644,0.2820098102092743,-0.002521367045119405,0.6518420577049255
6,s_curve,0.24,0.016252443194389343,0.006213461980223656,0.25,0.14693306386470795,0.43620461225509644,0.3350977897644043,-0.003758437465876341,0.6895012259483337
6,s_curve,0.26,0.023919271305203438,0.009279475547373295,0.25,0.15125739574432373,0.43620461225509644,0.4455825984477997,-0.005460236221551895,0.6341354846954346
6,s_curve,0.28,0.03409919887781143,0.01297435536980629,0.25,0.1596781611442566,0.43620461225509644,0.5700277090072632,-0.007959725335240364,0.5838332176208496
6,s_curve,0.3,0.04584275186061859,0.017226936295628548,0.25,0.16892944276332855,0.43620461225509644,0.6213909983634949,-0.01085134781897068,0.5545687675476074
6,s_curve,0.32,0.05759899318218231,0.02230990305542946,0.25,0.175962433218956,0.43620461225509644,0.6200034618377686,-0.013055835850536823,0.5556474328041077
6,s_curve,0.34,0.06935963034629822,0.02789164148271084,0.25,0.17987340688705444,0.43620461225509644,0.6390833854675293,-0.014927494339644909,0.46123746037483215
6,s_curve,0.36,0.0806441381573677,0.03306732699275017,0.25,0.18050940334796906,0.43620461225509644,0.5961217880249023,-0.0167508814483881,0.4471334218978882
6,s_curve,0.38,0.0916978046298027,0.03758354112505913,0.25,0.17882505059242249,0.43620461225509644,0.5708855390548706,-0.019000807777047157,0.49698078632354736
6,s_curve,0.4,0.1029079407453537,0.04093315452337265,0.25,0.17524808645248413,0.43620461225509644,0.5441759824752808,-0.02231360226869583,0.5242494940757751
6,s_curve,0.42,0.11538318544626236,0.043974362313747406,0.25,0.17121028900146484,0.43620461225509644,0.6374589800834656,-0.026699848473072052,0.5244035720825195
6,s_curve,0.44,0.12847267091274261,0.04854212701320648,0.25,0.16820648312568665,0.43620461225509644,0.6914424896240234,-0.029944201931357384,0.47565361857414246
6,s_curve,0.46,0.14089633524417877,0.054373931139707565,0.25,0.16547927260398865,0.43620461225509644,0.682606041431427,-0.031765300780534744,0.4374321401119232
6,s_curve,0.48,0.1527773141860962,0.0614498071372509,0.25,0.16284149885177612,0.43620461225509644,0.7152225375175476,-0.03224658966064453,0.5708553791046143
6,s_curve,0.5,0.16572603583335876,0.06916745007038116,0.25,0.1619413048028946,0.43620461225509644,0.8081070184707642,-0.03286988288164139,0.6782960295677185
6,s_curve,0.52,0.18106691539287567,0.07769512385129929,0.25,0.16311083734035492,0.43620461225509644,0.9466814994812012,-0.03387497365474701,0.7452154755592346
6,s_curve,0.54,0.19982776045799255,0.08713549375534058,0.25,0.16570855677127838,0.43620461225509644,1.118690848350525,-0.036148689687252045,0.7655959725379944
6,s_curve,0.56,0.2215631753206253,0.09682902693748474,0.25,0.16816222667694092,0.43620461225509644,1.2137703895568848,-0.03937410190701485,0.7581177949905396
6,s_curve,0.58,0.2451653927564621,0.10681703686714172,0.25,0.16861647367477417,0.43620461225509644,1.2750341892242432,-0.04356184974312782,0.6147214770317078
6,s_curve,0.6,0.26868245005607605,0.11705063283443451,0.25,0.1681119054555893,0.43620461225509644,1.2773478031158447,-0.046986281871795654,0.6046878099441528
6,s_curve,0.62,0.2922205924987793,0.12763024866580963,0.25,0.1687011867761612,0.43620461225509644,1.3041203022003174,-0.05033034831285477,0.6143563389778137
6,s_curve,0.64,0.316709965467453,0.13848207890987396,0.25,0.1702916920185089,0.43620461225509644,1.3590179681777954,-0.05338342487812042,0.6599727869033813
6,s_curve,0.66,0.34250688552856445,0.14993588626384735,0.25,0.1733066588640213,0.43620461225509644,1.462645411491394,-0.05668069049715996,0.651786744594574
6,s_curve,0.68,0.3704448938369751,0.16272807121276855,0.25,0.17664951086044312,0.43620461225509644,1.582223892211914,-0.05970955640077591,0.6536970138549805
6,s_curve,0.7000000000000001,0.4000309109687805,0.17541156709194183,0.25,0.17847098410129547,0.43620461225509644,1.60213041305542,-0.06274479627609253,0.6541990041732788
6,s_curve,0.72,0.42995619773864746,0.18690179288387299,0.25,0.17775818705558777,0.43620461225509644,1.5800739526748657,-0.06702393293380737,0.5389734506607056
6,s_curve,0.74,0.45995861291885376,0.19674572348594666,0.25,0.17513853311538696,0.43620461225509644,1.5209355354309082,-0.07246275246143341,0.30195990204811096
6,s_curve,0.76,0.48912400007247925,0.20594188570976257,0.25,0.1724710464477539,0.43620461225509644,1.5201311111450195,-0.07715447247028351,0.5176137089729309
6,s_curve,0.78,0.5185635089874268,0.21566204726696014,0.25,0.1708199828863144,0.43620461225509644,1.5665310621261597,-0.08141425251960754,0.5540942549705505
6,s_curve,0.8,0.5486441850662231,0.22516673803329468,0.25,0.16985984146595,0.43620461225509644,1.587274193763733,-0.08569657802581787,0.6206834316253662
6,s_curve,0.8200000000000001,0.5795409083366394,0.23414061963558197,0.25,0.16987188160419464,0.43620461225509644,1.6315199136734009,-0.09027640521526337,0.740234375
6,s_curve,0.84,0.6114848852157593,0.2435862123966217,0.25,0.17069412767887115,0.43620461225509644,1.670282006263733,-0.0934925228357315,0.7578700184822083
6,s_curve,0.86,0.6433258652687073,0.2544254958629608,0.25,0.17094820737838745,0.43620461225509644,1.6577229499816895,-0.09509927779436111,0.675825834274292
6,s_curve,0.88,0.6743533611297607,0.2657298743724823,0.25,0.16925327479839325,0.43620461225509644,1.6090943813323975,-0.09519954770803452,0.6039016246795654
6,s_curve,0.9,0.7039571404457092,0.27619102597236633,0.25,0.16715523600578308,0.43620461225509644,1.5272350311279297,-0.09486955404281616,0.6282315254211426
6,s_curve,0.92,0.7321038842201233,0.2839756906032562,0.20999999344348907,0.16647759079933167,0.43620461225509644,1.4227877855300903,-0.0959835946559906,0.6559961438179016
6,s_curve,0.9400000000000001,0.7598395347595215,0.2891826331615448,0.20999999344348907,0.16772150993347168,0.43620461225509644,1.4011040925979614,-0.09797532111406326,0.6128845810890198
6,s_curve,0.96,0.7872195243835449,0.2929355800151825,0.20999999344348907,0.17158611118793488,0.43620461225509644,1.3968387842178345,-0.10115804523229599,0.6301386952400208
6,s_curve,0.98,0.8160815238952637,0.29584771394729614,0.20999999344348907,0.17709015309810638,0.43620461225509644,1.5024782419204712,-0.10479570925235748,0.6735382080078125
6,s_curve,1.0,0.847107470035553,0.2984587550163269,0.20999999344348907,0.1815302073955536,0.43620461225509644,1.588971495628357,-0.10825391858816147,0.6801191568374634
6,s_curve,1.02,0.878696084022522,0.3003631830215454,0.20999999344348907,0.18305769562721252,0.43620461225509644,1.5726611614227295,-0.1114710196852684,0.6256731152534485
6,s_curve,1.04,0.9106613993644714,0.3013439178466797,0.20999999344348907,0.18212558329105377,0.43620461225509644,1.597382664680481,-0.11377649009227753,0.42385566234588623
6,s_curve,1.06,0.9421108961105347,0.3022465109825134,0.20999999344348907,0.17927522957324982,0.43620461225509644,1.5457818508148193,-0.11559172719717026,0.30859291553497314
6,s_curve,1.08,0.972801685333252,0.3035493493080139,0.20999999344348907,0.17723751068115234,0.43620461225509644,1.5367332696914673,-0.11586224287748337,0.41541406512260437
6,s_curve,1.1,1.0033210515975952,0.3054748773574829,0.20999999344348907,0.1757822483778,0.43620461225509644,1.5178853273391724,-0.11443173885345459,0.4744225740432739
6,s_curve,1.12,1.033911108970642,0.3075551986694336,0.20999999344348907,0.17582367360591888,0.43620461225509644,1.545739769935608,-0.11177882552146912,0.6246073246002197
6,s_curve,1.1400000000000001,1.065704345703125,0.30954188108444214,0.20999999344348907,0.17696766555309296,0.43620461225509644,1.600003719329834,-0.1080477237701416,0.7197415232658386
6,s_curve,1.16,1.098002314567566,0.3114105463027954,0.20999999344348907,0.17759959399700165,0.43620461225509644,1.5592862367630005,-0.10325192660093307,0.755362868309021
6,s_curve,1.18,1.1288201808929443,0.3122921586036682,0.20999999344348907,0.17784743010997772,0.43620461225509644,1.4556198120117188,-0.09859511256217957,0.6459375619888306
6,s_curve,1.2,1.157435417175293,0.3112655580043793,0.20999999344348907,0.17815479636192322,0.43620461225509644,1.3773280382156372,-0.09442567080259323,0.5476616024971008
6,s_curve,1.22,1.1840238571166992,0.3086361885070801,0.20999999344348907,0.17883463203907013,0.43620461225509644,1.2993887662887573,-0.09210603684186935,0.541944146156311
6,s_curve,1.24,1.209116816520691,0.3043172359466553,0.20999999344348907,0.18042871356010437,0.43620461225509644,1.2687971591949463,-0.0912017673254013,0.5450659990310669
6,s_curve,1.26,1.234184741973877,0.2988969087600708,0.20999999344348907,0.18188753724098206,0.43620461225509644,1.3011088371276855,-0.0900924801826477,0.5366755127906799
6,s_curve,1.28,1.2596710920333862,0.29269471764564514,0.20999999344348907,0.1839085966348648,0.43620461225509644,1.34660804271698,-0.08949369192123413,0.6041914224624634
6,s_curve,1.3,1.2867307662963867,0.28580188751220703,0.20999999344348907,0.18600143492221832,0.43620461225509644,1.4373506307601929,-0.08855894953012466,0.5830774903297424
6,s_curve,1.32,1.3151293992996216,0.2783183157444,0.20999999344348907,0.18657737970352173,0.43620461225509644,1.4771959781646729,-0.08713923394680023,0.4569329619407654
6,s_curve,1.34,1.3438154458999634,0.2704891562461853,0.20999999344348907,0.1847822219133377,0.43620461225509644,1.456963062286377,-0.08450769633054733,0.3614043593406677
6,s_curve,1.36,1.3720937967300415,0.26299214363098145,0.20999999344348907,0.18147097527980804,0.43620461225509644,1.4486136436462402,-0.08165627717971802,0.3755887746810913
6,s_curve,1.3800000000000001,1.4002435207366943,0.2553175091743469,0.20999999344348907,0.17779184877872467,0.43620461225509644,1.454238772392273,-0.07849711924791336,0.5298142433166504
6,s_curve,1.4000000000000001,1.429203987121582,0.24742180109024048,0.20999999344348907,0.17428384721279144,0.43620461225509644,1.513385534286499,-0.07415488362312317,0.6576926112174988
6,s_curve,1.42,1.459621548652649,0.23882979154586792,0.20999999344348907,0.1721818745136261,0.43620461225509644,1.6164932250976562,-0.06963939219713211,0.7377306222915649
6,s_curve,1.44,1.492660403251648,0.22884266078472137,0.25,0.17193350195884705,0.43620461225509644,1.7701640129089355,-0.0647069662809372,0.7877739667892456
6,s_curve,1.46,1.5269933938980103,0.21835213899612427,0.25,0.17239753901958466,0.43620461225509644,1.7161554098129272,-0.059032097458839417,0.7235611081123352
6,s_curve,1.48,1.5588573217391968,0.20802026987075806,0.25,0.17282883822917938,0.43620461225509644,1.6081784963607788,-0.053808607161045074,0.5648379921913147
6,s_curve,1.5,1.5890170335769653,0.1970381736755371,0.25,0.17387142777442932,0.43620461225509644,1.5737974643707275,-0.049004994332790375,0.5445797443389893
6,s_curve,1.52,1.6178691387176514,0.18494169414043427,0.25,0.17700953781604767,0.43620461225509644,1.5739946365356445,-0.045803043991327286,0.5604944229125977
6,s_curve,1.54,1.6470645666122437,0.17152617871761322,0.25,0.1818419098854065,0.43620461225509644,1.652791142463684,-0.0432506762444973,0.6170703768730164
6,s_curve,1.56,1.6779019832611084,0.15737764537334442,0.25,0.18639977276325226,0.43620461225509644,1.7322531938552856,-0.03982321172952652,0.6645470857620239
6,s_curve,1.58,1.7101448774337769,0.14251157641410828,0.25,0.18889228999614716,0.43620461225509644,1.7827551364898682,-0.03617023676633835,0.6368001699447632
6,s_curve,1.6,1.743986964225769,0.12618117034435272,0.25,0.18978570401668549,0.43620461225509644,1.8984566926956177,-0.03260091692209244,0.49184101819992065
6,s_curve,1.62,1.7773901224136353,0.10976402461528778,0.25,0.18878506124019623,0.43620461225509644,1.8248168230056763,-0.029013963416218758,0.5613849759101868
6,s_curve,1.6400000000000001,1.810697078704834,0.09389954060316086,0.25,0.18906748294830322,0.43620461225509644,1.8448477983474731,-0.024732159450650215,0.6265700459480286
6,s_curve,1.6600000000000001,1.8445217609405518,0.07789459824562073,0.25,0.18925654888153076,0.43620461225509644,1.8718488216400146,-0.019881069660186768,0.6640424728393555
6,s_curve,1.68,1.8789606094360352,0.060680489987134933,0.25,0.19100165367126465,0.43620461225509644,1.96547269821167,-0.015665439888834953,0.7329767346382141
6,s_curve,1.7,1.914473295211792,0.04225046932697296,0.25,0.19208915531635284,0.43620461225509644,1.9994513988494873,-0.011717993766069412,0.7737177610397339
6,s_curve,1.72,1.9509357213974,0.02440442144870758,0.25,0.18967728316783905,0.43620461225509644,2.0069892406463623,-0.006631928030401468,0.6530197858810425
6,s_curve,1.74,1.9874000549316406,0.007661851588636637,0.25,0.1846655011177063,0.43620461225509644,1.9560589790344238,-0.0005387230776250362,0.557239830493927
6,s_curve,1.76,2.0226850509643555,-0.008705548010766506,0.25,0.18028400838375092,0.43620461225509644,1.9122121334075928,0.005218629725277424,0.6478849649429321
6,s_curve,1.78,2.0577523708343506,-0.024951372295618057,0.25,0.17808783054351807,0.43620461225509644,1.9254177808761597,0.010932131670415401,0.6821021437644958
6,s_curve,1.8,2.09320068359375,-0.04204457998275757,0.25,0.17817369103431702,0.43620461225509644,1.992402195930481,0.01608344539999962,0.6958394646644592
6,s_curve,1.82,2.129101514816284,-0.06036028638482094,0.25,0.17805369198322296,0.43620461225509644,2.0145139694213867,0.02034747414290905,0.6925206184387207
6,s_curve,1.84,2.1654558181762695,-0.07928718626499176,0.25,0.17681683599948883,0.43620461225509644,2.070317268371582,0.024176331236958504,0.6429600119590759
6,s_curve,1.86,2.2019264698028564,-0.0976400375366211,0.20999999344348907,0.17386561632156372,0.43620461225509644,1.9774507284164429,0.02833014726638794,0.5359466671943665
6,s_curve,1.8800000000000001,2.2367918491363525,-0.11379978060722351,0.20999999344348907,0.17148457467556,0.43620461225509644,1.8617920875549316,0.032985180616378784,0.4829811751842499
6,s_curve,1.9000000000000001,2.271306037902832,-0.12838806211948395,0.20999999344348907,0.17039868235588074,0.43620461225509644,1.8662928342819214,0.03864627331495285,0.5634778738021851
6,s_curve,1.92,2.306561231613159,-0.14314359426498413,0.20999999344348907,0.1702924370765686,0.43620461225509644,1.9387973546981812,0.04422230273485184,0.5682769417762756
6,s_curve,1.94,2.342681884765625,-0.15989746153354645,0.20999999344348907,0.17005300521850586,0.43620461225509644,2.0249764919281006,0.048104431480169296,0.6102239489555359
6,s_curve,1.96,2.3803136348724365,-0.17810210585594177,0.20999999344348907,0.16838456690311432,0.43620461225509644,2.1144022941589355,0.05093979090452194,0.5825737118721008
6,s_curve,1.98,2.4184534549713135,-0.19561289250850677,0.20999999344348907,0.16425667703151703,0.43620461225509644,2.054069757461548,0.0539826825261116,0.5505697727203369
6,s_curve,2.0,2.45509934425354,-0.21202485263347626,0.20999999344348907,0.16057650744915009,0.43620461225509644,1.9733071327209473,0.056613270193338394,0.5729803442955017
6,s_curve,2.02,2.490739345550537,-0.22829529643058777,0.20999999344348907,0.15899209678173065,0.43620461225509644,1.9578003883361816,0.05820370465517044,0.6190816760063171
6,s_curve,2.04,2.5260682106018066,-0.24425528943538666,0.20999999344348907,0.16001708805561066,0.43620461225509644,1.9608097076416016,0.05917367339134216,0.6633298397064209
6,s_curve,2.06,2.5626907348632812,-0.2612287402153015,0.20999999344348907,0.16333149373531342,0.43620461225509644,2.0815391540527344,0.058258917182683945,0.6945238709449768
6,s_curve,2.08,2.6009693145751953,-0.2795775234699249,0.20999999344348907,0.16620492935180664,0.43620461225509644,2.138577461242676,0.056183621287345886,0.6683890223503113
6,s_curve,2.1,2.6389963626861572,-0.2988561987876892,0.20999999344348907,0.1666906625032425,0.43620461225509644,2.0890886783599854,0.05254172906279564,0.6167277097702026
6,s_curve,2.12,2.6764774322509766,-0.3183920085430145,0.20999999344348907,0.1649216264486313,0.43620461225509644,2.029597043991089,0.04655906930565834,0.5332472920417786
6,s_curve,2.14,2.7128398418426514,-0.33521223068237305,0.20999999344348907,0.16269603371620178,0.43620461225509644,1.9445781707763672,0.04153775796294212,0.6174775958061218
6,s_curve,2.16,2.749462604522705,-0.34885692596435547,0.20999999344348907,0.1604359894990921,0.43620461225509644,1.950089931488037,0.03761932998895645,0.6070926189422607
6,s_curve,2.18,2.786588191986084,-0.35986125469207764,0.20999999344348907,0.15787720680236816,0.43620461225509644,1.9386084079742432,0.0357053168118,0.585103452205658
6,s_curve,2.2,2.824526071548462,-0.36996591091156006,0.20999999344348907,0.1550479233264923,0.43620461225509644,1.9923808574676514,0.033429961651563644,0.6281301379203796
6,s_curve,2.22,2.8639769554138184,-0.38081106543540955,0.20999999344348907,0.15059423446655273,0.43620461225509644,2.0474326610565186,0.02914380095899105,0.6236633062362671
6,s_curve,2.24,2.9030678272247314,-0.3911474943161011,0.20999999344348907,0.14471419155597687,0.43620461225509644,1.9313290119171143,0.024442588910460472,0.5812329649925232
6,s_curve,2.2600000000000002,2.9399776458740234,-0.4017305076122284,0.20999999344348907,0.13937009871006012,0.43620461225509644,1.822579264640808,0.016166692599654198,0.6200746893882751
6,s_curve,2.2800000000000002,2.975867986679077,-0.4118172228336334,0.20999999344348907,0.13598524034023285,0.43620461225509644,1.8153126239776611,0.007681115996092558,0.6632763147354126
6,s_curve,2.3000000000000003,3.012660026550293,-0.42154449224472046,0.20999999344348907,0.13521364331245422,0.43620461225509644,1.8562326431274414,-0.0018064250471070409,0.6916778087615967
6,s_curve,2.32,3.0499372482299805,-0.43270090222358704,0.20999999344348907,0.1360531449317932,0.43620461225509644,1.8060044050216675,-0.014119383879005909,0.6795772314071655
6,s_curve,2.34,3.085526943206787,-0.441987544298172,0.20999999344348907,0.13988421857357025,0.43620461225509644,1.683409333229065,-0.025733085349202156,0.6550829410552979
6,s_curve,2.36,3.1208033561706543,-0.45173925161361694,0.20999999344348907,0.14359906315803528,0.43620461225509644,1.6503303050994873,-0.03889362886548042,0.5534940958023071
6,s_curve,2.38,3.1545584201812744,-0.4610438346862793,0.20999999344348907,0.1468305140733719,0.43620461225509644,1.5405925512313843,-0.052358292043209076,0.5535792708396912
6,s_curve,2.4,3.186274290084839,-0.4680514633655548,0.20999999344348907,0.1499917209148407,0.43620461225509644,1.4719369411468506,-0.06499045342206955,0.5771631598472595
6,s_curve,2.42,3.21667742729187,-0.4714656174182892,0.20999999344348907,0.15320034325122833,0.43620461225509644,1.4599353075027466,-0.07392539829015732,0.5716243982315063
6,s_curve,2.44,3.2474732398986816,-0.47254642844200134,0.20999999344348907,0.15555749833583832,0.43620461225509644,1.4903017282485962,-0.08125613629817963,0.5719881057739258
6,s_curve,2.46,3.2778594493865967,-0.47235211730003357,0.20999999344348907,0.15669378638267517,0.43620461225509644,1.4866623878479004,-0.08876858651638031,0.6828981637954712
6,s_curve,2.48,3.309022903442383,-0.4718879163265228,0.20999999344348907,0.1566820591688156,0.43620461225509644,1.5095621347427368,-0.09632547199726105,0.6636339426040649
6,s_curve,2.5,3.3409106731414795,-0.470524400472641,0.20999999344348907,0.15421336889266968,0.43620461225509644,1.5366132259368896,-0.10380163043737411,0.6349772214889526
6,s_curve,2.52,3.3731184005737305,-0.46788549423217773,0.20999999344348907,0.14911463856697083,0.43620461225509644,1.5564740896224976,-0.11155205965042114,0.5396358966827393
6,s_curve,2.54,3.4044368267059326,-0.4646911323070526,0.20999999344348907,0.1430504471063614,0.43620461225509644,1.4815963506698608,-0.11865594983100891,0.4790882468223572
6,s_curve,2.56,3.43418550491333,-0.4609565734863281,0.20999999344348907,0.13906940817832947,0.43620461225509644,1.4188048839569092,-0.12514938414096832,0.54282146692276
6,s_curve,2.58,3.462214708328247,-0.4577544331550598,0.20999999344348907,0.13714593648910522,0.43620461225509644,1.31816828250885,-0.13268651068210602,0.6005997061729431
6,s_curve,2.6,3.489274024963379,-0.4551496207714081,0.20999999344348907,0.13802003860473633,0.43620461225509644,1.277723789215088,-0.14026398956775665,0.6675502061843872
6,s_curve,2.62,3.5164499282836914,-0.45252689719200134,0.20999999344348907,0.1424693912267685,0.43620461225509644,1.3146156072616577,-0.14872585237026215,0.6825697422027588
6,s_curve,2.64,3.5452640056610107,-0.44962480664253235,0.20999999344348907,0.14987394213676453,0.43620461225509644,1.4133015871047974,-0.15759877860546112,0.6285842061042786
6,s_curve,2.66,3.5758421421051025,-0.4464181959629059,0.20999999344348907,0.1573672592639923,0.43620461225509644,1.440006971359253,-0.1671922206878662,0.5544989705085754
6,s_curve,2.68,3.607294797897339,-0.4427648186683655,0.20999999344348907,0.1634960174560547,0.43620461225509644,1.4787731170654297,-0.17786617577075958,0.5128522515296936
6,s_curve,2.7,3.636833906173706,-0.43791016936302185,0.20999999344348907,0.16873444616794586,0.43620461225509644,1.3886821269989014,-0.18643489480018616,0.5969181656837463
6,s_curve,2.72,3.6638667583465576,-0.4306020140647888,0.20999999344348907,0.17285390198230743,0.43620461225509644,1.3634060621261597,-0.1924486607313156,0.5508782863616943
6,s_curve,2.74,3.689274787902832,-0.42151328921318054,0.20999999344348907,0.17507398128509521,0.43620461225509644,1.3242210149765015,-0.19606775045394897,0.5024006366729736
6,s_curve,2.7600000000000002,3.7134666442871094,-0.41196250915527344,0.20999999344348907,0.17461588978767395,0.43620461225509644,1.2876765727996826,-0.19926968216896057,0.5278415083885193
6,s_curve,2.7800000000000002,3.7371554374694824,-0.40154364705085754,0.20999999344348907,0.1726197451353073,0.43620461225509644,1.2898542881011963,-0.2014525830745697,0.5094510912895203
6,s_curve,2.8000000000000003,3.7607951164245605,-0.3902810215950012,0.1704999953508377,0.16838233172893524,0.43620461225509644,1.3131074905395508,-0.20297031104564667,0.44296568632125854
6,s_curve,2.82,3.7846128940582275,-0.3776644468307495,0.1704999953508377,0.16129818558692932,0.43620461225509644,1.3499279022216797,-0.20416158437728882,0.2833990156650543
6,s_curve,2.84,3.8076231479644775,-0.36528876423835754,0.1704999953508377,0.15393179655075073,0.43620461225509644,1.2520610094070435,-0.2048875093460083,0.31152036786079407
6,s_curve,2.86,3.829996347427368,-0.3538767099380493,0.1704999953508377,0.1483747512102127,0.43620461225509644,1.2358577251434326,-0.20671145617961884,0.44654038548469543
6,s_curve,2.88,3.8514461517333984,-0.3425903916358948,0.1704999953508377,0.14522415399551392,0.43620461225509644,1.1739238500595093,-0.2079399824142456,0.48161453008651733
6,s_curve,2.9,3.871952533721924,-0.3325693905353546,0.1704999953508377,0.1444960981607437,0.43620461225509644,1.0928515195846558,-0.21023906767368317,0.5372872948646545
6,s_curve,2.92,3.89104962348938,-0.32434317469596863,0.1704999953508377,0.14570018649101257,0.43620461225509644,0.9792442321777344,-0.21331995725631714,0.5464107394218445
6,s_curve,2.94,3.9093613624572754,-0.3160472512245178,0.1704999953508377,0.14941561222076416,0.43620461225509644,1.0214499235153198,-0.21586963534355164,0.5574026107788086
6,s_curve,2.96,3.9284963607788086,-0.30665549635887146,0.1704999953508377,0.1544467806816101,0.43620461225509644,1.104749321937561,-0.21817505359649658,0.5428780317306519
6,s_curve,2.98,3.948984146118164,-0.29610520601272583,0.1704999953508377,0.16026249527931213,0.43620461225509644,1.1535557508468628,-0.22014299035072327,0.5037304162979126
6,s_curve,3.0,3.9686717987060547,-0.28634142875671387,0.1704999953508377,0.16679181158542633,0.43620461225509644,1.0224173069000244,-0.22258982062339783,0.4072618782520294
6,s_curve,3.02,3.986372470855713,-0.27739742398262024,0.1704999953508377,0.1732141524553299,0.43620461225509644,0.9471489191055298,-0.2245481014251709,0.38976365327835083
6,s_curve,3.04,4.001405239105225,-0.2678752839565277,0.1704999953508377,0.17855818569660187,0.43620461225509644,0.8694043755531311,-0.2247757613658905,0.4263536036014557
6,s_curve,3.06,4.014305114746094,-0.25715792179107666,0.1704999953508377,0.18235181272029877,0.43620461225509644,0.8277448415756226,-0.22283770143985748,0.43140438199043274
6,s_curve,3.08,4.025175094604492,-0.2452741265296936,0.1704999953508377,0.1851525753736496,0.43620461225509644,0.7642083168029785,-0.21875081956386566,0.3813793957233429
6,s_curve,3.1,4.033931732177734,-0.23262134194374084,0.1704999953508377,0.18776820600032806,0.43620461225509644,0.707595944404602,-0.21298134326934814,0.39978182315826416
6,s_curve,3.12,4.041760444641113,-0.2187442034482956,0.1704999953508377,0.1897130161523819,0.43620461225509644,0.7196011543273926,-0.20567911863327026,0.3724821209907532
6,s_curve,3.14,4.0491414070129395,-0.2036963701248169,0.1704999953508377,0.18988603353500366,0.43620461225509644,0.7213886976242065,-0.19711077213287354,0.32696089148521423
6,s_curve,3.16,4.0565948486328125,-0.18806177377700806,0.1704999953508377,0.188311368227005,0.43620461225509644,0.7461629509925842,-0.18816043436527252,0.29292213916778564
6,s_curve,3.18,4.064167499542236,-0.1727328896522522,0.1704999953508377,0.18480005860328674,0.43620461225509644,0.7199597358703613,-0.17953094840049744,0.20398768782615662
6,s_curve,3.2,4.071282863616943,-0.15999828279018402,0.1704999953508377,0.18074019253253937,0.43620461225509644,0.5820813179016113,-0.17281566560268402,0.17226308584213257
6,s_curve,3.22,4.077712535858154,-0.15056516230106354,0.1704999953508377,0.1777658462524414,0.43620461225509644,0.47588980197906494,-0.1684792935848236,0.184904545545578
6,s_curve,3.24,4.083029747009277,-0.14365845918655396,0.1704999953508377,0.17647525668144226,0.43620461225509644,0.35206305980682373,-0.16563981771469116,0.180003821849823
6,s_curve,3.2600000000000002,4.087316036224365,-0.13894885778427124,0.1704999953508377,0.1762675940990448,0.43620461225509644,0.2754676342010498,-0.16406720876693726,0.20541682839393616
6,s_curve,3.2800000000000002,4.091116428375244,-0.13583101332187653,0.1704999953508377,0.17646515369415283,0.43620461225509644,0.21420681476593018,-0.1635560691356659,0.26724809408187866
6,s_curve,3.3000000000000003,4.094290733337402,-0.13415032625198364,0.1704999953508377,0.1769992858171463,0.43620461225509644,0.14981257915496826,-0.16390013694763184,0.31855133175849915
6,s_curve,3.3200000000000003,4.096630573272705,-0.1332724690437317,0.1704999953508377,0.17731676995754242,0.43620461225509644,0.1066565215587616,-0.16445517539978027,0.3403589129447937
6,s_curve,3.34,4.098525047302246,-0.1325829029083252,0.1704999953508377,0.17665226757526398,0.43620461225509644,0.08584845811128616,-0.16492226719856262,0.34653690457344055
6,s_curve,3.36,4.09984827041626,-0.13210895657539368,0.1704999953508377,0.17568305134773254,0.43620461225509644,0.06139892339706421,-0.16525492072105408,0.35559552907943726
6,s_curve,3.38,4.1009840965271,-0.1314930021762848,0.1704999953508377,0.17465028166770935,0.43620461225509644,0.06800422072410583,-0.16536587476730347,0.368948757648468
6,s_curve,3.4,4.102229595184326,-0.1309790313243866,0.1704999953508377,0.1731918752193451,0.43620461225509644,0.06534917652606964,-0.16562233865261078,0.3612872064113617
6,s_curve,3.42,4.1035237312316895,-0.13065704703330994,0.1704999953508377,0.172000452876091,0.43620461225509644,0.06387326866388321,-0.16606587171554565,0.38017937541007996
6,s_curve,3.44,4.104824066162109,-0.13012069463729858,0.1704999953508377,0.1713249683380127,0.43620461225509644,0.07295796275138855,-0.16633382439613342,0.36504119634628296
6,s_curve,3.46,4.106168270111084,-0.12947216629981995,0.1704999953508377,0.17087559401988983,0.43620461225509644,0.07451175153255463,-0.16653227806091309,0.3667990267276764
6,s_curve,3.48,4.107634544372559,-0.1288679838180542,0.1704999953508377,0.1707456409931183,0.43620461225509644,0.07931898534297943,-0.16683495044708252,0.3720761239528656
6,s_curve,3.5,4.109212398529053,-0.1286330223083496,0.1704999953508377,0.17112396657466888,0.43620461225509644,0.06908897310495377,-0.16750729084014893,0.39298829436302185
6,s_curve,3.52,4.110848426818848,-0.1281806379556656,0.1704999953508377,0.1718515008687973,0.43620461225509644,0.09023234993219376,-0.16803014278411865,0.37964779138565063
6,s_curve,3.54,4.112748622894287,-0.12722837924957275,0.1704999953508377,0.17238998413085938,0.43620461225509644,0.11742539703845978,-0.16828104853630066,0.39515218138694763
6,s_curve,3.56,4.1149797439575195,-0.12599219381809235,0.1704999953508377,0.17252527177333832,0.43620461225509644,0.13557328283786774,-0.16847708821296692,0.4093697667121887
6,s_curve,3.58,4.117353916168213,-0.12471521645784378,0.1704999953508377,0.17267848551273346,0.43620461225509644,0.1402684450149536,-0.16871780157089233,0.43592941761016846
6,s_curve,3.6,4.120085716247559,-0.12321741878986359,0.1704999953508377,0.17311516404151917,0.43620461225509644,0.16762442886829376,-0.1689710021018982,0.4483349323272705
6,s_curve,3.62,4.12328577041626,-0.12171024829149246,0.1704999953508377,0.1733388751745224,0.43620461225509644,0.18073752522468567,-0.16947412490844727,0.4452545642852783
6,s_curve,3.64,4.1268181800842285,-0.12000483274459839,0.1704999953508377,0.17314854264259338,0.43620461225509644,0.20533868670463562,-0.16999466717243195,0.44926124811172485
6,s_curve,3.66,4.130542755126953,-0.1180250346660614,0.1704999953508377,0.17287759482860565,0.43620461225509644,0.21937909722328186,-0.17039191722869873,0.46727198362350464
6,s_curve,3.68,4.134594440460205,-0.11594294011592865,0.1704999953508377,0.17258693277835846,0.43620461225509644,0.2341846525669098,-0.17088380455970764,0.44110777974128723
6,s_curve,3.7,4.139283657073975,-0.11378683149814606,0.1704999953508377,0.17203256487846375,0.43620461225509644,0.26392194628715515,-0.17166484892368317,0.448162704706192
6,s_curve,3.72,4.143887042999268,-0.11154648661613464,0.1704999953508377,0.17142990231513977,0.43620461225509644,0.2446524053812027,-0.17232829332351685,0.43603500723838806
6,s_curve,3.74,4.148353576660156,-0.10938149690628052,0.1704999953508377,0.17128056287765503,0.43620461225509644,0.2561381459236145,-0.17297932505607605,0.4781367778778076
6,s_curve,3.7600000000000002,4.153303623199463,-0.10712697356939316,0.1704999953508377,0.17142528295516968,0.43620461225509644,0.27705639600753784,-0.17382177710533142,0.4686916768550873
6,s_curve,3.7800000000000002,4.158158779144287,-0.1048540398478508,0.1704999953508377,0.1713661551475525,0.43620461225509644,0.25315308570861816,-0.1745966076850891,0.4297462999820709
6,s_curve,3.8000000000000003,4.162622928619385,-0.10257076472043991,0.1704999953508377,0.17140476405620575,0.43620461225509644,0.24106481671333313,-0.17514756321907043,0.4432351887226105
6,s_curve,3.8200000000000003,4.1668267250061035,-0.10031667351722717,0.1704999953508377,0.17204296588897705,0.43620461225509644,0.23866137862205505,-0.17557960748672485,0.45868009328842163
6,s_curve,3.84,4.171017169952393,-0.0977134108543396,0.1704999953508377,0.1731710284948349,0.43620461225509644,0.2550010681152344,-0.17571276426315308,0.4776795208454132
6,s_curve,3.86,4.1753315925598145,-0.09475277364253998,0.1704999953508377,0.17448705434799194,0.43620461225509644,0.2628858983516693,-0.1756158173084259,0.4735070765018463
6,s_curve,3.88,4.179191589355469,-0.0915457233786583,0.1704999953508377,0.17591799795627594,0.43620461225509644,0.23223119974136353,-0.17506299912929535,0.44702431559562683
6,s_curve,3.9,4.182202339172363,-0.08797673135995865,0.1704999953508377,0.17798501253128052,0.43620461225509644,0.2148377150297165,-0.17374056577682495,0.42591792345046997
6,s_curve,3.92,4.184489727020264,-0.08422895520925522,0.1704999953508377,0.18077075481414795,0.43620461225509644,0.1828034520149231,-0.17187067866325378,0.4124252498149872
6,s_curve,3.94,4.185953140258789,-0.0807526707649231,0.1704999953508377,0.18347902595996857,0.43620461225509644,0.13258451223373413,-0.1697739213705063,0.396975576877594
6,s_curve,3.96,4.186561107635498,-0.07772768288850784,0.1704999953508377,0.18576376140117645,0.43620461225509644,0.08488637208938599,-0.16758307814598083,0.3895130753517151
6,s_curve,3.98,4.186329364776611,-0.07524965703487396,0.1704999953508377,0.187539741396904,0.43620461225509644,0.0356605127453804,-0.16538667678833008,0.36992961168289185
6,s_curve,4.0,4.185431480407715,-0.07362750172615051,0.1704999953508377,0.18878400325775146,0.43620461225509644,-0.019220761954784393,-0.1635381430387497,0.348260760307312
6,s_curve,4.0200000000000005,4.1839141845703125,-0.07257115095853806,0.1704999953508377,0.18953073024749756,0.43620461225509644,-0.052445996552705765,-0.16182103753089905,0.3546273410320282
6,s_curve,4.04,4.181819438934326,-0.07173938304185867,0.1704999953508377,0.189736470580101,0.43620461225509644,-0.07760211080312729,-0.15997359156608582,0.3446069359779358
6,s_curve,4.0600000000000005,4.178994655609131,-0.07136373966932297,0.1704999953508377,0.18926838040351868,0.43620461225509644,-0.12577031552791595,-0.15810512006282806,0.3173394203186035
6,s_curve,4.08,4.176145553588867,-0.07176745682954788,0.1704999953508377,0.1885150820016861,0.43620461225509644,-0.12952087819576263,-0.1568739265203476,0.3119209110736847
6,s_curve,4.1,4.173480033874512,-0.07319671660661697,0.1704999953508377,0.18761959671974182,0.43620461225509644,-0.16009551286697388,-0.1565999835729599,0.3444744050502777
6,s_curve,4.12,4.170587539672852,-0.0744009017944336,0.1704999953508377,0.18601535260677338,0.43620461225509644,-0.1522584706544876,-0.15601319074630737,0.32512366771698
6,s_curve,4.14,4.167497158050537,-0.07540543377399445,0.1704999953508377,0.1842639297246933,0.43620461225509644,-0.15359599888324738,-0.15515080094337463,0.31251293420791626
6,s_curve,4.16,4.165233135223389,-0.07718179374933243,0.1704999953508377,0.1829558163881302,0.43620461225509644,-0.13383135199546814,-0.15538763999938965,0.3125876486301422
6,s_curve,4.18,4.163737773895264,-0.07966158539056778,0.1704999953508377,0.18227873742580414,0.43620461225509644,-0.13085012137889862,-0.1566348671913147,0.311750203371048
6,s_curve,4.2,4.162633419036865,-0.0817636102437973,0.1704999953508377,0.1815374195575714,0.43620461225509644,-0.08481752127408981,-0.1577819287776947,0.3336295187473297
6,s_curve,4.22,4.161736965179443,-0.08335160464048386,0.1704999953508377,0.1806313693523407,0.43620461225509644,-0.0753571093082428,-0.15861426293849945,0.32837533950805664
6,s_curve,4.24,4.160894870758057,-0.08503036201000214,0.1704999953508377,0.17912550270557404,0.43620461225509644,-0.08826138079166412,-0.15955230593681335,0.31950825452804565
6,s_curve,4.26,4.159998893737793,-0.08643507957458496,0.1704999953508377,0.17722588777542114,0.43620461225509644,-0.059097424149513245,-0.16023188829421997,0.3196108341217041
6,s_curve,4.28,4.159225940704346,-0.08705039322376251,0.1704999953508377,0.1762239933013916,0.43620461225509644,-0.03237779065966606,-0.16032013297080994,0.3275252878665924
6,s_curve,4.3,4.158430576324463,-0.08722823858261108,0.1704999953508377,0.176109179854393,0.43620461225509644,-0.04204525053501129,-0.1600308120250702,0.31132519245147705
6,s_curve,4.32,4.157656192779541,-0.08749928325414658,0.1704999953508377,0.17607446014881134,0.43620461225509644,-0.03645843267440796,-0.15983086824417114,0.32306960225105286
6,s_curve,4.34,4.156898021697998,-0.08770260959863663,0.1704999953508377,0.17639359831809998,0.43620461225509644,-0.03996395319700241,-0.15958330035209656,0.30070960521698
6,s_curve,4.36,4.156402587890625,-0.08780603855848312,0.1704999953508377,0.17694146931171417,0.43620461225509644,-0.009975931607186794,-0.1593969464302063,0.31873273849487305
6,s_curve,4.38,4.156124591827393,-0.0871647447347641,0.1704999953508377,0.17828723788261414,0.43620461225509644,0.020304858684539795,-0.15870851278305054,0.32857397198677063
6,s_curve,4.4,4.155550479888916,-0.08559457212686539,0.1704999953508377,0.1795612871646881,0.43620461225509644,0.019252758473157883,-0.15708160400390625,0.35979846119880676
6,s_curve,4.42,4.15472936630249,-0.08422360569238663,0.1704999953508377,0.17978234589099884,0.43620461225509644,-0.007256289944052696,-0.15548503398895264,0.3141178786754608
6,s_curve,4.44,4.154660701751709,-0.08352077752351761,0.1704999953508377,0.1799900233745575,0.43620461225509644,0.03676362335681915,-0.1548604667186737,0.346701443195343
6,s_curve,4.46,4.1552276611328125,-0.08353976905345917,0.1704999953508377,0.17999044060707092,0.43620461225509644,0.01821710355579853,-0.1551884114742279,0.3276068866252899
6,s_curve,4.48,4.155426025390625,-0.0842435359954834,0.1704999953508377,0.17963328957557678,0.43620461225509644,-0.02844872511923313,-0.15588514506816864,0.32495859265327454
6,s_curve,4.5,4.155513286590576,-0.08557180315256119,0.1704999953508377,0.17875367403030396,0.43620461225509644,-0.03309912979602814,-0.15704211592674255,0.3260411322116852
6,s_curve,4.5200000000000005,4.1558990478515625,-0.08674266934394836,0.1704999953508377,0.17694079875946045,0.43620461225509644,-0.00603027269244194,-0.15823198854923248,0.3361189365386963
6,s_curve,4.54,4.156246185302734,-0.08779537677764893,0.1704999953508377,0.17460349202156067,0.43620461225509644,-0.0195552296936512,-0.15930193662643433,0.3309613764286041
6,s_curve,4.5600000000000005,4.156430244445801,-0.08842409402132034,0.1704999953508377,0.1728161722421646,0.43620461225509644,-0.0033308258280158043,-0.15992815792560577,0.32780495285987854
6,s_curve,4.58,4.156717777252197,-0.08865094184875488,0.1704999953508377,0.1720004677772522,0.43620461225509644,0.01345654297620058,-0.16027581691741943,0.319168359041214
6,s_curve,4.6000000000000005,4.157578468322754,-0.08845899254083633,0.1704999953508377,0.1718551516532898,0.43620461225509644,0.06237344071269035,-0.1605893224477768,0.31293785572052
6,s_curve,4.62,4.158353328704834,-0.0882483646273613,0.1704999953508377,0.1715703159570694,0.43620461225509644,0.016717255115509033,-0.1608399748802185,0.331603467464447
6,s_curve,4.64,4.159053325653076,-0.08799783885478973,0.1704999953508377,0.17104776203632355,0.43620461225509644,0.053096648305654526,-0.16101613640785217,0.3645559251308441
6,s_curve,4.66,4.1603569984436035,-0.08716824650764465,0.1704999953508377,0.1707354635000229,0.43620461225509644,0.09545274078845978,-0.16104111075401306,0.3868178427219391
6,s_curve,4.68,4.162093639373779,-0.08589556813240051,0.1704999953508377,0.17086577415466309,0.43620461225509644,0.11731702089309692,-0.1609344780445099,0.3530353903770447
6,s_curve,4.7,4.16402006149292,-0.08515629917383194,0.1704999953508377,0.17108061909675598,0.43620461225509644,0.0854320079088211,-0.1613776683807373,0.37071990966796875
6,s_curve,4.72,4.165862560272217,-0.08498192578554153,0.1704999953508377,0.17109991610050201,0.43620461225509644,0.0760435163974762,-0.16224625706672668,0.3372589945793152
6,s_curve,4.74,4.167498588562012,-0.0850205272436142,0.1704999953508377,0.1712280809879303,0.43620461225509644,0.06532720476388931,-0.16317901015281677,0.3401595652103424
6,s_curve,4.76,4.168693542480469,-0.08468153327703476,0.1704999953508377,0.17141133546829224,0.43620461225509644,0.05172547325491905,-0.16355374455451965,0.34598031640052795
6,s_curve,4.78,4.169059753417969,-0.08464197814464569,0.1704999953508377,0.1713084578514099,0.43620461225509644,-0.012954043224453926,-0.16372229158878326,0.33910226821899414
6,s_curve,4.8,4.168476104736328,-0.0851530060172081,0.1704999953508377,0.17106349766254425,0.43620461225509644,-0.05914970487356186,-0.16382767260074615,0.3403414189815521
6,s_curve,4.82,4.167294025421143,-0.0853792279958725,0.1704999953508377,0.17105743288993835,0.43620461225509644,-0.05154917389154434,-0.16336587071418762,0.3501129150390625
6,s_curve,4.84,4.165794372558594,-0.08475986868143082,0.1704999953508377,0.17105737328529358,0.43620461225509644,-0.04225030913949013,-0.16202333569526672,0.33218294382095337
6,s_curve,4.86,4.164461612701416,-0.08395634591579437,0.1704999953508377,0.1709165722131729,0.43620461225509644,-0.02449449896812439,-0.16061890125274658,0.33774304389953613
6,s_curve,4.88,4.163522720336914,-0.08347025513648987,0.1704999953508377,0.1712328940629959,0.43620461225509644,-0.029035791754722595,-0.15969626605510712,0.33969995379447937
6,s_curve,4.9,4.162782192230225,-0.08309070765972137,0.1704999953508377,0.17222332954406738,0.43620461225509644,-0.012880008667707443,-0.15897178649902344,0.3153325319290161
6,s_curve,4.92,4.162195682525635,-0.08291187882423401,0.1704999953508377,0.17317284643650055,0.43620461225509644,-0.020293517038226128,-0.15849964320659637,0.3261111378669739
6,s_curve,4.94,4.161805629730225,-0.08285129815340042,0.1704999953508377,0.17385351657867432,0.43620461225509644,-0.010245272889733315,-0.1582343578338623,0.3249190151691437
6,s_curve,4.96,4.161582946777344,-0.08257987350225449,0.1704999953508377,0.17455190420150757,0.43620461225509644,0.01092994399368763,-0.15788519382476807,0.32893386483192444
6,s_curve,4.98,4.161468505859375,-0.08243974298238754,0.1704999953508377,0.1748088151216507,0.43620461225509644,-0.009738663211464882,-0.1577051877975464,0.3364884853363037
6,s_curve,5.0,4.161781311035156,-0.08310984075069427,0.1704999953508377,0.17476843297481537,0.43620461225509644,-0.0016352012753486633,-0.1584368348121643,0.33836132287979126
6,s_curve,5.0200000000000005,4.162391185760498,-0.08410988003015518,0.1704999953508377,0.17451661825180054,0.43620461225509644,-0.00048354826867580414,-0.1596074402332306,0.3409773111343384
6,s_curve,5.04,4.1630659103393555,-0.08505106717348099,0.1704999953508377,0.174286887049675,0.43620461225509644,0.005649244412779808,-0.16076460480690002,0.3556801378726959
6,s_curve,5.0600000000000005,4.1639885902404785,-0.08610302954912186,0.1704999953508377,0.17426158487796783,0.43620461225509644,0.02042827010154724,-0.16215074062347412,0.34181857109069824
6,s_curve,5.08,4.165093421936035,-0.08675570785999298,0.1704999953508377,0.17396287620067596,0.43620461225509644,0.034483082592487335,-0.16330379247665405,0.3510584831237793
6,s_curve,5.1000000000000005,4.1660895347595215,-0.08713018149137497,0.1704999953508377,0.1732872873544693,0.43620461225509644,0.03024241328239441,-0.1641647219657898,0.38418251276016235
6,s_curve,5.12,4.167050361633301,-0.08663199096918106,0.1704999953508377,0.1723414957523346,0.43620461225509644,0.0653049647808075,-0.16427767276763916,0.4003565013408661
6,s_curve,5.14,4.167771816253662,-0.08506154268980026,0.1704999953508377,0.17124506831169128,0.43620461225509644,0.07606187462806702,-0.16336365044116974,0.36690905690193176
6,s_curve,5.16,4.168501377105713,-0.08267365396022797,0.1704999953508377,0.17043446004390717,0.43620461225509644,0.11228158324956894,-0.16177162528038025,0.3991158902645111
6,s_curve,5.18,4.169444561004639,-0.07968740910291672,0.1704999953508377,0.1703881174325943,0.43620461225509644,0.1297953724861145,-0.15979763865470886,0.41431114077568054
6,s_curve,5.2,4.170710563659668,-0.07679370045661926,0.1704999953508377,0.17133422195911407,0.43620461225509644,0.13095414638519287,-0.1580786108970642,0.4039232134819031
6,s_curve,5.22,4.172239303588867,-0.07420932501554489,0.1704999953508377,0.17294485867023468,0.43620461225509644,0.13704225420951843,-0.15676245093345642,0.42227861285209656
6,s_curve,5.24,4.174111843109131,-0.07221424579620361,0.1704999953508377,0.17470334470272064,0.43620461225509644,0.13075070083141327,-0.15612751245498657,0.43821078538894653
6,s_curve,5.26,4.176025390625,-0.07028608024120331,0.1704999953508377,0.17591068148612976,0.43620461225509644,0.13881656527519226,-0.15557101368904114,0.4427984058856964
6,s_curve,5.28,4.177606105804443,-0.06818448752164841,0.1704999953508377,0.17637138068675995,0.43620461225509644,0.11513730883598328,-0.15468652546405792,0.4251015782356262
6,s_curve,5.3,4.179076671600342,-0.0664965882897377,0.1704999953508377,0.17669689655303955,0.43620461225509644,0.09943874180316925,-0.15408678352832794,0.4259486198425293
6,s_curve,5.32,4.18057107925415,-0.06541737169027328,0.1704999953508377,0.17713075876235962,0.43620461225509644,0.08723101019859314,-0.15400834381580353,0.42990320920944214
6,s_curve,5.34,4.182083606719971,-0.06473247706890106,0.1704999953508377,0.17797598242759705,0.43620461225509644,0.0787196159362793,-0.15426909923553467,0.4404095709323883
6,s_curve,5.36,4.1833648681640625,-0.06395713984966278,0.1704999953508377,0.17892605066299438,0.43620461225509644,0.0718817412853241,-0.15432703495025635,0.4279801547527313
6,s_curve,5.38,4.18455696105957,-0.06330770999193192,0.1704999953508377,0.1795230507850647,0.43620461225509644,0.05859305337071419,-0.1544410139322281,0.3907604217529297
6,s_curve,5.4,4.185457229614258,-0.06270230561494827,0.1704999953508377,0.17985349893569946,0.43620461225509644,0.04693476855754852,-0.15443110466003418,0.37966036796569824
6,s_curve,5.42,4.185971260070801,-0.06231483444571495,0.1704999953508377,0.1803722381591797,0.43620461225509644,0.02365129068493843,-0.15439055860042572,0.3298928439617157
6,s_curve,5.44,4.185971260070801,-0.062219757586717606,0.1704999953508377,0.18107466399669647,0.43620461225509644,-0.011138121597468853,-0.1543111801147461,0.37786003947257996
6,s_curve,5.46,4.185757637023926,-0.06237701326608658,0.1704999953508377,0.18143391609191895,0.43620461225509644,-0.015568533912301064,-0.15432488918304443,0.3466768264770508
6,s_curve,5.48,4.185432434082031,-0.0626581683754921,0.1704999953508377,0.18157857656478882,0.43620461225509644,-0.021077420562505722,-0.15438061952590942,0.3397045433521271
6,s_curve,5.5,4.185306549072266,-0.0629877895116806,0.1704999953508377,0.18194547295570374,0.43620461225509644,-0.00998318288475275,-0.154586523771286,0.35549497604370117
6,s_curve,5.5200000000000005,4.18516731262207,-0.06396905332803726,0.1704999953508377,0.18219952285289764,0.43620461225509644,-0.05208774656057358,-0.15532910823822021,0.3495105803012848
6,s_curve,5.54,4.18474006652832,-0.06543096899986267,0.1704999953508377,0.18183723092079163,0.43620461225509644,-0.05690346285700798,-0.15631446242332458,0.3802263140678406
6,s_curve,5.5600000000000005,4.184181213378906,-0.06680069118738174,0.1704999953508377,0.18143914639949799,0.43620461225509644,-0.06108084321022034,-0.15715038776397705,0.3800371289253235
6,s_curve,5.58,4.1836018562316895,-0.06903371214866638,0.1704999953508377,0.18126411736011505,0.43620461225509644,-0.10874544829130173,-0.158695787191391,0.38437533378601074
6,s_curve,5.6000000000000005,4.182591915130615,-0.07134189456701279,0.1704999953508377,0.1809191107749939,0.43620461225509644,-0.09971677511930466,-0.16006693243980408,0.39059996604919434
6,s_curve,5.62,4.181062698364258,-0.07275807112455368,0.1704999953508377,0.1805909276008606,0.43620461225509644,-0.1016445979475975,-0.16040754318237305,0.37145474553108215
6,s_curve,5.64,4.179228782653809,-0.07378315180540085,0.1704999953508377,0.18030615150928497,0.43620461225509644,-0.10113435983657837,-0.16025389730930328,0.3555300235748291
6,s_curve,5.66,4.177807807922363,-0.07486183941364288,0.1704999953508377,0.17964953184127808,0.43620461225509644,-0.07456892728805542,-0.1603723168373108,0.36468422412872314
6,s_curve,5.68,4.177060604095459,-0.07585304230451584,0.1704999953508377,0.17881737649440765,0.43620461225509644,-0.045819275081157684,-0.16078856587409973,0.3833688795566559
6,s_curve,5.7,4.176835536956787,-0.0772261992096901,0.1704999953508377,0.17765599489212036,0.43620461225509644,-0.04218742996454239,-0.16181109845638275,0.3883495330810547
6,s_curve,5.72,4.177192211151123,-0.0787009596824646,0.1704999953508377,0.17654164135456085,0.43620461225509644,-0.01364327222108841,-0.16323867440223694,0.3846852481365204
6,s_curve,5.74,4.177646160125732,-0.07991105318069458,0.1704999953508377,0.17616420984268188,0.43620461225509644,-0.011310815811157227,-0.16449880599975586,0.392911434173584
6,s_curve,5.76,4.177871227264404,-0.08021041750907898,0.1704999953508377,0.17614983022212982,0.43620461225509644,0.017005952075123787,-0.1648726463317871,0.3814100921154022
6,s_curve,5.78,4.178308963775635,-0.08005435019731522,0.1704999953508377,0.17637798190116882,0.43620461225509644,0.023892801254987717,-0.16498327255249023,0.37735238671302795
6,s_curve,5.8,4.178745746612549,-0.07998170703649521,0.1704999953508377,0.1774599403142929,0.43620461225509644,0.012932049110531807,-0.165163055062294,0.3601004183292389
6,s_curve,5.82,4.17861270904541,-0.07945355027914047,0.1704999953508377,0.178962841629982,0.43620461225509644,0.004242103546857834,-0.1646488904953003,0.38133037090301514
6,s_curve,5.84,4.177989482879639,-0.07843562960624695,0.1704999953508377,0.18048036098480225,0.43620461225509644,-0.0003873184323310852,-0.163455992937088,0.39279305934906006
6,s_curve,5.86,4.177067756652832,-0.07707848399877548,0.1704999953508377,0.18202416598796844,0.43620461225509644,0.0015549324452877045,-0.1618155986070633,0.40760454535484314
6,s_curve,5.88,4.175989151000977,-0.07541362196207047,0.1704999953508377,0.1830119788646698,0.43620461225509644,0.0006106048822402954,-0.1598319411277771,0.3949253559112549
6,s_curve,5.9,4.175121307373047,-0.07395485043525696,0.1704999953508377,0.18320651352405548,0.43620461225509644,0.010634860023856163,-0.15813633799552917,0.38684651255607605
6,s_curve,5.92,4.17474889755249,-0.07315440475940704,0.1704999953508377,0.1832038015127182,0.43620461225509644,0.013272530399262905,-0.15726308524608612,0.40190589427948
6,s_curve,5.94,4.175064563751221,-0.07266715168952942,0.1704999953508377,0.18321837484836578,0.43620461225509644,0.042728208005428314,-0.15703004598617554,0.3950884938240051
6,s_curve,5.96,4.176267623901367,-0.07193755358457565,0.1704999953508377,0.18313220143318176,0.43620461225509644,0.09241104125976562,-0.15708312392234802,0.4199332594871521
6,s_curve,5.98,4.177803039550781,-0.07164427638053894,0.1704999953508377,0.18243053555488586,0.43620461225509644,0.06638746708631516,-0.15768341720104218,0.41536033153533936
6,s_curve,6.0,4.179889678955078,-0.07165795564651489,0.1704999953508377,0.18134476244449615,0.43620461225509644,0.104815274477005,-0.15884339809417725,0.4206855893135071
6,s_curve,6.0200000000000005,4.182368278503418,-0.07140198349952698,0.1704999953508377,0.1803242415189743,0.43620461225509644,0.10961008816957474,-0.1599940061569214,0.40898188948631287
6,s_curve,6.04,4.185172080993652,-0.0709514319896698,0.1704999953508377,0.17928756773471832,0.43620461225509644,0.1414586901664734,-0.1611611694097519,0.42785173654556274
6,s_curve,6.0600000000000005,4.188310146331787,-0.07038095593452454,0.1704999953508377,0.17861707508563995,0.43620461225509644,0.1535722017288208,-0.16241219639778137,0.4618013799190521
6,s_curve,6.08,4.191100120544434,-0.06986751407384872,0.1704999953508377,0.17931078374385834,0.43620461225509644,0.11092697829008102,-0.1635192334651947,0.42085519433021545
6,s_curve,6.1000000000000005,4.1932830810546875,-0.06977829337120056,0.1704999953508377,0.1800822913646698,0.43620461225509644,0.07949396222829819,-0.16464632749557495,0.4254853427410126
6,s_curve,6.12,4.1948771476745605,-0.06986544281244278,0.1704999953508377,0.1809668093919754,0.43620461225509644,0.04881063476204872,-0.16559651494026184,0.4197012484073639
6,s_curve,6.140000000000001,4.195532321929932,-0.0695367231965065,0.1704999953508377,0.18220192193984985,0.43620461225509644,0.023420263081789017,-0.16568270325660706,0.43629035353660583
6,s_curve,6.16,4.1953349113464355,-0.0687427893280983,0.1704999953508377,0.18349187076091766,0.43620461225509644,0.00291255209594965,-0.1649112105369568,0.4274064898490906
6,s_curve,6.18,4.1938958168029785,-0.06831897050142288,0.1704999953508377,0.1837763637304306,0.43620461225509644,-0.08841455727815628,-0.16376523673534393,0.4509064257144928
6,s_curve,6.2,4.191288948059082,-0.06791442632675171,0.1704999953508377,0.18271616101264954,0.43620461225509644,-0.09347076714038849,-0.16199257969856262,0.4304082691669464
6,s_curve,6.22,4.188563346862793,-0.0669371485710144,0.1704999953508377,0.18078143894672394,0.43620461225509644,-0.08684937655925751,-0.15967640280723572,0.398238867521286
6,s_curve,6.24,4.185442924499512,-0.06631231307983398,0.1704999953508377,0.17874233424663544,0.43620461225509644,-0.13280397653579712,-0.15743714570999146,0.3537616431713104
6,s_curve,6.26,4.1814494132995605,-0.0666419118642807,0.1704999953508377,0.17657120525836945,0.43620461225509644,-0.2074238806962967,-0.15551415085792542,0.3392322361469269
6,s_curve,6.28,4.17769718170166,-0.06807220727205276,0.1704999953508377,0.17482297122478485,0.43620461225509644,-0.1794380098581314,-0.15464290976524353,0.3375578224658966
6,s_curve,6.3,4.174887657165527,-0.07002566754817963,0.1704999953508377,0.17396964132785797,0.43620461225509644,-0.15327255427837372,-0.15472735464572906,0.35274896025657654
6,s_curve,6.32,4.172783374786377,-0.07161121815443039,0.1704999953508377,0.17395927011966705,0.43620461225509644,-0.11376902461051941,-0.15489281713962555,0.3484742343425751
6,s_curve,6.34,4.171514987945557,-0.0728796049952507,0.1704999953508377,0.174674853682518,0.43620461225509644,-0.0646999329328537,-0.155253604054451,0.33365529775619507
6,s_curve,6.36,4.171040058135986,-0.07378502190113068,0.1704999953508377,0.17568795382976532,0.43620461225509644,-0.026463370770215988,-0.15574809908866882,0.3526737689971924
6,s_curve,6.38,4.171077251434326,-0.07374179363250732,0.1704999953508377,0.17649178206920624,0.43620461225509644,0.02365606464445591,-0.15573248267173767,0.3843308687210083
6,s_curve,6.4,4.17167854309082,-0.07270999252796173,0.1704999953508377,0.17743536829948425,0.43620461225509644,0.0796424150466919,-0.1552020162343979,0.37586089968681335
6,s_curve,6.42,4.172735214233398,-0.07132265716791153,0.1704999953508377,0.1785132884979248,0.43620461225509644,0.08596323430538177,-0.15462540090084076,0.3641361594200134
6,s_curve,6.44,4.173985958099365,-0.07035720348358154,0.1704999953508377,0.17957621812820435,0.43620461225509644,0.0682283490896225,-0.1545078158378601,0.367923766374588
6,s_curve,6.46,4.175318241119385,-0.06987075507640839,0.1704999953508377,0.17973574995994568,0.43620461225509644,0.07116872072219849,-0.15483501553535461,0.3783242404460907
6,s_curve,6.48,4.176473617553711,-0.06900785118341446,0.1704999953508377,0.17760728299617767,0.43620461225509644,0.07374200224876404,-0.15475057065486908,0.36258265376091003
6,s_curve,6.5,4.177243232727051,-0.06828799098730087,0.1704999953508377,0.17391282320022583,0.43620461225509644,0.02865835838019848,-0.1545732021331787,0.3258179724216461
6,s_curve,6.5200000000000005,4.1777663230896,-0.0675421804189682,0.1704999953508377,0.1703505963087082,0.43620461225509644,0.049656596034765244,-0.15423846244812012,0.31016314029693604
6,s_curve,6.54,4.178030014038086,-0.06630641222000122,0.1704999953508377,0.16764308512210846,0.43620461225509644,0.03919261693954468,-0.15335190296173096,0.3226039707660675
6,s_curve,6.5600000000000005,4.178328990936279,-0.06522247940301895,0.1704999953508377,0.16598716378211975,0.43620461225509644,0.0436972975730896,-0.15261150896549225,0.33615991473197937
6,s_curve,6.58,4.179129600524902,-0.06433790922164917,0.1704999953508377,0.16556832194328308,0.43620461225509644,0.06750614941120148,-0.15231367945671082,0.3460310101509094
6,s_curve,6.6000000000000005,4.1805195808410645,-0.06312603503465652,0.1704999953508377,0.1660875380039215,0.43620461225509644,0.10808974504470825,-0.15206700563430786,0.351048082113266
6,s_curve,6.62,4.18181848526001,-0.061916738748550415,0.1704999953508377,0.16753429174423218,0.43620461225509644,0.06909710168838501,-0.1517723649740219,0.3503832519054413
6,s_curve,6.640000000000001,4.1824798583984375,-0.061155855655670166,0.1704999953508377,0.1693115383386612,0.43620461225509644,0.03454573452472687,-0.15150116384029388,0.33923593163490295
6,s_curve,6.66,4.182592391967773,-0.060982685536146164,0.1704999953508377,0.17064940929412842,0.43620461225509644,-0.011450094170868397,-0.151418536901474,0.3287442922592163
6,s_curve,6.68,4.182096481323242,-0.061543937772512436,0.1704999953508377,0.17158184945583344,0.43620461225509644,-0.0590379424393177,-0.15161414444446564,0.307722806930542
6,s_curve,6.7,4.180854320526123,-0.06274963170289993,0.1704999953508377,0.17188017070293427,0.43620461225509644,-0.10186207294464111,-0.15193700790405273,0.2870476245880127
6,s_curve,6.72,4.178818702697754,-0.06400167942047119,0.1704999953508377,0.17143474519252777,0.43620461225509644,-0.1294904500246048,-0.15186184644699097,0.298759788274765
6,s_curve,6.74,4.176290512084961,-0.0652533695101738,0.1704999953508377,0.16988158226013184,0.43620461225509644,-0.13680408895015717,-0.15151524543762207,0.2853047251701355
6,s_curve,6.76,4.174383640289307,-0.06686464697122574,0.1704999953508377,0.16759444773197174,0.43620461225509644,-0.11547690629959106,-0.15181085467338562,0.2953653633594513
6,s_curve,6.78,4.173150539398193,-0.0684661865234375,0.1704999953508377,0.16629569232463837,0.43620461225509644,-0.0720641165971756,-0.152469202876091,0.3337569832801819
6,s_curve,6.8,4.172707557678223,-0.0691918432712555,0.1704999953508377,0.16652154922485352,0.43620461225509644,-0.010206291452050209,-0.15283121168613434,0.331257700920105
6,s_curve,6.82,4.172977447509766,-0.06904207915067673,0.1704999953508377,0.16759410500526428,0.43620461225509644,0.03507199138402939,-0.15285472571849823,0.3264599144458771
6,s_curve,6.84,4.173708438873291,-0.06791390478610992,0.1704999953508377,0.16907472908496857,0.43620461225509644,0.07920537889003754,-0.1523151993751526,0.34726276993751526
6,s_curve,6.86,4.175032138824463,-0.06614875793457031,0.1704999953508377,0.17087246477603912,0.43620461225509644,0.12326917052268982,-0.1515701413154602,0.3793199062347412
6,s_curve,6.88,4.176592826843262,-0.06409039348363876,0.1704999953508377,0.17307297885417938,0.43620461225509644,0.11417190730571747,-0.15071071684360504,0.366980642080307
6,s_curve,6.9,4.17815637588501,-0.06216545030474663,0.1704999953508377,0.17535173892974854,0.43620461225509644,0.12337466329336166,-0.14996425807476044,0.37588387727737427
6,s_curve,6.92,4.1795501708984375,-0.060054514557123184,0.1704999953508377,0.17806115746498108,0.43620461225509644,0.10941284894943237,-0.14896906912326813,0.35739779472351074
6,s_curve,6.94,4.180409908294678,-0.057994090020656586,0.1704999953508377,0.1805741935968399,0.43620461225509644,0.07916561514139175,-0.14772209525108337,0.36389318108558655
6,s_curve,6.96,4.181058883666992,-0.05653347447514534,0.1704999953508377,0.18136291205883026,0.43620461225509644,0.05334778130054474,-0.14685988426208496,0.37466809153556824
6,s_curve,6.98,4.181285858154297,-0.05550194904208183,0.1704999953508377,0.18024346232414246,0.43620461225509644,0.02531314082443714,-0.14612361788749695,0.3669453561306
6,s_curve,7.0,4.1813273429870605,-0.05526460334658623,0.1704999953508377,0.17728020250797272,0.43620461225509644,-0.008237527683377266,-0.14594830572605133,0.36593201756477356
6,s_curve,7.0200000000000005,4.181181907653809,-0.0552825964987278,0.1704999953508377,0.17384539544582367,0.43620461225509644,-0.005648109596222639,-0.14588327705860138,0.3420141339302063
6,s_curve,7.04,4.180384159088135,-0.055471356958150864,0.1704999953508377,0.1706700325012207,0.43620461225509644,-0.0665607824921608,-0.14560174942016602,0.33306461572647095
6,s_curve,7.0600000000000005,4.178606033325195,-0.05541857331991196,0.1704999953508377,0.16835029423236847,0.43620461225509644,-0.07135798037052155,-0.1445789486169815,0.3451075553894043
6,s_curve,7.08,4.176318168640137,-0.05553564429283142,0.1704999953508377,0.16706860065460205,0.43620461225509644,-0.10901904851198196,-0.1434173583984375,0.353837788105011
6,s_curve,7.1000000000000005,4.174321174621582,-0.05653484910726547,0.1704999953508377,0.16705939173698425,0.43620461225509644,-0.10491582006216049,-0.1431523561477661,0.3404220938682556
6,s_curve,7.12,4.173211574554443,-0.05769641697406769,0.1704999953508377,0.16796477138996124,0.43620461225509644,-0.05239497125148773,-0.1435113549232483,0.33481547236442566
6,s_curve,7.140000000000001,4.172874927520752,-0.05840820074081421,0.1704999953508377,0.16983842849731445,0.43620461225509644,-0.014583129435777664,-0.14392031729221344,0.3485877513885498
6,s_curve,7.16,4.173272132873535,-0.05903036519885063,0.1704999953508377,0.17240211367607117,0.43620461225509644,0.008073484525084496,-0.1446583867073059,0.3558337688446045
6,s_curve,7.18,4.174579620361328,-0.059942539781332016,0.1704999953508377,0.175092414021492,0.43620461225509644,0.040612563490867615,-0.14613962173461914,0.38979071378707886
6,s_curve,7.2,4.175684928894043,-0.06052922457456589,0.1704999953508377,0.17717380821704865,0.43620461225509644,0.02635275572538376,-0.1472378373146057,0.3463912904262543
6,s_curve,7.22,4.176670074462891,-0.0611291266977787,0.1704999953508377,0.17798344790935516,0.43620461225509644,0.023865334689617157,-0.14828093349933624,0.35508450865745544
6,s_curve,7.24,4.17725133895874,-0.06129468232393265,0.1704999953508377,0.17817720770835876,0.43620461225509644,0.019517820328474045,-0.14873909950256348,0.4010850489139557
6,s_curve,7.26,4.177572250366211,-0.061151839792728424,0.1704999953508377,0.1782991886138916,0.43620461225509644,0.018224187195301056,-0.14879649877548218,0.380659282207489
6,s_curve,7.28,4.177807807922363,-0.06070839241147041,0.1704999953508377,0.17823272943496704,0.43620461225509644,0.02403915300965309,-0.1485559195280075,0.3572968542575836
6,s_curve,7.3,4.178092956542969,-0.05986121669411659,0.1704999953508377,0.17732739448547363,0.43620461225509644,0.04392623156309128,-0.14800558984279633,0.35534483194351196
6,s_curve,7.32,4.178742408752441,-0.05843541771173477,0.1704999953508377,0.1760168820619583,0.43620461225509644,0.0821540355682373,-0.1471727043390274,0.3558482825756073
6,s_curve,7.34,4.17965030670166,-0.05648326128721237,0.1704999953508377,0.1751287281513214,0.43620461225509644,0.09707033634185791,-0.1460426300764084,0.3406091034412384
6,s_curve,7.36,4.1809401512146,-0.055010125041007996,0.1704999953508377,0.17388631403446198,0.43620461225509644,0.09128382802009583,-0.14552271366119385,0.3473518192768097
6,s_curve,7.38,4.182596206665039,-0.053665392100811005,0.1704999953508377,0.17268916964530945,0.43620461225509644,0.11484740674495697,-0.14531159400939941,0.3739794194698334
6,s_curve,7.4,4.184834957122803,-0.05211205035448074,0.1704999953508377,0.1723226010799408,0.43620461225509644,0.15166980028152466,-0.14524702727794647,0.3853887915611267
6,s_curve,7.42,4.18748140335083,-0.05054232105612755,0.1704999953508377,0.17248761653900146,0.43620461225509644,0.1551743894815445,-0.14539319276809692,0.3857724070549011
6,s_curve,7.44,4.189684867858887,-0.048880986869335175,0.1704999953508377,0.1731525957584381,0.43620461225509644,0.12012846767902374,-0.14521905779838562,0.35196274518966675
6,s_curve,7.46,4.190611839294434,-0.0473359078168869,0.1704999953508377,0.17426586151123047,0.43620461225509644,0.04778575152158737,-0.14443933963775635,0.3247072696685791
6,s_curve,7.48,4.190515995025635,-0.04622121527791023,0.1704999953508377,0.17548030614852905,0.43620461225509644,0.011447550728917122,-0.14345595240592957,0.33257976174354553
6,s_curve,7.5,4.18972635269165,-0.04594169929623604,0.1704999953508377,0.1761980652809143,0.43620461225509644,-0.051933955401182175,-0.14278793334960938,0.33914121985435486
6,s_curve,7.5200000000000005,4.1883111000061035,-0.046593379229307175,0.1704999953508377,0.1764264702796936,0.43620461225509644,-0.09791259467601776,-0.14255300164222717,0.3265646994113922
6,s_curve,7.54,4.18623161315918,-0.048279087990522385,0.1704999953508377,0.17607374489307404,0.43620461225509644,-0.1603350043296814,-0.1428157389163971,0.32323262095451355
6,s_curve,7.5600000000000005,4.183516979217529,-0.05088045448064804,0.1704999953508377,0.17496873438358307,0.43620461225509644,-0.19919385015964508,-0.14349332451820374,0.31111299991607666
6,s_curve,7.58,4.1806135177612305,-0.0537501759827137,0.1704999953508377,0.1732843816280365,0.43620461225509644,-0.19551917910575867,-0.14429102838039398,0.3156462013721466
6,s_curve,7.6000000000000005,4.177543640136719,-0.05625738203525543,0.1704999953508377,0.1716214418411255,0.43620461225509644,-0.19092503190040588,-0.1446944624185562,0.31135353446006775
6,s_curve,7.62,4.174831390380859,-0.058612119406461716,0.1704999953508377,0.1703392118215561,0.43620461225509644,-0.1673944890499115,-0.14516746997833252,0.296204149723053
6,s_curve,7.640000000000001,4.171914100646973,-0.060369618237018585,0.1704999953508377,0.16922561824321747,0.43620461225509644,-0.1695658266544342,-0.1450289785861969,0.27628791332244873
6,s_curve,7.66,4.168090343475342,-0.06126543506979942,0.1704999953508377,0.16854488849639893,0.43620461225509644,-0.1890808641910553,-0.1436721384525299,0.2852911353111267
6,s_curve,7.68,4.1638031005859375,-0.06135737523436546,0.1704999953508377,0.16876092553138733,0.43620461225509644,-0.17756035923957825,-0.14138904213905334,0.2685551047325134
6,s_curve,7.7,4.159780979156494,-0.06064737215638161,0.1704999953508377,0.17013998329639435,0.43620461225509644,-0.12249711155891418,-0.13858236372470856,0.26534488797187805
6,s_curve,7.72,4.156816005706787,-0.060070332139730453,0.1704999953508377,0.17248642444610596,0.43620461225509644,-0.09412416815757751,-0.13646858930587769,0.2708323299884796
6,s_curve,7.74,4.154740333557129,-0.05974111333489418,0.1704999953508377,0.17507727444171906,0.43620461225509644,-0.06015300005674362,-0.1350512057542801,0.3003178834915161
6,s_curve,7.76,4.1537909507751465,-0.05958882346749306,0.1704999953508377,0.1774963140487671,0.43620461225509644,-0.019995667040348053,-0.13440148532390594,0.35123226046562195
6,s_curve,7.78,4.153584957122803,-0.0590321347117424,0.1704999953508377,0.17977717518806458,0.43620461225509644,0.023258429020643234,-0.13382333517074585,0.37707844376564026
6,s_curve,7.8,4.153317451477051,-0.05743373930454254,0.1704999953508377,0.18135404586791992,0.43620461225509644,0.03315719589591026,-0.13234162330627441,0.3845493793487549
6,s_curve,7.82,4.152706623077393,-0.05495423823595047,0.1704999953508377,0.18180634081363678,0.43620461225509644,0.044220857322216034,-0.12993532419204712,0.3903118371963501
6,s_curve,7.84,4.152129173278809,-0.052366819232702255,0.1704999953508377,0.18174919486045837,0.43620461225509644,0.04800659790635109,-0.12745729088783264,0.3776470422744751
6,s_curve,7.86,4.152054786682129,-0.05015033856034279,0.1704999953508377,0.18139882385730743,0.43620461225509644,0.06493106484413147,-0.12556585669517517,0.38123464584350586
6,s_curve,7.88,4.152692794799805,-0.04815930128097534,0.1704999953508377,0.18047380447387695,0.43620461225509644,0.09095827490091324,-0.12425476312637329,0.38729965686798096
6,s_curve,7.9,4.1537580490112305,-0.0465172603726387,0.1704999953508377,0.1786196380853653,0.43620461225509644,0.09207716584205627,-0.12347021698951721,0.38223859667778015
6,s_curve,7.92,4.154948711395264,-0.04552750661969185,0.1704999953508377,0.17605367302894592,0.43620461225509644,0.06628061830997467,-0.12329927086830139,0.37550628185272217
6,s_curve,7.94,4.155918121337891,-0.044964008033275604,0.1704999953508377,0.17334815859794617,0.43620461225509644,0.04404584318399429,-0.12336242198944092,0.37146931886672974
6,s_curve,7.96,4.156294822692871,-0.04503113031387329,0.1704999953508377,0.17108581960201263,0.43620461225509644,-0.007970206439495087,-0.12362581491470337,0.3634627163410187
6,s_curve,7.98,4.1561408042907715,-0.0455806627869606,0.1704999953508377,0.16927377879619598,0.43620461225509644,-0.027601003646850586,-0.12399982661008835,0.35513412952423096
6,s_curve,8.0,4.155641078948975,-0.04639064893126488,0.1704999953508377,0.16793443262577057,0.43620461225509644,-0.05411655455827713,-0.12440099567174911,0.3675670027732849
6,s_curve,8.02,4.154810905456543,-0.04734688624739647,0.1704999953508377,0.1668873280286789,0.43620461225509644,-0.0672031044960022,-0.12474237382411957,0.3593991994857788
6,s_curve,8.040000000000001,4.153733730316162,-0.048653848469257355,0.1704999953508377,0.1659594029188156,0.43620461225509644,-0.09090188890695572,-0.12524062395095825,0.34318527579307556
6,s_curve,8.06,4.152440071105957,-0.05036882311105728,0.1704999953508377,0.1651274859905243,0.43620461225509644,-0.10829120874404907,-0.1259603351354599,0.3295300602912903
6,s_curve,8.08,4.150932312011719,-0.05256374180316925,0.1704999953508377,0.1645909994840622,0.43620461225509644,-0.13454025983810425,-0.12696290016174316,0.320065438747406
6,s_curve,8.1,4.149407386779785,-0.055156927555799484,0.1704999953508377,0.16422492265701294,0.43620461225509644,-0.13470125198364258,-0.12828852236270905,0.3115740120410919
6,s_curve,8.120000000000001,4.148048400878906,-0.05766177922487259,0.1704999953508377,0.16342812776565552,0.43620461225509644,-0.1167735904455185,-0.12963172793388367,0.30336564779281616
6,s_curve,8.14,4.146904945373535,-0.059583429247140884,0.1704999953508377,0.16215841472148895,0.43620461225509644,-0.08584234118461609,-0.13060668110847473,0.31377384066581726
6,s_curve,8.16,4.145814895629883,-0.06113601475954056,0.1704999953508377,0.16101601719856262,0.43620461225509644,-0.08809340000152588,-0.13130289316177368,0.31805115938186646
6,s_curve,8.18,4.144726276397705,-0.06245551258325577,0.1704999953508377,0.16006872057914734,0.43620461225509644,-0.07312105596065521,-0.13180530071258545,0.3136143088340759
6,s_curve,8.2,4.143643379211426,-0.06313826888799667,0.1704999953508377,0.15922002494335175,0.43620461225509644,-0.0550333634018898,-0.1317792534828186,0.3139534592628479
6,s_curve,8.22,4.142612457275391,-0.06359538435935974,0.1704999953508377,0.1589488834142685,0.43620461225509644,-0.055531058460474014,-0.13159342110157013,0.3043670058250427
6,s_curve,8.24,4.141688823699951,-0.06405620276927948,0.1704999953508377,0.15946371853351593,0.43620461225509644,-0.0429006926715374,-0.1314697563648224,0.2782518267631531
6,s_curve,8.26,4.140769958496094,-0.06401574611663818,0.1704999953508377,0.1604984551668167,0.43620461225509644,-0.03402363508939743,-0.13093020021915436,0.26833969354629517
6,s_curve,8.28,4.139893054962158,-0.06356677412986755,0.1704999953508377,0.1614791750907898,0.43620461225509644,-0.016965122893452644,-0.130072683095932,0.24601761996746063
6,s_curve,8.3,4.139216423034668,-0.06258613616228104,0.1704999953508377,0.16210636496543884,0.43620461225509644,0.01016964390873909,-0.1288815289735794,0.24382929503917694
6,s_curve,8.32,4.138779163360596,-0.06138642504811287,0.1704999953508377,0.16244374215602875,0.43620461225509644,0.017363574355840683,-0.12763923406600952,0.2436583936214447
6,s_curve,8.34,4.138582229614258,-0.06028292700648308,0.1704999953508377,0.16241797804832458,0.43620461225509644,0.0269206203520298,-0.12660954892635345,0.23007354140281677
6,s_curve,8.36,4.138554573059082,-0.058955736458301544,0.1704999953508377,0.16225269436836243,0.43620461225509644,0.040429845452308655,-0.12548628449440002,0.21482740342617035
6,s_curve,8.38,4.138739585876465,-0.057755790650844574,0.1704999953508377,0.1620437353849411,0.43620461225509644,0.038842592388391495,-0.1245863139629364,0.21290822327136993
6,s_curve,8.4,4.138914585113525,-0.05669542774558067,0.1704999953508377,0.1618262678384781,0.43620461225509644,0.04001620411872864,-0.12379736453294754,0.20886409282684326
6,s_curve,8.42,4.139141082763672,-0.055805619806051254,0.1704999953508377,0.16139760613441467,0.43620461225509644,0.028152992948889732,-0.12317915260791779,0.1971007138490677
6,s_curve,8.44,4.139190196990967,-0.05499750375747681,0.1704999953508377,0.16100375354290009,0.43620461225509644,0.022622380405664444,-0.12253151834011078,0.20457206666469574
6,s_curve,8.46,4.13908576965332,-0.05397989600896835,0.1704999953508377,0.16091041266918182,0.43620461225509644,0.026769934222102165,-0.12162445485591888,0.21157410740852356
6,s_curve,8.48,4.138909339904785,-0.05297204107046127,0.1704999953508377,0.16115562617778778,0.43620461225509644,0.019171440973877907,-0.12068590521812439,0.22905167937278748
7,random_curve,0.0,0.0,0.0,0.25,0.3499999940395355,0.3822440207004547,0.0,0.0,0.0
7,random_curve,0.02,-0.0004201577976346016,0.00011293004354229197,0.25,0.34468063712120056,0.3822440207004547,-0.029725778847932816,-0.00012498714204411954,0.4126664102077484
7,random_curve,0.04,0.00026721321046352386,4.461368371266872e-05,0.25,0.33557379245758057,0.3822440207004547,0.05387509986758232,0.00017851177835837007,0.3664088547229767
7,random_curve,0.06,0.000851842574775219,-0.0007472285069525242,0.25,0.3233645558357239,0.3822440207004547,0.026478271931409836,-0.00018735829507932067,0.49411413073539734
7,random_curve,0.08,0.0006367303431034088,-0.0008832797175273299,0.25,0.30821555852890015,0.3822440207004547,-0.01717963069677353,-0.00041622467688284814,0.5689529776573181
7,random_curve,0.1,0.0009316513314843178,-0.0008190765511244535,0.25,0.29000672698020935,0.3822440207004547,0.02313980832695961,-0.00020647712517529726,0.5088450908660889
7,random_curve,0.12,0.001492764800786972,-0.0010141226230189204,0.25,0.26809263229370117,0.3822440207004547,0.025323132053017616,-7.717421976849437e-05,0.5185802578926086
7,random_curve,0.14,0.001539718359708786,-0.000895280041731894,0.25,0.24170291423797607,0.3822440207004547,-0.013756921514868736,4.859559703618288e-05,0.5500579476356506
7,random_curve,0.16,0.001397748477756977,-0.0006621922366321087,0.25,0.21152788400650024,0.3822440207004547,-0.0017309701070189476,0.0001721398439258337,0.5201218724250793
7,random_curve,0.18,0.004279162269085646,-0.0009266798733733594,0.25,0.1825149804353714,0.3822440207004547,0.24905794858932495,0.0014630034565925598,0.6079018712043762
7,random_curve,0.2,0.010860824957489967,-0.003490493167191744,0.25,0.16180308163166046,0.3822440207004547,0.42558738589286804,0.0027449645567685366,0.6132166981697083
7,random_curve,0.22,0.020326346158981323,-0.0076744165271520615,0.25,0.15074522793293,0.3822440207004547,0.5715013742446899,0.004166189581155777,0.6314120292663574
7,random_curve,0.24,0.03166155517101288,-0.012167125940322876,0.25,0.14784842729568481,0.3822440207004547,0.6050065755844116,0.006346693262457848,0.6727135181427002
7,random_curve,0.26,0.04471725597977638,-0.016294308006763458,0.25,0.15099462866783142,0.3822440207004547,0.6693532466888428,0.00966767780482769,0.6554228663444519
7,random_curve,0.28,0.057982031255960464,-0.018955079838633537,0.25,0.15687613189220428,0.3822440207004547,0.6164453029632568,0.014347409829497337,0.5927282571792603
7,random_curve,0.3,0.07040202617645264,-0.01984000951051712,0.25,0.16241610050201416,0.3822440207004547,0.49454760551452637,0.02009761333465576,0.5672789812088013
7,random_curve,0.32,0.08055237680673599,-0.019179372116923332,0.25,0.16744409501552582,0.3822440207004547,0.347103476524353,0.026061320677399635,0.5426476001739502
7,random_curve,0.34,0.0891241729259491,-0.01714240200817585,0.25,0.1717328280210495,0.3822440207004547,0.2720182240009308,0.032250504940748215,0.45015594363212585
7,random_curve,0.36,0.09600373357534409,-0.0143946697935462,0.25,0.17429472506046295,0.3822440207004547,0.1911134123802185,0.038169167935848236,0.41611358523368835
7,random_curve,0.38,0.10215120017528534,-0.011722461320459843,0.25,0.17482280731201172,0.3822440207004547,0.20651310682296753,0.04364338889718056,0.5039744973182678
7,random_curve,0.4,0.10772399604320526,-0.01082353200763464,0.25,0.17331191897392273,0.3822440207004547,0.21960856020450592,0.04730354994535446,0.453175812959671
7,random_curve,0.42,0.11271724104881287,-0.010061750188469887,0.25,0.16953453421592712,0.3822440207004547,0.18069174885749817,0.050545744597911835,0.4555145502090454
7,random_curve,0.44,0.11691843718290329,-0.009614670649170876,0.25,0.16542930901050568,0.3822440207004547,0.15304671227931976,0.05310792848467827,0.5333442091941833
7,random_curve,0.46,0.12038934230804443,-0.010280066169798374,0.25,0.16226240992546082,0.3822440207004547,0.15985652804374695,0.0543401762843132,0.5338743925094604
7,random_curve,0.48,0.12276060879230499,-0.011954473331570625,0.25,0.15974387526512146,0.3822440207004547,0.13997472822666168,0.05413929000496864,0.5867659449577332
7,random_curve,0.5,0.1255342811346054,-0.014226709492504597,0.25,0.15743422508239746,0.3822440207004547,0.22219258546829224,0.05363616347312927,0.6510094404220581
7,random_curve,0.52,0.1303124725818634,-0.017013685777783394,0.25,0.15471158921718597,0.3822440207004547,0.33453404903411865,0.05390413850545883,0.6646914482116699
7,random_curve,0.54,0.1380789875984192,-0.0212788674980402,0.25,0.15190504491329193,0.3822440207004547,0.5199167132377625,0.054213687777519226,0.661766529083252
7,random_curve,0.56,0.14868071675300598,-0.02631450816988945,0.25,0.14888007938861847,0.3822440207004547,0.6338344812393188,0.05531204491853714,0.6019188165664673
7,random_curve,0.58,0.16160808503627777,-0.030184905976057053,0.25,0.14629745483398438,0.3822440207004547,0.6350950598716736,0.05860155448317528,0.42740678787231445
7,random_curve,0.6,0.1740478128194809,-0.033004868775606155,0.25,0.14369025826454163,0.3822440207004547,0.5818687081336975,0.06277486681938171,0.46612709760665894
7,random_curve,0.62,0.18608728051185608,-0.03543142229318619,0.25,0.14208640158176422,0.3822440207004547,0.5824021697044373,0.0667201355099678,0.5243231058120728
7,random_curve,0.64,0.1976660192012787,-0.03772860765457153,0.25,0.14237016439437866,0.3822440207004547,0.5405958890914917,0.07054600864648819,0.5831151604652405
7,random_curve,0.66,0.2091301530599594,-0.04165796563029289,0.25,0.14627908170223236,0.3822440207004547,0.6412047147750854,0.07290273904800415,0.6287974119186401
7,random_curve,0.68,0.22261011600494385,-0.04536508396267891,0.25,0.1510949730873108,0.3822440207004547,0.6892116665840149,0.07671266794204712,0.6875616312026978
7,random_curve,0.7000000000000001,0.2370830476284027,-0.04774972423911095,0.25,0.1567080169916153,0.3822440207004547,0.6772615909576416,0.08172235637903214,0.6814059615135193
7,random_curve,0.72,0.25098443031311035,-0.049353502690792084,0.25,0.16141514480113983,0.3822440207004547,0.6246957182884216,0.08713290840387344,0.6673038601875305
7,random_curve,0.74,0.26493602991104126,-0.05127255991101265,0.25,0.16387608647346497,0.3822440207004547,0.6680475473403931,0.09229317307472229,0.6104976534843445
7,random_curve,0.76,0.2791220545768738,-0.053880468010902405,0.25,0.16458480060100555,0.3822440207004547,0.7078119516372681,0.09711617976427078,0.6028209924697876
7,random_curve,0.78,0.2935667037963867,-0.05740240588784218,0.25,0.1649419218301773,0.3822440207004547,0.743337094783783,0.10087781399488449,0.57077956199646
7,random_curve,0.8,0.3081769049167633,-0.062094103544950485,0.25,0.16492365300655365,0.3822440207004547,0.7761456966400146,0.10368870198726654,0.5906197428703308
7,random_curve,0.8200000000000001,0.3232465088367462,-0.0678490549325943,0.25,0.16537602245807648,0.3822440207004547,0.8536897301673889,0.10591854155063629,0.6182457208633423
7,random_curve,0.84,0.34022319316864014,-0.07465048134326935,0.25,0.1666872501373291,0.3822440207004547,0.9741350412368774,0.10763773322105408,0.6725655198097229
7,random_curve,0.86,0.35961297154426575,-0.08238016813993454,0.25,0.1675826758146286,0.3822440207004547,1.0894989967346191,0.10987523198127747,0.6367082595825195
7,random_curve,0.88,0.381542831659317,-0.09050087630748749,0.25,0.16723722219467163,0.3822440207004547,1.205382227897644,0.11216294765472412,0.5649546980857849
7,random_curve,0.9,0.40410125255584717,-0.09830175340175629,0.25,0.16531267762184143,0.3822440207004547,1.1551614999771118,0.11515088379383087,0.517624020576477
7,random_curve,0.92,0.4262547791004181,-0.10510977357625961,0.25,0.16342313587665558,0.3822440207004547,1.1579334735870361,0.11813551932573318,0.582603394985199
7,random_curve,0.9400000000000001,0.4491139054298401,-0.11144579946994781,0.25,0.16281487047672272,0.3822440207004547,1.1926413774490356,0.12183667719364166,0.5681760907173157
7,random_curve,0.96,0.4729539453983307,-0.11818251013755798,0.25,0.16373710334300995,0.3822440207004547,1.2793382406234741,0.12535688281059265,0.6102582216262817
7,random_curve,0.98,0.49810898303985596,-0.1260165423154831,0.25,0.16490645706653595,0.3822440207004547,1.341501235961914,0.12711270153522491,0.6507768630981445
7,random_curve,1.0,0.5238547921180725,-0.13344180583953857,0.25,0.16494756937026978,0.3822440207004547,1.3211431503295898,0.12949086725711823,0.6736499071121216
7,random_curve,1.02,0.5491628050804138,-0.1393129825592041,0.25,0.16340821981430054,0.3822440207004547,1.2645617723464966,0.13273565471172333,0.6925427913665771
7,random_curve,1.04,0.5744576454162598,-0.14456574618816376,0.25,0.16010917723178864,0.3822440207004547,1.2678109407424927,0.13519801199436188,0.6099609732627869
7,random_curve,1.06,0.5989462733268738,-0.14990875124931335,0.25,0.15539094805717468,0.3822440207004547,1.2400050163269043,0.1373053789138794,0.5651769638061523
7,random_curve,1.08,0.6228914260864258,-0.15589621663093567,0.25,0.1505374312400818,0.3822440207004547,1.2311320304870605,0.13816329836845398,0.5902113318443298
7,random_curve,1.1,0.6463729739189148,-0.16280129551887512,0.25,0.1468469798564911,0.3822440207004547,1.2204699516296387,0.136647030711174,0.6363683342933655
7,random_curve,1.12,0.6700008511543274,-0.16985003650188446,0.25,0.14517880976200104,0.3822440207004547,1.2566502094268799,0.13491395115852356,0.6212741136550903
7,random_curve,1.1400000000000001,0.6952916383743286,-0.17681562900543213,0.25,0.14542213082313538,0.3822440207004547,1.3561623096466064,0.13295100629329681,0.6721622943878174
7,random_curve,1.16,0.7225520014762878,-0.18438564240932465,0.25,0.14627185463905334,0.3822440207004547,1.4324177503585815,0.12988995015621185,0.6648061871528625
7,random_curve,1.18,0.7508825063705444,-0.1931619942188263,0.25,0.1468309462070465,0.3822440207004547,1.4546135663986206,0.1240265741944313,0.6443512439727783
7,random_curve,1.2,0.7800334095954895,-0.2020561844110489,0.20999999344348907,0.14765554666519165,0.3822440207004547,1.4852368831634521,0.11769323796033859,0.5636988878250122
7,random_curve,1.22,0.8080820441246033,-0.20954446494579315,0.20999999344348907,0.1486997902393341,0.3822440207004547,1.3685764074325562,0.11175537109375,0.5737071633338928
7,random_curve,1.24,0.8349498510360718,-0.21435324847698212,0.20999999344348907,0.14968819916248322,0.3822440207004547,1.3404760360717773,0.10766728222370148,0.6236922144889832
7,random_curve,1.26,0.8614200353622437,-0.21766799688339233,0.20999999344348907,0.15006501972675323,0.3822440207004547,1.2908943891525269,0.10437067598104477,0.6443456411361694
7,random_curve,1.28,0.8875977993011475,-0.21971352398395538,0.20999999344348907,0.1508917212486267,0.3822440207004547,1.328725814819336,0.10080189257860184,0.6930018663406372
7,random_curve,1.3,0.9153711199760437,-0.22194378077983856,0.20999999344348907,0.15181033313274384,0.3822440207004547,1.4176007509231567,0.09685485810041428,0.7213813066482544
7,random_curve,1.32,0.9448709487915039,-0.22431868314743042,0.20999999344348907,0.15092846751213074,0.3822440207004547,1.4679303169250488,0.09187272191047668,0.7019956707954407
7,random_curve,1.34,0.9745074510574341,-0.22587932646274567,0.20999999344348907,0.14786821603775024,0.3822440207004547,1.4164743423461914,0.08693966269493103,0.6747216582298279
7,random_curve,1.36,1.0036485195159912,-0.2272687405347824,0.20999999344348907,0.1443731039762497,0.3822440207004547,1.4217661619186401,0.08092742413282394,0.5435798764228821
7,random_curve,1.3800000000000001,1.0321305990219116,-0.22846287488937378,0.20999999344348907,0.1420745700597763,0.3822440207004547,1.3732845783233643,0.0750630795955658,0.5612604022026062
7,random_curve,1.4000000000000001,1.0600955486297607,-0.22991172969341278,0.20999999344348907,0.14186488091945648,0.3822440207004547,1.342038869857788,0.06856105476617813,0.623961329460144
7,random_curve,1.42,1.0882540941238403,-0.2313508689403534,0.20999999344348907,0.14394700527191162,0.3822440207004547,1.384514331817627,0.06158652529120445,0.655984103679657
7,random_curve,1.44,1.1182045936584473,-0.23254884779453278,0.20999999344348907,0.14836928248405457,0.3822440207004547,1.5035088062286377,0.05339829623699188,0.6562336087226868
7,random_curve,1.46,1.1508396863937378,-0.23465771973133087,0.20999999344348907,0.1539027988910675,0.3822440207004547,1.5889596939086914,0.043665237724781036,0.6380009055137634
7,random_curve,1.48,1.1842267513275146,-0.2381196916103363,0.20999999344348907,0.15845438838005066,0.3822440207004547,1.5307869911193848,0.03198443353176117,0.5627052783966064
7,random_curve,1.5,1.216668963432312,-0.24307769536972046,0.20999999344348907,0.16102322936058044,0.3822440207004547,1.4478110074996948,0.018731269985437393,0.5120877623558044
7,random_curve,1.52,1.2487092018127441,-0.2492530345916748,0.20999999344348907,0.16109125316143036,0.3822440207004547,1.4286972284317017,0.003798697842285037,0.5177006721496582
7,random_curve,1.54,1.2796199321746826,-0.2536114752292633,0.20999999344348907,0.1604195535182953,0.3822440207004547,1.430079460144043,-0.00904330238699913,0.6108967065811157
7,random_curve,1.56,1.3103793859481812,-0.25609689950942993,0.20999999344348907,0.159726083278656,0.3822440207004547,1.4554877281188965,-0.020246829837560654,0.6026513576507568
7,random_curve,1.58,1.3417694568634033,-0.2571105659008026,0.20999999344348907,0.15893390774726868,0.3822440207004547,1.5230830907821655,-0.030511140823364258,0.6449268460273743
7,random_curve,1.6,1.3742856979370117,-0.25698691606521606,0.20999999344348907,0.15927089750766754,0.3822440207004547,1.5969476699829102,-0.04003003239631653,0.6925341486930847
7,random_curve,1.62,1.4081544876098633,-0.2561170160770416,0.20999999344348907,0.15918533504009247,0.3822440207004547,1.6412475109100342,-0.04932767152786255,0.6773266196250916
7,random_curve,1.6400000000000001,1.4419982433319092,-0.2540452778339386,0.20999999344348907,0.15712834894657135,0.3822440207004547,1.630150556564331,-0.057514820247888565,0.6208349466323853
7,random_curve,1.6600000000000001,1.4743280410766602,-0.25164681673049927,0.20999999344348907,0.15373513102531433,0.3822440207004547,1.5194696187973022,-0.06477410346269608,0.5325067639350891
7,random_curve,1.68,1.5051530599594116,-0.24973228573799133,0.20999999344348907,0.15154525637626648,0.3822440207004547,1.490783452987671,-0.0720229372382164,0.5731642246246338
7,random_curve,1.7,1.5354372262954712,-0.2478976845741272,0.25,0.1518678069114685,0.3822440207004547,1.4721235036849976,-0.07909329235553741,0.6263174414634705
7,random_curve,1.72,1.5657529830932617,-0.24715864658355713,0.25,0.15436893701553345,0.3822440207004547,1.472087025642395,-0.0871051773428917,0.679888904094696
7,random_curve,1.74,1.596397042274475,-0.24793945252895355,0.25,0.157937154173851,0.3822440207004547,1.4657310247421265,-0.09606044739484787,0.7094020247459412
7,random_curve,1.76,1.6288292407989502,-0.2490273416042328,0.25,0.16310419142246246,0.3822440207004547,1.62960684299469,-0.10576923191547394,0.6922895908355713
7,random_curve,1.78,1.6639851331710815,-0.24959862232208252,0.25,0.16848698258399963,0.3822440207004547,1.7305433750152588,-0.11528275161981583,0.6200222969055176
7,random_curve,1.8,1.6984148025512695,-0.24948029220104218,0.25,0.17235857248306274,0.3822440207004547,1.6247837543487549,-0.12345606088638306,0.5102428197860718
7,random_curve,1.82,1.7304060459136963,-0.24799150228500366,0.25,0.17531554400920868,0.3822440207004547,1.55327308177948,-0.12924230098724365,0.39611876010894775
7,random_curve,1.84,1.7608373165130615,-0.24512244760990143,0.25,0.17850057780742645,0.3822440207004547,1.5203299522399902,-0.13225872814655304,0.512594997882843
7,random_curve,1.86,1.7915793657302856,-0.24136297404766083,0.25,0.18265439569950104,0.3822440207004547,1.5902048349380493,-0.13426537811756134,0.5699074864387512
7,random_curve,1.8800000000000001,1.8235936164855957,-0.23729786276817322,0.25,0.18719050288200378,0.3822440207004547,1.6454977989196777,-0.13550688326358795,0.6235750913619995
7,random_curve,1.9000000000000001,1.8556878566741943,-0.23302115499973297,0.25,0.19056104123592377,0.3822440207004547,1.6039494276046753,-0.13577808439731598,0.6918104887008667
7,random_curve,1.92,1.8880794048309326,-0.22808535397052765,0.25,0.19323347508907318,0.3822440207004547,1.6439728736877441,-0.13458839058876038,0.7054489850997925
7,random_curve,1.94,1.9206352233886719,-0.22220444679260254,0.25,0.1941991001367569,0.3822440207004547,1.6154977083206177,-0.13157132267951965,0.648820161819458
7,random_curve,1.96,1.9518470764160156,-0.21518287062644958,0.25,0.19294339418411255,0.3822440207004547,1.5439040660858154,-0.12645983695983887,0.5916647911071777
7,random_curve,1.98,1.9823508262634277,-0.20819544792175293,0.25,0.19087232649326324,0.3822440207004547,1.5100711584091187,-0.1205381527543068,0.6372926831245422
7,random_curve,2.0,2.0127713680267334,-0.2020401507616043,0.25,0.19040578603744507,0.3822440207004547,1.5269297361373901,-0.11389139294624329,0.6768313646316528
7,random_curve,2.02,2.043544292449951,-0.19602899253368378,0.25,0.19054770469665527,0.3822440207004547,1.5388569831848145,-0.1071576252579689,0.6692180037498474
7,random_curve,2.04,2.074846029281616,-0.19001801311969757,0.25,0.19171100854873657,0.3822440207004547,1.5761600732803345,-0.09960196912288666,0.6278449892997742
7,random_curve,2.06,2.107952356338501,-0.18418146669864655,0.25,0.19291169941425323,0.3822440207004547,1.657671332359314,-0.091245137155056,0.6102745532989502
7,random_curve,2.08,2.142411708831787,-0.17857401072978973,0.25,0.191985622048378,0.3822440207004547,1.6862545013427734,-0.08208920806646347,0.5499075055122375
7,random_curve,2.1,2.1771984100341797,-0.17314240336418152,0.25,0.1885126829147339,0.3822440207004547,1.6314293146133423,-0.07219492644071579,0.4087902307510376
7,random_curve,2.12,2.211047649383545,-0.16790446639060974,0.25,0.18509291112422943,0.3822440207004547,1.616554856300354,-0.0618605837225914,0.5267006754875183
7,random_curve,2.14,2.2450292110443115,-0.16311180591583252,0.25,0.1823001503944397,0.3822440207004547,1.6262935400009155,-0.05064404010772705,0.6050390601158142
7,random_curve,2.16,2.279264211654663,-0.1586826890707016,0.25,0.17959550023078918,0.3822440207004547,1.6224796772003174,-0.03956110402941704,0.6189280152320862
7,random_curve,2.18,2.312662363052368,-0.15415699779987335,0.20999999344348907,0.17628315091133118,0.3822440207004547,1.5251332521438599,-0.027998263016343117,0.6552311778068542
7,random_curve,2.2,2.346038341522217,-0.15011462569236755,0.20999999344348907,0.17244790494441986,0.3822440207004547,1.5924618244171143,-0.01641666516661644,0.6880940198898315
7,random_curve,2.22,2.3804991245269775,-0.14628255367279053,0.20999999344348907,0.1683918535709381,0.3822440207004547,1.6057069301605225,-0.004297861363738775,0.6878405213356018
7,random_curve,2.24,2.4135167598724365,-0.14292141795158386,0.20999999344348907,0.16365332901477814,0.3822440207004547,1.503989577293396,0.007778899744153023,0.6593706607818604
7,random_curve,2.2600000000000002,2.444519281387329,-0.14117826521396637,0.20999999344348907,0.16007739305496216,0.3822440207004547,1.454246163368225,0.017752816900610924,0.6469757556915283
7,random_curve,2.2800000000000002,2.474414110183716,-0.14128901064395905,0.20999999344348907,0.1586298793554306,0.3822440207004547,1.4510234594345093,0.02588191255927086,0.6115678548812866
7,random_curve,2.3000000000000003,2.5046567916870117,-0.14289042353630066,0.20999999344348907,0.15911053121089935,0.3822440207004547,1.5198463201522827,0.03309240937232971,0.6558541059494019
7,random_curve,2.32,2.536783456802368,-0.14631447196006775,0.20999999344348907,0.160884290933609,0.3822440207004547,1.6476575136184692,0.039139654487371445,0.6802369356155396
7,random_curve,2.34,2.5707600116729736,-0.15088671445846558,0.20999999344348907,0.16244028508663177,0.3822440207004547,1.7164652347564697,0.04479944705963135,0.6560932397842407
7,random_curve,2.36,2.6064090728759766,-0.15550437569618225,0.20999999344348907,0.1635093092918396,0.3822440207004547,1.7749804258346558,0.05103912577033043,0.5468240976333618
7,random_curve,2.38,2.642319917678833,-0.1597360372543335,0.20999999344348907,0.16357865929603577,0.3822440207004547,1.7744121551513672,0.05778341367840767,0.47124046087265015
7,random_curve,2.4,2.6782422065734863,-0.16403689980506897,0.20999999344348907,0.16295243799686432,0.3822440207004547,1.790664792060852,0.06431382149457932,0.5719707608222961
7,random_curve,2.42,2.714730739593506,-0.16838419437408447,0.20999999344348907,0.16217876970767975,0.3822440207004547,1.8207266330718994,0.07087686657905579,0.5601252913475037
7,random_curve,2.44,2.7510833740234375,-0.1727670133113861,0.20999999344348907,0.16087916493415833,0.3822440207004547,1.7782137393951416,0.07714258879423141,0.6079365015029907
7,random_curve,2.46,2.786996841430664,-0.17713423073291779,0.20999999344348907,0.15894758701324463,0.3822440207004547,1.793330192565918,0.08299083262681961,0.6819915175437927
7,random_curve,2.48,2.822821855545044,-0.18095695972442627,0.20999999344348907,0.15599268674850464,0.3822440207004547,1.7569371461868286,0.0889446958899498,0.731820821762085
7,random_curve,2.5,2.8589251041412354,-0.18339040875434875,0.20999999344348907,0.15133996307849884,0.3822440207004547,1.7684398889541626,0.09582261741161346,0.6749963164329529
7,random_curve,2.52,2.8942291736602783,-0.18522363901138306,0.20999999344348907,0.1451462060213089,0.3822440207004547,1.7236183881759644,0.10252000391483307,0.592132031917572
7,random_curve,2.54,2.9284865856170654,-0.18803833425045013,0.20999999344348907,0.13990247249603271,0.3822440207004547,1.7058711051940918,0.10738998651504517,0.6012681722640991
7,random_curve,2.56,2.962522506713867,-0.19211959838867188,0.20999999344348907,0.13576273620128632,0.3822440207004547,1.7209925651550293,0.11024090647697449,0.6595047116279602
7,random_curve,2.58,2.9967854022979736,-0.1964585930109024,0.20999999344348907,0.13345779478549957,0.3822440207004547,1.7577472925186157,0.11141348630189896,0.6834571957588196
7,random_curve,2.6,3.032107353210449,-0.20186351239681244,0.20999999344348907,0.1326272040605545,0.3822440207004547,1.8268336057662964,0.11119195818901062,0.705039918422699
7,random_curve,2.62,3.0691001415252686,-0.2096671313047409,0.20999999344348907,0.1335277557373047,0.3822440207004547,1.9341776371002197,0.10761028528213501,0.6547867059707642
7,random_curve,2.64,3.1079490184783936,-0.21881677210330963,0.1704999953508377,0.13563139736652374,0.3822440207004547,1.9428428411483765,0.10204962641000748,0.5723493099212646
7,random_curve,2.66,3.144986629486084,-0.22725717723369598,0.1704999953508377,0.1383388489484787,0.3822440207004547,1.7812281847000122,0.09495677053928375,0.5110140442848206
7,random_curve,2.68,3.179776906967163,-0.2334459275007248,0.1704999953508377,0.1412869691848755,0.3822440207004547,1.6971111297607422,0.08877454698085785,0.6148015856742859
7,random_curve,2.7,3.213972330093384,-0.23723143339157104,0.1704999953508377,0.14379975199699402,0.3822440207004547,1.720046877861023,0.08294161409139633,0.5883537530899048
7,random_curve,2.72,3.248872995376587,-0.239662304520607,0.1704999953508377,0.14520439505577087,0.3822440207004547,1.743604063987732,0.07778986543416977,0.6061838269233704
7,random_curve,2.74,3.283799409866333,-0.24190650880336761,0.1704999953508377,0.14463163912296295,0.3822440207004547,1.700998067855835,0.07149847596883774,0.6351137757301331
7,random_curve,2.7600000000000002,3.3178629875183105,-0.24405887722969055,0.1704999953508377,0.1423197090625763,0.3822440207004547,1.6219037771224976,0.0641738772392273,0.6327503323554993
7,random_curve,2.7800000000000002,3.3506460189819336,-0.24658583104610443,0.1704999953508377,0.13952656090259552,0.3822440207004547,1.518629789352417,0.05561819672584534,0.5128121376037598
7,random_curve,2.8000000000000003,3.3813254833221436,-0.2495785355567932,0.1704999953508377,0.13774189352989197,0.3822440207004547,1.3854870796203613,0.04618871584534645,0.42662012577056885
7,random_curve,2.82,3.410334587097168,-0.25327613949775696,0.1704999953508377,0.13795433938503265,0.3822440207004547,1.3279005289077759,0.03507830947637558,0.516403079032898
7,random_curve,2.84,3.438466787338257,-0.2579149901866913,0.1704999953508377,0.14015039801597595,0.3822440207004547,1.2540743350982666,0.023096324875950813,0.5993572473526001
7,random_curve,2.86,3.466195821762085,-0.26369738578796387,0.1704999953508377,0.14591927826404572,0.3822440207004547,1.2080339193344116,0.009774361737072468,0.6094195246696472
7,random_curve,2.88,3.4939956665039062,-0.2702772319316864,0.1704999953508377,0.15412451326847076,0.3822440207004547,1.217552661895752,-0.0055919792503118515,0.5511438250541687
7,random_curve,2.9,3.5223419666290283,-0.2768764793872833,0.1704999953508377,0.1623942255973816,0.3822440207004547,1.2009663581848145,-0.020983021706342697,0.5320024490356445
7,random_curve,2.92,3.5504136085510254,-0.2834305763244629,0.1704999953508377,0.16920262575149536,0.3822440207004547,1.1627312898635864,-0.03721140697598457,0.534552812576294
7,random_curve,2.94,3.5771384239196777,-0.2888411581516266,0.1704999953508377,0.17493464052677155,0.3822440207004547,1.094100832939148,-0.0518123023211956,0.5000380873680115
7,random_curve,2.96,3.601433277130127,-0.29195305705070496,0.1704999953508377,0.18042343854904175,0.3822440207004547,1.0351648330688477,-0.06412340700626373,0.49292799830436707
7,random_curve,2.98,3.6242189407348633,-0.2925572097301483,0.1704999953508377,0.18475164473056793,0.3822440207004547,1.032533049583435,-0.07337550073862076,0.5165479779243469
7,random_curve,3.0,3.646925210952759,-0.2910005748271942,0.1704999953508377,0.18766871094703674,0.3822440207004547,1.0923346281051636,-0.08136847615242004,0.5165594220161438
7,random_curve,3.02,3.669907808303833,-0.2881931960582733,0.1704999953508377,0.19052256643772125,0.3822440207004547,1.1060010194778442,-0.08812280744314194,0.4259861409664154
7,random_curve,3.04,3.6930367946624756,-0.28503119945526123,0.1704999953508377,0.19171957671642303,0.3822440207004547,1.1012037992477417,-0.09539426118135452,0.3064489960670471
7,random_curve,3.06,3.7165112495422363,-0.28181299567222595,0.1704999953508377,0.1903752237558365,0.3822440207004547,1.1166833639144897,-0.10252852737903595,0.13165105879306793
7,random_curve,3.08,3.740194797515869,-0.27820566296577454,0.1704999953508377,0.1883433312177658,0.3822440207004547,1.1409859657287598,-0.11015638709068298,0.2803201973438263
7,random_curve,3.1,3.763831615447998,-0.2740400433540344,0.1704999953508377,0.18707957863807678,0.3822440207004547,1.1306004524230957,-0.11702552437782288,0.4461228847503662
7,random_curve,3.12,3.786982536315918,-0.27035462856292725,0.1704999953508377,0.18663913011550903,0.3822440207004547,1.0773897171020508,-0.1247786283493042,0.5532569289207458
7,random_curve,3.14,3.809462547302246,-0.26722168922424316,0.1704999953508377,0.18612419068813324,0.3822440207004547,1.0342402458190918,-0.13241958618164062,0.5884642004966736
7,random_curve,3.16,3.831181526184082,-0.26475799083709717,0.1704999953508377,0.18470783531665802,0.3822440207004547,0.9630304574966431,-0.14090941846370697,0.5927609205245972
7,random_curve,3.18,3.851962089538574,-0.2621554434299469,0.1704999953508377,0.18544283509254456,0.3822440207004547,0.9713979959487915,-0.14881858229637146,0.6001662611961365
7,random_curve,3.2,3.8726396560668945,-0.2582301199436188,0.1704999953508377,0.18867173790931702,0.3822440207004547,0.9859522581100464,-0.15545159578323364,0.5213589072227478
7,random_curve,3.22,3.8918845653533936,-0.2547587752342224,0.1704999953508377,0.19164998829364777,0.3822440207004547,0.8626800179481506,-0.16211047768592834,0.48962852358818054
7,random_curve,3.24,3.9087579250335693,-0.2512716054916382,0.29319998621940613,0.1948414444923401,0.3822440207004547,0.7745993137359619,-0.16735504567623138,0.4460340440273285
7,random_curve,3.2600000000000002,3.923287868499756,-0.2469767928123474,0.29319998621940613,0.19822347164154053,0.3822440207004547,0.7085391283035278,-0.1710999310016632,0.4486243724822998
7,random_curve,3.2800000000000002,3.9363412857055664,-0.24178317189216614,0.29319998621940613,0.2009199559688568,0.3822440207004547,0.7039942741394043,-0.1733170449733734,0.4226074814796448
7,random_curve,3.3000000000000003,3.9497032165527344,-0.2356923222541809,0.29319998621940613,0.20321491360664368,0.3822440207004547,0.7607768774032593,-0.1747211068868637,0.40814584493637085
7,random_curve,3.3200000000000003,3.9632811546325684,-0.22893992066383362,0.29319998621940613,0.20618906617164612,0.3822440207004547,0.7701541185379028,-0.17599450051784515,0.3871645927429199
7,random_curve,3.34,3.9775876998901367,-0.22119545936584473,0.29319998621940613,0.20860566198825836,0.3822440207004547,0.8321311473846436,-0.17679792642593384,0.3607077896595001
7,random_curve,3.36,3.99294114112854,-0.21332582831382751,0.29319998621940613,0.2097436636686325,0.3822440207004547,0.8717239499092102,-0.17790743708610535,0.3560844361782074
7,random_curve,3.38,4.00994873046875,-0.20638594031333923,0.29319998621940613,0.2092932164669037,0.3822440207004547,0.9239817261695862,-0.18090176582336426,0.33356356620788574
7,random_curve,3.4,4.028613567352295,-0.20047105848789215,0.29319998621940613,0.20672151446342468,0.3822440207004547,0.9528401494026184,-0.18563717603683472,0.36630237102508545
7,random_curve,3.42,4.047652244567871,-0.19487270712852478,0.29319998621940613,0.2033511847257614,0.3822440207004547,0.9558104276657104,-0.19079691171646118,0.4187099039554596
7,random_curve,3.44,4.066237926483154,-0.18879252672195435,0.29319998621940613,0.1995116025209427,0.3822440207004547,0.941903829574585,-0.19540324807167053,0.46540242433547974
7,random_curve,3.46,4.084170341491699,-0.18232101202011108,0.29319998621940613,0.19523502886295319,0.3822440207004547,0.9021278619766235,-0.1993331015110016,0.5207556486129761
7,random_curve,3.48,4.099843502044678,-0.17676416039466858,0.29319998621940613,0.1911936104297638,0.3822440207004547,0.7403990030288696,-0.20285232365131378,0.45212382078170776
7,random_curve,3.5,4.1134352684021,-0.17212142050266266,0.29319998621940613,0.18779684603214264,0.3822440207004547,0.6663138270378113,-0.20605400204658508,0.4577326774597168
7,random_curve,3.52,4.125168323516846,-0.16746623814105988,0.29319998621940613,0.18497395515441895,0.3822440207004547,0.5714387893676758,-0.20826733112335205,0.4276287257671356
7,random_curve,3.54,4.1344428062438965,-0.16299505531787872,0.29319998621940613,0.1838349848985672,0.3822440207004547,0.4517360329627991,-0.20934376120567322,0.4053831994533539
7,random_curve,3.56,4.140624523162842,-0.1594783216714859,0.29319998621940613,0.1844043880701065,0.3822440207004547,0.2755395174026489,-0.2096049189567566,0.37793800234794617
7,random_curve,3.58,4.144577980041504,-0.15673206746578217,0.29319998621940613,0.1855567991733551,0.3822440207004547,0.20800991356372833,-0.2093491405248642,0.3173481523990631
7,random_curve,3.6,4.1473283767700195,-0.15516206622123718,0.29319998621940613,0.18683072924613953,0.3822440207004547,0.11821150034666061,-0.2094608098268509,0.32109391689300537
7,random_curve,3.62,4.148812294006348,-0.15494920313358307,0.29319998621940613,0.18774406611919403,0.3822440207004547,0.026803061366081238,-0.21006040275096893,0.31973591446876526
7,random_curve,3.64,4.148368835449219,-0.15550824999809265,0.29319998621940613,0.18823716044425964,0.3822440207004547,-0.07773083448410034,-0.21030256152153015,0.290950745344162
7,random_curve,3.66,4.146226406097412,-0.15657536685466766,0.29319998621940613,0.18872112035751343,0.3822440207004547,-0.15236333012580872,-0.21008305251598358,0.26404550671577454
7,random_curve,3.68,4.143494129180908,-0.15852218866348267,0.29319998621940613,0.18881714344024658,0.3822440207004547,-0.18335412442684174,-0.21030136942863464,0.24970480799674988
7,random_curve,3.7,4.140033721923828,-0.16135577857494354,0.29319998621940613,0.18837867677211761,0.3822440207004547,-0.25493520498275757,-0.21089079976081848,0.245967298746109
7,random_curve,3.72,4.135789394378662,-0.16448134183883667,0.29319998621940613,0.18816062808036804,0.3822440207004547,-0.26140162348747253,-0.21131616830825806,0.2606959939002991
7,random_curve,3.74,4.131222248077393,-0.16766926646232605,0.29319998621940613,0.1883571445941925,0.3822440207004547,-0.2857457399368286,-0.21162472665309906,0.25714150071144104
7,random_curve,3.7600000000000002,4.12643575668335,-0.170700341463089,0.29319998621940613,0.1888630986213684,0.3822440207004547,-0.2743453085422516,-0.21168451011180878,0.25142598152160645
7,random_curve,3.7800000000000002,4.121888637542725,-0.1732906550168991,0.29319998621940613,0.18984389305114746,0.3822440207004547,-0.24335381388664246,-0.21149536967277527,0.26879405975341797
7,random_curve,3.8000000000000003,4.117905139923096,-0.1753307729959488,0.29319998621940613,0.19152885675430298,0.3822440207004547,-0.2048131674528122,-0.21113482117652893,0.286294549703598
7,random_curve,3.8200000000000003,4.114468574523926,-0.17656902968883514,0.29319998621940613,0.19488172233104706,0.3822440207004547,-0.1542002111673355,-0.21038006246089935,0.3058285117149353
7,random_curve,3.84,4.111751556396484,-0.17726440727710724,0.29319998621940613,0.1994481086730957,0.3822440207004547,-0.1189250499010086,-0.20954212546348572,0.310275673866272
7,random_curve,3.86,4.109342098236084,-0.1772182285785675,0.29319998621940613,0.2040559947490692,0.3822440207004547,-0.08548172563314438,-0.20823532342910767,0.28963422775268555
7,random_curve,3.88,4.107489109039307,-0.17651250958442688,0.29319998621940613,0.20840628445148468,0.3822440207004547,-0.04404614493250847,-0.20666036009788513,0.26041725277900696
7,random_curve,3.9,4.106213092803955,-0.17551060020923615,0.29319998621940613,0.2126472145318985,0.3822440207004547,-0.015768591314554214,-0.20513702929019928,0.26437053084373474
7,random_curve,3.92,4.105254173278809,-0.173945814371109,0.29319998621940613,0.21626265347003937,0.3822440207004547,0.008394688367843628,-0.2033018171787262,0.21493174135684967
7,random_curve,3.94,4.104626655578613,-0.17232179641723633,0.29319998621940613,0.21871396899223328,0.3822440207004547,0.02202131412923336,-0.20159055292606354,0.2151508778333664
7,random_curve,3.96,4.104202747344971,-0.17047657072544098,0.29319998621940613,0.22035624086856842,0.3822440207004547,0.04366634041070938,-0.19979830086231232,0.2235523909330368
7,random_curve,3.98,4.1044793128967285,-0.16840259730815887,0.29319998621940613,0.22110921144485474,0.3822440207004547,0.08203035593032837,-0.19817999005317688,0.18092623353004456
7,random_curve,4.0,4.105351448059082,-0.16576483845710754,0.29319998621940613,0.22200316190719604,0.3822440207004547,0.11992383003234863,-0.19639550149440765,0.17577679455280304
7,random_curve,4.0200000000000005,4.106314182281494,-0.16294525563716888,0.29319998621940613,0.22244027256965637,0.3822440207004547,0.11025815457105637,-0.194504052400589,0.20291413366794586
7,random_curve,4.04,4.107508659362793,-0.16029542684555054,0.29319998621940613,0.22137349843978882,0.3822440207004547,0.12527160346508026,-0.1928788721561432,0.20324207842350006
7,random_curve,4.0600000000000005,4.109074592590332,-0.15740710496902466,0.29319998621940613,0.21973110735416412,0.3822440207004547,0.1470923125743866,-0.19124628603458405,0.21308955550193787
7,random_curve,4.08,4.110741138458252,-0.1542041003704071,0.29319998621940613,0.2177077829837799,0.3822440207004547,0.15928825736045837,-0.18939900398254395,0.19863905012607574
7,random_curve,4.1,4.112121105194092,-0.1507224142551422,0.29319998621940613,0.21619249880313873,0.3822440207004547,0.13491114974021912,-0.18716396391391754,0.2824302613735199
7,random_curve,4.12,4.112948894500732,-0.14694331586360931,0.29319998621940613,0.21557849645614624,0.3822440207004547,0.1297423243522644,-0.1843855082988739,0.24919414520263672
7,random_curve,4.14,4.113670825958252,-0.14284442365169525,0.29319998621940613,0.21531839668750763,0.3822440207004547,0.14288872480392456,-0.18127939105033875,0.26304924488067627
7,random_curve,4.16,4.114309787750244,-0.1382133662700653,0.29319998621940613,0.21611887216567993,0.3822440207004547,0.15013374388217926,-0.17767706513404846,0.29562321305274963
7,random_curve,4.18,4.114716053009033,-0.1340453028678894,0.29319998621940613,0.21751020848751068,0.3822440207004547,0.10737622529268265,-0.17434605956077576,0.2739388942718506
7,random_curve,4.2,4.114322662353516,-0.1303824931383133,0.29319998621940613,0.21898438036441803,0.3822440207004547,0.05643967166543007,-0.17102408409118652,0.2703709006309509
7,random_curve,4.22,4.113758087158203,-0.12674352526664734,0.29319998621940613,0.22181333601474762,0.3822440207004547,0.08232054859399796,-0.1676323413848877,0.32975462079048157
7,random_curve,4.24,4.1132636070251465,-0.12315526604652405,0.29319998621940613,0.22564631700515747,0.3822440207004547,0.06236783415079117,-0.16432058811187744,0.32436805963516235
7,random_curve,4.26,4.111950397491455,-0.12032925337553024,0.29319998621940613,0.22936981916427612,0.3822440207004547,-0.018750306218862534,-0.16122639179229736,0.31900328397750854
7,random_curve,4.28,4.1103105545043945,-0.11755263805389404,0.29319998621940613,0.23374409973621368,0.3822440207004547,0.021643321961164474,-0.1580023616552353,0.3512551188468933
7,random_curve,4.3,4.108773708343506,-0.11417675018310547,0.29319998621940613,0.2390204519033432,0.3822440207004547,0.028263479471206665,-0.15432287752628326,0.3467167913913727
7,random_curve,4.32,4.107182502746582,-0.110286645591259,0.29319998621940613,0.2450532168149948,0.3822440207004547,0.03892446309328079,-0.1501774787902832,0.31303635239601135
7,random_curve,4.34,4.105719089508057,-0.10629285871982574,0.29319998621940613,0.2518799602985382,0.3822440207004547,0.04033002629876137,-0.1460111290216446,0.3218456208705902
7,random_curve,4.36,4.10452127456665,-0.10232217609882355,0.29319998621940613,0.25764113664627075,0.3822440207004547,0.05612096190452576,-0.14200414717197418,0.32245397567749023
7,random_curve,4.38,4.103140830993652,-0.09832106530666351,0.29319998621940613,0.26071035861968994,0.3822440207004547,0.04462338238954544,-0.13787521421909332,0.32069095969200134
7,random_curve,4.4,4.101688861846924,-0.09443126618862152,0.29319998621940613,0.2606523931026459,0.3822440207004547,0.034926459193229675,-0.1338033229112625,0.2819991111755371
7,random_curve,4.42,4.100205421447754,-0.09040936827659607,0.29319998621940613,0.25748392939567566,0.3822440207004547,0.043884359300136566,-0.12960253655910492,0.24737003445625305
7,random_curve,4.44,4.0984344482421875,-0.08623794466257095,0.29319998621940613,0.2520162761211395,0.3822440207004547,0.022902026772499084,-0.12512332201004028,0.24599617719650269
7,random_curve,4.46,4.096637725830078,-0.0826050266623497,0.29319998621940613,0.24424020946025848,0.3822440207004547,0.02178420126438141,-0.12108853459358215,0.2491866797208786
7,random_curve,4.48,4.095159530639648,-0.07823959738016129,0.29319998621940613,0.23425708711147308,0.3822440207004547,0.07096939533948898,-0.11659834533929825,0.18393363058567047
7,random_curve,4.5,4.093563556671143,-0.07333287596702576,0.29319998621940613,0.2225521206855774,0.3822440207004547,0.059162408113479614,-0.11158585548400879,0.2690465748310089
7,random_curve,4.5200000000000005,4.0927958488464355,-0.06856349110603333,0.29319998621940613,0.21148325502872467,0.3822440207004547,0.12778855860233307,-0.10712588578462601,0.33948203921318054
7,random_curve,4.54,4.0934271812438965,-0.06358131766319275,0.29319998621940613,0.2043704390525818,0.3822440207004547,0.1864810287952423,-0.10322093218564987,0.41605257987976074
7,random_curve,4.5600000000000005,4.095457077026367,-0.058406755328178406,0.29319998621940613,0.20184145867824554,0.3822440207004547,0.24718359112739563,-0.09988808631896973,0.37785807251930237
7,random_curve,4.58,4.098255157470703,-0.0523667111992836,0.29319998621940613,0.20418088138103485,0.3822440207004547,0.29932981729507446,-0.09622330963611603,0.3777230978012085
7,random_curve,4.6000000000000005,4.101378917694092,-0.04613027349114418,0.29319998621940613,0.21128080785274506,0.3822440207004547,0.290889173746109,-0.09256283193826675,0.3487403094768524
7,random_curve,4.62,4.104969501495361,-0.040261536836624146,0.29319998621940613,0.2206016182899475,0.3822440207004547,0.3148055076599121,-0.08946064859628677,0.35665246844291687
7,random_curve,4.64,4.1088480949401855,-0.034665439277887344,0.29319998621940613,0.23037195205688477,0.3822440207004547,0.3109455108642578,-0.08674183487892151,0.38757747411727905
7,random_curve,4.66,4.113173007965088,-0.029731936752796173,0.29319998621940613,0.23920463025569916,0.3822440207004547,0.31711238622665405,-0.08482132107019424,0.40612873435020447
7,random_curve,4.68,4.117933750152588,-0.025369269773364067,0.29319998621940613,0.24454696476459503,0.3822440207004547,0.3135913014411926,-0.08361554145812988,0.39828798174858093
7,random_curve,4.7,4.122596263885498,-0.021567687392234802,0.29319998621940613,0.24703489243984222,0.3822440207004547,0.28090590238571167,-0.08283525705337524,0.3330535888671875
7,random_curve,4.72,4.126775741577148,-0.018458222970366478,0.29319998621940613,0.24740338325500488,0.3822440207004547,0.2534816861152649,-0.08238948881626129,0.31766363978385925
7,random_curve,4.74,4.131214618682861,-0.015145925804972649,0.29319998621940613,0.245797798037529,0.3822440207004547,0.2910553812980652,-0.08190766721963882,0.2888104021549225
7,random_curve,4.76,4.1355462074279785,-0.011008353903889656,0.29319998621940613,0.24240636825561523,0.3822440207004547,0.2910480201244354,-0.08066755533218384,0.25949227809906006
7,random_curve,4.78,4.139342308044434,-0.007209135219454765,0.29319998621940613,0.23764340579509735,0.3822440207004547,0.2399141490459442,-0.07943350076675415,0.25935518741607666
7,random_curve,4.8,4.142892837524414,-0.004401759710162878,0.29319998621940613,0.23294954001903534,0.3822440207004547,0.21149605512619019,-0.07891377061605453,0.251705139875412
7,random_curve,4.82,4.145782470703125,-0.0020109834149479866,0.29319998621940613,0.22857116162776947,0.3822440207004547,0.16809338331222534,-0.07840067148208618,0.22527018189430237
7,random_curve,4.84,4.148243427276611,0.00022324128076434135,0.29319998621940613,0.22600816190242767,0.3822440207004547,0.1486242413520813,-0.07779519259929657,0.188221275806427
7,random_curve,4.86,4.150252342224121,0.002004574052989483,0.29319998621940613,0.22500695288181305,0.3822440207004547,0.11386629939079285,-0.07733707129955292,0.1660158336162567
7,random_curve,4.88,4.1515302658081055,0.003375458298251033,0.29319998621940613,0.22536815702915192,0.3822440207004547,0.06785048544406891,-0.07684347033500671,0.22661226987838745
7,random_curve,4.9,4.15201997756958,0.004645429085940123,0.29319998621940613,0.22803542017936707,0.3822440207004547,0.045678336173295975,-0.07602104544639587,0.2558036148548126
7,random_curve,4.92,4.151941776275635,0.00569122564047575,0.29319998621940613,0.232709601521492,0.3822440207004547,0.004935704171657562,-0.07509052008390427,0.27572810649871826
7,random_curve,4.94,4.15095329284668,0.006667944137006998,0.29319998621940613,0.23844371736049652,0.3822440207004547,-0.03455580398440361,-0.07373986393213272,0.27204450964927673
7,random_curve,4.96,4.149104595184326,0.007766088470816612,0.29319998621940613,0.24474060535430908,0.3822440207004547,-0.05489109829068184,-0.07183342427015305,0.27622079849243164
7,random_curve,4.98,4.1471381187438965,0.00861066859215498,0.29319998621940613,0.2500600814819336,0.3822440207004547,-0.06155119463801384,-0.07008067518472672,0.29539042711257935
8,random_curve,0.0,0.0,0.0,0.20999999344348907,0.3499999940395355,0.35914313793182373,0.0,0.0,0.0
8,random_curve,0.02,-0.000389881432056427,-4.9805050366558135e-05,0.20999999344348907,0.34443768858909607,0.35914313793182373,-0.022732911631464958,-0.0002586244372650981,0.42694804072380066
8,random_curve,0.04,-0.0001839064061641693,-0.0005942244315519929,0.20999999344348907,0.33458688855171204,0.35914313793182373,0.032223179936409,-0.0005958884139545262,0.3530835211277008
8,random_curve,0.06,0.000756741501390934,-0.0008666608482599258,0.20999999344348907,0.3225337862968445,0.35914313793182373,0.050626061856746674,-0.0002979044511448592,0.45437464118003845
8,random_curve,0.08,0.001372380182147026,-0.0008960019331425428,0.20999999344348907,0.30842238664627075,0.35914313793182373,0.0044856686145067215,2.0810577552765608e-05,0.5652109980583191
8,random_curve,0.1,0.0013596881181001663,-0.0005800427752546966,0.20999999344348907,0.2904779314994812,0.35914313793182373,-0.010378904640674591,0.0002760881616268307,0.5729347467422485
8,random_curve,0.12,0.001138053834438324,-0.00024776897043921053,0.20999999344348907,0.2683599293231964,0.35914313793182373,-0.018858445808291435,0.0004284747701603919,0.47693854570388794
8,random_curve,0.14,0.000683225691318512,-0.00035002396907657385,0.20999999344348907,0.24249552190303802,0.35914313793182373,-0.012209538370370865,9.010659414343536e-05,0.4278344511985779
8,random_curve,0.16,0.0009760679677128792,-0.0007777839200571179,0.20999999344348907,0.21253831684589386,0.35914313793182373,0.057404812425374985,-0.00010188290616497397,0.4495902359485626
8,random_curve,0.18,0.0033877133391797543,-0.0014293527929112315,0.20999999344348907,0.18269020318984985,0.35914313793182373,0.16584357619285583,0.0007010407280176878,0.5145550966262817
8,random_curve,0.2,0.008011501282453537,-0.004004723392426968,0.20999999344348907,0.15869906544685364,0.35914313793182373,0.3399718403816223,0.0011393369641155005,0.5928784012794495
8,random_curve,0.22,0.015239316038787365,-0.008429070934653282,0.20999999344348907,0.1429492086172104,0.35914313793182373,0.48839071393013,0.0014935210347175598,0.6405507326126099
8,random_curve,0.24,0.024338390678167343,-0.013405365869402885,0.20999999344348907,0.13479961454868317,0.35914313793182373,0.5315080881118774,0.002493266947567463,0.6980237364768982
8,random_curve,0.26,0.03590281680226326,-0.018437998369336128,0.20999999344348907,0.13410122692584991,0.35914313793182373,0.6784994006156921,0.004722062963992357,0.6825153231620789
8,random_curve,0.28,0.0492284782230854,-0.0242362879216671,0.20999999344348907,0.13892695307731628,0.35914313793182373,0.7496601939201355,0.007290965411812067,0.6387290358543396
8,random_curve,0.3,0.06329867243766785,-0.03004075400531292,0.20999999344348907,0.14570750296115875,0.35914313793182373,0.739711344242096,0.010267792269587517,0.6568508744239807
8,random_curve,0.32,0.07736910134553909,-0.03487897664308548,0.20999999344348907,0.15196824073791504,0.35914313793182373,0.6910868883132935,0.014123206026852131,0.6129494905471802
8,random_curve,0.34,0.09120997786521912,-0.03789077699184418,0.20999999344348907,0.15752273797988892,0.35914313793182373,0.6086755990982056,0.019217457622289658,0.48804640769958496
8,random_curve,0.36,0.1033552810549736,-0.03883838653564453,0.20999999344348907,0.1619279980659485,0.35914313793182373,0.4665583670139313,0.02510363981127739,0.3954426944255829
8,random_curve,0.38,0.11360806971788406,-0.03839120268821716,0.20999999344348907,0.1657368689775467,0.35914313793182373,0.37492576241493225,0.031114328652620316,0.4149722158908844
8,random_curve,0.4,0.12294061481952667,-0.03743625059723854,0.20999999344348907,0.16897350549697876,0.35914313793182373,0.36485132575035095,0.0372290164232254,0.4633166790008545
8,random_curve,0.42,0.13318300247192383,-0.037330370396375656,0.20999999344348907,0.17223379015922546,0.35914313793182373,0.47499004006385803,0.04287238046526909,0.5762481093406677
8,random_curve,0.44,0.14459209144115448,-0.03790387883782387,0.20999999344348907,0.17542476952075958,0.35914313793182373,0.49775514006614685,0.048577625304460526,0.5698238015174866
8,random_curve,0.46,0.15619562566280365,-0.03863489255309105,0.20999999344348907,0.17722684144973755,0.35914313793182373,0.5069794058799744,0.05425598472356796,0.5415442585945129
8,random_curve,0.48,0.16739121079444885,-0.04003467038273811,0.20999999344348907,0.17680791020393372,0.35914313793182373,0.5192012786865234,0.05915123224258423,0.5533689260482788
8,random_curve,0.5,0.17831037938594818,-0.04274650663137436,0.20999999344348907,0.1751696616411209,0.35914313793182373,0.5632861852645874,0.06301477551460266,0.5790449380874634
8,random_curve,0.52,0.18963678181171417,-0.04671943187713623,0.20999999344348907,0.17268165946006775,0.35914313793182373,0.6173475980758667,0.06567861139774323,0.5888949036598206
8,random_curve,0.54,0.20197218656539917,-0.05162664130330086,0.20999999344348907,0.16919063031673431,0.35914313793182373,0.6885886192321777,0.06808840483427048,0.592389702796936
8,random_curve,0.56,0.21541883051395416,-0.05726756900548935,0.20999999344348907,0.16505882143974304,0.35914313793182373,0.7497198581695557,0.07046836614608765,0.5838415026664734
8,random_curve,0.58,0.2305355817079544,-0.06325063854455948,0.20999999344348907,0.1607285887002945,0.35914313793182373,0.8591358065605164,0.07359134405851364,0.5831800103187561
8,random_curve,0.6,0.24782732129096985,-0.06878688186407089,0.20999999344348907,0.15631508827209473,0.35914313793182373,0.8675367832183838,0.07784045487642288,0.4990634620189667
8,random_curve,0.62,0.2656131684780121,-0.0731227844953537,0.20999999344348907,0.1524287462234497,0.35914313793182373,0.8724402785301208,0.08373425155878067,0.47324997186660767
8,random_curve,0.64,0.28340983390808105,-0.07732071727514267,0.20999999344348907,0.14961010217666626,0.35914313793182373,0.8738995790481567,0.0890723466873169,0.4837159216403961
8,random_curve,0.66,0.3017350435256958,-0.0818067118525505,0.20999999344348907,0.1485961526632309,0.35914313793182373,0.926175594329834,0.09442782402038574,0.5247085690498352
8,random_curve,0.68,0.3206690549850464,-0.08645373582839966,0.20999999344348907,0.14933185279369354,0.35914313793182373,0.9449355006217957,0.10016670823097229,0.5870518088340759
8,random_curve,0.7000000000000001,0.33981436491012573,-0.0902295857667923,0.20999999344348907,0.15089768171310425,0.35914313793182373,0.9125775098800659,0.10615476220846176,0.6323784589767456
8,random_curve,0.72,0.3586792051792145,-0.09266767650842667,0.20999999344348907,0.15242484211921692,0.35914313793182373,0.8567072749137878,0.11359598487615585,0.663494884967804
8,random_curve,0.74,0.37814420461654663,-0.09523219615221024,0.20999999344348907,0.15407267212867737,0.35914313793182373,0.9663258790969849,0.12035035341978073,0.6911540627479553
8,random_curve,0.76,0.39865338802337646,-0.09881706535816193,0.20999999344348907,0.15545298159122467,0.35914313793182373,0.9799816608428955,0.12668493390083313,0.6603624820709229
8,random_curve,0.78,0.41838985681533813,-0.10297326743602753,0.20999999344348907,0.15664494037628174,0.35914313793182373,0.9514813423156738,0.13219483196735382,0.5686113834381104
8,random_curve,0.8,0.43661242723464966,-0.10785003006458282,0.20999999344348907,0.15768398344516754,0.35914313793182373,0.9140511751174927,0.13581642508506775,0.5615656971931458
8,random_curve,0.8200000000000001,0.45423802733421326,-0.11369349807500839,0.20999999344348907,0.15886014699935913,0.35914313793182373,0.9519107937812805,0.13846401870250702,0.5794896483421326
8,random_curve,0.84,0.472699373960495,-0.12044160068035126,0.20999999344348907,0.1609766185283661,0.35914313793182373,1.0214998722076416,0.13991063833236694,0.5903188586235046
8,random_curve,0.86,0.4923684000968933,-0.12799015641212463,0.20999999344348907,0.16348321735858917,0.35914313793182373,1.0903493165969849,0.1412552297115326,0.6005663275718689
8,random_curve,0.88,0.5132753252983093,-0.13629882037639618,0.20999999344348907,0.1667657345533371,0.35914313793182373,1.170567274093628,0.14153170585632324,0.6209841370582581
8,random_curve,0.9,0.5357643961906433,-0.14611297845840454,0.20999999344348907,0.17009159922599792,0.35914313793182373,1.2561513185501099,0.14084358513355255,0.5454310774803162
8,random_curve,0.92,0.5584182143211365,-0.15698809921741486,0.20999999344348907,0.1715129017829895,0.35914313793182373,1.2298704385757446,0.13879543542861938,0.49586373567581177
8,random_curve,0.9400000000000001,0.5802085995674133,-0.16844232380390167,0.20999999344348907,0.1702045202255249,0.35914313793182373,1.187590479850769,0.13466215133666992,0.5074863433837891
8,random_curve,0.96,0.6016639471054077,-0.17861740291118622,0.20999999344348907,0.16732503473758698,0.35914313793182373,1.1779683828353882,0.13149228692054749,0.5852941274642944
8,random_curve,0.98,0.6240456700325012,-0.18740054965019226,0.20999999344348907,0.16418172419071198,0.35914313793182373,1.2206395864486694,0.12946085631847382,0.6296622157096863
8,random_curve,1.0,0.6480393409729004,-0.19514185190200806,0.20999999344348907,0.16047021746635437,0.35914313793182373,1.277211308479309,0.12741351127624512,0.6680018305778503
8,random_curve,1.02,0.6725383400917053,-0.20206330716609955,0.20999999344348907,0.1556408554315567,0.35914313793182373,1.2647366523742676,0.1259860396385193,0.7025600075721741
8,random_curve,1.04,0.6974048018455505,-0.20885072648525238,0.20999999344348907,0.15062493085861206,0.35914313793182373,1.3000661134719849,0.12404383718967438,0.7214983701705933
8,random_curve,1.06,0.7223339676856995,-0.21576236188411713,0.25,0.14598578214645386,0.35914313793182373,1.2427014112472534,0.1212378665804863,0.7212067246437073
8,random_curve,1.08,0.7457720041275024,-0.22195880115032196,0.25,0.1416480839252472,0.35914313793182373,1.1399255990982056,0.11727377772331238,0.7328231334686279
8,random_curve,1.1,0.7665975689888,-0.2278907299041748,0.25,0.13791106641292572,0.35914313793182373,0.9820825457572937,0.11339502781629562,0.6925123929977417
8,random_curve,1.12,0.7857778668403625,-0.23403199017047882,0.25,0.1351146548986435,0.35914313793182373,0.9506064653396606,0.10895495861768723,0.6084979176521301
8,random_curve,1.1400000000000001,0.8048116564750671,-0.2399640679359436,0.25,0.1334177702665329,0.35914313793182373,0.9582797884941101,0.10307718813419342,0.6529844403266907
8,random_curve,1.16,0.8242493271827698,-0.2457679659128189,0.25,0.13305051624774933,0.35914313793182373,0.9692769646644592,0.09794014692306519,0.6551243662834167
8,random_curve,1.18,0.8438313603401184,-0.25134098529815674,0.25,0.13405567407608032,0.35914313793182373,0.9603376388549805,0.09156534820795059,0.6761220097541809
8,random_curve,1.2,0.8642056584358215,-0.2562468349933624,0.25,0.13686750829219818,0.35914313793182373,1.0405489206314087,0.08626621961593628,0.6519149541854858
8,random_curve,1.22,0.8866875171661377,-0.26031190156936646,0.25,0.14087854325771332,0.35914313793182373,1.1529861688613892,0.08034134656190872,0.6711991429328918
8,random_curve,1.24,0.9112857580184937,-0.26416701078414917,0.25,0.144962340593338,0.35914313793182373,1.2281439304351807,0.07449042052030563,0.6690753698348999
8,random_curve,1.26,0.9369323253631592,-0.26837360858917236,0.25,0.1484750360250473,0.35914313793182373,1.2151801586151123,0.06766779720783234,0.6522727012634277
8,random_curve,1.28,0.9632039070129395,-0.2728624641895294,0.25,0.15121029317378998,0.35914313793182373,1.2508056163787842,0.05903081223368645,0.5754734873771667
8,random_curve,1.3,0.9884841442108154,-0.2764909863471985,0.25,0.1525934636592865,0.35914313793182373,1.1919952630996704,0.05148584395647049,0.6559948921203613
8,random_curve,1.32,1.0128183364868164,-0.2785252630710602,0.25,0.15282894670963287,0.35914313793182373,1.1673892736434937,0.045336879789829254,0.7072466611862183
8,random_curve,1.34,1.0371938943862915,-0.27920475602149963,0.25,0.15169279277324677,0.35914313793182373,1.196380376815796,0.039204660803079605,0.7037943005561829
8,random_curve,1.36,1.0624163150787354,-0.27911484241485596,0.25,0.15038873255252838,0.35914313793182373,1.2634124755859375,0.033905260264873505,0.7087031602859497
8,random_curve,1.3800000000000001,1.0902140140533447,-0.279313325881958,0.25,0.1494024693965912,0.35914313793182373,1.400761604309082,0.026725176721811295,0.7154064774513245
8,random_curve,1.4000000000000001,1.1194864511489868,-0.2796151041984558,0.25,0.14702121913433075,0.35914313793182373,1.3812017440795898,0.018961448222398758,0.6642426252365112
8,random_curve,1.42,1.1488295793533325,-0.279073029756546,0.25,0.14370715618133545,0.35914313793182373,1.4138323068618774,0.011589626781642437,0.5631436705589294
8,random_curve,1.44,1.1777929067611694,-0.2779887318611145,0.25,0.1406901329755783,0.35914313793182373,1.3971418142318726,0.004092575516551733,0.5766951441764832
8,random_curve,1.46,1.2064766883850098,-0.2766735851764679,0.25,0.13958784937858582,0.35914313793182373,1.3852932453155518,-0.003200388280674815,0.649713397026062
8,random_curve,1.48,1.2354679107666016,-0.27562907338142395,0.25,0.1405567079782486,0.35914313793182373,1.3926036357879639,-0.011106181889772415,0.6630648374557495
8,random_curve,1.5,1.2651244401931763,-0.2755294442176819,0.25,0.14263546466827393,0.35914313793182373,1.3955358266830444,-0.02060939371585846,0.6506866812705994
8,random_curve,1.52,1.2952855825424194,-0.2756134867668152,0.25,0.14538690447807312,0.35914313793182373,1.4391711950302124,-0.030504556372761726,0.6134172677993774
8,random_curve,1.54,1.3265918493270874,-0.27586641907691956,0.25,0.14775292575359344,0.35914313793182373,1.4594969749450684,-0.041116926819086075,0.6216703057289124
8,random_curve,1.56,1.3565887212753296,-0.27662160992622375,0.25,0.14878323674201965,0.35914313793182373,1.3551808595657349,-0.05198873579502106,0.5032875537872314
8,random_curve,1.58,1.384806752204895,-0.27638161182403564,0.25,0.14864106476306915,0.35914313793182373,1.303182601928711,-0.06133275851607323,0.494231253862381
8,random_curve,1.6,1.4115415811538696,-0.2742169499397278,0.25,0.14841103553771973,0.35914313793182373,1.298205852508545,-0.06843193620443344,0.5706275701522827
8,random_curve,1.62,1.4386330842971802,-0.2710822820663452,0.25,0.1479356437921524,0.35914313793182373,1.3668553829193115,-0.07470662891864777,0.6213842630386353
8,random_curve,1.6400000000000001,1.4664897918701172,-0.2679261863231659,0.25,0.14577722549438477,0.35914313793182373,1.3765202760696411,-0.08122627437114716,0.6429158449172974
8,random_curve,1.6600000000000001,1.4945199489593506,-0.26397576928138733,0.25,0.14225856959819794,0.35914313793182373,1.397133469581604,-0.08705171942710876,0.6678162217140198
8,random_curve,1.68,1.523343563079834,-0.25936537981033325,0.25,0.13832738995552063,0.35914313793182373,1.4647353887557983,-0.09217895567417145,0.6955896615982056
8,random_curve,1.7,1.5515626668930054,-0.254611611366272,0.1704999953508377,0.13335207104682922,0.35914313793182373,1.3449392318725586,-0.0969698578119278,0.6434339880943298
8,random_curve,1.72,1.5770500898361206,-0.25164592266082764,0.1704999953508377,0.12918485701084137,0.35914313793182373,1.1883125305175781,-0.10249872505664825,0.5490368008613586
8,random_curve,1.74,1.600939154624939,-0.25096261501312256,0.1704999953508377,0.12631361186504364,0.35914313793182373,1.1212018728256226,-0.10912366211414337,0.5059416890144348
8,random_curve,1.76,1.6238595247268677,-0.25201281905174255,0.1704999953508377,0.1251111626625061,0.35914313793182373,1.0725334882736206,-0.11730606108903885,0.5428369045257568
8,random_curve,1.78,1.6471471786499023,-0.25492578744888306,0.1704999953508377,0.12588365375995636,0.35914313793182373,1.085475206375122,-0.12679418921470642,0.6098187565803528
8,random_curve,1.8,1.6713230609893799,-0.25893259048461914,0.1704999953508377,0.12786765396595,0.35914313793182373,1.133556604385376,-0.137735053896904,0.5946453809738159
8,random_curve,1.82,1.6963542699813843,-0.2625989317893982,0.1704999953508377,0.13002873957157135,0.35914313793182373,1.1786587238311768,-0.14796632528305054,0.5576646327972412
8,random_curve,1.84,1.7224349975585938,-0.26484185457229614,0.1704999953508377,0.13272705674171448,0.35914313793182373,1.2471928596496582,-0.15705278515815735,0.44551995396614075
8,random_curve,1.86,1.7482948303222656,-0.265453040599823,0.1704999953508377,0.13589468598365784,0.35914313793182373,1.2351374626159668,-0.1642366647720337,0.384907990694046
8,random_curve,1.8800000000000001,1.7724533081054688,-0.2640790045261383,0.1704999953508377,0.13872474431991577,0.35914313793182373,1.1721895933151245,-0.16818010807037354,0.42499426007270813
8,random_curve,1.9000000000000001,1.7959685325622559,-0.2614916265010834,0.1704999953508377,0.14036767184734344,0.35914313793182373,1.1943480968475342,-0.17076784372329712,0.4800540804862976
8,random_curve,1.92,1.8202780485153198,-0.2580512464046478,0.1704999953508377,0.14160123467445374,0.35914313793182373,1.2794047594070435,-0.17232711613178253,0.5859994292259216
8,random_curve,1.94,1.8460848331451416,-0.2542659044265747,0.1704999953508377,0.14197158813476562,0.35914313793182373,1.2933051586151123,-0.1726997196674347,0.5912297368049622
8,random_curve,1.96,1.871671199798584,-0.2511914074420929,0.1704999953508377,0.14146670699119568,0.35914313793182373,1.27226984500885,-0.1735067069530487,0.497898668050766
8,random_curve,1.98,1.8965750932693481,-0.24890194833278656,0.1704999953508377,0.14109313488006592,0.35914313793182373,1.2273730039596558,-0.17446313798427582,0.4686960279941559
8,random_curve,2.0,1.9205355644226074,-0.24826526641845703,0.1704999953508377,0.14074522256851196,0.35914313793182373,1.168833613395691,-0.1764693707227707,0.4762280583381653
8,random_curve,2.02,1.9431277513504028,-0.2499268651008606,0.1704999953508377,0.14073538780212402,0.35914313793182373,1.1008175611495972,-0.1793796420097351,0.5502315759658813
8,random_curve,2.04,1.9649845361709595,-0.2539668679237366,0.1704999953508377,0.1418498158454895,0.35914313793182373,1.0990900993347168,-0.18469193577766418,0.6309397220611572
8,random_curve,2.06,1.988081455230713,-0.25926437973976135,0.1704999953508377,0.1443454623222351,0.35914313793182373,1.2171522378921509,-0.1908591091632843,0.6717056035995483
8,random_curve,2.08,2.013019323348999,-0.26503875851631165,0.1704999953508377,0.14680053293704987,0.35914313793182373,1.2768630981445312,-0.196169912815094,0.7051717042922974
8,random_curve,2.1,2.0390684604644775,-0.2705220580101013,0.1704999953508377,0.148301362991333,0.35914313793182373,1.3167170286178589,-0.20092923939228058,0.6221305727958679
8,random_curve,2.12,2.0658211708068848,-0.27448570728302,0.1704999953508377,0.1499980092048645,0.35914313793182373,1.3476070165634155,-0.20337776839733124,0.4584086835384369
8,random_curve,2.14,2.0921270847320557,-0.27639201283454895,0.1704999953508377,0.15173189342021942,0.35914313793182373,1.3021304607391357,-0.2030743807554245,0.3985614478588104
8,random_curve,2.16,2.118154287338257,-0.27661657333374023,0.1704999953508377,0.15358027815818787,0.35914313793182373,1.2965426445007324,-0.20045998692512512,0.4556802809238434
8,random_curve,2.18,2.14553165435791,-0.27643322944641113,0.1704999953508377,0.15518920123577118,0.35914313793182373,1.3901855945587158,-0.1959192156791687,0.4696999490261078
8,random_curve,2.2,2.174013376235962,-0.2772424519062042,0.1704999953508377,0.15770243108272552,0.35914313793182373,1.4459847211837769,-0.1919405311346054,0.6196557283401489
8,random_curve,2.22,2.2036144733428955,-0.27830970287323,0.1704999953508377,0.16057021915912628,0.35914313793182373,1.4712612628936768,-0.1873009353876114,0.6788592338562012
8,random_curve,2.24,2.2340986728668213,-0.2787758708000183,0.20999999344348907,0.1614694595336914,0.35914313793182373,1.4831218719482422,-0.1811954230070114,0.6552656292915344
8,random_curve,2.2600000000000002,2.26460337638855,-0.2782183289527893,0.20999999344348907,0.1591337025165558,0.35914313793182373,1.4529949426651,-0.17346425354480743,0.5509549379348755
8,random_curve,2.2800000000000002,2.2954747676849365,-0.27729085087776184,0.20999999344348907,0.1532624065876007,0.35914313793182373,1.4837642908096313,-0.1643090397119522,0.5707438588142395
8,random_curve,2.3000000000000003,2.3258583545684814,-0.2765459418296814,0.20999999344348907,0.14324040710926056,0.35914313793182373,1.428910493850708,-0.15526516735553741,0.5771763324737549
8,random_curve,2.32,2.3548195362091064,-0.27633747458457947,0.20999999344348907,0.1292385458946228,0.35914313793182373,1.3274914026260376,-0.14676733314990997,0.5544277429580688
8,random_curve,2.34,2.3804917335510254,-0.27660998702049255,0.20999999344348907,0.11339262872934341,0.35914313793182373,1.158186435699463,-0.13945399224758148,0.5120652914047241
8,random_curve,2.36,2.390815258026123,-0.27933230996131897,0.20999999344348907,0.1140344962477684,0.35914313793182373,0.5309141278266907,-0.13874822854995728,0.3378540277481079
8,random_curve,2.38,2.4009931087493896,-0.2808650732040405,0.20999999344348907,0.11494133621454239,0.35914313793182373,0.4932422339916229,-0.1369611620903015,0.33302032947540283
8,random_curve,2.4,2.4121041297912598,-0.28005027770996094,0.20999999344348907,0.11570803821086884,0.35914313793182373,0.5284966230392456,-0.13265159726142883,0.4962616264820099
8,random_curve,2.42,2.424586057662964,-0.27733197808265686,0.20999999344348907,0.1159609854221344,0.35914313793182373,0.567423403263092,-0.1262734830379486,0.6044230461120605
8,random_curve,2.44,2.4376397132873535,-0.2738629877567291,0.20999999344348907,0.11675974726676941,0.35914313793182373,0.5485241413116455,-0.11870374530553818,0.5867202877998352
8,random_curve,2.46,2.452314853668213,-0.26958948373794556,0.20999999344348907,0.11680196225643158,0.35914313793182373,0.6783120036125183,-0.10984089225530624,0.5944707989692688
9,right_angle,0.0,0.0,0.0,0.20999999344348907,0.3499999940395355,0.23782674968242645,0.0,0.0,0.0
9,right_angle,0.02,-0.0003133360296487808,-0.0004437328898347914,0.20999999344348907,0.34478965401649475,0.23782674968242645,-0.025026824325323105,-0.0004437328898347914,0.4087196886539459
9,right_angle,0.04,-0.0007383227348327637,-0.00036067201290279627,0.20999999344348907,0.33456951379776,0.23782674968242645,-0.00983717292547226,-0.00036067201290279627,0.2625380754470825
9,right_angle,0.06,-0.00010201893746852875,-0.0003072135441470891,0.20999999344348907,0.32312145829200745,0.23782674968242645,0.04423021152615547,-0.0003072135441470891,0.34388408064842224
9,right_angle,0.08,0.0005883825942873955,-6.3213417888619e-05,0.20999999344348907,0.30815446376800537,0.23782674968242645,0.02662474289536476,-6.3213417888619e-05,0.47238650918006897
9,right_angle,0.1,0.0010308204218745232,0.00023695852723903954,0.20999999344348907,0.28917717933654785,0.23782674968242645,0.015598147176206112,0.00023695852723903954,0.4559023976325989
9,right_angle,0.12,0.0015474958345293999,6.358914833981544e-05,0.20999999344348907,0.2669855058193207,0.23782674968242645,0.027860302478075027,6.358914833981544e-05,0.4854944050312042
9,right_angle,0.14,0.0018840208649635315,-7.32360640540719e-05,0.20999999344348907,0.24069079756736755,0.23782674968242645,0.009091637097299099,-7.32360640540719e-05,0.40676867961883545
9,right_angle,0.16,0.0020378027111291885,-0.0003687322314362973,0.20999999344348907,0.21124546229839325,0.23782674968242645,0.025415785610675812,-0.0003687322314362973,0.4928097426891327
9,right_angle,0.18,0.003956610802561045,-0.0012568319216370583,0.20999999344348907,0.18234743177890778,0.23782674968242645,0.1468595266342163,-0.0012568319216370583,0.5221830010414124
9,right_angle,0.2,0.008645557798445225,-0.0017483828123658895,0.20999999344348907,0.16021859645843506,0.23782674968242645,0.3111620247364044,-0.0017483828123658895,0.5781391859054565
9,right_angle,0.22,0.01637062057852745,-0.002727486891672015,0.20999999344348907,0.14607568085193634,0.23782674968242645,0.4491594731807709,-0.002727486891672015,0.6520972847938538
9,right_angle,0.24,0.026968244463205338,-0.004318574443459511,0.20999999344348907,0.13966257870197296,0.23782674968242645,0.5934194922447205,-0.004318574443459511,0.6770957708358765
9,right_angle,0.26,0.04075931757688522,-0.006340355612337589,0.20999999344348907,0.14031937718391418,0.23782674968242645,0.7599146962165833,-0.006340355612337589,0.6805213093757629
9,right_angle,0.28,0.05709214508533478,-0.00832647830247879,0.20999999344348907,0.14556030929088593,0.23782674968242645,0.8573457598686218,-0.00832647830247879,0.6633215546607971
9,right_angle,0.3,0.07473484426736832,-0.009839912876486778,0.20999999344348907,0.15210987627506256,0.23782674968242645,0.9020440578460693,-0.009839912876486778,0.6594634652137756
9,right_angle,0.32,0.09327304363250732,-0.011274163611233234,0.20999999344348907,0.15778188407421112,0.23782674968242645,0.9380960464477539,-0.011274163611233234,0.5959101915359497
9,right_angle,0.34,0.1131526455283165,-0.012220131233334541,0.20999999344348907,0.1627095341682434,0.23782674968242645,1.016809105873108,-0.012220131233334541,0.5342722535133362
9,right_angle,0.36,0.1328955441713333,-0.012568973004817963,0.20999999344348907,0.16681984066963196,0.23782674968242645,0.9584699273109436,-0.012568973004817963,0.45794063806533813
9,right_angle,0.38,0.15141233801841736,-0.011509645730257034,0.20999999344348907,0.16988956928253174,0.23782674968242645,0.9215930700302124,-0.011509645730257034,0.5471944808959961
9,right_angle,0.4,0.17042379081249237,-0.00902818888425827,0.20999999344348907,0.17197121679782867,0.23782674968242645,0.987198531627655,-0.00902818888425827,0.5900930762290955
9,right_angle,0.42,0.1917276829481125,-0.006293141283094883,0.20999999344348907,0.1747271567583084,0.23782674968242645,1.1400361061096191,-0.006293141283094883,0.6515042185783386
9,right_angle,0.44,0.21593299508094788,-0.003934553824365139,0.20999999344348907,0.1768455058336258,0.23782674968242645,1.266097068786621,-0.003934553824365139,0.6876341700553894
9,right_angle,0.46,0.2409263700246811,-0.0019534481689333916,0.20999999344348907,0.17654193937778473,0.23782674968242645,1.2308000326156616,-0.0019534481689333916,0.6015204787254333
9,right_angle,0.48,0.26552700996398926,-0.000655447831377387,0.20999999344348907,0.17518165707588196,0.23782674968242645,1.2283228635787964,-0.000655447831377387,0.55009526014328
9,right_angle,0.5,0.2904738187789917,0.000574172823689878,0.20999999344348907,0.17394699156284332,0.23782674968242645,1.2760813236236572,0.000574172823689878,0.5306010842323303
9,right_angle,0.52,0.31625714898109436,0.0017940681427717209,0.20999999344348907,0.17373408377170563,0.23782674968242645,1.3179652690887451,0.0017940681427717209,0.5817927718162537
9,right_angle,0.54,0.34327489137649536,0.0026845617685467005,0.20999999344348907,0.1746857911348343,0.23782674968242645,1.388811707496643,0.0026845617685467005,0.6569976210594177
9,right_angle,0.56,0.37155359983444214,0.0031841567251831293,0.20999999344348907,0.1758248209953308,0.23782674968242645,1.4435994625091553,0.0031841567251831293,0.6682310104370117
9,right_angle,0.58,0.4018521308898926,0.002860406646504998,0.20999999344348907,0.17866496741771698,0.23782674968242645,1.5884389877319336,0.002860406646504998,0.6460703015327454
9,right_angle,0.6,0.43402570486068726,0.001630161888897419,0.20999999344348907,0.1814652383327484,0.23782674968242645,1.6102052927017212,0.001630161888897419,0.5392007827758789
9,right_angle,0.62,0.4662821590900421,-0.000161733478307724,0.20999999344348907,0.18153008818626404,0.23782674968242645,1.5935132503509521,-0.000161733478307724,0.4953506588935852
9,right_angle,0.64,0.4982798099517822,-0.0017484523123130202,0.20999999344348907,0.18072262406349182,0.23782674968242645,1.6123487949371338,-0.0017484523123130202,0.5527933835983276
9,right_angle,0.66,0.5303246974945068,-0.003254728391766548,0.20999999344348907,0.18118028342723846,0.23782674968242645,1.6187626123428345,-0.003254728391766548,0.5958873629570007
9,right_angle,0.68,0.5634528994560242,-0.005304606631398201,0.20999999344348907,0.18248996138572693,0.23782674968242645,1.6998035907745361,-0.005304606631398201,0.6130222678184509
9,right_angle,0.7000000000000001,0.5977692008018494,-0.008074228651821613,0.20999999344348907,0.18266277015209198,0.23782674968242645,1.7252446413040161,-0.008074228651821613,0.6285776495933533
9,right_angle,0.72,0.6319589614868164,-0.010414322838187218,0.20999999344348907,0.18016186356544495,0.23782674968242645,1.6894270181655884,-0.010414322838187218,0.661268413066864
9,right_angle,0.74,0.666235625743866,-0.012177413329482079,0.20999999344348907,0.17565971612930298,0.23782674968242645,1.7130274772644043,-0.012177413329482079,0.5881624817848206
9,right_angle,0.76,0.7003902792930603,-0.013223646208643913,0.20999999344348907,0.16797281801700592,0.23782674968242645,1.6940886974334717,-0.013223646208643913,0.5243415236473083
9,right_angle,0.78,0.7337793707847595,-0.014141293242573738,0.20999999344348907,0.15724439918994904,0.23782674968242645,1.6624151468276978,-0.014141293242573738,0.5282456874847412
9,right_angle,0.8,0.7671272158622742,-0.015089430846273899,0.20999999344348907,0.1430731862783432,0.23782674968242645,1.668877124786377,-0.015089430846273899,0.5169539451599121
9,right_angle,0.8200000000000001,0.8015665411949158,-0.015589963644742966,0.20999999344348907,0.1272282898426056,0.23782674968242645,1.7092925310134888,-0.015589963644742966,0.5056427121162415
9,right_angle,0.84,0.8330602049827576,-0.01546639297157526,0.25,0.10857609659433365,0.23782674968242645,1.4864957332611084,-0.01546639297157526,0.5676111578941345
10,random_curve,0.0,0.0,0.0,0.1704999953508377,0.3499999940395355,0.35654857754707336,0.0,0.0,0.0
10,random_curve,0.02,-0.0008872505277395248,-0.000317899975925684,0.1704999953508377,0.34474602341651917,0.35654857754707336,-0.06036294624209404,0.00022706043091602623,0.531615674495697
10,random_curve,0.04,-0.0012830626219511032,-7.881925557740033e-05,0.1704999953508377,0.3348448574542999,0.35654857754707336,0.016889167949557304,0.0006454179529100657,0.360800564289093
10,random_curve,0.06,-0.0009300336241722107,0.000406366161769256,0.1704999953508377,0.3223998546600342,0.35654857754707336,0.024931110441684723,0.0008536536479368806,0.4294123947620392
10,random_curve,0.08,-0.0010672910138964653,0.0003544370993040502,0.1704999953508377,0.30783504247665405,0.35654857754707336,-0.020902931690216064,0.0008864906849339604,0.38795432448387146
10,random_curve,0.1,-0.0012695761397480965,0.00015257483755704015,0.1704999953508377,0.28967341780662537,0.35654857754707336,-0.010992554947733879,0.0008305583032779396,0.3876056373119354
10,random_curve,0.12,-0.0015561031177639961,3.274599293945357e-05,0.1704999953508377,0.26697877049446106,0.35654857754707336,-0.013437887653708458,0.0008895949576981366,0.48249882459640503
10,random_curve,0.14,-0.0018801549449563026,-4.024168083560653e-05,0.1704999953508377,0.24031440913677216,0.35654857754707336,-0.011248906143009663,0.0010084174573421478,0.4457084536552429
10,random_curve,0.16,-0.001202387735247612,-0.0001557829964440316,0.1704999953508377,0.21093028783798218,0.35654857754707336,0.030765460804104805,0.0005366455879993737,0.383079469203949
10,random_curve,0.18,7.00727105140686e-05,-0.00014383852249011397,0.1704999953508377,0.1820024847984314,0.35654857754707336,0.0770798996090889,-0.00015856402751524001,0.36758556962013245
10,random_curve,0.2,0.002075682394206524,0.0009626754326745868,0.1704999953508377,0.1596507728099823,0.35654857754707336,0.14156481623649597,-0.00034893129486590624,0.45039600133895874
10,random_curve,0.22,0.005803382955491543,0.003137179184705019,0.1704999953508377,0.14498178660869598,0.35654857754707336,0.2683005630970001,-0.0006046176422387362,0.5566861033439636
10,random_curve,0.24,0.011648396961390972,0.005490302573889494,0.1704999953508377,0.13766655325889587,0.35654857754707336,0.35865604877471924,-0.001884959638118744,0.6298121809959412
10,random_curve,0.26,0.019607681781053543,0.0077736591920256615,0.1704999953508377,0.13788026571273804,0.35654857754707336,0.4318370521068573,-0.004395029041916132,0.6070404052734375
10,random_curve,0.28,0.029981404542922974,0.009523888118565083,0.1704999953508377,0.14490027725696564,0.35654857754707336,0.5020518898963928,-0.008745177648961544,0.5798436999320984
10,random_curve,0.3,0.04234959930181503,0.010662410408258438,0.1704999953508377,0.1559217870235443,0.35654857754707336,0.5702869296073914,-0.01461566798388958,0.5369296073913574
10,random_curve,0.32,0.055643029510974884,0.011476732790470123,0.1704999953508377,0.16776728630065918,0.35654857754707336,0.57924884557724,-0.021266819909214973,0.505554735660553
10,random_curve,0.34,0.0692501962184906,0.012609432451426983,0.1704999953508377,0.17709136009216309,0.35654857754707336,0.5929087996482849,-0.027825381606817245,0.4323174059391022
10,random_curve,0.36,0.08218170702457428,0.013647541403770447,0.1704999953508377,0.18218401074409485,0.35654857754707336,0.540165364742279,-0.034220270812511444,0.40646418929100037
10,random_curve,0.38,0.09412125498056412,0.014248188585042953,0.1704999953508377,0.1836666613817215,0.35654857754707336,0.4919607937335968,-0.04023541882634163,0.3070346415042877
10,random_curve,0.4,0.1051720455288887,0.014291778206825256,0.1704999953508377,0.18221594393253326,0.35654857754707336,0.4426787197589874,-0.046232059597969055,0.3450489640235901
10,random_curve,0.42,0.11624137312173843,0.014067624695599079,0.1704999953508377,0.17946475744247437,0.35654857754707336,0.4648194909095764,-0.05246315151453018,0.43039587140083313
10,random_curve,0.44,0.12829557061195374,0.013489068485796452,0.1704999953508377,0.17668679356575012,0.35654857754707336,0.5007624626159668,-0.05952884629368782,0.5000276565551758
10,random_curve,0.46,0.14068955183029175,0.01284439954906702,0.1704999953508377,0.17433372139930725,0.35654857754707336,0.4977303445339203,-0.06701846420764923,0.48457521200180054
10,random_curve,0.48,0.15244901180267334,0.012552078813314438,0.1704999953508377,0.17237460613250732,0.35654857754707336,0.47534117102622986,-0.07358736544847488,0.43523916602134705
10,random_curve,0.5,0.16360411047935486,0.012879121117293835,0.1704999953508377,0.17093633115291595,0.35654857754707336,0.47842147946357727,-0.07930910587310791,0.3725541830062866
10,random_curve,0.52,0.17385491728782654,0.014412115328013897,0.1704999953508377,0.1705581694841385,0.35654857754707336,0.4782845973968506,-0.0835278257727623,0.3711918294429779
10,random_curve,0.54,0.18348467350006104,0.018221480771899223,0.1704999953508377,0.17086069285869598,0.35654857754707336,0.5437813997268677,-0.08549327403306961,0.4692213237285614
10,random_curve,0.56,0.19326473772525787,0.024385878816246986,0.1704999953508377,0.17191946506500244,0.35654857754707336,0.6230243444442749,-0.085746169090271,0.49117568135261536
10,random_curve,0.58,0.20391710102558136,0.03279733657836914,0.1704999953508377,0.17510679364204407,0.35654857754707336,0.7261984348297119,-0.08420249819755554,0.49035191535949707
10,random_curve,0.6,0.21689698100090027,0.041975121945142746,0.1704999953508377,0.17973501980304718,0.35654857754707336,0.8276017904281616,-0.08323259651660919,0.4803285598754883
10,random_curve,0.62,0.23234829306602478,0.049621209502220154,0.1704999953508377,0.18482622504234314,0.35654857754707336,0.8684269189834595,-0.08509542793035507,0.4436332583427429
10,random_curve,0.64,0.2488212287425995,0.05652029812335968,0.1704999953508377,0.18908247351646423,0.35654857754707336,0.87638920545578,-0.08760811388492584,0.4677426218986511
10,random_curve,0.66,0.26544350385665894,0.06313898414373398,0.1704999953508377,0.19271335005760193,0.35654857754707336,0.8905545473098755,-0.0904381275177002,0.4576930105686188
10,random_curve,0.68,0.2824299931526184,0.06993918865919113,0.1704999953508377,0.19617649912834167,0.35654857754707336,0.9257689118385315,-0.09340526163578033,0.5384191870689392
10,random_curve,0.7000000000000001,0.30007946491241455,0.07670098543167114,0.1704999953508377,0.1990928202867508,0.35654857754707336,0.9501521587371826,-0.09626419842243195,0.6255266070365906
10,random_curve,0.72,0.31859102845191956,0.08320742845535278,0.1704999953508377,0.20116756856441498,0.35654857754707336,0.9796096086502075,-0.10003622621297836,0.6690322756767273
10,random_curve,0.74,0.3381001651287079,0.08964899927377701,0.1704999953508377,0.20505359768867493,0.35654857754707336,1.0366945266723633,-0.10361844301223755,0.6616485118865967
10,random_curve,0.76,0.3586139678955078,0.09604183584451675,0.1704999953508377,0.21009568870067596,0.35654857754707336,1.0640970468521118,-0.10806389153003693,0.5494331121444702
10,random_curve,0.78,0.378757119178772,0.10240232944488525,0.1704999953508377,0.21275296807289124,0.35654857754707336,1.0186359882354736,-0.11145573854446411,0.3544999957084656
10,random_curve,0.8,0.3979634642601013,0.10891535878181458,0.1704999953508377,0.21236273646354675,0.35654857754707336,0.9924020767211914,-0.1146978884935379,0.27910760045051575
10,random_curve,0.8200000000000001,0.41589421033859253,0.11585155874490738,0.1704999953508377,0.21213729679584503,0.35654857754707336,0.9639757871627808,-0.11599453538656235,0.39509227871894836
10,random_curve,0.84,0.4341793656349182,0.12325140088796616,0.1704999953508377,0.21287907660007477,0.35654857754707336,1.0196806192398071,-0.1175268217921257,0.4189695417881012
10,random_curve,0.86,0.4537351131439209,0.13073013722896576,0.1704999953508377,0.21313418447971344,0.35654857754707336,1.0779770612716675,-0.11830906569957733,0.436288982629776
10,random_curve,0.88,0.47440215945243835,0.13812795281410217,0.1704999953508377,0.21367093920707703,0.35654857754707336,1.1278445720672607,-0.12002303451299667,0.48899948596954346
10,random_curve,0.9,0.49622610211372375,0.1458640843629837,0.1704999953508377,0.21458323299884796,0.35654857754707336,1.1790134906768799,-0.12059491872787476,0.5577231049537659
10,random_curve,0.92,0.5182769894599915,0.1542021781206131,0.1704999953508377,0.21384607255458832,0.35654857754707336,1.1700321435928345,-0.1207965835928917,0.5258752107620239
10,random_curve,0.9400000000000001,0.5390785932540894,0.16174441576004028,0.1704999953508377,0.2116890549659729,0.35654857754707336,1.0437097549438477,-0.12105979770421982,0.4647870659828186
10,random_curve,0.96,0.5583535432815552,0.16711878776550293,0.1704999953508377,0.2095242142677307,0.35654857754707336,0.9833033680915833,-0.12125450372695923,0.5065649747848511
10,random_curve,0.98,0.576690673828125,0.17121179401874542,0.1704999953508377,0.20692826807498932,0.35654857754707336,0.918046772480011,-0.12311728298664093,0.4757753610610962
10,random_curve,1.0,0.5947998762130737,0.17395298182964325,0.1704999953508377,0.20293490588665009,0.35654857754707336,0.9196510910987854,-0.12468352913856506,0.4448399543762207
10,random_curve,1.02,0.6130445599555969,0.1752702295780182,0.1704999953508377,0.19881394505500793,0.35654857754707336,0.9062142372131348,-0.12834569811820984,0.4329259693622589
10,random_curve,1.04,0.6313086152076721,0.1745062917470932,0.1704999953508377,0.19553318619728088,0.35654857754707336,0.8913251757621765,-0.1325095295906067,0.45900654792785645
10,random_curve,1.06,0.6501504182815552,0.17286932468414307,0.1704999953508377,0.19254525005817413,0.35654857754707336,0.9231876134872437,-0.13825350999832153,0.43436193466186523
10,random_curve,1.08,0.6677341461181641,0.17186324298381805,0.1704999953508377,0.19013160467147827,0.35654857754707336,0.8076831102371216,-0.14167974889278412,0.4538446366786957
10,random_curve,1.1,0.6830164790153503,0.1720629632472992,0.1704999953508377,0.18743930757045746,0.35654857754707336,0.7167154550552368,-0.14426584541797638,0.4615843594074249
10,random_curve,1.12,0.6969389915466309,0.1732998490333557,0.1704999953508377,0.18438005447387695,0.35654857754707336,0.6828699111938477,-0.1442626267671585,0.4489268660545349
10,random_curve,1.1400000000000001,0.7101243138313293,0.1751849204301834,0.1704999953508377,0.18103384971618652,0.35654857754707336,0.65720134973526,-0.14354866743087769,0.45809847116470337
10,random_curve,1.16,0.7232075333595276,0.17781881988048553,0.1704999953508377,0.1771220713853836,0.35654857754707336,0.6617052555084229,-0.14237158000469208,0.46307817101478577
10,random_curve,1.18,0.7357077598571777,0.18046869337558746,0.1704999953508377,0.17376147210597992,0.35654857754707336,0.5818292498588562,-0.140197291970253,0.47592881321907043
10,random_curve,1.2,0.7475619316101074,0.18268518149852753,0.29319998621940613,0.17200370132923126,0.35654857754707336,0.6040170788764954,-0.13914310932159424,0.454957515001297
10,random_curve,1.22,0.759674072265625,0.18545573949813843,0.29319998621940613,0.17041775584220886,0.35654857754707336,0.5904570817947388,-0.13622620701789856,0.5163808465003967
10,random_curve,1.24,0.7713164687156677,0.1875450760126114,0.29319998621940613,0.16906559467315674,0.35654857754707336,0.5676889419555664,-0.1339961439371109,0.5301447510719299
10,random_curve,1.26,0.7824133634567261,0.18892629444599152,0.29319998621940613,0.1679394394159317,0.35654857754707336,0.5421249270439148,-0.1331034004688263,0.5459176898002625
10,random_curve,1.28,0.7939824461936951,0.19001317024230957,0.29319998621940613,0.1673181802034378,0.35654857754707336,0.6162921190261841,-0.13131365180015564,0.6209568381309509
10,random_curve,1.3,0.8075577020645142,0.19102886319160461,0.29319998621940613,0.167776957154274,0.35654857754707336,0.7339872121810913,-0.12947270274162292,0.6700241565704346
10,random_curve,1.32,0.8231428861618042,0.1917634755373001,0.29319998621940613,0.1683824360370636,0.35654857754707336,0.811708927154541,-0.12807603180408478,0.6718236804008484
10,random_curve,1.34,0.8406928777694702,0.19211380183696747,0.29319998621940613,0.16868765652179718,0.35654857754707336,0.9163879156112671,-0.12583492696285248,0.642956554889679
10,random_curve,1.36,0.8609145283699036,0.19307230412960052,0.29319998621940613,0.16957537829875946,0.35654857754707336,1.0393527746200562,-0.12284154444932938,0.5298460125923157
10,random_curve,1.3800000000000001,0.8830537796020508,0.19509069621562958,0.29319998621940613,0.17137771844863892,0.35654857754707336,1.0794246196746826,-0.1181819811463356,0.4076920747756958
10,random_curve,1.4000000000000001,0.9053425788879395,0.19783613085746765,0.29319998621940613,0.1726984679698944,0.35654857754707336,1.0600385665893555,-0.11117387562990189,0.4930938482284546
10,random_curve,1.42,0.9283362627029419,0.2002544403076172,0.29319998621940613,0.17525601387023926,0.35654857754707336,1.1454826593399048,-0.10472498089075089,0.6367849111557007
10,random_curve,1.44,0.9541342854499817,0.20138801634311676,0.29319998621940613,0.1807815581560135,0.35654857754707336,1.3164502382278442,-0.09765029698610306,0.7358058094978333
10,random_curve,1.46,0.982994794845581,0.202320396900177,0.29319998621940613,0.1882617324590683,0.35654857754707336,1.4233347177505493,-0.08986662328243256,0.733007550239563
10,random_curve,1.48,1.012377142906189,0.2045004963874817,0.29319998621940613,0.19615335762500763,0.35654857754707336,1.3307764530181885,-0.0801270604133606,0.6991141438484192
10,random_curve,1.5,1.040695071220398,0.20737773180007935,0.29319998621940613,0.20302803814411163,0.35654857754707336,1.2782319784164429,-0.06951773166656494,0.5971964001655579
10,random_curve,1.52,1.0681325197219849,0.20933394134044647,0.29319998621940613,0.21035563945770264,0.35654857754707336,1.2663664817810059,-0.05881407856941223,0.5730961561203003
10,random_curve,1.54,1.0948489904403687,0.2093568742275238,0.29319998621940613,0.21933570504188538,0.35654857754707336,1.2708704471588135,-0.050385914742946625,0.5636773705482483
10,random_curve,1.56,1.1213648319244385,0.20769250392913818,0.29319998621940613,0.2286837100982666,0.35654857754707336,1.2989177703857422,-0.0427929051220417,0.6026988625526428
10,random_curve,1.58,1.1477258205413818,0.2047572284936905,0.29319998621940613,0.23664399981498718,0.35654857754707336,1.294541358947754,-0.036432091146707535,0.628236711025238
10,random_curve,1.6,1.1753828525543213,0.20098748803138733,0.29319998621940613,0.24351346492767334,0.35654857754707336,1.404624581336975,-0.03010917454957962,0.5547414422035217
10,random_curve,1.62,1.2035043239593506,0.19686686992645264,0.29319998621940613,0.24881646037101746,0.35654857754707336,1.338732123374939,-0.02325958013534546,0.4100288152694702
10,random_curve,1.6400000000000001,1.2305874824523926,0.19256064295768738,0.29319998621940613,0.2538616955280304,0.35654857754707336,1.3203727006912231,-0.01701389253139496,0.508512020111084
10,random_curve,1.6600000000000001,1.257761001586914,0.18821583688259125,0.29319998621940613,0.26118215918540955,0.35654857754707336,1.3470197916030884,-0.010568258352577686,0.5722601413726807
10,random_curve,1.68,1.2857507467269897,0.18277882039546967,0.29319998621940613,0.2717447578907013,0.35654857754707336,1.4386451244354248,-0.0044038984924554825,0.5735090970993042
10,random_curve,1.7,1.3155503273010254,0.17664706707000732,0.29319998621940613,0.2808268666267395,0.35654857754707336,1.5101336240768433,0.0018176166340708733,0.521588921546936
10,random_curve,1.72,1.3461363315582275,0.17112934589385986,0.29319998621940613,0.28556713461875916,0.35654857754707336,1.5069876909255981,0.009066950529813766,0.45955947041511536
10,random_curve,1.74,1.376962661743164,0.1660662293434143,0.29319998621940613,0.2863687574863434,0.35654857754707336,1.5147552490234375,0.016875438392162323,0.41566023230552673
10,random_curve,1.76,1.4071934223175049,0.1609816998243332,0.29319998621940613,0.28445982933044434,0.35654857754707336,1.470244288444519,0.02443206124007702,0.46250680088996887
10,random_curve,1.78,1.4360471963882446,0.15608087182044983,0.29319998621940613,0.28067779541015625,0.35654857754707336,1.4024457931518555,0.03163084015250206,0.526114284992218
10,random_curve,1.8,1.464240550994873,0.15082716941833496,0.29319998621940613,0.2749515175819397,0.35654857754707336,1.4113655090332031,0.0379410982131958,0.5932697057723999
10,random_curve,1.82,1.4928345680236816,0.14503581821918488,0.29319998621940613,0.26725441217422485,0.35654857754707336,1.440700650215149,0.043963659554719925,0.6162302494049072
10,random_curve,1.84,1.521781086921692,0.1384054273366928,0.29319998621940613,0.25717756152153015,0.35654857754707336,1.4703426361083984,0.049260713160037994,0.5400529503822327
10,random_curve,1.86,1.5496952533721924,0.13153491914272308,0.29319998621940613,0.24605290591716766,0.35654857754707336,1.3728394508361816,0.05328953266143799,0.5224025845527649
10,random_curve,1.8800000000000001,1.576682686805725,0.12520380318164825,0.29319998621940613,0.23766453564167023,0.35654857754707336,1.3785632848739624,0.057554181665182114,0.5880334377288818
10,random_curve,1.9000000000000001,1.6043546199798584,0.11937542259693146,0.29319998621940613,0.23295904695987701,0.35654857754707336,1.4263334274291992,0.06235753372311592,0.6545432806015015
10,random_curve,1.92,1.6334891319274902,0.11334383487701416,0.29319998621940613,0.23245485126972198,0.35654857754707336,1.5287243127822876,0.06648411601781845,0.7152789235115051
10,random_curve,1.94,1.665755271911621,0.10671351104974747,0.29319998621940613,0.23514948785305023,0.35654857754707336,1.7214293479919434,0.07103175669908524,0.7182973027229309
10,random_curve,1.96,1.7014684677124023,0.09890186786651611,0.29319998621940613,0.238505557179451,0.35654857754707336,1.8807406425476074,0.07483132928609848,0.6403295993804932
10,random_curve,1.98,1.7377642393112183,0.09006783366203308,0.29319998621940613,0.2421046644449234,0.35654857754707336,1.82925546169281,0.07687100023031235,0.5750730037689209
10,random_curve,2.0,1.7718685865402222,0.08099694550037384,0.29319998621940613,0.246461421251297,0.35654857754707336,1.7268162965774536,0.07708653062582016,0.4815763235092163
10,random_curve,2.02,1.8050804138183594,0.07192513346672058,0.29319998621940613,0.25358185172080994,0.35654857754707336,1.7250397205352783,0.07605816423892975,0.48696568608283997
10,random_curve,2.04,1.838790774345398,0.06344937533140182,0.29319998621940613,0.26404356956481934,0.35654857754707336,1.765377402305603,0.0745895579457283,0.56796795129776
10,random_curve,2.06,1.8744392395019531,0.05494613200426102,0.29319998621940613,0.2741883397102356,0.35654857754707336,1.870481014251709,0.0720890462398529,0.5297117233276367
10,random_curve,2.08,1.9117591381072998,0.04570796340703964,0.29319998621940613,0.28115764260292053,0.35654857754707336,1.903092622756958,0.06752593070268631,0.515852153301239
10,random_curve,2.1,1.9494644403457642,0.035839568823575974,0.29319998621940613,0.2838771939277649,0.35654857754707336,1.895627498626709,0.06071367487311363,0.5380667448043823
10,random_curve,2.12,1.9866337776184082,0.02676485665142536,0.29319998621940613,0.2853430211544037,0.35654857754707336,1.832718849182129,0.05303921550512314,0.5739405155181885
10,random_curve,2.14,2.023054361343384,0.019701745361089706,0.29319998621940613,0.28748413920402527,0.35654857754707336,1.7839161157608032,0.04583180323243141,0.6132306456565857
10,random_curve,2.16,2.0587399005889893,0.013356540352106094,0.29319998621940613,0.2854337692260742,0.35654857754707336,1.7390971183776855,0.03793980926275253,0.5740386843681335
10,random_curve,2.18,2.094667434692383,0.007657099515199661,0.29319998621940613,0.2793366611003876,0.35654857754707336,1.7677019834518433,0.02840322069823742,0.3912295699119568
10,random_curve,2.2,2.1307685375213623,0.0025006146170198917,0.29319998621940613,0.27004769444465637,0.35654857754707336,1.7537786960601807,0.01883905567228794,0.27923092246055603
10,random_curve,2.22,2.167128562927246,-0.002678230404853821,0.29319998621940613,0.25774985551834106,0.35654857754707336,1.7331671714782715,0.007978027686476707,0.29313600063323975
10,random_curve,2.24,2.203511953353882,-0.007639305666089058,0.29319998621940613,0.24395647644996643,0.35654857754707336,1.6771798133850098,-0.003811220871284604,0.2974361479282379
10,random_curve,2.2600000000000002,2.238248586654663,-0.012629417702555656,0.29319998621940613,0.23268330097198486,0.35654857754707336,1.5702978372573853,-0.016234353184700012,0.5352726578712463
10,random_curve,2.2800000000000002,2.272566080093384,-0.016885321587324142,0.25,0.22459864616394043,0.35654857754707336,1.6002572774887085,-0.028656747192144394,0.6588707566261292
10,random_curve,2.3000000000000003,2.3074257373809814,-0.02039526030421257,0.25,0.2195460945367813,0.35654857754707336,1.6048359870910645,-0.04201032593846321,0.7147542834281921
10,random_curve,2.32,2.3406434059143066,-0.023583505302667618,0.25,0.21701091527938843,0.35654857754707336,1.463154673576355,-0.0547097772359848,0.6037407517433167
10,random_curve,2.34,2.371485948562622,-0.025555288419127464,0.25,0.21630620956420898,0.35654857754707336,1.3822782039642334,-0.06598517298698425,0.5220025777816772
10,random_curve,2.36,2.4007680416107178,-0.025805823504924774,0.25,0.21609656512737274,0.35654857754707336,1.3723022937774658,-0.07607703655958176,0.4321609139442444
10,random_curve,2.38,2.429300308227539,-0.024340398609638214,0.25,0.21559463441371918,0.35654857754707336,1.3743579387664795,-0.08430264890193939,0.5921424627304077
10,random_curve,2.4,2.4585018157958984,-0.021680042147636414,0.25,0.21349677443504333,0.35654857754707336,1.4378694295883179,-0.09194033592939377,0.6719751358032227
10,random_curve,2.42,2.4886646270751953,-0.01867627166211605,0.25,0.20873546600341797,0.35654857754707336,1.4699996709823608,-0.10039541870355606,0.5404291152954102
10,random_curve,2.44,2.519087314605713,-0.015597187913954258,0.25,0.20055055618286133,0.35654857754707336,1.4512113332748413,-0.1088445708155632,0.475379079580307
10,random_curve,2.46,2.548841953277588,-0.012287547811865807,0.25,0.19078803062438965,0.35654857754707336,1.3936280012130737,-0.11707620322704315,0.4101615846157074
10,random_curve,2.48,2.5773191452026367,-0.00840757880359888,0.25,0.18247182667255402,0.35654857754707336,1.3693026304244995,-0.12476062774658203,0.5014660954475403
10,random_curve,2.5,2.6056833267211914,-0.0027736169286072254,0.25,0.17712323367595673,0.35654857754707336,1.4511873722076416,-0.13074372708797455,0.7217820286750793
10,random_curve,2.52,2.6355140209198,0.005339392460882664,0.25,0.17603746056556702,0.35654857754707336,1.5987797975540161,-0.13521596789360046,0.7412924766540527
10,random_curve,2.54,2.667027473449707,0.013284815475344658,0.25,0.1777242124080658,0.35654857754707336,1.592026948928833,-0.14066457748413086,0.7530794739723206
10,random_curve,2.56,2.69964861869812,0.023365743458271027,0.25,0.184966042637825,0.35654857754707336,1.7098994255065918,-0.14460498094558716,0.7292062640190125
10,random_curve,2.58,2.7343389987945557,0.031240049749612808,0.25,0.1939392387866974,0.35654857754707336,1.716508150100708,-0.15140056610107422,0.5324841737747192
10,random_curve,2.6,2.7663755416870117,0.03756008297204971,0.25,0.20407339930534363,0.35654857754707336,1.5212534666061401,-0.15851695835590363,0.40762126445770264
10,random_curve,2.62,2.795522689819336,0.04293588548898697,0.25,0.2148067206144333,0.35654857754707336,1.4228689670562744,-0.16495217382907867,0.4491713345050812
10,random_curve,2.64,2.8236162662506104,0.04823359474539757,0.25,0.22749465703964233,0.35654857754707336,1.419824481010437,-0.17107754945755005,0.5778933763504028
10,random_curve,2.66,2.8520584106445312,0.05536975339055061,0.25,0.24207492172718048,0.35654857754707336,1.4951971769332886,-0.17548784613609314,0.5549227595329285
10,random_curve,2.68,2.88144850730896,0.06445255875587463,0.25,0.25932401418685913,0.35654857754707336,1.581013798713684,-0.17772896587848663,0.47345399856567383
10,random_curve,2.7,2.911327838897705,0.07567081600427628,0.25,0.2738182842731476,0.35654857754707336,1.6030149459838867,-0.1779835820198059,0.37889882922172546
10,random_curve,2.72,2.9407763481140137,0.08679519593715668,0.25,0.28426605463027954,0.35654857754707336,1.5581812858581543,-0.17767448723316193,0.4106901288032532
10,random_curve,2.74,2.970041036605835,0.09764517098665237,0.25,0.2915661931037903,0.35654857754707336,1.5631639957427979,-0.17698413133621216,0.5287759304046631
10,random_curve,2.7600000000000002,2.9996230602264404,0.10827576369047165,0.25,0.2953912913799286,0.35654857754707336,1.5748918056488037,-0.17591187357902527,0.5195786952972412
10,random_curve,2.7800000000000002,3.0289080142974854,0.11832592636346817,0.25,0.2960520088672638,0.35654857754707336,1.5388364791870117,-0.1745307743549347,0.5068908929824829
10,random_curve,2.8000000000000003,3.057542324066162,0.1276978701353073,0.25,0.29312244057655334,0.35654857754707336,1.4979623556137085,-0.1720418632030487,0.48655980825424194
10,random_curve,2.82,3.0868022441864014,0.1370875984430313,0.1704999953508377,0.2857367694377899,0.35654857754707336,1.5460619926452637,-0.16925278306007385,0.48338156938552856
10,random_curve,2.84,3.1163077354431152,0.1464235633611679,0.1704999953508377,0.2749256193637848,0.35654857754707336,1.5309028625488281,-0.16547878086566925,0.42337873578071594
10,random_curve,2.86,3.1463258266448975,0.15518343448638916,0.1704999953508377,0.25952625274658203,0.35654857754707336,1.5459154844284058,-0.1611497700214386,0.5074458718299866
10,random_curve,2.88,3.176741600036621,0.16418501734733582,0.1704999953508377,0.24106337130069733,0.35654857754707336,1.5493416786193848,-0.15531006455421448,0.46082645654678345
10,random_curve,2.9,3.2068288326263428,0.17324848473072052,0.1704999953508377,0.21992036700248718,0.35654857754707336,1.4796102046966553,-0.148027241230011,0.5617984533309937
10,random_curve,2.92,3.236161947250366,0.18427732586860657,0.1704999953508377,0.1982659101486206,0.35654857754707336,1.4194245338439941,-0.13745741546154022,0.4846877455711365
10,random_curve,2.94,3.264195203781128,0.1968882530927658,0.1704999953508377,0.17695967853069305,0.35654857754707336,1.302496314048767,-0.1241966262459755,0.5918310880661011
10,random_curve,2.96,3.290128231048584,0.20806752145290375,0.1704999953508377,0.16073426604270935,0.35654857754707336,1.178292155265808,-0.11077209562063217,0.6326830387115479
10,random_curve,2.98,3.3127150535583496,0.21634940803050995,0.1704999953508377,0.15309873223304749,0.35654857754707336,1.0387215614318848,-0.10032198578119278,0.6772124171257019
10,random_curve,3.0,3.333615303039551,0.22305001318454742,0.1704999953508377,0.14897219836711884,0.35654857754707336,0.9350426197052002,-0.09137637913227081,0.6386812925338745
10,random_curve,3.02,3.3532915115356445,0.22945819795131683,0.1704999953508377,0.14728836715221405,0.35654857754707336,0.8986594676971436,-0.08140384405851364,0.6468492746353149
10,random_curve,3.04,3.3718066215515137,0.2356867641210556,0.1704999953508377,0.1465684026479721,0.35654857754707336,0.7719894647598267,-0.07246178388595581,0.5921097993850708
10,random_curve,3.06,3.386845827102661,0.24137674272060394,0.1704999953508377,0.1453048139810562,0.35654857754707336,0.5828066468238831,-0.06341512501239777,0.5348469614982605
10,random_curve,3.08,3.397428274154663,0.24670566618442535,0.1704999953508377,0.14350096881389618,0.35654857754707336,0.37005335092544556,-0.055760931223630905,0.48946109414100647
10,random_curve,3.1,3.406190872192383,0.25054532289505005,0.1704999953508377,0.14143848419189453,0.35654857754707336,0.37270575761795044,-0.04998002201318741,0.5329176187515259
10,random_curve,3.12,3.4125757217407227,0.2528351843357086,0.1704999953508377,0.1391705721616745,0.35654857754707336,0.2021285593509674,-0.04699544236063957,0.5503007173538208
10,random_curve,3.14,3.4152512550354004,0.2546656131744385,0.1704999953508377,0.13787832856178284,0.35654857754707336,0.033034972846508026,-0.04449349641799927,0.508562445640564
10,random_curve,3.16,3.415745496749878,0.2576220631599426,0.1704999953508377,0.13681738078594208,0.35654857754707336,-0.0603596568107605,-0.04151616618037224,0.5482315421104431
10,random_curve,3.18,3.415283441543579,0.25901809334754944,0.1704999953508377,0.1360720843076706,0.35654857754707336,-0.07421062886714935,-0.04030356928706169,0.524039626121521
10,random_curve,3.2,3.412654399871826,0.2608006000518799,0.1704999953508377,0.1366742104291916,0.35654857754707336,-0.22722919285297394,-0.03932201489806175,0.5154962539672852
10,random_curve,3.22,3.4074461460113525,0.2633114457130432,0.1704999953508377,0.13934992253780365,0.35654857754707336,-0.27713048458099365,-0.0383576974272728,0.574291467666626
10,random_curve,3.24,3.4017512798309326,0.2662789821624756,0.1704999953508377,0.14565573632717133,0.35654857754707336,-0.3450925946235657,-0.03708992898464203,0.5197990536689758
10,random_curve,3.2600000000000002,3.3947408199310303,0.2676251232624054,0.1704999953508377,0.1544911414384842,0.35654857754707336,-0.3698464632034302,-0.03774533048272133,0.44364988803863525
10,random_curve,3.2800000000000002,3.38724946975708,0.26718446612358093,0.1704999953508377,0.16512459516525269,0.35654857754707336,-0.32966500520706177,-0.040250785648822784,0.4606638550758362
10,random_curve,3.3000000000000003,3.38010835647583,0.2649170458316803,0.1704999953508377,0.17643946409225464,0.35654857754707336,-0.2816728353500366,-0.04441368207335472,0.5145772099494934
10,random_curve,3.3200000000000003,3.3726561069488525,0.26027876138687134,0.1704999953508377,0.1878654509782791,0.35654857754707336,-0.30017030239105225,-0.05094050616025925,0.4810367524623871
10,random_curve,3.34,3.36454701423645,0.25492629408836365,0.1704999953508377,0.19868235290050507,0.35654857754707336,-0.3240146338939667,-0.05833593010902405,0.46124550700187683
10,random_curve,3.36,3.3560166358947754,0.24946503341197968,0.1704999953508377,0.2083607017993927,0.35654857754707336,-0.338059663772583,-0.06595295667648315,0.45376697182655334
10,random_curve,3.38,3.3472249507904053,0.244136780500412,0.1704999953508377,0.21534623205661774,0.35654857754707336,-0.34677833318710327,-0.07351484149694443,0.45657670497894287
10,random_curve,3.4,3.3390684127807617,0.23881754279136658,0.1704999953508377,0.2202504724264145,0.35654857754707336,-0.2958965599536896,-0.08089153468608856,0.4263981580734253
10,random_curve,3.42,3.3317818641662598,0.23385679721832275,0.1704999953508377,0.22192277014255524,0.35654857754707336,-0.27790969610214233,-0.08768205344676971,0.43241673707962036
10,random_curve,3.44,3.324934244155884,0.22919853031635284,0.1704999953508377,0.22079701721668243,0.35654857754707336,-0.24997061491012573,-0.094060018658638,0.44869476556777954
10,random_curve,3.46,3.318948745727539,0.224015012383461,0.1704999953508377,0.21770404279232025,0.35654857754707336,-0.19806961715221405,-0.1007029116153717,0.46371006965637207
10,random_curve,3.48,3.3142611980438232,0.22062034904956818,0.1704999953508377,0.2136642038822174,0.35654857754707336,-0.15875029563903809,-0.10526669025421143,0.5136541724205017
10,random_curve,3.5,3.3112361431121826,0.2179223746061325,0.1704999953508377,0.2092885971069336,0.35654857754707336,-0.07136666774749756,-0.10869914293289185,0.546137809753418
10,random_curve,3.52,3.309399127960205,0.2142082303762436,0.1704999953508377,0.20397578179836273,0.35654857754707336,-0.008919674903154373,-0.11277753114700317,0.5085241198539734
10,random_curve,3.54,3.3098978996276855,0.21158328652381897,0.1704999953508377,0.19863145053386688,0.35654857754707336,0.11273325979709625,-0.11516041308641434,0.5654597282409668
10,random_curve,3.56,3.312488555908203,0.20998571813106537,0.1704999953508377,0.1963346153497696,0.35654857754707336,0.16577385365962982,-0.11597497761249542,0.6216184496879578
10,random_curve,3.58,3.3161723613739014,0.2079969197511673,0.1704999953508377,0.19692493975162506,0.35654857754707336,0.23466642200946808,-0.11686153709888458,0.6625539064407349
10,random_curve,3.6,3.3212685585021973,0.20573236048221588,0.1704999953508377,0.19843657314777374,0.35654857754707336,0.30921274423599243,-0.11762042343616486,0.678451657295227
10,random_curve,3.62,3.327617883682251,0.2034163922071457,0.1704999953508377,0.19942326843738556,0.35654857754707336,0.3561561703681946,-0.11808039247989655,0.6781286597251892
10,random_curve,3.64,3.334599733352661,0.20178551971912384,0.1704999953508377,0.19915251433849335,0.35654857754707336,0.36500903964042664,-0.11770644783973694,0.6987485289573669
10,random_curve,3.66,3.3427443504333496,0.20014603435993195,0.1704999953508377,0.19939303398132324,0.35654857754707336,0.4646759629249573,-0.11701761186122894,0.7249662280082703
10,random_curve,3.68,3.3530187606811523,0.19773323833942413,0.1704999953508377,0.20134855806827545,0.35654857754707336,0.5631159543991089,-0.11647964268922806,0.7343418598175049
10,random_curve,3.7,3.3643829822540283,0.19571295380592346,0.1704999953508377,0.20569370687007904,0.35654857754707336,0.5576447248458862,-0.11526171863079071,0.66164231300354
10,random_curve,3.72,3.3760387897491455,0.19554318487644196,0.1704999953508377,0.2116556167602539,0.35654857754707336,0.5496735572814941,-0.11218516528606415,0.6125484108924866
10,random_curve,3.74,3.3875958919525146,0.1968022584915161,0.1704999953508377,0.21644090116024017,0.35654857754707336,0.5267702341079712,-0.10776349902153015,0.5839323401451111
10,random_curve,3.7600000000000002,3.3986129760742188,0.19817474484443665,0.1704999953508377,0.2181287705898285,0.35654857754707336,0.48724833130836487,-0.10338297486305237,0.5128113627433777
10,random_curve,3.7800000000000002,3.4081838130950928,0.19935615360736847,0.1704999953508377,0.21745167672634125,0.35654857754707336,0.40201738476753235,-0.09958797693252563,0.4629184901714325
10,random_curve,3.8000000000000003,3.416506052017212,0.20083549618721008,0.1704999953508377,0.2153037041425705,0.35654857754707336,0.3526476323604584,-0.09585382789373398,0.503320038318634
10,random_curve,3.8200000000000003,3.4236202239990234,0.2020341455936432,0.1704999953508377,0.21131214499473572,0.35654857754707336,0.3005134165287018,-0.09272508323192596,0.5400056838989258
10,random_curve,3.84,3.4293928146362305,0.20382340252399445,0.1704999953508377,0.20551805198192596,0.35654857754707336,0.2325471043586731,-0.08940187841653824,0.5406508445739746
10,random_curve,3.86,3.4343366622924805,0.20490172505378723,0.1704999953508377,0.1985921412706375,0.35654857754707336,0.23377616703510284,-0.08699194341897964,0.5708227157592773
10,random_curve,3.88,3.4400248527526855,0.20506460964679718,0.1704999953508377,0.19262173771858215,0.35654857754707336,0.28623658418655396,-0.08590800315141678,0.5602965354919434
10,random_curve,3.9,3.4457337856292725,0.20450672507286072,0.1704999953508377,0.18786218762397766,0.35654857754707336,0.27822601795196533,-0.0846141129732132,0.5413179397583008
10,random_curve,3.92,3.451151132583618,0.20379871129989624,0.1704999953508377,0.18507908284664154,0.35654857754707336,0.2461729347705841,-0.08355557173490524,0.5118404030799866
10,random_curve,3.94,3.4564013481140137,0.20364367961883545,0.1704999953508377,0.18465961515903473,0.35654857754707336,0.24455028772354126,-0.08202635496854782,0.5573244094848633
10,random_curve,3.96,3.461550235748291,0.20334285497665405,0.1704999953508377,0.18643195927143097,0.35654857754707336,0.24451015889644623,-0.0806676521897316,0.541323721408844
10,random_curve,3.98,3.4655418395996094,0.20277105271816254,0.1704999953508377,0.18903551995754242,0.35654857754707336,0.17098423838615417,-0.07993520051240921,0.5139384865760803
10,random_curve,4.0,3.4681718349456787,0.20196533203125,0.1704999953508377,0.19205977022647858,0.35654857754707336,0.10584602504968643,-0.07985912263393402,0.473158597946167
10,random_curve,4.0200000000000005,3.4694817066192627,0.20148390531539917,0.1704999953508377,0.19559335708618164,0.35654857754707336,0.03811435401439667,-0.0798971876502037,0.492906779050827
10,random_curve,4.04,3.4695188999176025,0.2015456110239029,0.1704999953508377,0.19863173365592957,0.35654857754707336,-0.02794077806174755,-0.07982683181762695,0.5266976356506348
10,random_curve,4.0600000000000005,3.467822313308716,0.20173045992851257,0.1704999953508377,0.20058217644691467,0.35654857754707336,-0.11908350884914398,-0.08019329607486725,0.5003207325935364
10,random_curve,4.08,3.4646005630493164,0.20189155638217926,0.1704999953508377,0.20043359696865082,0.35654857754707336,-0.170232355594635,-0.08106917887926102,0.5009047389030457
10,random_curve,4.1,3.4608495235443115,0.20203818380832672,0.1704999953508377,0.19889239966869354,0.35654857754707336,-0.19387653470039368,-0.08212774991989136,0.47837039828300476
10,random_curve,4.12,3.456166982650757,0.2022317796945572,0.1704999953508377,0.19611971080303192,0.35654857754707336,-0.24949702620506287,-0.08343919366598129,0.5162666440010071
10,random_curve,4.14,3.451702356338501,0.2024381160736084,0.1704999953508377,0.1919521689414978,0.35654857754707336,-0.1877145618200302,-0.08466899394989014,0.5421298146247864
10,random_curve,4.16,3.4472997188568115,0.20182952284812927,0.1704999953508377,0.18768320977687836,0.35654857754707336,-0.1947784274816513,-0.0866512805223465,0.618857741355896
10,random_curve,4.18,3.443173408508301,0.20091994106769562,0.1704999953508377,0.18438182771205902,0.35654857754707336,-0.17538367211818695,-0.0888306051492691,0.597903311252594
10,random_curve,4.2,3.4402389526367188,0.19993658363819122,0.1704999953508377,0.18250250816345215,0.35654857754707336,-0.06411294639110565,-0.09069932997226715,0.6444482803344727
10,random_curve,4.22,3.439840793609619,0.19786864519119263,0.1704999953508377,0.18301989138126373,0.35654857754707336,0.06906991451978683,-0.09278617054224014,0.7164183855056763
10,random_curve,4.24,3.441274881362915,0.19548369944095612,0.1704999953508377,0.18694882094860077,0.35654857754707336,0.12842373549938202,-0.09458847343921661,0.6989941000938416
10,random_curve,4.26,3.4441542625427246,0.19350028038024902,0.1704999953508377,0.19373686611652374,0.35654857754707336,0.19706925749778748,-0.0955488532781601,0.691371738910675
10,random_curve,4.28,3.448146343231201,0.19178560376167297,0.1704999953508377,0.20271934568881989,0.35654857754707336,0.22435201704502106,-0.0958993211388588,0.6837157011032104
10,random_curve,4.3,3.4523541927337646,0.1900310218334198,0.1704999953508377,0.21141473948955536,0.35654857754707336,0.2391631156206131,-0.09621872007846832,0.6830206513404846
10,random_curve,4.32,3.45747971534729,0.18880540132522583,0.1704999953508377,0.2186453938484192,0.35654857754707336,0.26393356919288635,-0.09574387967586517,0.6174519658088684
10,random_curve,4.34,3.462986469268799,0.1883549839258194,0.1704999953508377,0.2241164743900299,0.35654857754707336,0.26801347732543945,-0.0944126769900322,0.6043609976768494
10,random_curve,4.36,3.4687161445617676,0.18861764669418335,0.1704999953508377,0.227411150932312,0.35654857754707336,0.2503714859485626,-0.0923345535993576,0.6171852946281433
10,random_curve,4.38,3.4741978645324707,0.18924257159233093,0.1704999953508377,0.2276972383260727,0.35654857754707336,0.2356242835521698,-0.09064674377441406,0.5655235052108765
10,random_curve,4.4,3.479302167892456,0.18996305763721466,0.1704999953508377,0.22430402040481567,0.35654857754707336,0.2083064615726471,-0.08815011382102966,0.5086460709571838
10,random_curve,4.42,3.4836249351501465,0.19102312624454498,0.1704999953508377,0.2187580168247223,0.35654857754707336,0.14753782749176025,-0.08561556041240692,0.48179101943969727
10,random_curve,4.44,3.4865970611572266,0.19210264086723328,0.1704999953508377,0.21167494356632233,0.35654857754707336,0.10989907383918762,-0.08354540169239044,0.5058045387268066
10,random_curve,4.46,3.4888713359832764,0.1929929405450821,0.1704999953508377,0.20344708859920502,0.35654857754707336,0.06462667137384415,-0.08190129697322845,0.4596315920352936
10,random_curve,4.48,3.491025686264038,0.19402793049812317,0.1704999953508377,0.1961447149515152,0.35654857754707336,0.10034269094467163,-0.08016490191221237,0.47775447368621826
10,random_curve,4.5,3.4939279556274414,0.19491156935691833,0.1704999953508377,0.19034411013126373,0.35654857754707336,0.13824307918548584,-0.07830265164375305,0.511231541633606
10,random_curve,4.5200000000000005,3.498047113418579,0.1957085281610489,0.1704999953508377,0.18694590032100677,0.35654857754707336,0.20522478222846985,-0.07608658075332642,0.5513487458229065
10,random_curve,4.54,3.503030776977539,0.1961778700351715,0.1704999953508377,0.1863960176706314,0.35654857754707336,0.22477467358112335,-0.07386762648820877,0.560423731803894
10,random_curve,4.5600000000000005,3.5076510906219482,0.1970912367105484,0.1704999953508377,0.18721315264701843,0.35654857754707336,0.17094670236110687,-0.07136377692222595,0.5809457898139954
10,random_curve,4.58,3.512256622314453,0.1980762779712677,0.1704999953508377,0.18747304379940033,0.35654857754707336,0.2160816490650177,-0.0687982589006424,0.5798225998878479
10,random_curve,4.6000000000000005,3.515692949295044,0.19816699624061584,0.1704999953508377,0.187959685921669,0.35654857754707336,0.11081650853157043,-0.06748577952384949,0.5485337376594543
10,random_curve,4.62,3.5170512199401855,0.19850295782089233,0.1704999953508377,0.18934544920921326,0.35654857754707336,0.021831315010786057,-0.06740348041057587,0.6060901880264282
10,random_curve,4.64,3.517505645751953,0.19924162328243256,0.1704999953508377,0.19161799550056458,0.35654857754707336,-0.008240748196840286,-0.06654581427574158,0.5555397272109985
10,random_curve,4.66,3.5175461769104004,0.20005302131175995,0.1704999953508377,0.19450643658638,0.35654857754707336,-0.019968319684267044,-0.06578342616558075,0.6128170490264893
10,random_curve,4.68,3.5170578956604004,0.20037247240543365,0.1704999953508377,0.19743014872074127,0.35654857754707336,-0.037743184715509415,-0.0656808465719223,0.5807543992996216
10,random_curve,4.7,3.5158846378326416,0.20060060918331146,0.1704999953508377,0.1999027580022812,0.35654857754707336,-0.07375925034284592,-0.06593069434165955,0.5200749039649963
10,random_curve,4.72,3.514842987060547,0.2011282742023468,0.1704999953508377,0.20209550857543945,0.35654857754707336,-0.04389557987451553,-0.06585340201854706,0.49698740243911743
10,random_curve,4.74,3.513104200363159,0.20109966397285461,0.1704999953508377,0.20438805222511292,0.35654857754707336,-0.10624134540557861,-0.06656106561422348,0.5126194953918457
10,random_curve,4.76,3.5111963748931885,0.20108091831207275,0.1704999953508377,0.20601651072502136,0.35654857754707336,-0.07719895243644714,-0.0673258975148201,0.5381145477294922
10,random_curve,4.78,3.5102009773254395,0.20084740221500397,0.1704999953508377,0.20684605836868286,0.35654857754707336,-0.013770751655101776,-0.06793078035116196,0.5204021334648132
10,random_curve,4.8,3.5096683502197266,0.20024143159389496,0.1704999953508377,0.20718711614608765,0.35654857754707336,-0.006240407004952431,-0.0686969980597496,0.5319949984550476
10,random_curve,4.82,3.508702278137207,0.19926661252975464,0.1704999953508377,0.20569168031215668,0.35654857754707336,-0.03588935732841492,-0.06997241824865341,0.5539309978485107
10,random_curve,4.84,3.507297992706299,0.19899140298366547,0.1704999953508377,0.2030567079782486,0.35654857754707336,-0.07681205868721008,-0.07077588886022568,0.5139417052268982
10,random_curve,4.86,3.5059010982513428,0.19886332750320435,0.1704999953508377,0.20086373388767242,0.35654857754707336,-0.0360669270157814,-0.07144109904766083,0.5230799913406372
10,random_curve,4.88,3.5047225952148438,0.1986604630947113,0.1704999953508377,0.1991012841463089,0.35654857754707336,-0.052479974925518036,-0.0720895305275917,0.560766339302063
10,random_curve,4.9,3.5040581226348877,0.19819943606853485,0.1704999953508377,0.19735907018184662,0.35654857754707336,0.004590288735926151,-0.07277406007051468,0.6219203472137451
10,random_curve,4.92,3.503495693206787,0.19705641269683838,0.1704999953508377,0.1963600069284439,0.35654857754707336,-0.013123396784067154,-0.0740460678935051,0.60212242603302
10,random_curve,4.94,3.502490997314453,0.1949426680803299,0.1704999953508377,0.197019562125206,0.35654857754707336,-0.0015942081809043884,-0.07638446241617203,0.6549211144447327
10,random_curve,4.96,3.5023322105407715,0.19215014576911926,0.1704999953508377,0.19971227645874023,0.35654857754707336,0.09335654973983765,-0.07901588082313538,0.6902289986610413
10,random_curve,4.98,3.503840446472168,0.1880641132593155,0.1704999953508377,0.20260052382946014,0.35654857754707336,0.18022620677947998,-0.08218415081501007,0.6802481412887573
10,random_curve,5.0,3.506580352783203,0.184212788939476,0.1704999953508377,0.2054862082004547,0.35654857754707336,0.19967401027679443,-0.08465385437011719,0.6357278823852539
10,random_curve,5.0200000000000005,3.510176658630371,0.18089528381824493,0.1704999953508377,0.20997728407382965,0.35654857754707336,0.2468421757221222,-0.08629684895277023,0.6618027687072754
10,random_curve,5.04,3.5148167610168457,0.1785191148519516,0.1704999953508377,0.21463589370250702,0.35654857754707336,0.2658340036869049,-0.08666476607322693,0.6441216468811035
10,random_curve,5.0600000000000005,3.5197908878326416,0.17797081172466278,0.1704999953508377,0.21940664947032928,0.35654857754707336,0.21617980301380157,-0.08522011339664459,0.5615820288658142
10,random_curve,5.08,3.524406671524048,0.17874270677566528,0.1704999953508377,0.2242700159549713,0.35654857754707336,0.17026615142822266,-0.08270125091075897,0.5287632942199707
10,random_curve,5.1000000000000005,3.528609037399292,0.18025565147399902,0.1704999953508377,0.22693794965744019,0.35654857754707336,0.16074851155281067,-0.07966260612010956,0.5368633270263672
10,random_curve,5.12,3.532931327819824,0.18236969411373138,0.1704999953508377,0.226771280169487,0.35654857754707336,0.14884954690933228,-0.07602393627166748,0.47774985432624817
10,random_curve,5.14,3.5371921062469482,0.18502062559127808,0.1704999953508377,0.2239256203174591,0.35654857754707336,0.1351054608821869,-0.07191541790962219,0.5051016807556152
10,random_curve,5.16,3.541099786758423,0.18794001638889313,0.1704999953508377,0.21904851496219635,0.35654857754707336,0.09946545213460922,-0.06769827008247375,0.5170587301254272
10,random_curve,5.18,3.5445494651794434,0.1914483606815338,0.1704999953508377,0.21202732622623444,0.35654857754707336,0.08709107339382172,-0.06311873346567154,0.5769386887550354
10,random_curve,5.2,3.5477256774902344,0.1943015307188034,0.1704999953508377,0.20310403406620026,0.35654857754707336,0.07843081653118134,-0.059249140322208405,0.5276437997817993
10,random_curve,5.22,3.550049304962158,0.19713586568832397,0.1704999953508377,0.19488899409770966,0.35654857754707336,0.02806723862886429,-0.05573095381259918,0.4994693994522095
10,random_curve,5.24,3.5518457889556885,0.2001989334821701,0.1704999953508377,0.18849684298038483,0.35654857754707336,0.020474273711442947,-0.05220888927578926,0.5141485929489136
10,random_curve,5.26,3.553640365600586,0.2028168886899948,0.1704999953508377,0.18344008922576904,0.35654857754707336,0.03972969204187393,-0.04909709095954895,0.48771992325782776
10,random_curve,5.28,3.557206392288208,0.2041945606470108,0.1704999953508377,0.18150685727596283,0.35654857754707336,0.216609388589859,-0.0464322455227375,0.5818479657173157
10,random_curve,5.3,3.5622198581695557,0.20381265878677368,0.1704999953508377,0.18325378000736237,0.35654857754707336,0.24894270300865173,-0.04481908306479454,0.6079860925674438
10,random_curve,5.32,3.5673444271087646,0.20175930857658386,0.1704999953508377,0.18746216595172882,0.35654857754707336,0.30183684825897217,-0.04523313045501709,0.6862055659294128
10,random_curve,5.34,3.572714328765869,0.19790081679821014,0.1704999953508377,0.19291923940181732,0.35654857754707336,0.3422611951828003,-0.04645894467830658,0.7422515749931335
10,random_curve,5.36,3.5783894062042236,0.19338080286979675,0.1704999953508377,0.19878539443016052,0.35654857754707336,0.3684028387069702,-0.048155173659324646,0.759624719619751
10,random_curve,5.38,3.5849552154541016,0.1885392665863037,0.1704999953508377,0.20301683247089386,0.35654857754707336,0.4189758896827698,-0.04976611211895943,0.7347611784934998
10,random_curve,5.4,3.592139720916748,0.18376386165618896,0.1704999953508377,0.20644812285900116,0.35654857754707336,0.4303278923034668,-0.05105549469590187,0.6959569454193115
10,random_curve,5.42,3.599463939666748,0.18008598685264587,0.1704999953508377,0.21033476293087006,0.35654857754707336,0.3807900547981262,-0.05190202221274376,0.6042206287384033
10,random_curve,5.44,3.6061484813690186,0.17849202454090118,0.1704999953508377,0.21385090053081512,0.35654857754707336,0.2921738624572754,-0.05031504109501839,0.46936196088790894
10,random_curve,5.46,3.6119930744171143,0.17815285921096802,0.1704999953508377,0.21550865471363068,0.35654857754707336,0.2532113492488861,-0.04798593744635582,0.43088650703430176
10,random_curve,5.48,3.617825746536255,0.1777864694595337,0.1704999953508377,0.2156793177127838,0.35654857754707336,0.2749698758125305,-0.0456865057349205,0.3717878460884094
10,random_curve,5.5,3.623157501220703,0.17772682011127472,0.1704999953508377,0.21413204073905945,0.35654857754707336,0.2142031490802765,-0.043338775634765625,0.4294325113296509
10,random_curve,5.5200000000000005,3.6275978088378906,0.1771647185087204,0.1704999953508377,0.21128882467746735,0.35654857754707336,0.20336580276489258,-0.04184110090136528,0.38364484906196594
10,random_curve,5.54,3.63148832321167,0.17720302939414978,0.1704999953508377,0.20895986258983612,0.35654857754707336,0.14030689001083374,-0.040054917335510254,0.3870828449726105
10,random_curve,5.5600000000000005,3.6350743770599365,0.17762917280197144,0.1704999953508377,0.20583447813987732,0.35654857754707336,0.15026603639125824,-0.03805955871939659,0.4178428053855896
10,random_curve,5.58,3.6382148265838623,0.1785939335823059,0.1704999953508377,0.20041991770267487,0.35654857754707336,0.09609808027744293,-0.03578394651412964,0.4586585462093353
10,random_curve,5.6000000000000005,3.6404531002044678,0.17852404713630676,0.1704999953508377,0.1954864263534546,0.35654857754707336,0.10711762309074402,-0.03483840823173523,0.48537924885749817
10,random_curve,5.62,3.642629384994507,0.17789261043071747,0.1704999953508377,0.1913299262523651,0.35654857754707336,0.10812392830848694,-0.03442217782139778,0.5193107724189758
10,random_curve,5.64,3.6445999145507812,0.17646391689777374,0.1704999953508377,0.18764877319335938,0.35654857754707336,0.1316269040107727,-0.0353950634598732,0.5401431918144226
10,random_curve,5.66,3.646167039871216,0.17353801429271698,0.1704999953508377,0.18554745614528656,0.35654857754707336,0.1404724270105362,-0.03722763806581497,0.5873037576675415
10,random_curve,5.68,3.6472575664520264,0.16985082626342773,0.1704999953508377,0.18457677960395813,0.35654857754707336,0.1439293622970581,-0.0399564690887928,0.6361469626426697
10,random_curve,5.7,3.6471619606018066,0.16470125317573547,0.1704999953508377,0.18476362526416779,0.35654857754707336,0.09242416173219681,-0.0445353165268898,0.6792387962341309
10,random_curve,5.72,3.6465578079223633,0.15874779224395752,0.1704999953508377,0.18709681928157806,0.35654857754707336,0.15415579080581665,-0.050063081085681915,0.713945746421814
10,random_curve,5.74,3.647087335586548,0.1511775106191635,0.1704999953508377,0.19069945812225342,0.35654857754707336,0.24736878275871277,-0.05647653341293335,0.7353664040565491
10,random_curve,5.76,3.649435043334961,0.14301379024982452,0.1704999953508377,0.1950455754995346,0.35654857754707336,0.3136264681816101,-0.06255006790161133,0.7055985927581787
10,random_curve,5.78,3.653411865234375,0.13636967539787292,0.1704999953508377,0.2004559189081192,0.35654857754707336,0.35251450538635254,-0.06651310622692108,0.6777610182762146
10,random_curve,5.8,3.6590964794158936,0.13106533885002136,0.1704999953508377,0.20689499378204346,0.35654857754707336,0.3860760033130646,-0.06848666071891785,0.6297079920768738
10,random_curve,5.82,3.6657538414001465,0.12709948420524597,0.1704999953508377,0.21347489953041077,0.35654857754707336,0.37805381417274475,-0.06882047653198242,0.5646945238113403
10,random_curve,5.84,3.672245502471924,0.1247638538479805,0.1704999953508377,0.21938486397266388,0.35654857754707336,0.2983187139034271,-0.06819606572389603,0.5306103825569153
10,random_curve,5.86,3.6782405376434326,0.12358662486076355,0.1704999953508377,0.22387711703777313,0.35654857754707336,0.2754973769187927,-0.06625211238861084,0.5286173820495605
10,random_curve,5.88,3.683480739593506,0.12234564870595932,0.1704999953508377,0.22571709752082825,0.35654857754707336,0.2392171323299408,-0.06473711878061295,0.5317962169647217
10,random_curve,5.9,3.687201738357544,0.12165053188800812,0.1704999953508377,0.22426655888557434,0.35654857754707336,0.14420413970947266,-0.06349964439868927,0.48428329825401306
10,random_curve,5.92,3.691157817840576,0.12160774320363998,0.1704999953508377,0.21967317163944244,0.35654857754707336,0.1874142438173294,-0.061578985303640366,0.47670021653175354
10,random_curve,5.94,3.6951262950897217,0.12098583579063416,0.1704999953508377,0.21338337659835815,0.35654857754707336,0.18770770728588104,-0.060155417770147324,0.42549365758895874
10,random_curve,5.96,3.698636770248413,0.11983786523342133,0.1704999953508377,0.20713955163955688,0.35654857754707336,0.1826200783252716,-0.05941563472151756,0.4201233386993408
10,random_curve,5.98,3.702108144760132,0.11839690059423447,0.1704999953508377,0.201027050614357,0.35654857754707336,0.17193782329559326,-0.058949802070856094,0.44239869713783264
10,random_curve,6.0,3.7059550285339355,0.11710404604673386,0.1704999953508377,0.1961403489112854,0.35654857754707336,0.2205926924943924,-0.05816942825913429,0.46034374833106995
10,random_curve,6.0200000000000005,3.7103042602539062,0.1158776730298996,0.1704999953508377,0.1916297823190689,0.35654857754707336,0.2163418084383011,-0.057082682847976685,0.47913309931755066
10,random_curve,6.04,3.7150471210479736,0.11491905152797699,0.1704999953508377,0.18829630315303802,0.35654857754707336,0.23825840651988983,-0.055960316210985184,0.5155243873596191
10,random_curve,6.0600000000000005,3.719813346862793,0.11415895819664001,0.1704999953508377,0.18694259226322174,0.35654857754707336,0.21849779784679413,-0.05417170375585556,0.5298187136650085
10,random_curve,6.08,3.7244467735290527,0.11213431507349014,0.1704999953508377,0.18759016692638397,0.35654857754707336,0.2707288861274719,-0.053537171334028244,0.4978709816932678
10,random_curve,6.1000000000000005,3.729130506515503,0.10928850620985031,0.1704999953508377,0.19058175384998322,0.35654857754707336,0.2676045894622803,-0.053582124412059784,0.5342199206352234
10,random_curve,6.12,3.7332847118377686,0.10635169595479965,0.1704999953508377,0.19567808508872986,0.35654857754707336,0.2375326007604599,-0.053976479917764664,0.5856420993804932
10,random_curve,6.140000000000001,3.7363126277923584,0.10234783589839935,0.1704999953508377,0.2007378190755844,0.35654857754707336,0.23524253070354462,-0.055864185094833374,0.6250447630882263
10,random_curve,6.16,3.7382938861846924,0.09712554514408112,0.1704999953508377,0.20491774380207062,0.35654857754707336,0.22606399655342102,-0.059334464371204376,0.6842158436775208
10,random_curve,6.18,3.7404935359954834,0.0908559188246727,0.1704999953508377,0.20779098570346832,0.35654857754707336,0.2788504362106323,-0.06359238177537918,0.6625816822052002
10,random_curve,6.2,3.743608236312866,0.08429842442274094,0.1704999953508377,0.2094617784023285,0.35654857754707336,0.31247472763061523,-0.06762881577014923,0.622879147529602
10,random_curve,6.22,3.7468607425689697,0.07796616852283478,0.29319998621940613,0.21218377351760864,0.35654857754707336,0.28260892629623413,-0.07171206176280975,0.5353902578353882
10,random_curve,6.24,3.750258207321167,0.07264894992113113,0.29319998621940613,0.21480946242809296,0.35654857754707336,0.2783622741699219,-0.0744442418217659,0.41369128227233887
10,random_curve,6.26,3.753109931945801,0.06779472529888153,0.29319998621940613,0.2151334285736084,0.35654857754707336,0.2357659488916397,-0.07707008719444275,0.39634430408477783
10,random_curve,6.28,3.756218910217285,0.06291646510362625,0.29319998621940613,0.2136267125606537,0.35654857754707336,0.26678434014320374,-0.07958094775676727,0.4279494285583496
10,random_curve,6.3,3.7603187561035156,0.05787098407745361,0.29319998621940613,0.21115370094776154,0.35654857754707336,0.33805015683174133,-0.08171233534812927,0.4761560261249542
10,random_curve,6.32,3.76550030708313,0.052880048751831055,0.29319998621940613,0.20932763814926147,0.35654857754707336,0.358739972114563,-0.08322790265083313,0.48107632994651794
10,random_curve,6.34,3.77146577835083,0.04857727140188217,0.29319998621940613,0.20811468362808228,0.35654857754707336,0.36788979172706604,-0.08374568819999695,0.5241713523864746
10,random_curve,6.36,3.7777655124664307,0.04468808323144913,0.29319998621940613,0.20750482380390167,0.35654857754707336,0.36712563037872314,-0.0840110182762146,0.5158056616783142
10,random_curve,6.38,3.7841455936431885,0.04094734415411949,0.29319998621940613,0.20764096081256866,0.35654857754707336,0.36074507236480713,-0.08373488485813141,0.5045998692512512
10,random_curve,6.4,3.790348529815674,0.03750620037317276,0.29319998621940613,0.20723587274551392,0.35654857754707336,0.3525172770023346,-0.08330138772726059,0.4755108058452606
10,random_curve,6.42,3.7967922687530518,0.03402720391750336,0.29319998621940613,0.20621316134929657,0.35654857754707336,0.3741898834705353,-0.08277034014463425,0.5140239596366882
10,random_curve,6.44,3.8036904335021973,0.030250154435634613,0.29319998621940613,0.20367278158664703,0.35654857754707336,0.39662620425224304,-0.08224627375602722,0.5036657452583313
10,random_curve,6.46,3.8093066215515137,0.026437539607286453,0.29319998621940613,0.20159277319908142,0.35654857754707336,0.29506534337997437,-0.08244146406650543,0.4957420527935028
10,random_curve,6.48,3.8134264945983887,0.022919556125998497,0.29319998621940613,0.20049892365932465,0.35654857754707336,0.24351546168327332,-0.08319269120693207,0.5006871223449707
10,random_curve,6.5,3.8175573348999023,0.02048427239060402,0.29319998621940613,0.20071163773536682,0.35654857754707336,0.23154765367507935,-0.08322970569133759,0.5117849111557007
10,random_curve,6.5200000000000005,3.821743965148926,0.019025584682822227,0.29319998621940613,0.20315596461296082,0.35654857754707336,0.19870910048484802,-0.08216613531112671,0.5135238766670227
10,random_curve,6.54,3.826085090637207,0.018213419243693352,0.29319998621940613,0.206405907869339,0.35654857754707336,0.2152678221464157,-0.0804765522480011,0.5285793542861938
10,random_curve,6.5600000000000005,3.830437183380127,0.01779702492058277,0.29319998621940613,0.2093288153409958,0.35654857754707336,0.1643097847700119,-0.07844939827919006,0.4949133098125458
10,random_curve,6.58,3.834381103515625,0.018444914370775223,0.29319998621940613,0.2129000723361969,0.35654857754707336,0.12788645923137665,-0.07575340569019318,0.4742516577243805
10,random_curve,6.6000000000000005,3.8385159969329834,0.019036315381526947,0.29319998621940613,0.21750544011592865,0.35654857754707336,0.14867642521858215,-0.0730004832148552,0.45711615681648254
10,random_curve,6.62,3.8424746990203857,0.020358100533485413,0.29319998621940613,0.22215278446674347,0.35654857754707336,0.10945882648229599,-0.06973181664943695,0.38613128662109375
10,random_curve,6.640000000000001,3.8460841178894043,0.022214103490114212,0.29319998621940613,0.22601790726184845,0.35654857754707336,0.08528746664524078,-0.06620626151561737,0.35081517696380615
10,random_curve,6.66,3.8489580154418945,0.02384880557656288,0.29319998621940613,0.229312926530838,0.35654857754707336,0.09147186577320099,-0.06326767802238464,0.388511598110199
10,random_curve,6.68,3.8527402877807617,0.025052299723029137,0.29319998621940613,0.23116490244865417,0.35654857754707336,0.15833421051502228,-0.06019444018602371,0.40577954053878784
10,random_curve,6.7,3.8573062419891357,0.025921238586306572,0.29319998621940613,0.2306029200553894,0.35654857754707336,0.17027480900287628,-0.0569736510515213,0.39196905493736267
10,random_curve,6.72,3.8626837730407715,0.026227077469229698,0.29319998621940613,0.22818565368652344,0.35654857754707336,0.24431246519088745,-0.053781554102897644,0.3622176945209503
10,random_curve,6.74,3.8681883811950684,0.02576744183897972,0.29319998621940613,0.2241968959569931,0.35654857754707336,0.24401387572288513,-0.05116141587495804,0.43763312697410583
10,random_curve,6.76,3.874154567718506,0.0245137307792902,0.29319998621940613,0.22056452929973602,0.35654857754707336,0.31090033054351807,-0.04910329729318619,0.4980011582374573
10,random_curve,6.78,3.8808655738830566,0.02207282930612564,0.29319998621940613,0.21816404163837433,0.35654857754707336,0.376177042722702,-0.047438845038414,0.5042126774787903
10,random_curve,6.8,3.8874807357788086,0.018508151173591614,0.29319998621940613,0.21610967814922333,0.35654857754707336,0.37926387786865234,-0.04676472023129463,0.5571871995925903
10,random_curve,6.82,3.8943569660186768,0.014230411499738693,0.29319998621940613,0.21542634069919586,0.35654857754707336,0.43207234144210815,-0.0465414822101593,0.5644949078559875
10,random_curve,6.84,3.902193546295166,0.008398115634918213,0.29319998621940613,0.2163618803024292,0.35654857754707336,0.5303988456726074,-0.04708550497889519,0.5429944396018982
10,random_curve,6.86,3.9105122089385986,0.0022084838710725307,0.29319998621940613,0.2190808802843094,0.35654857754707336,0.5079936385154724,-0.04766179248690605,0.5108861923217773
10,random_curve,6.88,3.9187333583831787,-0.003598742187023163,0.29319998621940613,0.22329415380954742,0.35654857754707336,0.4909103214740753,-0.04803072661161423,0.46061867475509644
10,random_curve,6.9,3.926234006881714,-0.008452240377664566,0.29319998621940613,0.22731827199459076,0.35654857754707336,0.4034664034843445,-0.04791421443223953,0.3759963810443878
10,random_curve,6.92,3.9327738285064697,-0.012069056741893291,0.29319998621940613,0.2306826412677765,0.35654857754707336,0.3423686921596527,-0.04730074107646942,0.3462649881839752
10,random_curve,6.94,3.9387881755828857,-0.014574873261153698,0.29319998621940613,0.23372067511081696,0.35654857754707336,0.30078864097595215,-0.046053655445575714,0.31541118025779724
10,random_curve,6.96,3.9442708492279053,-0.016418034210801125,0.29319998621940613,0.23650385439395905,0.35654857754707336,0.2747250199317932,-0.0445496067404747,0.35266777873039246
10,random_curve,6.98,3.949643611907959,-0.018251335248351097,0.29319998621940613,0.23935772478580475,0.35654857754707336,0.2873995900154114,-0.043098270893096924,0.3927713930606842
10,random_curve,7.0,3.955554485321045,-0.02016611024737358,0.29319998621940613,0.2413858324289322,0.35654857754707336,0.31186753511428833,-0.04141654074192047,0.38582414388656616
10,random_curve,7.0200000000000005,3.9620954990386963,-0.022240890190005302,0.29319998621940613,0.2417970597743988,0.35654857754707336,0.34152254462242126,-0.039518799632787704,0.3504197895526886
10,random_curve,7.04,3.9694364070892334,-0.024525940418243408,0.29319998621940613,0.24070653319358826,0.35654857754707336,0.382039338350296,-0.03735281527042389,0.30976277589797974
10,random_curve,7.0600000000000005,3.9764292240142822,-0.02701663225889206,0.29319998621940613,0.2371315360069275,0.35654857754707336,0.3473770022392273,-0.035550910979509354,0.31205621361732483
10,random_curve,7.08,3.983079195022583,-0.029548440128564835,0.29319998621940613,0.23246809840202332,0.35654857754707336,0.34917783737182617,-0.033973224461078644,0.3845924735069275
10,random_curve,7.1000000000000005,3.989600419998169,-0.03257615864276886,0.29319998621940613,0.2265005111694336,0.35654857754707336,0.35599014163017273,-0.03287968412041664,0.3757007420063019
10,random_curve,7.12,3.995051860809326,-0.03699453920125961,0.29319998621940613,0.22051627933979034,0.35654857754707336,0.3429144024848938,-0.033536575734615326,0.2909156382083893
10,random_curve,7.140000000000001,4.000022888183594,-0.041999250650405884,0.29319998621940613,0.2152240127325058,0.35654857754707336,0.3497183620929718,-0.03494776040315628,0.3089796304702759
10,random_curve,7.16,4.004573345184326,-0.04731746017932892,0.29319998621940613,0.21178555488586426,0.35654857754707336,0.3134221136569977,-0.03685297071933746,0.3433881402015686
10,random_curve,7.18,4.007828712463379,-0.052791669964790344,0.29319998621940613,0.2111741304397583,0.35654857754707336,0.2650431990623474,-0.03960573300719261,0.3576173782348633
10,random_curve,7.2,4.010559558868408,-0.05779978632926941,0.29319998621940613,0.2122669368982315,0.35654857754707336,0.24406547844409943,-0.04226118326187134,0.4294475317001343
10,random_curve,7.22,4.013449192047119,-0.06240328401327133,0.29319998621940613,0.21424154937267303,0.35654857754707336,0.25220298767089844,-0.044491831213235855,0.4360089600086212
10,random_curve,7.24,4.015857696533203,-0.06646446883678436,0.29319998621940613,0.21728645265102386,0.35654857754707336,0.1770065724849701,-0.04653768241405487,0.42584702372550964
10,random_curve,7.26,4.017851829528809,-0.06935466825962067,0.29319998621940613,0.222950741648674,0.35654857754707336,0.14912286400794983,-0.04783842712640762,0.42448604106903076
10,random_curve,7.28,4.019569396972656,-0.070943683385849,0.29319998621940613,0.2302570641040802,0.35654857754707336,0.0836113691329956,-0.04820931702852249,0.35060033202171326
10,random_curve,7.3,4.020840644836426,-0.07138553261756897,0.29319998621940613,0.23699122667312622,0.35654857754707336,0.048427924513816833,-0.0478726327419281,0.29033955931663513
10,random_curve,7.32,4.022075653076172,-0.07068026810884476,0.29319998621940613,0.24248768389225006,0.35654857754707336,0.015444491058588028,-0.04660116881132126,0.2783449590206146
10,random_curve,7.34,4.02296781539917,-0.06894685328006744,0.29319998621940613,0.24552161991596222,0.35654857754707336,-0.02858985960483551,-0.04466385394334793,0.264314204454422
10,random_curve,7.36,4.023561954498291,-0.06675932556390762,0.29319998621940613,0.24575453996658325,0.35654857754707336,-0.042989909648895264,-0.04251369461417198,0.2345884144306183
10,random_curve,7.38,4.024488925933838,-0.06381472200155258,0.29319998621940613,0.24311187863349915,0.35654857754707336,-0.040942322462797165,-0.03954888880252838,0.20807957649230957
10,random_curve,7.4,4.024928569793701,-0.06081554293632507,0.29319998621940613,0.2373681217432022,0.35654857754707336,-0.08469825237989426,-0.036808714270591736,0.22224830090999603
10,random_curve,7.42,4.024949550628662,-0.0579865463078022,0.29319998621940613,0.22978848218917847,0.35654857754707336,-0.06573787331581116,-0.03444221243262291,0.20530305802822113
10,random_curve,7.44,4.024840831756592,-0.05570878088474274,0.29319998621940613,0.22268152236938477,0.35654857754707336,-0.06640619039535522,-0.03260643407702446,0.23526336252689362
10,random_curve,7.46,4.024930477142334,-0.05444170907139778,0.29319998621940613,0.21777473390102386,0.35654857754707336,-0.002097390592098236,-0.03150203824043274,0.264058381319046
10,random_curve,7.48,4.025926113128662,-0.05410199984908104,0.29319998621940613,0.21497249603271484,0.35654857754707336,0.0610639750957489,-0.030667513608932495,0.34488537907600403
10,random_curve,7.5,4.027345180511475,-0.05540281534194946,0.29319998621940613,0.21464727818965912,0.35654857754707336,0.12174520641565323,-0.030963923782110214,0.3592168986797333
10,random_curve,7.5200000000000005,4.028831958770752,-0.05827505514025688,0.29319998621940613,0.2167966365814209,0.35654857754707336,0.15582674741744995,-0.032530877739191055,0.36134958267211914
10,random_curve,7.54,4.030698776245117,-0.06158890575170517,0.29319998621940613,0.21983668208122253,0.35654857754707336,0.18221473693847656,-0.03425481915473938,0.3698781728744507
10,random_curve,7.5600000000000005,4.032764911651611,-0.06538723409175873,0.29319998621940613,0.22245608270168304,0.35654857754707336,0.18803608417510986,-0.0362715944647789,0.3324328660964966
10,random_curve,7.58,4.034475803375244,-0.06878676265478134,0.29319998621940613,0.22372502088546753,0.35654857754707336,0.1448293775320053,-0.038153275847435,0.25269392132759094
10,random_curve,7.6000000000000005,4.035709857940674,-0.0714598000049591,0.29319998621940613,0.22345532476902008,0.35654857754707336,0.10968369245529175,-0.03969445824623108,0.26457321643829346
10,random_curve,7.62,4.036157608032227,-0.07368957996368408,0.29319998621940613,0.2217452973127365,0.35654857754707336,0.058117255568504333,-0.04130241274833679,0.2470795214176178
10,random_curve,7.640000000000001,4.035927772521973,-0.07473331689834595,0.29319998621940613,0.219321608543396,0.35654857754707336,-0.012686148285865784,-0.04229859262704849,0.21751520037651062
10,random_curve,7.66,4.034770965576172,-0.0743386521935463,0.29319998621940613,0.21715089678764343,0.35654857754707336,-0.09523896872997284,-0.04261113330721855,0.16632330417633057
10,random_curve,7.68,4.033289909362793,-0.07350101321935654,0.29319998621940613,0.21517005562782288,0.35654857754707336,-0.07439906150102615,-0.042734626680612564,0.20344799757003784
10,random_curve,7.7,4.03232479095459,-0.07259809970855713,0.29319998621940613,0.21425467729568481,0.35654857754707336,-0.05723992735147476,-0.04251787066459656,0.2527134120464325
10,random_curve,7.72,4.031132221221924,-0.07150599360466003,0.29319998621940613,0.21392717957496643,0.35654857754707336,-0.09380623698234558,-0.04226967692375183,0.23269975185394287
10,random_curve,7.74,4.030637741088867,-0.06954380124807358,0.29319998621940613,0.21384957432746887,0.35654857754707336,-0.06255487352609634,-0.04091035574674606,0.30721259117126465
10,random_curve,7.76,4.030777931213379,-0.06725073605775833,0.29319998621940613,0.21409451961517334,0.35654857754707336,-0.050805166363716125,-0.03892390429973602,0.3379826247692108
10,random_curve,7.78,4.031545639038086,-0.06580328196287155,0.29319998621940613,0.2149597555398941,0.35654857754707336,0.028111901134252548,-0.03729359805583954,0.3788549304008484
10,random_curve,7.8,4.0330681800842285,-0.06541955471038818,0.29319998621940613,0.21715113520622253,0.35654857754707336,0.0697379931807518,-0.03613043949007988,0.3738251328468323
10,random_curve,7.82,4.035023212432861,-0.06550192087888718,0.29319998621940613,0.22026555240154266,0.35654857754707336,0.0963384211063385,-0.03511559218168259,0.35803791880607605
10,random_curve,7.84,4.037270545959473,-0.06590218096971512,0.29319998621940613,0.22345924377441406,0.35654857754707336,0.11449488997459412,-0.03420338034629822,0.3338223993778229
10,random_curve,7.86,4.040156841278076,-0.06675739586353302,0.29319998621940613,0.22622358798980713,0.35654857754707336,0.16259227693080902,-0.03331578150391579,0.3354261517524719
10,random_curve,7.88,4.042506694793701,-0.0673886090517044,0.29319998621940613,0.2279760241508484,0.35654857754707336,0.08419355750083923,-0.032539002597332,0.2926015853881836
10,random_curve,7.9,4.044960975646973,-0.06783182919025421,0.29319998621940613,0.2290445864200592,0.35654857754707336,0.1379823088645935,-0.03154786303639412,0.2881947457790375
10,random_curve,7.92,4.048233985900879,-0.06846734136343002,0.29319998621940613,0.22919006645679474,0.35654857754707336,0.1634276956319809,-0.030263081192970276,0.2988159954547882
10,random_curve,7.94,4.051340579986572,-0.06875762343406677,0.29319998621940613,0.22785848379135132,0.35654857754707336,0.1162482425570488,-0.028783146291971207,0.23246996104717255
10,random_curve,7.96,4.0531110763549805,-0.06923019886016846,0.29319998621940613,0.22585004568099976,0.35654857754707336,0.06622660160064697,-0.028195373713970184,0.21606899797916412
10,random_curve,7.98,4.054876804351807,-0.0700375884771347,0.29319998621940613,0.223567932844162,0.35654857754707336,0.11720596253871918,-0.0278889462351799,0.2093665897846222
10,random_curve,8.0,4.056914806365967,-0.07117781043052673,0.29319998621940613,0.22081516683101654,0.35654857754707336,0.11073063313961029,-0.027708686888217926,0.22938834130764008
10,random_curve,8.02,4.058680057525635,-0.07145383208990097,0.29319998621940613,0.21791759133338928,0.35654857754707336,0.055971018970012665,-0.026960209012031555,0.22375032305717468
10,random_curve,8.040000000000001,4.05985689163208,-0.07164184004068375,0.29319998621940613,0.2152419239282608,0.35654857754707336,0.05057406425476074,-0.026464544236660004,0.23982417583465576
10,random_curve,8.06,4.060329914093018,-0.07134513556957245,0.29319998621940613,0.21292780339717865,0.35654857754707336,-0.020616993308067322,-0.0259554386138916,0.21849913895130157
10,random_curve,8.08,4.060254096984863,-0.07044009864330292,0.29319998621940613,0.21205726265907288,0.35654857754707336,-0.03436923772096634,-0.02524409070611,0.27109503746032715
10,random_curve,8.1,4.059049129486084,-0.06934843957424164,0.29319998621940613,0.21291646361351013,0.35654857754707336,-0.11882498860359192,-0.025003138929605484,0.2605825960636139
10,random_curve,8.120000000000001,4.057203769683838,-0.06798913329839706,0.29319998621940613,0.2148018628358841,0.35654857754707336,-0.10933852940797806,-0.02489427477121353,0.2801447808742523
10,random_curve,8.14,4.055329322814941,-0.06665226072072983,0.29319998621940613,0.2180851846933365,0.35654857754707336,-0.12030570209026337,-0.024820206686854362,0.284130722284317
10,random_curve,8.16,4.053382396697998,-0.06517507135868073,0.29319998621940613,0.22235028445720673,0.35654857754707336,-0.12276298552751541,-0.024669501930475235,0.24714124202728271
10,random_curve,8.18,4.051467418670654,-0.06339310854673386,0.29319998621940613,0.22546450793743134,0.35654857754707336,-0.13333749771118164,-0.02424739859998226,0.257495641708374
10,random_curve,8.2,4.049827575683594,-0.0616016760468483,0.29319998621940613,0.2273724228143692,0.35654857754707336,-0.10364433377981186,-0.023664942011237144,0.28666603565216064
10,random_curve,8.22,4.048808574676514,-0.06034642457962036,0.29319998621940613,0.22838853299617767,0.35654857754707336,-0.057128384709358215,-0.023184755817055702,0.2688879668712616
10,random_curve,8.24,4.0481977462768555,-0.05920184403657913,0.29319998621940613,0.22755348682403564,0.35654857754707336,-0.05325549840927124,-0.022570498287677765,0.270982950925827
10,random_curve,8.26,4.048029899597168,-0.05859653279185295,0.29319998621940613,0.22475020587444305,0.35654857754707336,-0.002031222451478243,-0.022159649059176445,0.2579810321331024
10,random_curve,8.28,4.048653602600098,-0.057787518948316574,0.29319998621940613,0.22099441289901733,0.35654857754707336,0.011745106428861618,-0.021140586584806442,0.28572964668273926
10,random_curve,8.3,4.049495697021484,-0.057656463235616684,0.29319998621940613,0.21756388247013092,0.35654857754707336,0.05294286459684372,-0.020564835518598557,0.2612069547176361
10,random_curve,8.32,4.0502190589904785,-0.05865325778722763,0.29319998621940613,0.2158273607492447,0.35654857754707336,0.06313540786504745,-0.020993711426854134,0.3247032165527344
10,random_curve,8.34,4.051205635070801,-0.060001276433467865,0.29319998621940613,0.21668177843093872,0.35654857754707336,0.08965328335762024,-0.021569084376096725,0.3349509537220001
10,random_curve,8.36,4.052810192108154,-0.06150485575199127,0.29319998621940613,0.21986499428749084,0.35654857754707336,0.11975008249282837,-0.0219314843416214,0.32381966710090637
10,random_curve,8.38,4.0543437004089355,-0.063544861972332,0.29319998621940613,0.2239595502614975,0.35654857754707336,0.11773841828107834,-0.022779785096645355,0.34105417132377625
10,random_curve,8.4,4.055863857269287,-0.06522825360298157,0.29319998621940613,0.2269432246685028,0.35654857754707336,0.10483764111995697,-0.02333863452076912,0.3200417459011078
10,random_curve,8.42,4.057135581970215,-0.0666503831744194,0.29319998621940613,0.22905033826828003,0.35654857754707336,0.07758208364248276,-0.023817680776119232,0.2806016504764557
10,random_curve,8.44,4.057687282562256,-0.06764461100101471,0.29319998621940613,0.23097862303256989,0.35654857754707336,0.02633613906800747,-0.024339549243450165,0.2524873614311218
10,random_curve,8.46,4.057506084442139,-0.06806166470050812,0.29319998621940613,0.2302008867263794,0.35654857754707336,-0.007660568691790104,-0.024787120521068573,0.1906687319278717
10,random_curve,8.48,4.0568389892578125,-0.0685582086443901,0.29319998621940613,0.2267439216375351,0.35654857754707336,-0.01903962343931198,-0.025570128113031387,0.191450834274292
10,random_curve,8.5,4.0565876960754395,-0.06903257220983505,0.29319998621940613,0.22326400876045227,0.35654857754707336,0.022281859070062637,-0.02610424906015396,0.23437286913394928
10,random_curve,8.52,4.0573320388793945,-0.06968464702367783,0.29319998621940613,0.22052033245563507,0.35654857754707336,0.07266639173030853,-0.026234552264213562,0.23075485229492188
10,random_curve,8.540000000000001,4.0577826499938965,-0.07083339244127274,0.29319998621940613,0.21828702092170715,0.35654857754707336,0.028021786361932755,-0.02694106101989746,0.22702617943286896
10,random_curve,8.56,4.0584187507629395,-0.07169578969478607,0.29319998621940613,0.21713900566101074,0.35654857754707336,0.06981948018074036,-0.02730642259120941,0.2529224753379822
10,random_curve,8.58,4.060505390167236,-0.07282775640487671,0.29319998621940613,0.21728990972042084,0.35654857754707336,0.15740802884101868,-0.027092337608337402,0.24629169702529907
10,random_curve,8.6,4.063472270965576,-0.07387161254882812,0.29319998621940613,0.2181895226240158,0.35654857754707336,0.14560970664024353,-0.026317108422517776,0.22027623653411865
10,random_curve,8.620000000000001,4.065796852111816,-0.07459276169538498,0.29319998621940613,0.21904225647449493,0.35654857754707336,0.08839431405067444,-0.0256291963160038,0.2309022694826126
10,random_curve,8.64,4.067208290100098,-0.07498978078365326,0.29319998621940613,0.2207404524087906,0.35654857754707336,0.05159424990415573,-0.02517750859260559,0.24709707498550415
10,random_curve,8.66,4.068070888519287,-0.07462307810783386,0.29319998621940613,0.22281545400619507,0.35654857754707336,0.009595103561878204,-0.024394240230321884,0.26668018102645874
10,random_curve,8.68,4.067959308624268,-0.07354109734296799,0.29319998621940613,0.22487741708755493,0.35654857754707336,-0.06773199141025543,-0.02355542778968811,0.24654923379421234
10,random_curve,8.700000000000001,4.066865921020508,-0.07247841358184814,0.29319998621940613,0.22622719407081604,0.35654857754707336,-0.07630475610494614,-0.023276757448911667,0.23097150027751923
10,random_curve,8.72,4.06571102142334,-0.07156205177307129,0.29319998621940613,0.22698532044887543,0.35654857754707336,-0.0712456926703453,-0.02315397560596466,0.21480701863765717
10,random_curve,8.74,4.064309597015381,-0.07096613943576813,0.29319998621940613,0.22715047001838684,0.35654857754707336,-0.07483465224504471,-0.023434557020664215,0.22874639928340912
10,random_curve,8.76,4.062745571136475,-0.07083229720592499,0.29319998621940613,0.22654122114181519,0.35654857754707336,-0.05686967074871063,-0.024189870804548264,0.21376515924930573
10,random_curve,8.78,4.062221050262451,-0.07090882956981659,0.29319998621940613,0.2258807271718979,0.35654857754707336,0.010851163417100906,-0.02454425022006035,0.24393606185913086
10,random_curve,8.8,4.062827110290527,-0.07112627476453781,0.29319998621940613,0.22573350369930267,0.35654857754707336,0.053439728915691376,-0.024389397352933884,0.2091275006532669
10,random_curve,8.82,4.063904762268066,-0.07149860262870789,0.29319998621940613,0.22480350732803345,0.35654857754707336,0.04966709390282631,-0.02410212531685829,0.2744508981704712
10,random_curve,8.84,4.0646820068359375,-0.07161176949739456,0.29319998621940613,0.22226068377494812,0.35654857754707336,0.03104775957763195,-0.023765604943037033,0.2704627215862274
10,random_curve,8.86,4.066232681274414,-0.07251082360744476,0.29319998621940613,0.2185690701007843,0.35654857754707336,0.13141348958015442,-0.02365465834736824,0.24372276663780212
10,random_curve,8.88,4.068848609924316,-0.07431281358003616,0.29319998621940613,0.21647360920906067,0.35654857754707336,0.18063336610794067,-0.02370498701930046,0.29538995027542114
10,random_curve,8.9,4.072244167327881,-0.07658177614212036,0.29319998621940613,0.2170029729604721,0.35654857754707336,0.22246655821800232,-0.02371198683977127,0.33116692304611206
10,random_curve,8.92,4.076848983764648,-0.07923521846532822,0.29319998621940613,0.21898706257343292,0.35654857754707336,0.3037773072719574,-0.02336890622973442,0.3775167167186737
10,random_curve,8.94,4.082507610321045,-0.08228612691164017,0.29319998621940613,0.2213989645242691,0.35654857754707336,0.32550692558288574,-0.022772688418626785,0.3683147430419922
10,random_curve,8.96,4.087452411651611,-0.08546647429466248,0.29319998621940613,0.22440531849861145,0.35654857754707336,0.2771904766559601,-0.02267979457974434,0.3555741608142853
10,random_curve,8.98,4.0919084548950195,-0.08852856606245041,0.29319998621940613,0.22734074294567108,0.35654857754707336,0.256438672542572,-0.022759322077035904,0.35122451186180115
10,random_curve,9.0,4.095638751983643,-0.09075449407100677,0.29319998621940613,0.2289923131465912,0.35654857754707336,0.18798857927322388,-0.022544998675584793,0.2878829836845398
10,random_curve,9.02,4.098134994506836,-0.0923435315489769,0.29319998621940613,0.22950080037117004,0.35654857754707336,0.11295164376497269,-0.022484391927719116,0.2348977029323578
10,random_curve,9.040000000000001,4.099780082702637,-0.09334953129291534,0.29319998621940613,0.22874799370765686,0.35654857754707336,0.08093620836734772,-0.022410143166780472,0.21966755390167236
10,random_curve,9.06,4.100439071655273,-0.09363900125026703,0.29319998621940613,0.22677171230316162,0.35654857754707336,-0.0011710068210959435,-0.022285912185907364,0.180693581700325
10,random_curve,9.08,4.0999579429626465,-0.09395275264978409,0.29319998621940613,0.2252357304096222,0.35654857754707336,-0.020559705793857574,-0.02281370386481285,0.20307700335979462
10,random_curve,9.1,4.098935604095459,-0.09456782788038254,0.29319998621940613,0.22352278232574463,0.35654857754707336,-0.029235631227493286,-0.023892242461442947,0.22446675598621368
10,random_curve,9.120000000000001,4.097742557525635,-0.09506375342607498,0.29319998621940613,0.22205954790115356,0.35654857754707336,-0.04267539829015732,-0.024966195225715637,0.24435684084892273
10,random_curve,9.14,4.096198558807373,-0.09550654888153076,0.29319998621940613,0.22039729356765747,0.35654857754707336,-0.056829795241355896,-0.026190411299467087,0.2112155705690384
10,random_curve,9.16,4.094375133514404,-0.0959014967083931,0.29319998621940613,0.21897856891155243,0.35654857754707336,-0.07023964077234268,-0.027529649436473846,0.24006347358226776
10,random_curve,9.18,4.09208869934082,-0.09645071625709534,0.29319998621940613,0.21995726227760315,0.35654857754707336,-0.08725149929523468,-0.02925388514995575,0.28278592228889465
10,random_curve,9.200000000000001,4.089450359344482,-0.09715401381254196,0.29319998621940613,0.22212396562099457,0.35654857754707336,-0.09117978066205978,-0.03130139037966728,0.2715873718261719
10,random_curve,9.22,4.0870819091796875,-0.09775128215551376,0.29319998621940613,0.22299182415008545,0.35654857754707336,-0.072743259370327,-0.033111073076725006,0.2956508994102478
10,random_curve,9.24,4.085238456726074,-0.09847213327884674,0.29319998621940613,0.22333237528800964,0.35654857754707336,-0.04336252808570862,-0.03473268821835518,0.2918974757194519
10,random_curve,9.26,4.084277153015137,-0.09935293346643448,0.29319998621940613,0.22491265833377838,0.35654857754707336,0.007198695093393326,-0.035998597741127014,0.27141717076301575
10,random_curve,9.28,4.083922863006592,-0.09992042928934097,0.29319998621940613,0.2282717525959015,0.35654857754707336,-0.004898773040622473,-0.03666732460260391,0.27422383427619934
10,random_curve,9.3,4.083871364593506,-0.1001470685005188,0.29319998621940613,0.23139967024326324,0.35654857754707336,0.011967404745519161,-0.03688451647758484,0.26768776774406433
10,random_curve,9.32,4.084060192108154,-0.10028308629989624,0.29319998621940613,0.2326255738735199,0.35654857754707336,0.008071044459939003,-0.0368930958211422,0.26587367057800293
10,random_curve,9.34,4.084322929382324,-0.10017967224121094,0.29319998621940613,0.232091024518013,0.35654857754707336,0.009486904367804527,-0.03666141256690025,0.27743303775787354
10,random_curve,9.36,4.084662437438965,-0.09997628629207611,0.29319998621940613,0.2300303876399994,0.35654857754707336,0.008163996040821075,-0.036303967237472534,0.28753337264060974
10,random_curve,9.38,4.084821701049805,-0.10009946674108505,0.29319998621940613,0.22745132446289062,0.35654857754707336,0.01200402807444334,-0.03631824627518654,0.22425790131092072
10,random_curve,9.4,4.085282802581787,-0.10021018981933594,0.29319998621940613,0.22554552555084229,0.35654857754707336,0.03186503052711487,-0.036154888570308685,0.2107968032360077
10,random_curve,9.42,4.085869789123535,-0.1003229022026062,0.29319998621940613,0.22362811863422394,0.35654857754707336,0.021214013919234276,-0.03592342138290405,0.19158385694026947
10,random_curve,9.44,4.08632755279541,-0.10074768960475922,0.29319998621940613,0.22303694486618042,0.35654857754707336,0.039186030626297,-0.0360233411192894,0.2271825224161148
10,random_curve,9.46,4.087001800537109,-0.10155212879180908,0.29319998621940613,0.2237233966588974,0.35654857754707336,0.05834568664431572,-0.036319319158792496,0.21168600022792816
10,random_curve,9.48,4.087710380554199,-0.10237667709589005,0.29319998621940613,0.22319823503494263,0.35654857754707336,0.04755140841007233,-0.03661300987005234,0.21032972633838654
10,random_curve,9.5,4.08851432800293,-0.10277719795703888,0.29319998621940613,0.22287899255752563,0.35654857754707336,0.04124552011489868,-0.03650088980793953,0.26251184940338135
10,random_curve,9.52,4.088931560516357,-0.10305596143007278,0.29319998621940613,0.22242371737957,0.35654857754707336,0.01229029893875122,-0.03650171309709549,0.24300703406333923
10,random_curve,9.540000000000001,4.08952522277832,-0.10276811569929123,0.29319998621940613,0.2217206060886383,0.35654857754707336,0.020836418494582176,-0.03593312203884125,0.2665694057941437
10,random_curve,9.56,4.090419292449951,-0.10231336951255798,0.29319998621940613,0.22235292196273804,0.35654857754707336,0.024436071515083313,-0.0350591279566288,0.29129424691200256
10,random_curve,9.58,4.090819358825684,-0.1019827127456665,0.29319998621940613,0.22412395477294922,0.35654857754707336,-0.005130522884428501,-0.034562185406684875,0.2829701900482178
10,random_curve,9.6,4.090328693389893,-0.10145440697669983,0.29319998621940613,0.2255634069442749,0.35654857754707336,-0.057141318917274475,-0.03439432382583618,0.2380654215812683
10,random_curve,9.620000000000001,4.089437484741211,-0.10050997138023376,0.29319998621940613,0.2267458587884903,0.35654857754707336,-0.06680351495742798,-0.03410204499959946,0.23251117765903473
10,random_curve,9.64,4.088461399078369,-0.09926734119653702,0.29319998621940613,0.22765477001667023,0.35654857754707336,-0.08099905401468277,-0.033608585596084595,0.24800126254558563
10,random_curve,9.66,4.087500095367432,-0.09790872782468796,0.29319998621940613,0.22754323482513428,0.35654857754707336,-0.07318584620952606,-0.033010389655828476,0.23303204774856567
10,random_curve,9.68,4.0864739418029785,-0.09674800932407379,0.29319998621940613,0.22695669531822205,0.35654857754707336,-0.07380220293998718,-0.03261285647749901,0.23917421698570251
10,random_curve,9.700000000000001,4.085379123687744,-0.09617513418197632,0.29319998621940613,0.22545978426933289,0.35654857754707336,-0.049602095037698746,-0.0327427014708519,0.23023256659507751
10,random_curve,9.72,4.084911346435547,-0.09582554548978806,0.29319998621940613,0.22369936108589172,0.35654857754707336,-0.013057658448815346,-0.032710928469896317,0.22923731803894043
10,random_curve,9.74,4.0851240158081055,-0.09574458748102188,0.29319998621940613,0.22182664275169373,0.35654857754707336,0.022855324670672417,-0.032525684684515,0.2431109994649887
10,random_curve,9.76,4.0852203369140625,-0.09667619317770004,0.29319998621940613,0.22023753821849823,0.35654857754707336,0.033441439270973206,-0.03324778005480766,0.2246001809835434
10,random_curve,9.78,4.084911346435547,-0.09784243255853653,0.29319998621940613,0.21965961158275604,0.35654857754707336,0.008382190018892288,-0.03438979759812355,0.2508105933666229
10,random_curve,9.8,4.084737300872803,-0.09859973192214966,0.29319998621940613,0.22050544619560242,0.35654857754707336,0.018992803990840912,-0.03511662781238556,0.2968843877315521
10,random_curve,9.82,4.084802150726318,-0.09937851130962372,0.29319998621940613,0.22184863686561584,0.35654857754707336,0.02702323906123638,-0.035728950053453445,0.2798270285129547
10,random_curve,9.84,4.084958076477051,-0.1003250703215599,0.29319998621940613,0.22348517179489136,0.35654857754707336,0.035045843571424484,-0.036430470645427704,0.22254404425621033
10,random_curve,9.86,4.085102081298828,-0.10156466066837311,0.29319998621940613,0.2258177101612091,0.35654857754707336,0.04300771281123161,-0.03738250583410263,0.26494234800338745
10,random_curve,9.88,4.085531234741211,-0.10254515707492828,0.29319998621940613,0.22787058353424072,0.35654857754707336,0.04730973392724991,-0.03796085715293884,0.2774773836135864
10,random_curve,9.9,4.086149215698242,-0.10334502160549164,0.29319998621940613,0.23010285198688507,0.35654857754707336,0.047912150621414185,-0.03828420862555504,0.324452668428421
10,random_curve,9.92,4.08677864074707,-0.10402396321296692,0.29319998621940613,0.2306985706090927,0.35654857754707336,0.043700553476810455,-0.03850055858492851,0.31747034192085266
10,random_curve,9.94,4.087083339691162,-0.10456565767526627,0.29319998621940613,0.22925952076911926,0.35654857754707336,0.014639504253864288,-0.03878261521458626,0.2680087983608246
10,random_curve,9.96,4.0865397453308105,-0.10495786368846893,0.29319998621940613,0.22586128115653992,0.35654857754707336,-0.026456961408257484,-0.03941033408045769,0.21592415869235992
10,random_curve,9.98,4.0855183601379395,-0.1054365336894989,0.29319998621940613,0.22140148282051086,0.35654857754707336,-0.03651665896177292,-0.040374789386987686,0.2594127953052521
10,random_curve,10.0,4.084796905517578,-0.105337955057621,0.29319998621940613,0.21867193281650543,0.35654857754707336,-0.03610815480351448,-0.040692541748285294,0.2597423195838928
10,random_curve,10.02,4.084334850311279,-0.10405916720628738,0.29319998621940613,0.21669238805770874,0.35654857754707336,-0.06205873191356659,-0.03988412395119667,0.20320652425289154
10,random_curve,10.040000000000001,4.084047794342041,-0.10183709114789963,0.29319998621940613,0.21500930190086365,0.35654857754707336,-0.08572790026664734,-0.03819352760910988,0.23774904012680054
10,random_curve,10.06,4.083920001983643,-0.09941090643405914,0.29319998621940613,0.21426142752170563,0.35654857754707336,-0.060307227075099945,-0.03624477609992027,0.2540939152240753
10,random_curve,10.08,4.084869861602783,-0.09676577895879745,0.29319998621940613,0.21472890675067902,0.35654857754707336,-0.010464057326316833,-0.033516574651002884,0.3306598663330078
10,random_curve,10.1,4.086777687072754,-0.09463681280612946,0.29319998621940613,0.21630974113941193,0.35654857754707336,0.04639149457216263,-0.030687157064676285,0.2858494222164154
10,random_curve,10.120000000000001,4.088731288909912,-0.09349118173122406,0.29319998621940613,0.21990998089313507,0.35654857754707336,0.05110347270965576,-0.028650909662246704,0.25628557801246643
10,random_curve,10.14,4.090656757354736,-0.09222737699747086,0.29319998621940613,0.224807009100914,0.35654857754707336,0.03922122344374657,-0.026531882584095,0.23808416724205017
10,random_curve,10.16,4.092400550842285,-0.0911937952041626,0.29319998621940613,0.22799265384674072,0.35654857754707336,0.05011457949876785,-0.024705171585083008,0.23403887450695038
10,random_curve,10.18,4.093937397003174,-0.09068682789802551,0.29319998621940613,0.22977642714977264,0.35654857754707336,0.0489899143576622,-0.023431502282619476,0.23605471849441528
10,random_curve,10.200000000000001,4.095085620880127,-0.0905173197388649,0.29319998621940613,0.2306985855102539,0.35654857754707336,0.038519032299518585,-0.02265409752726555,0.2351396381855011
10,random_curve,10.22,4.0957136154174805,-0.09005535393953323,0.29319998621940613,0.2300449162721634,0.35654857754707336,-0.0010894136503338814,-0.021921537816524506,0.22253169119358063
10,random_curve,10.24,4.096242904663086,-0.08948814868927002,0.29319998621940613,0.22829321026802063,0.35654857754707336,0.013102170079946518,-0.021156083792448044,0.2176484614610672
10,random_curve,10.26,4.096248626708984,-0.08875136077404022,0.29319998621940613,0.2257339209318161,0.35654857754707336,-0.04662073031067848,-0.020539600402116776,0.2495468407869339
10,random_curve,10.28,4.0952630043029785,-0.087910957634449,0.29319998621940613,0.22246798872947693,0.35654857754707336,-0.07739733159542084,-0.020386241376399994,0.2625766694545746
10,random_curve,10.3,4.094520568847656,-0.08734968304634094,0.29319998621940613,0.21972256898880005,0.35654857754707336,-0.019185418263077736,-0.02033047005534172,0.2988922894001007
10,random_curve,10.32,4.094665050506592,-0.08757155388593674,0.29319998621940613,0.21855448186397552,0.35654857754707336,0.03898746892809868,-0.020435087382793427,0.29412490129470825
10,random_curve,10.34,4.095027446746826,-0.08877383172512054,0.29319998621940613,0.21861298382282257,0.35654857754707336,0.055581528693437576,-0.021235045045614243,0.2723776698112488
10,random_curve,10.36,4.094996452331543,-0.09044909477233887,0.29319998621940613,0.2172859162092209,0.35654857754707336,0.036234308034181595,-0.022646717727184296,0.2528606057167053
10,random_curve,10.38,4.094895362854004,-0.0926741361618042,0.29319998621940613,0.2152739316225052,0.35654857754707336,0.07311630994081497,-0.02455487847328186,0.2847515642642975
10,random_curve,10.4,4.094620704650879,-0.0953022837638855,0.29319998621940613,0.2161688208580017,0.35654857754707336,0.052284449338912964,-0.02689477428793907,0.323526531457901
10,random_curve,10.42,4.094808578491211,-0.09808007627725601,0.29319998621940613,0.2198863923549652,0.35654857754707336,0.11403405666351318,-0.029102910310029984,0.33253538608551025
10,random_curve,10.44,4.096109390258789,-0.10064005106687546,0.29319998621940613,0.2240993231534958,0.35654857754707336,0.13345390558242798,-0.030512988567352295,0.3305797874927521
10,random_curve,10.46,4.098116874694824,-0.1032009944319725,0.29319998621940613,0.22799547016620636,0.35654857754707336,0.16820475459098816,-0.03153226152062416,0.32521340250968933
10,random_curve,10.48,4.100409984588623,-0.10565891116857529,0.29319998621940613,0.23188716173171997,0.35654857754707336,0.16168847680091858,-0.03230748325586319,0.29590752720832825
10,random_curve,10.5,4.1023125648498535,-0.1079523041844368,0.29319998621940613,0.23457567393779755,0.35654857754707336,0.13951465487480164,-0.033162180334329605,0.2833919823169708
10,random_curve,10.52,4.104203224182129,-0.11063293367624283,0.29319998621940613,0.2351113110780716,0.35654857754707336,0.16297009587287903,-0.03434581682085991,0.3185083568096161
10,random_curve,10.540000000000001,4.106295585632324,-0.11321444064378738,0.29319998621940613,0.23469512164592743,0.35654857754707336,0.1639673113822937,-0.03533516451716423,0.3230869174003601
10,random_curve,10.56,4.108177661895752,-0.11552209407091141,0.29319998621940613,0.23318202793598175,0.35654857754707336,0.12089595943689346,-0.036213092505931854,0.29833629727363586
10,random_curve,10.58,4.109734058380127,-0.11750910431146622,0.29319998621940613,0.23116105794906616,0.35654857754707336,0.12361696362495422,-0.03700459003448486,0.2846004366874695
10,random_curve,10.6,4.111425399780273,-0.1196446567773819,0.29319998621940613,0.22923775017261505,0.35654857754707336,0.12538471817970276,-0.037844955921173096,0.2919969856739044
10,random_curve,10.620000000000001,4.112865447998047,-0.12140464037656784,0.29319998621940613,0.22749099135398865,0.35654857754707336,0.09407087415456772,-0.03851195424795151,0.240308478474617
10,random_curve,10.64,4.114311695098877,-0.1230257898569107,0.29319998621940613,0.22626689076423645,0.35654857754707336,0.10936875641345978,-0.03905995190143585,0.2633586525917053
10,random_curve,10.66,4.115977764129639,-0.12445986270904541,0.29319998621940613,0.22552764415740967,0.35654857754707336,0.10603400319814682,-0.03933040797710419,0.23168422281742096
10,random_curve,10.68,4.1171112060546875,-0.12455734610557556,0.29319998621940613,0.2246210277080536,0.35654857754707336,0.007872022688388824,-0.038783445954322815,0.20223483443260193
10,random_curve,10.700000000000001,4.117839813232422,-0.12384717166423798,0.29319998621940613,0.22437290847301483,0.35654857754707336,0.007144950330257416,-0.0377885177731514,0.23838667571544647
10,random_curve,10.72,4.1185102462768555,-0.12356126308441162,0.29319998621940613,0.22501574456691742,0.35654857754707336,0.030303196981549263,-0.037178993225097656,0.23340104520320892
10,random_curve,10.74,4.119107723236084,-0.1239369660615921,0.29319998621940613,0.22544482350349426,0.35654857754707336,0.03859410062432289,-0.03716062754392624,0.2265409529209137
10,random_curve,10.76,4.119555473327637,-0.12432051450014114,0.29319998621940613,0.22540085017681122,0.35654857754707336,0.01836749166250229,-0.037231773138046265,0.231608584523201
10,random_curve,10.78,4.119598388671875,-0.12429499626159668,0.29319998621940613,0.22498056292533875,0.35654857754707336,-0.0195450596511364,-0.037186749279499054,0.2213895320892334
10,random_curve,10.8,4.1189703941345215,-0.12417811900377274,0.29319998621940613,0.22464875876903534,0.35654857754707336,-0.03603662550449371,-0.037437476217746735,0.21822187304496765
10,random_curve,10.82,4.117990970611572,-0.12408697605133057,0.29319998621940613,0.22395886480808258,0.35654857754707336,-0.0475374199450016,-0.037904366850852966,0.23258033394813538
10,random_curve,10.84,4.116818428039551,-0.12391819804906845,0.29319998621940613,0.22333858907222748,0.35654857754707336,-0.05599457025527954,-0.03841365873813629,0.2691710293292999
10,random_curve,10.86,4.115198612213135,-0.12351073324680328,0.29319998621940613,0.22343331575393677,0.35654857754707336,-0.0959361270070076,-0.038972124457359314,0.2350158393383026
10,random_curve,10.88,4.113431453704834,-0.1230815052986145,0.29319998621940613,0.2232428640127182,0.35654857754707336,-0.07361346483230591,-0.0395941287279129,0.19293057918548584
10,random_curve,10.9,4.111780643463135,-0.12249546498060226,0.29319998621940613,0.22264330089092255,0.35654857754707336,-0.09696956723928452,-0.040021125227212906,0.21242660284042358
10,random_curve,10.92,4.110711574554443,-0.12183111906051636,0.29319998621940613,0.22140853106975555,0.35654857754707336,-0.03540448844432831,-0.040060561150312424,0.23123787343502045
10,random_curve,10.94,4.1103434562683105,-0.12095238268375397,0.29319998621940613,0.2203027606010437,0.35654857754707336,-0.04283285140991211,-0.039533089846372604,0.24658000469207764
10,random_curve,10.96,4.110046863555908,-0.1197228729724884,0.29319998621940613,0.2196698635816574,0.35654857754707336,-0.04934169724583626,-0.0386740043759346,0.229127436876297
10,random_curve,10.98,4.109837532043457,-0.11879099160432816,0.29319998621940613,0.219604030251503,0.35654857754707336,-0.02117713913321495,-0.038014303892850876,0.2588720917701721
10,random_curve,11.0,4.109559535980225,-0.11778024584054947,0.29319998621940613,0.22020544111728668,0.35654857754707336,-0.054642096161842346,-0.03732700273394585,0.280526340007782
10,random_curve,11.02,4.109399795532227,-0.11607495695352554,0.29319998621940613,0.220961332321167,0.35654857754707336,-0.05580543354153633,-0.03599603474140167,0.26371845602989197
10,random_curve,11.040000000000001,4.1097588539123535,-0.11370372027158737,0.29319998621940613,0.22135397791862488,0.35654857754707336,-0.045562807470560074,-0.033823225647211075,0.22366735339164734
10,random_curve,11.06,4.110110282897949,-0.11144709587097168,0.29319998621940613,0.22037822008132935,0.35654857754707336,-0.04386820271611214,-0.03175004571676254,0.20520012080669403
10,random_curve,11.08,4.110967636108398,-0.11021915823221207,0.29319998621940613,0.21913371980190277,0.35654857754707336,0.03802681714296341,-0.030252784490585327,0.21925656497478485
10,random_curve,11.1,4.112460136413574,-0.10914450883865356,0.29319998621940613,0.2189742475748062,0.35654857754707336,0.027065761387348175,-0.028531145304441452,0.2608329951763153
10,random_curve,11.120000000000001,4.113895893096924,-0.10831287503242493,0.29319998621940613,0.21975748240947723,0.35654857754707336,0.043523963540792465,-0.02704324573278427,0.2710453271865845
10,random_curve,11.14,4.115579605102539,-0.10854975879192352,0.29319998621940613,0.22172793745994568,0.35654857754707336,0.10449521988630295,-0.026307374238967896,0.2780146300792694
10,random_curve,11.16,4.116929054260254,-0.10952255129814148,0.29319998621940613,0.22381488978862762,0.35654857754707336,0.06561477482318878,-0.02636931836605072,0.20817334949970245
10,random_curve,11.18,4.117639541625977,-0.11056992411613464,0.29319998621940613,0.22507302463054657,0.35654857754707336,0.04732796177268028,-0.02684742957353592,0.2016150802373886
10,random_curve,11.200000000000001,4.117647647857666,-0.11139266192913055,0.29319998621940613,0.2251020222902298,0.35654857754707336,0.006287002936005592,-0.027527794241905212,0.2016400396823883
10,random_curve,11.22,4.11702823638916,-0.11165635287761688,0.29319998621940613,0.22497402131557465,0.35654857754707336,-0.039509013295173645,-0.028090544044971466,0.2136228382587433
10,random_curve,11.24,4.1153244972229,-0.11197886615991592,0.29319998621940613,0.22417643666267395,0.35654857754707336,-0.0765763372182846,-0.029303155839443207,0.22582180798053741
10,random_curve,11.26,4.1139702796936035,-0.11261498183012009,0.29319998621940613,0.22274072468280792,0.35654857754707336,-0.008323132991790771,-0.030583128333091736,0.29031485319137573
10,random_curve,11.28,4.113142490386963,-0.11350425332784653,0.29319998621940613,0.2237706482410431,0.35654857754707336,-0.010759631171822548,-0.03178209066390991,0.2794618308544159
10,random_curve,11.3,4.112576484680176,-0.1139598935842514,0.29319998621940613,0.2263401448726654,0.35654857754707336,-0.009756425395607948,-0.03247503191232681,0.27615121006965637
10,random_curve,11.32,4.112661838531494,-0.11382550746202469,0.29319998621940613,0.22960743308067322,0.35654857754707336,0.00925975851714611,-0.03231586515903473,0.28453925251960754
10,random_curve,11.34,4.112830638885498,-0.11343283206224442,0.29319998621940613,0.23407037556171417,0.35654857754707336,-0.014543108642101288,-0.031895458698272705,0.25132811069488525
10,random_curve,11.36,4.11292028427124,-0.11271262913942337,0.29319998621940613,0.23817592859268188,0.35654857754707336,-0.017709553241729736,-0.031246274709701538,0.23322778940200806
10,random_curve,11.38,4.112724304199219,-0.11171433329582214,0.29319998621940613,0.23912322521209717,0.35654857754707336,-0.042472101747989655,-0.03052389621734619,0.21884046494960785
10,random_curve,11.4,4.112410545349121,-0.11053548008203506,0.29319998621940613,0.23638349771499634,0.35654857754707336,-0.04494287073612213,-0.029716484248638153,0.19239847362041473
10,random_curve,11.42,4.111941337585449,-0.1094830334186554,0.29319998621940613,0.23040786385536194,0.35654857754707336,-0.05951230973005295,-0.029100440442562103,0.23757211863994598
10,random_curve,11.44,4.110952854156494,-0.10860900580883026,0.29319998621940613,0.2243649661540985,0.35654857754707336,-0.06690873205661774,-0.028920676559209824,0.2707298994064331
10,random_curve,11.46,4.109734535217285,-0.1081605851650238,0.29319998621940613,0.22131989896297455,0.35654857754707336,-0.059470102190971375,-0.029222559183835983,0.3059749901294708
10,random_curve,11.48,4.1087188720703125,-0.10800490528345108,0.29319998621940613,0.220693439245224,0.35654857754707336,-0.033820874989032745,-0.029655814170837402,0.3626176118850708
10,random_curve,11.5,4.108139991760254,-0.10878589749336243,0.29319998621940613,0.22158193588256836,0.35654857754707336,0.024312220513820648,-0.030626710504293442,0.3463854193687439
10,random_curve,11.52,4.108043193817139,-0.11046608537435532,0.29319998621940613,0.2243914008140564,0.35654857754707336,0.05783846601843834,-0.032078955322504044,0.35204827785491943
10,random_curve,11.540000000000001,4.108525276184082,-0.11276184022426605,0.29319998621940613,0.22868897020816803,0.35654857754707336,0.10574562847614288,-0.03372279927134514,0.30981194972991943
10,random_curve,11.56,4.10943078994751,-0.11543339490890503,0.29319998621940613,0.2326061874628067,0.35654857754707336,0.11422577500343323,-0.03544481471180916,0.3093772828578949
10,random_curve,11.58,4.110635280609131,-0.11761900782585144,0.29319998621940613,0.23476889729499817,0.35654857754707336,0.11214186251163483,-0.03659664839506149,0.28821903467178345
10,random_curve,11.6,4.112281322479248,-0.12012765556573868,0.29319998621940613,0.2348460853099823,0.35654857754707336,0.1543925702571869,-0.03777268901467323,0.3137139081954956
10,random_curve,11.620000000000001,4.114635467529297,-0.1232399269938469,0.29319998621940613,0.23435045778751373,0.35654857754707336,0.20722925662994385,-0.039058782160282135,0.3137628138065338
10,random_curve,11.64,4.117556571960449,-0.12659694254398346,0.29319998621940613,0.23302987217903137,0.35654857754707336,0.21709057688713074,-0.04023441672325134,0.2825295031070709
10,random_curve,11.66,4.120390892028809,-0.1297582983970642,0.29319998621940613,0.22907879948616028,0.35654857754707336,0.20146544277668,-0.04129526764154434,0.2702183425426483
10,random_curve,11.68,4.1232428550720215,-0.13240624964237213,0.29319998621940613,0.22360733151435852,0.35654857754707336,0.19281131029129028,-0.041918978095054626,0.2673882842063904
10,random_curve,11.700000000000001,4.1261796951293945,-0.1346282660961151,0.29319998621940613,0.2190900444984436,0.35654857754707336,0.17184725403785706,-0.042141109704971313,0.27521178126335144
10,random_curve,11.72,4.129023551940918,-0.13647684454917908,0.29319998621940613,0.21747203171253204,0.35654857754707336,0.16544115543365479,-0.04210391640663147,0.30801141262054443
10,random_curve,11.74,4.131736755371094,-0.13726626336574554,0.29319998621940613,0.2178206592798233,0.35654857754707336,0.10995646566152573,-0.04125746339559555,0.2929469048976898
10,random_curve,11.76,4.133943557739258,-0.13742780685424805,0.29319998621940613,0.2192712426185608,0.35654857754707336,0.08383098244667053,-0.04016900807619095,0.3131663203239441
10,random_curve,11.78,4.135799884796143,-0.13751757144927979,0.29319998621940613,0.22204804420471191,0.35654857754707336,0.07727376371622086,-0.03921501338481903,0.33565738797187805
10,random_curve,11.8,4.137554168701172,-0.1374262422323227,0.29319998621940613,0.22600217163562775,0.35654857754707336,0.061704542487859726,-0.0381668284535408,0.3244432210922241
10,random_curve,11.82,4.138701438903809,-0.13645589351654053,0.29319998621940613,0.23013363778591156,0.35654857754707336,-0.014101032167673111,-0.03672333061695099,0.3037167489528656
10,random_curve,11.84,4.13865852355957,-0.1340506672859192,0.29319998621940613,0.23395755887031555,0.35654857754707336,-0.10997568070888519,-0.0347449854016304,0.25885263085365295
10,random_curve,11.86,4.138368606567383,-0.13078169524669647,0.29319998621940613,0.23678164184093475,0.35654857754707336,-0.09705185890197754,-0.03218453377485275,0.3083791732788086
10,random_curve,11.88,4.137800693511963,-0.1270044893026352,0.29319998621940613,0.2384939044713974,0.35654857754707336,-0.1525566279888153,-0.029355071485042572,0.3077660799026489
10,random_curve,11.9,4.1365861892700195,-0.12283417582511902,0.29319998621940613,0.24008257687091827,0.35654857754707336,-0.17869915068149567,-0.02655670791864395,0.2767677903175354
10,random_curve,11.92,4.135615348815918,-0.11823704093694687,0.29319998621940613,0.24132879078388214,0.35654857754707336,-0.15835651755332947,-0.023268021643161774,0.2971990704536438
10,random_curve,11.94,4.134833812713623,-0.11376091837882996,0.29319998621940613,0.2419644445180893,0.35654857754707336,-0.15298528969287872,-0.019975170493125916,0.2490261048078537
10,random_curve,11.96,4.133626937866211,-0.10941217839717865,0.29319998621940613,0.24158145487308502,0.35654857754707336,-0.17785046994686127,-0.017024055123329163,0.23129813373088837
10,random_curve,11.98,4.1322712898254395,-0.10524626821279526,0.29319998621940613,0.23830419778823853,0.35654857754707336,-0.16793714463710785,-0.014307573437690735,0.2383790761232376
10,random_curve,12.0,4.131068706512451,-0.10106464475393295,0.29319998621940613,0.23287111520767212,0.35654857754707336,-0.1613481193780899,-0.011493198573589325,0.26886865496635437
10,random_curve,12.02,4.130198001861572,-0.0970834344625473,0.29319998621940613,0.22832190990447998,0.35654857754707336,-0.13282954692840576,-0.008661724627017975,0.3261058032512665
10,random_curve,12.040000000000001,4.130295276641846,-0.09403419494628906,0.29319998621940613,0.2260778546333313,0.35654857754707336,-0.035360995680093765,-0.0060696080327034,0.3423369526863098
10,random_curve,12.06,4.131791114807129,-0.09274354577064514,0.29319998621940613,0.22593456506729126,0.35654857754707336,0.07592151314020157,-0.004166319966316223,0.34169888496398926
10,random_curve,12.08,4.134385585784912,-0.0924750342965126,0.29319998621940613,0.22721678018569946,0.35654857754707336,0.12094864249229431,-0.0025050491094589233,0.2921655774116516
10,random_curve,12.1,4.137894630432129,-0.0926114022731781,0.29319998621940613,0.22823287546634674,0.35654857754707336,0.16434629261493683,-0.0006739720702171326,0.2650655508041382
10,random_curve,12.120000000000001,4.141554832458496,-0.09303037822246552,0.29319998621940613,0.2282380759716034,0.35654857754707336,0.1748044639825821,0.0010056272149085999,0.25764310359954834
10,random_curve,12.14,4.145451068878174,-0.09356391429901123,0.29319998621940613,0.22794680297374725,0.35654857754707336,0.1749725639820099,0.002720661461353302,0.2509633004665375
10,random_curve,12.16,4.149318695068359,-0.09410785883665085,0.29319998621940613,0.22802819311618805,0.35654857754707336,0.17454126477241516,0.004411190748214722,0.2705458998680115
10,random_curve,12.18,4.153265953063965,-0.09524690359830856,0.29319998621940613,0.2284826785326004,0.35654857754707336,0.20840869843959808,0.005650468170642853,0.24695490300655365
10,random_curve,12.200000000000001,4.156683921813965,-0.09703532606363297,0.29319998621940613,0.22817426919937134,0.35654857754707336,0.17591720819473267,0.006055891513824463,0.26121318340301514
10,random_curve,12.22,4.1592512130737305,-0.09860436618328094,0.29319998621940613,0.22767138481140137,0.35654857754707336,0.1294269859790802,0.006172515451908112,0.2922605276107788
10,random_curve,12.24,4.16085147857666,-0.09968968480825424,0.29319998621940613,0.22732461988925934,0.35654857754707336,0.07687050849199295,0.0061559006571769714,0.27448517084121704
10,random_curve,12.26,4.161489963531494,-0.10099770128726959,0.29319998621940613,0.22628609836101532,0.35654857754707336,0.053383663296699524,0.0054209306836128235,0.2771494388580322
10,random_curve,12.280000000000001,4.161710262298584,-0.10275981575250626,0.29319998621940613,0.22552652657032013,0.35654857754707336,0.05638684332370758,0.004076212644577026,0.2730351686477661
10,random_curve,12.3,4.1616692543029785,-0.104391910135746,0.29319998621940613,0.22618326544761658,0.35654857754707336,0.033075474202632904,0.00269491970539093,0.2690933346748352
10,random_curve,12.32,4.161497592926025,-0.10542050749063492,0.29319998621940613,0.22841940820217133,0.35654857754707336,0.010788287967443466,0.0017435774207115173,0.25643858313560486
10,random_curve,12.34,4.161648750305176,-0.10700643807649612,0.29319998621940613,0.2313472181558609,0.35654857754707336,0.08158356696367264,0.0005072057247161865,0.26098841428756714
10,random_curve,12.36,4.161350250244141,-0.10892240703105927,0.29319998621940613,0.23310185968875885,0.35654857754707336,0.010691296309232712,-0.001253075897693634,0.20235472917556763
10,random_curve,12.38,4.160329818725586,-0.11055831611156464,0.29319998621940613,0.23397670686244965,0.35654857754707336,-0.00447671115398407,-0.0031803101301193237,0.24758557975292206
10,random_curve,12.4,4.159084796905518,-0.11197124421596527,0.29319998621940613,0.23415367305278778,0.35654857754707336,-0.019097857177257538,-0.005046389997005463,0.24471715092658997
10,random_curve,12.42,4.157662868499756,-0.11296394467353821,0.29319998621940613,0.2334255874156952,0.35654857754707336,-0.03932620584964752,-0.0066606998443603516,0.2436077743768692
10,random_curve,12.44,4.156618595123291,-0.11350701004266739,0.29319998621940613,0.23203812539577484,0.35654857754707336,-0.021353747695684433,-0.0076914504170417786,0.2094762623310089
10,random_curve,12.46,4.156039714813232,-0.11381842941045761,0.29319998621940613,0.23078304529190063,0.35654857754707336,-0.011532996781170368,-0.008271470665931702,0.20517124235630035
10,random_curve,12.48,4.155861854553223,-0.11390693485736847,0.29319998621940613,0.23051375150680542,0.35654857754707336,-0.0001447056420147419,-0.008443713188171387,0.21649928390979767
10,random_curve,12.5,4.156399726867676,-0.11353402584791183,0.29319998621940613,0.2305176854133606,0.35654857754707336,0.023935001343488693,-0.007835231721401215,0.23890836536884308
10,random_curve,12.52,4.1572651863098145,-0.11322066932916641,0.29319998621940613,0.23087699711322784,0.35654857754707336,0.02663528546690941,-0.007094778120517731,0.25973477959632874
10,random_curve,12.540000000000001,4.158257961273193,-0.11265818774700165,0.29319998621940613,0.2313586324453354,0.35654857754707336,0.02413059026002884,-0.006076410412788391,0.24998019635677338
10,random_curve,12.56,4.1589531898498535,-0.11177457123994827,0.29319998621940613,0.23087027668952942,0.35654857754707336,-0.011061182245612144,-0.004955612123012543,0.22206884622573853
10,random_curve,12.58,4.159355640411377,-0.11083105951547623,0.29319998621940613,0.22921785712242126,0.35654857754707336,-0.00733539741486311,-0.003947198390960693,0.2329728901386261
10,random_curve,12.6,4.159931659698486,-0.11038196831941605,0.29319998621940613,0.22754345834255219,0.35654857754707336,0.027988463640213013,-0.0032541602849960327,0.22294390201568604
10,random_curve,12.620000000000001,4.160815238952637,-0.1101236417889595,0.29319998621940613,0.22675439715385437,0.35654857754707336,0.02989589422941208,-0.002549484372138977,0.23012515902519226
10,random_curve,12.64,4.161170959472656,-0.10972577333450317,0.29319998621940613,0.22613298892974854,0.35654857754707336,-0.018643058836460114,-0.0020211637020111084,0.2544999122619629
10,random_curve,12.66,4.161231994628906,-0.10961687564849854,0.29319998621940613,0.225945383310318,0.35654857754707336,0.013978245668113232,-0.001896694302558899,0.24301721155643463
10,random_curve,12.68,4.161269187927246,-0.10969716310501099,0.29319998621940613,0.22655890882015228,0.35654857754707336,-0.0036929254420101643,-0.0019429102540016174,0.24499015510082245
10,random_curve,12.700000000000001,4.160696983337402,-0.10912428796291351,0.29319998621940613,0.22753265500068665,0.35654857754707336,-0.06893046200275421,-0.0017831400036811829,0.2002735584974289
10,random_curve,12.72,4.15954065322876,-0.10754203051328659,0.29319998621940613,0.22821225225925446,0.35654857754707336,-0.10769972205162048,-0.0011068657040596008,0.24177294969558716
10,random_curve,12.74,4.158421039581299,-0.10606512427330017,0.29319998621940613,0.2284298986196518,0.35654857754707336,-0.06521330773830414,-0.0004979223012924194,0.2473362684249878
10,random_curve,12.76,4.157912731170654,-0.10483700037002563,0.29319998621940613,0.22881005704402924,0.35654857754707336,-0.049712978303432465,0.00024268776178359985,0.24897043406963348
10,random_curve,12.780000000000001,4.157240390777588,-0.10356634855270386,0.29319998621940613,0.23049691319465637,0.35654857754707336,-0.0738101601600647,0.0009278059005737305,0.2337637096643448
10,random_curve,12.8,4.156504154205322,-0.10246079415082932,0.29319998621940613,0.23327067494392395,0.35654857754707336,-0.049972258508205414,0.0014400705695152283,0.24937130510807037
10,random_curve,12.82,4.155828952789307,-0.10203341394662857,0.29319998621940613,0.23501592874526978,0.35654857754707336,-0.02922757714986801,0.0014216601848602295,0.21644163131713867
10,random_curve,12.84,4.155654430389404,-0.1020125225186348,0.29319998621940613,0.23427003622055054,0.35654857754707336,0.0075542819686234,0.0013423338532447815,0.19848866760730743
10,random_curve,12.86,4.156235694885254,-0.10203662514686584,0.29319998621940613,0.23171524703502655,0.35654857754707336,0.042517535388469696,0.0016443878412246704,0.20879115164279938
10,random_curve,12.88,4.157379150390625,-0.10223329812288284,0.29319998621940613,0.22893550992012024,0.35654857754707336,0.06134534254670143,0.002114333212375641,0.2154926061630249
10,random_curve,12.9,4.158681869506836,-0.1023593619465828,0.29319998621940613,0.22550581395626068,0.35654857754707336,0.049783334136009216,0.0027313232421875,0.20770154893398285
10,random_curve,12.92,4.160799980163574,-0.10237366706132889,0.29319998621940613,0.2216554433107376,0.35654857754707336,0.11734209209680557,0.0038931891322135925,0.22933879494667053
10,random_curve,12.94,4.163722991943359,-0.10256180167198181,0.29319998621940613,0.21881981194019318,0.35654857754707336,0.13308730721473694,0.00535641610622406,0.22810523211956024
10,random_curve,12.96,4.16693115234375,-0.10300947725772858,0.29319998621940613,0.21681025624275208,0.35654857754707336,0.1608104705810547,0.006761617958545685,0.2598966658115387
10,random_curve,12.98,4.169816017150879,-0.1042097881436348,0.29319998621940613,0.21608778834342957,0.35654857754707336,0.1436014324426651,0.007361166179180145,0.3191750645637512
10,random_curve,13.0,4.172146797180176,-0.10573974996805191,0.29319998621940613,0.21710842847824097,0.35654857754707336,0.1346195936203003,0.007379256188869476,0.28118062019348145
10,random_curve,13.02,4.173731327056885,-0.10749144852161407,0.29319998621940613,0.21790525317192078,0.35654857754707336,0.10206836462020874,0.006799221038818359,0.2657702565193176
10,random_curve,13.040000000000001,4.175262928009033,-0.10988787561655045,0.29319998621940613,0.21901525557041168,0.35654857754707336,0.1450445055961609,0.005653180181980133,0.3424683213233948
10,random_curve,13.06,4.176650047302246,-0.11252966523170471,0.29319998621940613,0.22093456983566284,0.35654857754707336,0.12006555497646332,0.0042228251695632935,0.26467472314834595
10,random_curve,13.08,4.1782121658325195,-0.11520121991634369,0.29319998621940613,0.22412216663360596,0.35654857754707336,0.15374287962913513,0.0028646737337112427,0.2811697721481323
10,random_curve,13.1,4.179058074951172,-0.11827878654003143,0.29319998621940613,0.2281915843486786,0.35654857754707336,0.09084710478782654,0.0007716640830039978,0.24678000807762146
10,random_curve,13.120000000000001,4.179020881652832,-0.1210499033331871,0.29319998621940613,0.2309330403804779,0.35654857754707336,0.06199594959616661,-0.0015556439757347107,0.24757765233516693
10,random_curve,13.14,4.179036617279053,-0.12344647198915482,0.29319998621940613,0.23238927125930786,0.35654857754707336,0.072999969124794,-0.0035418495535850525,0.24807195365428925
10,random_curve,13.16,4.179140567779541,-0.12508507072925568,0.29319998621940613,0.23289671540260315,0.35654857754707336,0.03261689841747284,-0.00484822690486908,0.2578525245189667
10,random_curve,13.18,4.178595066070557,-0.1263074427843094,0.29319998621940613,0.23228499293327332,0.35654857754707336,-0.006326381117105484,-0.00616803765296936,0.21862560510635376
10,random_curve,13.200000000000001,4.1767072677612305,-0.12733402848243713,0.29319998621940613,0.2307252734899521,0.35654857754707336,-0.08872829377651215,-0.00806872546672821,0.21141478419303894
10,random_curve,13.22,4.173947811126709,-0.12729156017303467,0.29319998621940613,0.22968435287475586,0.35654857754707336,-0.1386418342590332,-0.009562566876411438,0.21068312227725983
10,random_curve,13.24,4.1704864501953125,-0.12675830721855164,0.29319998621940613,0.2289651781320572,0.35654857754707336,-0.17601840198040009,-0.01103685051202774,0.21296192705631256
10,random_curve,13.26,4.166483402252197,-0.1256238967180252,0.29319998621940613,0.22770877182483673,0.35654857754707336,-0.2164957970380783,-0.012310907244682312,0.21620720624923706
10,random_curve,13.280000000000001,4.161933422088623,-0.12394355982542038,0.29319998621940613,0.22659312188625336,0.35654857754707336,-0.24991002678871155,-0.01343362033367157,0.20093993842601776
10,random_curve,13.3,4.157430648803711,-0.12204121053218842,0.29319998621940613,0.22674831748008728,0.35654857754707336,-0.22882553935050964,-0.014345362782478333,0.24717725813388824
10,random_curve,13.32,4.153670787811279,-0.1204182505607605,0.29319998621940613,0.2282397747039795,0.35654857754707336,-0.17477947473526,-0.01507798582315445,0.24640294909477234
10,random_curve,13.34,4.150733947753906,-0.119219571352005,0.29319998621940613,0.2304641306400299,0.35654857754707336,-0.13864047825336456,-0.015707693994045258,0.21790435910224915
10,random_curve,13.36,4.1485795974731445,-0.1183895692229271,0.29319998621940613,0.23331987857818604,0.35654857754707336,-0.08901485800743103,-0.016210660338401794,0.21112732589244843
10,random_curve,13.38,4.1473069190979,-0.11740999668836594,0.29319998621940613,0.2352755218744278,0.35654857754707336,-0.07182533293962479,-0.016100533306598663,0.22249825298786163
10,random_curve,13.4,4.146735668182373,-0.11618690192699432,0.29319998621940613,0.23583266139030457,0.35654857754707336,-0.04449380934238434,-0.015398986637592316,0.22578100860118866
10,random_curve,13.42,4.146709442138672,-0.11554164439439774,0.29319998621940613,0.2359141707420349,0.35654857754707336,0.00091515202075243,-0.014876395463943481,0.21015381813049316
10,random_curve,13.44,4.147036075592041,-0.11515530198812485,0.29319998621940613,0.23485419154167175,0.35654857754707336,0.004445230588316917,-0.01437380164861679,0.21255241334438324
10,random_curve,13.46,4.147445201873779,-0.11505388468503952,0.29319998621940613,0.23260074853897095,0.35654857754707336,0.021561479195952415,-0.014062657952308655,0.2104044258594513
10,random_curve,13.48,4.148172378540039,-0.11467554420232773,0.29319998621940613,0.2291749119758606,0.35654857754707336,0.017552807927131653,-0.013344742357730865,0.25778988003730774
10,random_curve,13.5,4.1487884521484375,-0.11470683664083481,0.29319998621940613,0.2253318876028061,0.35654857754707336,0.0349271297454834,-0.013029389083385468,0.21589455008506775
10,random_curve,13.52,4.149624824523926,-0.1156885027885437,0.29319998621940613,0.22197911143302917,0.35654857754707336,0.08255216479301453,-0.013383045792579651,0.22305355966091156
10,random_curve,13.540000000000001,4.1504669189453125,-0.11741632223129272,0.29319998621940613,0.21911023557186127,0.35654857754707336,0.08254651725292206,-0.014354638755321503,0.20458370447158813
10,random_curve,13.56,4.1510910987854,-0.11950880289077759,0.29319998621940613,0.21760351955890656,0.35654857754707336,0.08370481431484222,-0.015750527381896973,0.24202436208724976
10,random_curve,13.58,4.1520795822143555,-0.12099561095237732,0.29319998621940613,0.2181747406721115,0.35654857754707336,0.0809214785695076,-0.01644037663936615,0.30119097232818604
10,random_curve,13.6,4.153073787689209,-0.12187889218330383,0.29319998621940613,0.22002649307250977,0.35654857754707336,0.051936615258455276,-0.016624674201011658,0.28648078441619873
10,random_curve,13.620000000000001,4.15446138381958,-0.12285871803760529,0.29319998621940613,0.22196541726589203,0.35654857754707336,0.11347997188568115,-0.016671329736709595,0.3212068974971771
10,random_curve,13.64,4.15645694732666,-0.12431766837835312,0.29319998621940613,0.22464881837368011,0.35654857754707336,0.12922579050064087,-0.01677989959716797,0.2927229404449463
10,random_curve,13.66,4.158580780029297,-0.12522061169147491,0.29319998621940613,0.22742672264575958,0.35654857754707336,0.10258456319570541,-0.016354568302631378,0.2699178159236908
10,random_curve,13.68,4.16104793548584,-0.12526218593120575,0.29319998621940613,0.23002487421035767,0.35654857754707336,0.10404510796070099,-0.01502196490764618,0.28172755241394043
10,random_curve,13.700000000000001,4.163304805755615,-0.12497472018003464,0.29319998621940613,0.23178380727767944,0.35654857754707336,0.07037945836782455,-0.013531990349292755,0.2181079089641571
10,random_curve,13.72,4.165353298187256,-0.12418375164270401,0.29319998621940613,0.23269568383693695,0.35654857754707336,0.05660250037908554,-0.011738374829292297,0.22116506099700928
10,random_curve,13.74,4.168012619018555,-0.12247079610824585,0.29319998621940613,0.2309793084859848,0.35654857754707336,0.06529399752616882,-0.008838795125484467,0.22640997171401978
10,random_curve,13.76,4.1709065437316895,-0.12048161774873734,0.29319998621940613,0.22799192368984222,0.35654857754707336,0.06327919661998749,-0.0055792853236198425,0.2584039568901062
10,random_curve,13.780000000000001,4.173492908477783,-0.11845631152391434,0.29319998621940613,0.2264169454574585,0.35654857754707336,0.04002626612782478,-0.0024601295590400696,0.22586098313331604
10,random_curve,13.8,4.175537109375,-0.11710799485445023,0.29319998621940613,0.22500109672546387,0.35654857754707336,0.05602765083312988,-0.0002049580216407776,0.21148450672626495
10,random_curve,13.82,4.177311897277832,-0.11634693294763565,0.29319998621940613,0.22349460422992706,0.35654857754707336,0.04794926196336746,0.0014120787382125854,0.2079869657754898
10,random_curve,13.84,4.179052352905273,-0.11559589207172394,0.29319998621940613,0.2229505479335785,0.35654857754707336,0.05391627922654152,0.0030017495155334473,0.23917695879936218
10,random_curve,13.86,4.18026876449585,-0.11531082540750504,0.29319998621940613,0.22320647537708282,0.35654857754707336,0.03152785450220108,0.0039131417870521545,0.22283780574798584
10,random_curve,13.88,4.180738925933838,-0.11549031734466553,0.29319998621940613,0.22379596531391144,0.35654857754707336,0.018947798758745193,0.00402427464723587,0.24315406382083893
10,random_curve,13.9,4.180624008178711,-0.11619321256875992,0.29319998621940613,0.2236829698085785,0.35654857754707336,0.01169501431286335,0.0033754929900169373,0.21671663224697113
10,random_curve,13.92,4.179769515991211,-0.11732116341590881,0.29319998621940613,0.22297538816928864,0.35654857754707336,-0.014336727559566498,0.0019630491733551025,0.204880952835083
10,random_curve,13.94,4.177943229675293,-0.11926843971014023,0.29319998621940613,0.22167837619781494,0.35654857754707336,-0.03204784542322159,-0.0006699413061141968,0.21569740772247314
10,random_curve,13.96,4.175591468811035,-0.12106259167194366,0.29319998621940613,0.22129899263381958,0.35654857754707336,-0.05590797960758209,-0.003466665744781494,0.24781696498394012
10,random_curve,13.98,4.1731109619140625,-0.12299691140651703,0.29319998621940613,0.22262424230575562,0.35654857754707336,-0.04538241773843765,-0.006451420485973358,0.224127396941185
10,random_curve,14.0,4.1708984375,-0.12471663951873779,0.29319998621940613,0.22370532155036926,0.35654857754707336,-0.04199519380927086,-0.00910903513431549,0.2217579483985901
10,random_curve,14.02,4.169125556945801,-0.12569929659366608,0.29319998621940613,0.22393916547298431,0.35654857754707336,-0.04625914990901947,-0.01090947538614273,0.23874087631702423
10,random_curve,14.040000000000001,4.167905330657959,-0.1257474273443222,0.29319998621940613,0.22398661077022552,0.35654857754707336,-0.05118660256266594,-0.011625751852989197,0.24974389374256134
10,random_curve,14.06,4.16754150390625,-0.12549157440662384,0.29319998621940613,0.22323065996170044,0.35654857754707336,0.0017356080934405327,-0.011614397168159485,0.22998908162117004
10,random_curve,14.08,4.167889595031738,-0.12551534175872803,0.29319998621940613,0.22262467443943024,0.35654857754707336,0.02671794965863228,-0.01144128292798996,0.21017029881477356
10,random_curve,14.1,4.168673038482666,-0.12506704032421112,0.29319998621940613,0.2225819081068039,0.35654857754707336,0.020615896210074425,-0.010633952915668488,0.2452569603919983
10,random_curve,14.120000000000001,4.169811725616455,-0.12446752935647964,0.29319998621940613,0.2221679389476776,0.35654857754707336,0.03595723956823349,-0.009503893554210663,0.2396719753742218
10,random_curve,14.14,4.1711835861206055,-0.12342138588428497,0.29319998621940613,0.2222447693347931,0.35654857754707336,0.02308303862810135,-0.007872842252254486,0.270366370677948
10,random_curve,14.16,4.172351360321045,-0.12219379842281342,0.29319998621940613,0.2229164093732834,0.35654857754707336,0.00664307177066803,-0.006203845143318176,0.2990979552268982
10,random_curve,14.18,4.173030853271484,-0.12065723538398743,0.29319998621940613,0.2229430228471756,0.35654857754707336,-0.03108980879187584,-0.004548251628875732,0.31963303685188293
10,random_curve,14.200000000000001,4.173256874084473,-0.11932481825351715,0.29319998621940613,0.22219644486904144,0.35654857754707336,-0.02354651317000389,-0.003313884139060974,0.27140751481056213
10,random_curve,14.22,4.173591136932373,-0.1178213506937027,0.29319998621940613,0.2214692384004593,0.35654857754707336,-0.02939608506858349,-0.0018771514296531677,0.2850845456123352
10,random_curve,14.24,4.173794269561768,-0.11591466516256332,0.29319998621940613,0.2216789722442627,0.35654857754707336,-0.05387775972485542,-0.0001774430274963379,0.31611722707748413
10,random_curve,14.26,4.1739182472229,-0.11414560675621033,0.29319998621940613,0.22273169457912445,0.35654857754707336,-0.03702123090624809,0.0013638362288475037,0.31762421131134033
10,random_curve,14.280000000000001,4.173827171325684,-0.11310620605945587,0.29319998621940613,0.2253003716468811,0.35654857754707336,-0.030220815911889076,0.002178572118282318,0.2327944040298462
10,random_curve,14.3,4.173397064208984,-0.11207623034715652,0.29319998621940613,0.22924171388149261,0.35654857754707336,-0.06040148437023163,0.0027975812554359436,0.20815876126289368
10,random_curve,14.32,4.173097610473633,-0.11078425496816635,0.29319998621940613,0.23394089937210083,0.35654857754707336,-0.037229202687740326,0.0037070810794830322,0.2165948748588562
10,random_curve,14.34,4.173259258270264,-0.10948078334331512,0.29319998621940613,0.2388390749692917,0.35654857754707336,-0.021369483321905136,0.004881680011749268,0.24168570339679718
10,random_curve,14.36,4.1735005378723145,-0.10821548104286194,0.29319998621940613,0.24164192378520966,0.35654857754707336,-0.027158617973327637,0.006068632006645203,0.25975045561790466
10,random_curve,14.38,4.173755168914795,-0.10693196952342987,0.29319998621940613,0.2409224659204483,0.35654857754707336,-0.018873538821935654,0.007278144359588623,0.25725582242012024
10,random_curve,14.4,4.1740217208862305,-0.10612120479345322,0.29319998621940613,0.23881857097148895,0.35654857754707336,-0.007284787483513355,0.008100740611553192,0.21508030593395233
10,random_curve,14.42,4.174981594085693,-0.10569840669631958,0.29319998621940613,0.23680637776851654,0.35654857754707336,0.05682630091905594,0.008984610438346863,0.20884472131729126
10,random_curve,14.44,4.176294326782227,-0.10592754930257797,0.29319998621940613,0.23347006738185883,0.35654857754707336,0.06878913938999176,0.009521342813968658,0.19153860211372375
10,random_curve,14.46,4.178167343139648,-0.10663563013076782,0.29319998621940613,0.22907869517803192,0.35654857754707336,0.11475110799074173,0.009969890117645264,0.19942788779735565
10,random_curve,14.48,4.180583477020264,-0.10736905783414841,0.29319998621940613,0.22613666951656342,0.35654857754707336,0.12488795071840286,0.01069832593202591,0.21025323867797852
10,random_curve,14.5,4.183459758758545,-0.10832848399877548,0.29319998621940613,0.22545482218265533,0.35654857754707336,0.16455498337745667,0.01149362325668335,0.24340428411960602
10,random_curve,14.52,4.186605930328369,-0.11016776412725449,0.29319998621940613,0.2255478948354721,0.35654857754707336,0.19827842712402344,0.011706091463565826,0.21246743202209473
10,random_curve,14.540000000000001,4.190195560455322,-0.11240679025650024,0.29319998621940613,0.22551003098487854,0.35654857754707336,0.2158365398645401,0.011831551790237427,0.24186299741268158
10,random_curve,14.56,4.1939826011657715,-0.11413012444972992,0.29319998621940613,0.22642157971858978,0.35654857754707336,0.1900365948677063,0.01249568909406662,0.23338882625102997
10,random_curve,14.58,4.197896480560303,-0.115428127348423,0.29319998621940613,0.22718366980552673,0.35654857754707336,0.20745041966438293,0.013584151864051819,0.22758619487285614
10,random_curve,14.6,4.201313495635986,-0.11710547655820847,0.29319998621940613,0.22620096802711487,0.35654857754707336,0.17333973944187164,0.014081507921218872,0.2116464376449585
10,random_curve,14.620000000000001,4.203921318054199,-0.11899204552173615,0.29319998621940613,0.222976416349411,0.35654857754707336,0.14792892336845398,0.013956278562545776,0.19744530320167542
10,random_curve,14.64,4.206110000610352,-0.12012717872858047,0.29319998621940613,0.2203616350889206,0.35654857754707336,0.1013990044593811,0.014224275946617126,0.2570233941078186
10,random_curve,14.66,4.207474231719971,-0.12049692869186401,0.29319998621940613,0.2191643863916397,0.35654857754707336,0.03652426600456238,0.014672510325908661,0.24848781526088715
10,random_curve,14.68,4.207702159881592,-0.12091944366693497,0.29319998621940613,0.2195708453655243,0.35654857754707336,0.009758672676980495,0.014447115361690521,0.25722625851631165
10,random_curve,14.700000000000001,4.207157611846924,-0.12126215547323227,0.29319998621940613,0.2218642234802246,0.35654857754707336,-0.032635919749736786,0.013860069215297699,0.24257001280784607
10,random_curve,14.72,4.205693244934082,-0.12168033421039581,0.29319998621940613,0.2242623120546341,0.35654857754707336,-0.06251183897256851,0.012700468301773071,0.2225840985774994
10,random_curve,14.74,4.203266143798828,-0.12239241600036621,0.29319998621940613,0.22519627213478088,0.35654857754707336,-0.0981503576040268,0.010762713849544525,0.19342206418514252
10,random_curve,14.76,4.199868202209473,-0.12310454994440079,0.29319998621940613,0.2248750478029251,0.35654857754707336,-0.13969337940216064,0.008286908268928528,0.1861523985862732
10,random_curve,14.780000000000001,4.195324420928955,-0.12393344938755035,0.29319998621940613,0.22517277300357819,0.35654857754707336,-0.18614929914474487,0.005078926682472229,0.18011929094791412
10,random_curve,14.8,4.190450668334961,-0.12418703734874725,0.29319998621940613,0.22607934474945068,0.35654857754707336,-0.2016313374042511,0.0021669715642929077,0.18359433114528656
10,random_curve,14.82,4.186122417449951,-0.12422626465559006,0.29319998621940613,0.22577695548534393,0.35654857754707336,-0.15725381672382355,-0.0002642497420310974,0.18090419471263885
10,random_curve,14.84,4.1821770668029785,-0.12398597598075867,0.29319998621940613,0.22485953569412231,0.35654857754707336,-0.17968744039535522,-0.0022506043314933777,0.19713780283927917
10,random_curve,14.86,4.179230690002441,-0.12334234267473221,0.29319998621940613,0.22440531849861145,0.35654857754707336,-0.10603062063455582,-0.003347620368003845,0.21987292170524597
10,random_curve,14.88,4.177245616912842,-0.12292399257421494,0.29319998621940613,0.22374947369098663,0.35654857754707336,-0.08314559608697891,-0.004099436104297638,0.22765491902828217
10,random_curve,14.9,4.175649642944336,-0.12299054116010666,0.29319998621940613,0.22174134850502014,0.35654857754707336,-0.04751813784241676,-0.0050392672419548035,0.24210484325885773
10,random_curve,14.92,4.174485206604004,-0.1232476532459259,0.29319998621940613,0.21949730813503265,0.35654857754707336,-0.03396620601415634,-0.005898579955101013,0.28798800706863403
10,random_curve,14.94,4.17414665222168,-0.12363408505916595,0.29319998621940613,0.21814480423927307,0.35654857754707336,0.024139873683452606,-0.0064078643918037415,0.2873271703720093
10,random_curve,14.96,4.174777984619141,-0.12449733167886734,0.29319998621940613,0.218307763338089,0.35654857754707336,0.07310586422681808,-0.006776578724384308,0.27125704288482666
10,random_curve,14.98,4.175917148590088,-0.12597443163394928,0.29319998621940613,0.2205878496170044,0.35654857754707336,0.09969519823789597,-0.007374845445156097,0.23523806035518646
10,random_curve,15.0,4.177408695220947,-0.12778697907924652,0.29319998621940613,0.2247088998556137,0.35654857754707336,0.12237240374088287,-0.008057057857513428,0.2254028022289276
10,random_curve,15.02,4.1787567138671875,-0.12959392368793488,0.29319998621940613,0.2289097160100937,0.35654857754707336,0.09080132842063904,-0.008814148604869843,0.2134484052658081
10,random_curve,15.040000000000001,4.17950439453125,-0.13096106052398682,0.29319998621940613,0.2315336912870407,0.35654857754707336,0.05137507990002632,-0.009537816047668457,0.20976758003234863
10,random_curve,15.06,4.179917812347412,-0.1323707550764084,0.29319998621940613,0.23320868611335754,0.35654857754707336,0.05773742124438286,-0.010482162237167358,0.21812713146209717
10,random_curve,15.08,4.180553436279297,-0.13306021690368652,0.29319998621940613,0.23360323905944824,0.35654857754707336,0.04104309529066086,-0.010703831911087036,0.2554444968700409
10,random_curve,15.1,4.180788516998291,-0.13387688994407654,0.29319998621940613,0.2330130934715271,0.35654857754707336,0.022091872990131378,-0.011253364384174347,0.23139841854572296
10,random_curve,15.120000000000001,4.180673599243164,-0.13483662903308868,0.29319998621940613,0.23202461004257202,0.35654857754707336,0.021369963884353638,-0.01211594045162201,0.24201174080371857
10,random_curve,15.14,4.180914402008057,-0.13525108993053436,0.29319998621940613,0.22939936816692352,0.35654857754707336,0.016627607867121696,-0.012327499687671661,0.24235737323760986
10,random_curve,15.16,4.181232452392578,-0.1350785493850708,0.29319998621940613,0.2245614230632782,0.35654857754707336,0.0011294735595583916,-0.012007616460323334,0.23787832260131836
10,random_curve,15.18,4.181981563568115,-0.13509434461593628,0.29319998621940613,0.22035472095012665,0.35654857754707336,0.05570274591445923,-0.011605635285377502,0.2045334428548813
10,random_curve,15.200000000000001,4.183305740356445,-0.1350807547569275,0.29319998621940613,0.21859711408615112,0.35654857754707336,0.05326931178569794,-0.010860510170459747,0.22528685629367828
10,random_curve,15.22,4.184259414672852,-0.13480913639068604,0.29319998621940613,0.21765966713428497,0.35654857754707336,0.01986999809741974,-0.010105922818183899,0.21438056230545044
10,random_curve,15.24,4.185264587402344,-0.13503865897655487,0.29319998621940613,0.2163015455007553,0.35654857754707336,0.06280498206615448,-0.009739942848682404,0.2328791320323944
10,random_curve,15.26,4.18665075302124,-0.13489505648612976,0.29319998621940613,0.2159716784954071,0.35654857754707336,0.04444152116775513,-0.008852243423461914,0.2448180466890335
10,random_curve,15.280000000000001,4.187982082366943,-0.13469088077545166,0.29319998621940613,0.21805398166179657,0.35654857754707336,0.05395573377609253,-0.007944509387016296,0.2715911269187927
10,random_curve,15.3,4.18927001953125,-0.1342451274394989,0.29319998621940613,0.22176587581634521,0.35654857754707336,0.033735595643520355,-0.006859734654426575,0.2598438560962677
10,random_curve,15.32,4.1902852058410645,-0.13341960310935974,0.29319998621940613,0.22521205246448517,0.35654857754707336,0.008920785039663315,-0.005609981715679169,0.2647392451763153
10,random_curve,15.34,4.190535068511963,-0.1325005739927292,0.29319998621940613,0.22724030911922455,0.35654857754707336,-0.033640604466199875,-0.0047065094113349915,0.2585568428039551
10,random_curve,15.36,4.190434455871582,-0.13124980032444,0.29319998621940613,0.22763842344284058,0.35654857754707336,-0.0409720353782177,-0.0037211179733276367,0.23401020467281342
10,random_curve,15.38,4.190105438232422,-0.1301422268152237,0.29319998621940613,0.22619767487049103,0.35654857754707336,-0.054421331733465195,-0.0029814913868904114,0.18961453437805176
10,random_curve,15.4,4.188968181610107,-0.12900331616401672,0.29319998621940613,0.22373603284358978,0.35654857754707336,-0.09917272627353668,-0.0026636794209480286,0.16729432344436646
10,random_curve,15.42,4.187580585479736,-0.12735354900360107,0.29319998621940613,0.2211839109659195,0.35654857754707336,-0.10354902595281601,-0.002059362828731537,0.18036754429340363
10,random_curve,15.44,4.185765266418457,-0.12588366866111755,0.29319998621940613,0.2184554785490036,0.35654857754707336,-0.12474134564399719,-0.001841805875301361,0.1943090856075287
10,random_curve,15.46,4.183749675750732,-0.12543056905269623,0.29319998621940613,0.2171773761510849,0.35654857754707336,-0.07088791579008102,-0.0025816112756729126,0.2120312750339508
10,random_curve,15.48,4.182249546051025,-0.12616309523582458,0.29319998621940613,0.21721526980400085,0.35654857754707336,-0.017028991132974625,-0.0040226951241493225,0.19055020809173584
10,random_curve,15.5,4.181386470794678,-0.12699560821056366,0.29319998621940613,0.2177661508321762,0.35654857754707336,-0.009718438610434532,-0.00519397109746933,0.2056107223033905
10,random_curve,15.52,4.181264400482178,-0.1278584748506546,0.29319998621940613,0.21925568580627441,0.35654857754707336,0.04425258934497833,-0.005979873239994049,0.2278822511434555
10,random_curve,15.540000000000001,4.18163537979126,-0.12872955203056335,0.29319998621940613,0.22063776850700378,0.35654857754707336,0.036819182336330414,-0.006499379873275757,0.21586912870407104
10,random_curve,15.56,4.182180404663086,-0.12939845025539398,0.29319998621940613,0.22108453512191772,0.35654857754707336,0.04410499334335327,-0.00675414502620697,0.21657072007656097
10,random_curve,15.58,4.182587146759033,-0.1299380362033844,0.29319998621940613,0.2207132875919342,0.35654857754707336,0.023629549890756607,-0.00697789341211319,0.22267033159732819
10,random_curve,15.6,4.182165622711182,-0.13039445877075195,0.29319998621940613,0.22049523890018463,0.35654857754707336,-0.028894202783703804,-0.007591418921947479,0.2428784817457199
10,random_curve,15.620000000000001,4.181309223175049,-0.13067936897277832,0.29319998621940613,0.2204389125108719,0.35654857754707336,-0.024778638035058975,-0.008303165435791016,0.21472764015197754
10,random_curve,15.64,4.1806254386901855,-0.13082687556743622,0.29319998621940613,0.22084352374076843,0.35654857754707336,-0.024577919393777847,-0.00880488008260727,0.19034723937511444
10,random_curve,15.66,4.180338382720947,-0.13090325891971588,0.29319998621940613,0.2218967080116272,0.35654857754707336,0.002704407088458538,-0.009027540683746338,0.17241448163986206
10,random_curve,15.68,4.180356025695801,-0.1310335397720337,0.29319998621940613,0.22257789969444275,0.35654857754707336,0.007124214433133602,-0.0091262087225914,0.1733924001455307
10,random_curve,15.700000000000001,4.1811842918396,-0.1304342895746231,0.29319998621940613,0.22269468009471893,0.35654857754707336,0.029446739703416824,-0.008168399333953857,0.19453789293766022
10,random_curve,15.72,4.182441711425781,-0.12932971119880676,0.29319998621940613,0.22247636318206787,0.35654857754707336,0.01024644821882248,-0.006552115082740784,0.23651175200939178
10,random_curve,15.74,4.184238433837891,-0.1280089169740677,0.29319998621940613,0.22204087674617767,0.35654857754707336,0.06069619208574295,-0.004456996917724609,0.24349689483642578
10,random_curve,15.76,4.187117576599121,-0.12701116502285004,0.29319998621940613,0.22141550481319427,0.35654857754707336,0.11739903688430786,-0.0020309388637542725,0.22336043417453766
10,random_curve,15.780000000000001,4.190338134765625,-0.126141756772995,0.29319998621940613,0.22010865807533264,0.35654857754707336,0.10398402065038681,0.00047747790813446045,0.23949824273586273
10,random_curve,15.8,4.192579746246338,-0.12529084086418152,0.29319998621940613,0.21910671889781952,0.35654857754707336,0.04064124822616577,0.002428010106086731,0.22832179069519043
10,random_curve,15.82,4.194343090057373,-0.12455187737941742,0.29319998621940613,0.2190159112215042,0.35654857754707336,0.05795448645949364,0.004020318388938904,0.23781371116638184
10,random_curve,15.84,4.196004390716553,-0.12404368817806244,0.29319998621940613,0.22059231996536255,0.35654857754707336,0.052698150277137756,0.005363970994949341,0.2399841696023941
10,random_curve,15.860000000000001,4.197892189025879,-0.12352748960256577,0.29319998621940613,0.22392012178897858,0.35654857754707336,0.07423519343137741,0.0068398118019104,0.2625788748264313
10,random_curve,15.88,4.200033664703369,-0.12292690575122833,0.29319998621940613,0.22718235850334167,0.35654857754707336,0.0711018443107605,0.008526474237442017,0.22764618694782257
10,random_curve,15.9,4.201999187469482,-0.12215709686279297,0.29319998621940613,0.22861583530902863,0.35654857754707336,0.049550097435712814,0.010256491601467133,0.2264697104692459
10,random_curve,15.92,4.203802108764648,-0.12103185057640076,0.29319998621940613,0.2291025072336197,0.35654857754707336,0.04016677662730217,0.012192271649837494,0.2033080905675888
10,random_curve,15.94,4.2053093910217285,-0.11955157667398453,0.29319998621940613,0.22885377705097198,0.35654857754707336,0.011801164597272873,0.01425974816083908,0.221471905708313
10,random_curve,15.96,4.206093788146973,-0.11839354038238525,0.29319998621940613,0.22750981152057648,0.35654857754707336,-0.008315213024616241,0.015658386051654816,0.22215093672275543
10,random_curve,15.98,4.206514358520508,-0.11814581602811813,0.29319998621940613,0.22679877281188965,0.35654857754707336,0.021393658593297005,0.016097664833068848,0.23677581548690796
10,random_curve,16.0,4.2061262130737305,-0.11808869987726212,0.29319998621940613,0.2273792028427124,0.35654857754707336,-0.04727615416049957,0.015930108726024628,0.23469901084899902
10,random_curve,16.02,4.205631732940674,-0.11760365217924118,0.29319998621940613,0.22863876819610596,0.35654857754707336,-0.01939973793923855,0.016059838235378265,0.24838173389434814
10,random_curve,16.04,4.2056169509887695,-0.11735112220048904,0.29319998621940613,0.22911544144153595,0.35654857754707336,4.715268732979894e-05,0.016261853277683258,0.2291569858789444
10,random_curve,16.06,4.205559730529785,-0.11772334575653076,0.29319998621940613,0.22901944816112518,0.35654857754707336,0.014231384731829166,0.015920311212539673,0.2116152048110962
10,random_curve,16.080000000000002,4.2055768966674805,-0.11779111623764038,0.29319998621940613,0.22882512211799622,0.35654857754707336,-0.007747520226985216,0.01587340235710144,0.19810166954994202
10,random_curve,16.1,4.205776691436768,-0.11742544919252396,0.29319998621940613,0.2282751500606537,0.35654857754707336,0.002444225363433361,0.01628851145505905,0.21878845989704132
10,random_curve,16.12,4.20571756362915,-0.1172611340880394,0.29319998621940613,0.22685474157333374,0.35654857754707336,-0.011730019003152847,0.016392521560192108,0.2409338653087616
10,random_curve,16.14,4.205174922943115,-0.11749062687158585,0.29319998621940613,0.22488249838352203,0.35654857754707336,-0.02204909175634384,0.01590077579021454,0.22609134018421173
10,random_curve,16.16,4.204381942749023,-0.11776717752218246,0.29319998621940613,0.22387643158435822,0.35654857754707336,-0.026652470231056213,0.015231132507324219,0.23690328001976013
10,random_curve,16.18,4.203274250030518,-0.11832331866025925,0.29319998621940613,0.22318239510059357,0.35654857754707336,-0.03422904014587402,0.0141543447971344,0.22586368024349213
10,random_curve,16.2,4.201626777648926,-0.11944499611854553,0.29319998621940613,0.22312964498996735,0.35654857754707336,-0.03580997884273529,0.012307681143283844,0.21627989411354065
10,random_curve,16.22,4.199632167816162,-0.12044662982225418,0.29319998621940613,0.22433599829673767,0.35654857754707336,-0.07151724398136139,0.010368578135967255,0.23533882200717926
10,random_curve,16.240000000000002,4.197915077209473,-0.1211378276348114,0.29319998621940613,0.22520391643047333,0.35654857754707336,-0.03847450017929077,0.00884167104959488,0.22031782567501068
10,random_curve,16.26,4.196575164794922,-0.1216338723897934,0.29319998621940613,0.22528471052646637,0.35654857754707336,-0.03963363915681839,0.007686227560043335,0.19470100104808807
10,random_curve,16.28,4.195581436157227,-0.12194722890853882,0.29319998621940613,0.224367156624794,0.35654857754707336,-0.02537781372666359,0.006874695420265198,0.22326843440532684
10,random_curve,16.3,4.1947174072265625,-0.12240081280469894,0.29319998621940613,0.2234216332435608,0.35654857754707336,-0.017002560198307037,0.006018310785293579,0.253245085477829
10,random_curve,16.32,4.194568634033203,-0.12345025688409805,0.29319998621940613,0.22336822748184204,0.35654857754707336,0.05004199594259262,0.005062304437160492,0.25933748483657837
10,random_curve,16.34,4.194997787475586,-0.12489676475524902,0.29319998621940613,0.22285272181034088,0.35654857754707336,0.06259490549564362,0.004096038639545441,0.2667147219181061
10,random_curve,16.36,4.195234298706055,-0.12683157622814178,0.29319998621940613,0.22169402241706848,0.35654857754707336,0.0679149255156517,0.0026165544986724854,0.27316853404045105
10,random_curve,16.38,4.195583820343018,-0.1291334331035614,0.29319998621940613,0.22213980555534363,0.35654857754707336,0.08565425872802734,0.0008941665291786194,0.26937252283096313
10,random_curve,16.4,4.195952892303467,-0.13110116124153137,0.29319998621940613,0.22332802414894104,0.35654857754707336,0.06335503607988358,-0.0005392581224441528,0.2445831000804901
10,random_curve,16.42,4.196135997772217,-0.1328052431344986,0.29319998621940613,0.22266237437725067,0.35654857754707336,0.04897969216108322,-0.0018562749028205872,0.1980903595685959
10,random_curve,16.44,4.196303367614746,-0.1343686282634735,0.29319998621940613,0.21981264650821686,0.35654857754707336,0.053975313901901245,-0.0030649006366729736,0.23141153156757355
10,random_curve,16.46,4.196791648864746,-0.1357058733701706,0.29319998621940613,0.21751144528388977,0.35654857754707336,0.057108648121356964,-0.003907449543476105,0.28412261605262756
10,random_curve,16.48,4.1970672607421875,-0.13670460879802704,0.29319998621940613,0.21659502387046814,0.35654857754707336,0.023259801790118217,-0.004586063325405121,0.22164586186408997
10,random_curve,16.5,4.1973724365234375,-0.1377509981393814,0.29319998621940613,0.2168785035610199,0.35654857754707336,0.05782698839902878,-0.005287967622280121,0.22515755891799927
10,random_curve,16.52,4.1978583335876465,-0.13844561576843262,0.29319998621940613,0.21963699162006378,0.35654857754707336,0.022484587505459785,-0.005596905946731567,0.26079344749450684
10,random_curve,16.54,4.1984782218933105,-0.13851839303970337,0.29319998621940613,0.2247149497270584,0.35654857754707336,0.03280802443623543,-0.005313962697982788,0.2721158266067505
10,random_curve,16.56,4.198729515075684,-0.13845263421535492,0.29319998621940613,0.23001308739185333,0.35654857754707336,-0.010418931022286415,-0.005119971930980682,0.2555302381515503
10,random_curve,16.580000000000002,4.198633670806885,-0.13774913549423218,0.29319998621940613,0.23393042385578156,0.35654857754707336,-0.03706372156739235,-0.004587486386299133,0.27905192971229553
10,random_curve,16.6,4.198266506195068,-0.1362842172384262,0.29319998621940613,0.23671981692314148,0.35654857754707336,-0.06627524644136429,-0.003571555018424988,0.2522246837615967
10,random_curve,16.62,4.197508811950684,-0.13465456664562225,0.29319998621940613,0.23806604743003845,0.35654857754707336,-0.08642244338989258,-0.0026349052786827087,0.22849279642105103
10,random_curve,16.64,4.196783065795898,-0.1326240748167038,0.29319998621940613,0.23649078607559204,0.35654857754707336,-0.08089244365692139,-0.0013468936085700989,0.24614472687244415
10,random_curve,16.66,4.196290969848633,-0.1305607706308365,0.29319998621940613,0.23442550003528595,0.35654857754707336,-0.07618226855993271,9.791553020477295e-05,0.25445321202278137
10,random_curve,16.68,4.195979118347168,-0.12877604365348816,0.29319998621940613,0.23279522359371185,0.35654857754707336,-0.04954966902732849,0.0014107152819633484,0.24231389164924622
10,random_curve,16.7,4.19597053527832,-0.127240389585495,0.29319998621940613,0.2307456135749817,0.35654857754707336,-0.03751983493566513,0.0026842504739761353,0.2391749918460846
10,random_curve,16.72,4.1960978507995605,-0.12572620809078217,0.29319998621940613,0.229475736618042,0.35654857754707336,-0.03644144907593727,0.004015222191810608,0.2356327474117279
10,random_curve,16.740000000000002,4.19638204574585,-0.1246534213423729,0.29319998621940613,0.22778037190437317,0.35654857754707336,-0.0014912262558937073,0.005065716803073883,0.20997942984104156
10,random_curve,16.76,4.196654796600342,-0.12393858283758163,0.29319998621940613,0.22483642399311066,0.35654857754707336,-0.01969718001782894,0.0058118924498558044,0.2228618860244751
10,random_curve,16.78,4.196520805358887,-0.12337181717157364,0.29319998621940613,0.22230875492095947,0.35654857754707336,-0.01841380074620247,0.006209418177604675,0.21308720111846924
10,random_curve,16.8,4.1965742111206055,-0.12351127713918686,0.29319998621940613,0.22151511907577515,0.35654857754707336,0.026619426906108856,0.0061229318380355835,0.22619950771331787
10,random_curve,16.82,4.197149753570557,-0.12406569719314575,0.29319998621940613,0.22252628207206726,0.35654857754707336,0.04945027828216553,0.005980372428894043,0.2237752228975296
10,random_curve,16.84,4.197947978973389,-0.12476552277803421,0.29319998621940613,0.22423383593559265,0.35654857754707336,0.05488503351807594,0.005840182304382324,0.20264406502246857
10,random_curve,16.86,4.198633670806885,-0.12596650421619415,0.29319998621940613,0.22493073344230652,0.35654857754707336,0.07015247642993927,0.005220457911491394,0.20263011753559113
10,random_curve,16.88,4.1997575759887695,-0.12735837697982788,0.29319998621940613,0.22421784698963165,0.35654857754707336,0.09478628635406494,0.004684679210186005,0.18737386167049408
10,random_curve,16.9,4.20110559463501,-0.12858980894088745,0.29319998621940613,0.22317473590373993,0.35654857754707336,0.08248962461948395,0.004406653344631195,0.18976208567619324
10,random_curve,16.92,4.202565670013428,-0.1292220801115036,0.29319998621940613,0.22297118604183197,0.35654857754707336,0.07826323062181473,0.004689469933509827,0.1947082132101059
10,random_curve,16.94,4.204418182373047,-0.12930405139923096,0.29319998621940613,0.2242046743631363,0.35654857754707336,0.07926716655492783,0.005647838115692139,0.20883071422576904
10,random_curve,16.96,4.206451416015625,-0.12847831845283508,0.29319998621940613,0.2256183624267578,0.35654857754707336,0.04920618608593941,0.007461927831172943,0.22199919819831848
10,random_curve,16.98,4.208242893218994,-0.12702105939388275,0.29319998621940613,0.22662121057510376,0.35654857754707336,0.020610086619853973,0.009667731821537018,0.21749664843082428
10,random_curve,17.0,4.209281921386719,-0.12545692920684814,0.29319998621940613,0.2266453206539154,0.35654857754707336,-0.016978168860077858,0.011545516550540924,0.2087065577507019
10,random_curve,17.02,4.209362030029297,-0.12375789135694504,0.29319998621940613,0.22620050609111786,0.35654857754707336,-0.06728509068489075,0.013004213571548462,0.21924062073230743
10,random_curve,17.04,4.208423614501953,-0.12234997004270554,0.29319998621940613,0.2267971783876419,0.35654857754707336,-0.08432760089635849,0.013656139373779297,0.218689426779747
10,random_curve,17.06,4.206789970397949,-0.12170533835887909,0.29319998621940613,0.22925592958927155,0.35654857754707336,-0.08607979118824005,0.013287417590618134,0.22079414129257202
10,random_curve,17.080000000000002,4.204432487487793,-0.12176436930894852,0.29319998621940613,0.2324146330356598,0.35654857754707336,-0.10374648123979568,0.011931851506233215,0.21536585688591003
10,random_curve,17.1,4.202113151550293,-0.12245918810367584,0.29319998621940613,0.23522980511188507,0.35654857754707336,-0.05580710619688034,0.01006818562746048,0.2043202519416809
10,random_curve,17.12,4.200043678283691,-0.12344031035900116,0.29319998621940613,0.2370251566171646,0.35654857754707336,-0.06156647577881813,0.008104659616947174,0.19000466167926788
10,random_curve,17.14,4.197760105133057,-0.12443220615386963,0.29319998621940613,0.2363317310810089,0.35654857754707336,-0.0707569271326065,0.006013527512550354,0.21999317407608032
10,random_curve,17.16,4.195570945739746,-0.12553346157073975,0.29319998621940613,0.23254722356796265,0.35654857754707336,-0.052963852882385254,0.003883667290210724,0.17235566675662994
10,random_curve,17.18,4.193238258361816,-0.12641556560993195,0.29319998621940613,0.2278297394514084,0.35654857754707336,-0.08793672919273376,0.0018567070364952087,0.1776292771100998
10,random_curve,17.2,4.190530776977539,-0.12723447382450104,0.29319998621940613,0.22355501353740692,0.35654857754707336,-0.09037019312381744,-0.0003253519535064697,0.18241137266159058
10,random_curve,17.22,4.188354969024658,-0.12819677591323853,0.29319998621940613,0.22077563405036926,0.35654857754707336,-0.04042973741889,-0.002332128584384918,0.2165508270263672
10,random_curve,17.240000000000002,4.187047958374023,-0.1292860209941864,0.29319998621940613,0.22063608467578888,0.35654857754707336,-0.009920883923768997,-0.0039631277322769165,0.24071010947227478
10,random_curve,17.26,4.186342239379883,-0.1302691251039505,0.29319998621940613,0.22288301587104797,0.35654857754707336,0.004589661955833435,-0.005172558128833771,0.2605498135089874
10,random_curve,17.28,4.185522079467773,-0.1308993548154831,0.29319998621940613,0.2265012264251709,0.35654857754707336,-0.03491339460015297,-0.006151661276817322,0.24154984951019287
10,random_curve,17.3,4.184564590454102,-0.13097259402275085,0.29319998621940613,0.23028071224689484,0.35654857754707336,-0.03927231952548027,-0.006743237376213074,0.20641344785690308
10,random_curve,17.32,4.184152603149414,-0.13059444725513458,0.29319998621940613,0.2329249531030655,0.35654857754707336,-0.016271216794848442,-0.006656773388385773,0.21131572127342224
10,random_curve,17.34,4.183653831481934,-0.13003025949001312,0.29319998621940613,0.23363830149173737,0.35654857754707336,-0.05322319269180298,-0.006463542580604553,0.21631747484207153
10,random_curve,17.36,4.183138847351074,-0.12922139465808868,0.29319998621940613,0.23240604996681213,0.35654857754707336,-0.03708893805742264,-0.006075620651245117,0.20179960131645203
10,random_curve,17.38,4.183346748352051,-0.1277579367160797,0.29319998621940613,0.22900602221488953,0.35654857754707336,-0.02464202046394348,-0.004742220044136047,0.21787616610527039
10,random_curve,17.400000000000002,4.183830738067627,-0.12628309428691864,0.29319998621940613,0.2249838411808014,0.35654857754707336,-0.0171191543340683,-0.0032463371753692627,0.24490633606910706
10,random_curve,17.42,4.184981822967529,-0.12507309019565582,0.29319998621940613,0.22179202735424042,0.35654857754707336,0.040165532380342484,-0.0016012340784072876,0.2245148867368698
10,random_curve,17.44,4.186450004577637,-0.12403564900159836,0.29319998621940613,0.22084587812423706,0.35654857754707336,0.02630808763206005,7.595866918563843e-05,0.2301427125930786
10,random_curve,17.46,4.18838357925415,-0.12334863096475601,0.29319998621940613,0.22267919778823853,0.35654857754707336,0.09152679145336151,0.001719363033771515,0.2520747482776642
10,random_curve,17.48,4.190810203552246,-0.1229560375213623,0.29319998621940613,0.22527267038822174,0.35654857754707336,0.0868430957198143,0.0033909082412719727,0.2337377965450287
10,random_curve,17.5,4.193154335021973,-0.12277266383171082,0.29319998621940613,0.2270091474056244,0.35654857754707336,0.09612099826335907,0.004842579364776611,0.2300603687763214
10,random_curve,17.52,4.195786476135254,-0.12276079505681992,0.29319998621940613,0.2282675951719284,0.35654857754707336,0.11911378055810928,0.006311103701591492,0.24867749214172363
10,random_curve,17.54,4.198834419250488,-0.12290394306182861,0.29319998621940613,0.22781935334205627,0.35654857754707336,0.13594195246696472,0.007881008088588715,0.23820511996746063
10,random_curve,17.56,4.201737403869629,-0.12359007447957993,0.29319998621940613,0.22457453608512878,0.35654857754707336,0.14735224843025208,0.008918605744838715,0.21385039389133453
10,random_curve,17.580000000000002,4.204493522644043,-0.12504896521568298,0.29319998621940613,0.2201744019985199,0.35654857754707336,0.15499897301197052,0.00923154503107071,0.21970346570014954
10,random_curve,17.6,4.206921100616455,-0.12685427069664001,0.29319998621940613,0.21861021220684052,0.35654857754707336,0.14632299542427063,0.009074084460735321,0.2590334713459015
10,random_curve,17.62,4.2085957527160645,-0.12855713069438934,0.29319998621940613,0.2203989177942276,0.35654857754707336,0.09013161063194275,0.008584640920162201,0.25320523977279663
10,random_curve,17.64,4.2094950675964355,-0.1300818920135498,0.29319998621940613,0.22437702119350433,0.35654857754707336,0.07173877954483032,0.007813788950443268,0.2776625156402588
10,random_curve,17.66,4.209967136383057,-0.13117560744285583,0.29319998621940613,0.228888139128685,0.35654857754707336,0.03035813197493553,0.007164977490901947,0.23805782198905945
10,random_curve,17.68,4.210583686828613,-0.13157325983047485,0.29319998621940613,0.23173928260803223,0.35654857754707336,0.037316083908081055,0.007175631821155548,0.24962477385997772
10,random_curve,17.7,4.210691452026367,-0.13202060759067535,0.29319998621940613,0.23236313462257385,0.35654857754707336,0.001640403177589178,0.0068629831075668335,0.1917484700679779
10,random_curve,17.72,4.210407733917236,-0.1317913681268692,0.29319998621940613,0.23097147047519684,0.35654857754707336,-0.03482850641012192,0.006896570324897766,0.19509398937225342
10,random_curve,17.740000000000002,4.209987640380859,-0.13138975203037262,0.29319998621940613,0.22938048839569092,0.35654857754707336,-0.025408223271369934,0.006998084485530853,0.21185456216335297
10,random_curve,17.76,4.209342956542969,-0.13101696968078613,0.29319998621940613,0.22771140933036804,0.35654857754707336,-0.04688684642314911,0.006951123476028442,0.18790437281131744
10,random_curve,17.78,4.208681106567383,-0.130353644490242,0.29319998621940613,0.22650146484375,0.35654857754707336,-0.044418759644031525,0.007136508822441101,0.22042706608772278
10,random_curve,17.8,4.2083210945129395,-0.1295904666185379,0.29319998621940613,0.22773998975753784,0.35654857754707336,-0.027435753494501114,0.007572270929813385,0.2575780153274536
10,random_curve,17.82,4.208312034606934,-0.12955404818058014,0.29319998621940613,0.23027940094470978,0.35654857754707336,0.022332901135087013,0.007597565650939941,0.24637429416179657
10,random_curve,17.84,4.208157539367676,-0.12992683053016663,0.29319998621940613,0.23136846721172333,0.35654857754707336,-0.00871480256319046,0.007201649248600006,0.21226689219474792
10,random_curve,17.86,4.2078022956848145,-0.13029912114143372,0.29319998621940613,0.22989460825920105,0.35654857754707336,0.001215553842484951,0.006694890558719635,0.24669623374938965
10,random_curve,17.88,4.207353115081787,-0.13043498992919922,0.29319998621940613,0.22799944877624512,0.35654857754707336,-0.02967483550310135,0.006332866847515106,0.2661840319633484
10,random_curve,17.900000000000002,4.206638336181641,-0.13035383820533752,0.29319998621940613,0.22588080167770386,0.35654857754707336,-0.029366036877036095,0.006004318594932556,0.18397249281406403
10,random_curve,17.92,4.206479549407959,-0.13001519441604614,0.29319998621940613,0.22474947571754456,0.35654857754707336,-0.007833488285541534,0.006198212504386902,0.2242879420518875
10,random_curve,17.94,4.206601142883301,-0.12940607964992523,0.29319998621940613,0.22589148581027985,0.35654857754707336,-0.014338317327201366,0.006772622466087341,0.23609597980976105
10,random_curve,17.96,4.2064127922058105,-0.12860795855522156,0.29319998621940613,0.2279035747051239,0.35654857754707336,-0.041404277086257935,0.007332608103752136,0.21698379516601562
10,random_curve,17.98,4.205994129180908,-0.12781573832035065,0.29319998621940613,0.22980035841464996,0.35654857754707336,-0.03722669184207916,0.007760055363178253,0.2034989297389984
10,random_curve,18.0,4.205930233001709,-0.1268397569656372,0.29319998621940613,0.23152928054332733,0.35654857754707336,-0.02341664582490921,0.008537054061889648,0.2204843908548355
10,random_curve,18.02,4.2059197425842285,-0.12591663002967834,0.29319998621940613,0.2316267341375351,0.35654857754707336,-0.027219286188483238,0.009299658238887787,0.20850136876106262
10,random_curve,18.04,4.205979347229004,-0.12476494908332825,0.29319998621940613,0.2297758013010025,0.35654857754707336,-0.0357951857149601,0.010291360318660736,0.20676444470882416
10,random_curve,18.06,4.2061567306518555,-0.12347934395074844,0.29319998621940613,0.22695477306842804,0.35654857754707336,-0.0242198184132576,0.01145981252193451,0.26177099347114563
10,random_curve,18.080000000000002,4.206313133239746,-0.12224560976028442,0.29319998621940613,0.22552795708179474,0.35654857754707336,-0.027976779267191887,0.012573450803756714,0.2992694079875946
10,random_curve,18.1,4.206091403961182,-0.12194748222827911,0.29319998621940613,0.22543032467365265,0.35654857754707336,-0.00985487550497055,0.012698739767074585,0.23820824921131134
10,random_curve,18.12,4.205931186676025,-0.12207022309303284,0.29319998621940613,0.2254108190536499,0.35654857754707336,0.0012608538381755352,0.012507781386375427,0.24566449224948883
10,random_curve,18.14,4.206144332885742,-0.12240348011255264,0.29319998621940613,0.22557026147842407,0.35654857754707336,0.035853296518325806,0.012348495423793793,0.2245214730501175
10,random_curve,18.16,4.20637321472168,-0.12337128818035126,0.29319998621940613,0.22550290822982788,0.35654857754707336,0.03166428953409195,0.011669717729091644,0.25154203176498413
10,random_curve,18.18,4.206297397613525,-0.12482506036758423,0.29319998621940613,0.22514794766902924,0.35654857754707336,0.04133974760770798,0.010417573153972626,0.2468397170305252
10,random_curve,18.2,4.206635475158691,-0.1264687031507492,0.29319998621940613,0.22516626119613647,0.35654857754707336,0.07521890103816986,0.009236745536327362,0.2874120771884918
10,random_curve,18.22,4.2072014808654785,-0.12842325866222382,0.29319998621940613,0.2260075956583023,0.35654857754707336,0.07865636050701141,0.007923416793346405,0.26897284388542175
10,random_curve,18.240000000000002,4.207755088806152,-0.13082024455070496,0.29319998621940613,0.22720110416412354,0.35654857754707336,0.09909917414188385,0.006234943866729736,0.2787533104419708
10,random_curve,18.26,4.208033084869385,-0.13304686546325684,0.29319998621940613,0.228912815451622,0.35654857754707336,0.05061446130275726,0.004535548388957977,0.2622443735599518
10,random_curve,18.28,4.208274841308594,-0.13493534922599792,0.29319998621940613,0.23102034628391266,0.35654857754707336,0.071175217628479,0.003097526729106903,0.26148396730422974
10,random_curve,18.3,4.208732604980469,-0.13657207787036896,0.29319998621940613,0.23198483884334564,0.35654857754707336,0.05920444428920746,0.0019887834787368774,0.24768348038196564
10,random_curve,18.32,4.208946228027344,-0.13821308314800262,0.29319998621940613,0.23130185902118683,0.35654857754707336,0.05112675577402115,0.0007411763072013855,0.2442096322774887
10,random_curve,18.34,4.209354400634766,-0.13973070681095123,0.29319998621940613,0.22913825511932373,0.35654857754707336,0.05725708603858948,-0.00029590725898742676,0.2718363404273987
10,random_curve,18.36,4.209566116333008,-0.14110983908176422,0.29319998621940613,0.22579321265220642,0.35654857754707336,0.04510347172617912,-0.0013265758752822876,0.2578377425670624
10,random_curve,18.38,4.209498405456543,-0.14280745387077332,0.29319998621940613,0.22193793952465057,0.35654857754707336,0.04136960953474045,-0.002777211368083954,0.270241379737854
10,random_curve,18.400000000000002,4.209113121032715,-0.14446035027503967,0.29319998621940613,0.21904128789901733,0.35654857754707336,0.019352616742253304,-0.0043666064739227295,0.2603336572647095
10,random_curve,18.42,4.20815896987915,-0.14611408114433289,0.29319998621940613,0.2180681973695755,0.35654857754707336,-0.008458256721496582,-0.006271935999393463,0.2714584767818451
10,random_curve,18.44,4.207189083099365,-0.1473371833562851,0.29319998621940613,0.21943356096744537,0.35654857754707336,-0.0010778997093439102,-0.007827527821063995,0.28216350078582764
10,random_curve,18.46,4.206748008728027,-0.14782166481018066,0.29319998621940613,0.22202788293361664,0.35654857754707336,-0.008002219721674919,-0.008475251495838165,0.26359325647354126
10,random_curve,18.48,4.206387519836426,-0.14789661765098572,0.29319998621940613,0.225668266415596,0.35654857754707336,-0.0167788527905941,-0.008737415075302124,0.274678498506546
10,random_curve,18.5,4.206541061401367,-0.14726361632347107,0.29319998621940613,0.22967422008514404,0.35654857754707336,-0.005579466000199318,-0.00812540203332901,0.31880706548690796
10,random_curve,18.52,4.206788539886475,-0.14646588265895844,0.29319998621940613,0.23135675489902496,0.35654857754707336,-0.010351527482271194,-0.00732421875,0.339713454246521
10,random_curve,18.54,4.20665168762207,-0.14585307240486145,0.29319998621940613,0.2298932522535324,0.35654857754707336,-0.0262555293738842,-0.006889954209327698,0.24269214272499084
10,random_curve,18.56,4.20603609085083,-0.144963800907135,0.29319998621940613,0.22688980400562286,0.35654857754707336,-0.07284317910671234,-0.006490856409072876,0.24890854954719543
10,random_curve,18.580000000000002,4.204446792602539,-0.14373129606246948,0.29319998621940613,0.22360429167747498,0.35654857754707336,-0.11803555488586426,-0.006345644593238831,0.20947811007499695
10,random_curve,18.6,4.202888011932373,-0.14283452928066254,0.29319998621940613,0.2203705608844757,0.35654857754707336,-0.06355798244476318,-0.006462998688220978,0.240907683968544
10,random_curve,18.62,4.2023186683654785,-0.14268676936626434,0.29319998621940613,0.21908658742904663,0.35654857754707336,0.00216586422175169,-0.006655514240264893,0.21959783136844635
10,random_curve,18.64,4.202869415283203,-0.14324064552783966,0.29319998621940613,0.22005429863929749,0.35654857754707336,0.06917300820350647,-0.006811358034610748,0.21908749639987946
10,random_curve,18.66,4.2043023109436035,-0.14390520751476288,0.29319998621940613,0.22212357819080353,0.35654857754707336,0.08464404940605164,-0.006570480763912201,0.23735308647155762
10,random_curve,18.68,4.205958843231201,-0.14467279613018036,0.29319998621940613,0.22534595429897308,0.35654857754707336,0.09447597712278366,-0.006291434168815613,0.24404409527778625
10,random_curve,18.7,4.207775115966797,-0.14543244242668152,0.29319998621940613,0.22871677577495575,0.35654857754707336,0.09601782262325287,-0.005917258560657501,0.2354077398777008
10,random_curve,18.72,4.209224224090576,-0.14631633460521698,0.29319998621940613,0.23028750717639923,0.35654857754707336,0.0769081562757492,-0.005849964916706085,0.22071212530136108
10,random_curve,18.740000000000002,4.210391998291016,-0.14726907014846802,0.29319998621940613,0.23033519089221954,0.35654857754707336,0.07043784856796265,-0.005995891988277435,0.2320488840341568
10,random_curve,18.76,4.211122989654541,-0.1483890414237976,0.29319998621940613,0.22904422879219055,0.35654857754707336,0.0526050440967083,-0.006523072719573975,0.24943141639232635
10,random_curve,18.78,4.211641788482666,-0.14934828877449036,0.29319998621940613,0.22640171647071838,0.35654857754707336,0.04025612026453018,-0.0070340633392333984,0.2034669667482376
10,random_curve,18.8,4.211857795715332,-0.1498558223247528,0.29319998621940613,0.2226775735616684,0.35654857754707336,0.009199009276926517,-0.007336825132369995,0.2191293090581894
10,random_curve,18.82,4.211792469024658,-0.149465411901474,0.29319998621940613,0.21906915307044983,0.35654857754707336,-0.0277720894664526,-0.0070480480790138245,0.266301691532135
10,random_curve,18.84,4.211461067199707,-0.14828839898109436,0.29319998621940613,0.21776580810546875,0.35654857754707336,-0.06684629619121552,-0.0062519460916519165,0.2348516434431076
10,random_curve,18.86,4.210575103759766,-0.14664728939533234,0.29319998621940613,0.21886079013347626,0.35654857754707336,-0.09573562443256378,-0.005376845598220825,0.2312297821044922
10,random_curve,18.88,4.209637641906738,-0.14502361416816711,0.29319998621940613,0.221902996301651,0.35654857754707336,-0.07280999422073364,-0.00454479455947876,0.2104983776807785
10,random_curve,18.900000000000002,4.208550453186035,-0.14364968240261078,0.29319998621940613,0.22641371190547943,0.35654857754707336,-0.0922149196267128,-0.004003606736660004,0.2093994915485382
10,random_curve,18.92,4.2076497077941895,-0.1422463059425354,0.29319998621940613,0.22938117384910583,0.35654857754707336,-0.06607316434383392,-0.0033345893025398254,0.20697803795337677
10,random_curve,18.94,4.207066059112549,-0.14058823883533478,0.29319998621940613,0.2287551909685135,0.35654857754707336,-0.07254274934530258,-0.002277843654155731,0.20793360471725464
10,random_curve,18.96,4.205886363983154,-0.13911963999271393,0.29319998621940613,0.2246035486459732,0.35654857754707336,-0.10008533298969269,-0.0017091184854507446,0.22715145349502563
10,random_curve,18.98,4.205086708068848,-0.13783253729343414,0.29319998621940613,0.21961303055286407,0.35654857754707336,-0.05171038210391998,-0.0010808631777763367,0.26971685886383057
10,random_curve,19.0,4.204879283905029,-0.13588106632232666,0.29319998621940613,0.21446950733661652,0.35654857754707336,-0.06802158802747726,0.00042860954999923706,0.2024165540933609
10,random_curve,19.02,4.204360485076904,-0.13415536284446716,0.29319998621940613,0.210799440741539,0.35654857754707336,-0.06872348487377167,0.0015775933861732483,0.22679710388183594
10,random_curve,19.04,4.203843116760254,-0.13323315978050232,0.29319998621940613,0.20941311120986938,0.35654857754707336,-0.028114842250943184,0.0020585358142852783,0.29177024960517883
10,random_curve,19.06,4.20323371887207,-0.13353653252124786,0.29319998621940613,0.21025696396827698,0.35654857754707336,-0.008773336187005043,0.0014683008193969727,0.27271148562431335
10,random_curve,19.080000000000002,4.202942848205566,-0.13450361788272858,0.29319998621940613,0.21391543745994568,0.35654857754707336,0.03332792967557907,0.0005021020770072937,0.30791082978248596
10,random_curve,19.1,4.202834129333496,-0.13562116026878357,0.29319998621940613,0.22000382840633392,0.35654857754707336,0.020224858075380325,-0.0004883930087089539,0.3145985007286072
10,random_curve,19.12,4.202892303466797,-0.13671845197677612,0.29319998621940613,0.22607840597629547,0.35654857754707336,0.045653633773326874,-0.0013695508241653442,0.32596713304519653
10,random_curve,19.14,4.2030110359191895,-0.13750424981117249,0.29319998621940613,0.2302212119102478,0.35654857754707336,0.018115613609552383,-0.0019578561186790466,0.31069764494895935
10,random_curve,19.16,4.203153133392334,-0.13854435086250305,0.29319998621940613,0.23330165445804596,0.35654857754707336,0.04243765398859978,-0.002744898200035095,0.29847654700279236
10,random_curve,19.18,4.202786922454834,-0.1395384520292282,0.29319998621940613,0.23454123735427856,0.35654857754707336,-0.013251857832074165,-0.0037753432989120483,0.23789085447788239
10,random_curve,19.2,4.201562404632568,-0.13989606499671936,0.29319998621940613,0.2335846871137619,0.35654857754707336,-0.05834696814417839,-0.004751607775688171,0.23806223273277283
10,random_curve,19.22,4.200385570526123,-0.13982194662094116,0.29319998621940613,0.23118917644023895,0.35654857754707336,-0.04921799153089523,-0.005342066287994385,0.20430639386177063
10,random_curve,19.240000000000002,4.199611186981201,-0.13915972411632538,0.29319998621940613,0.22759635746479034,0.35654857754707336,-0.05429324135184288,-0.005219966173171997,0.20230142772197723
10,random_curve,19.26,4.198784828186035,-0.1388550102710724,0.29319998621940613,0.22443272173404694,0.35654857754707336,-0.031130334362387657,-0.0054242536425590515,0.21712394058704376
10,random_curve,19.28,4.198614597320557,-0.13893990218639374,0.29319998621940613,0.22319196164608002,0.35654857754707336,0.015431350097060204,-0.0055892616510391235,0.23735669255256653
10,random_curve,19.3,4.199248790740967,-0.13899292051792145,0.29319998621940613,0.2220582515001297,0.35654857754707336,0.03204324468970299,-0.0052819401025772095,0.2396884262561798
10,random_curve,19.32,4.200082302093506,-0.1386234313249588,0.29319998621940613,0.22059333324432373,0.35654857754707336,0.019173046573996544,-0.004512473940849304,0.24844172596931458
10,random_curve,19.34,4.200775146484375,-0.13768747448921204,0.29319998621940613,0.21980823576450348,0.35654857754707336,-0.010213248431682587,-0.0033494308590888977,0.26847153902053833
10,random_curve,19.36,4.200719356536865,-0.13658179342746735,0.29319998621940613,0.2197665572166443,0.35654857754707336,-0.052020009607076645,-0.002459973096847534,0.24436315894126892
10,random_curve,19.38,4.200364589691162,-0.1354674994945526,0.29319998621940613,0.22169600427150726,0.35654857754707336,-0.03799618408083916,-0.001729026436805725,0.2548372149467468
10,random_curve,19.400000000000002,4.20038366317749,-0.13451188802719116,0.29319998621940613,0.22490647435188293,0.35654857754707336,-0.01651383377611637,-0.0009229928255081177,0.27062931656837463
10,random_curve,19.42,4.200197219848633,-0.13430212438106537,0.29319998621940613,0.2283700406551361,0.35654857754707336,-0.010552735067903996,-0.0008517056703567505,0.2538027763366699
10,random_curve,19.44,4.199804782867432,-0.13402345776557922,0.29319998621940613,0.23187890648841858,0.35654857754707336,-0.035555239766836166,-0.0008372142910957336,0.22753594815731049
10,random_curve,19.46,4.199428081512451,-0.1332540065050125,0.29319998621940613,0.23331423103809357,0.35654857754707336,-0.03694302216172218,-0.0004054754972457886,0.20086562633514404
10,random_curve,19.48,4.199139595031738,-0.13213691115379333,0.29319998621940613,0.23182962834835052,0.35654857754707336,-0.046333447098731995,0.00036453455686569214,0.21865323185920715
10,random_curve,19.5,4.1993021965026855,-0.13132981956005096,0.29319998621940613,0.22845657169818878,0.35654857754707336,0.00893943291157484,0.0011264681816101074,0.23476922512054443
10,random_curve,19.52,4.19995641708374,-0.13082566857337952,0.29319998621940613,0.22405700385570526,0.35654857754707336,0.016207028180360794,0.0019086748361587524,0.22205750644207
10,random_curve,19.54,4.20081090927124,-0.13077227771282196,0.29319998621940613,0.2206592559814453,0.35654857754707336,0.04929604008793831,0.002426646649837494,0.24946951866149902
10,random_curve,19.56,4.201374053955078,-0.13169178366661072,0.29319998621940613,0.21909141540527344,0.35654857754707336,0.04852771759033203,0.0019733160734176636,0.24491329491138458
10,random_curve,19.580000000000002,4.201962471008301,-0.13279789686203003,0.29319998621940613,0.21778838336467743,0.35654857754707336,0.06157549470663071,0.001378662884235382,0.22259780764579773
10,random_curve,19.6,4.202587604522705,-0.13318690657615662,0.29319998621940613,0.21759527921676636,0.35654857754707336,0.01630980148911476,0.001401275396347046,0.22393658757209778
10,random_curve,19.62,4.203127861022949,-0.13334472477436066,0.29319998621940613,0.21977867186069489,0.35654857754707336,0.036115311086177826,0.001569300889968872,0.22957569360733032
10,random_curve,19.64,4.203798294067383,-0.13347630202770233,0.29319998621940613,0.22322343289852142,0.35654857754707336,0.026699509471654892,0.0018313005566596985,0.20099399983882904
10,random_curve,19.66,4.2044525146484375,-0.1335684359073639,0.29319998621940613,0.2263810783624649,0.35654857754707336,0.03462585061788559,0.002117156982421875,0.21750688552856445
10,random_curve,19.68,4.2051215171813965,-0.13383840024471283,0.29319998621940613,0.22785429656505585,0.35654857754707336,0.03612552955746651,0.002263173460960388,0.2215733528137207
10,random_curve,19.7,4.2059454917907715,-0.13314887881278992,0.29319998621940613,0.2278316169977188,0.35654857754707336,0.00026529282331466675,0.003293752670288086,0.22807839512825012
10,random_curve,19.72,4.2064666748046875,-0.13181401789188385,0.29319998621940613,0.22824831306934357,0.35654857754707336,-0.02953677996993065,0.00469372421503067,0.2527518570423126
10,random_curve,19.740000000000002,4.207091331481934,-0.12997303903102875,0.29319998621940613,0.22900764644145966,0.35654857754707336,-0.020208679139614105,0.006572328507900238,0.25422900915145874
10,random_curve,19.76,4.207909107208252,-0.12749862670898438,0.29319998621940613,0.22971394658088684,0.35654857754707336,-0.04697437584400177,0.009085230529308319,0.23566290736198425
10,random_curve,19.78,4.208904266357422,-0.12477149814367294,0.29319998621940613,0.23102769255638123,0.35654857754707336,-0.023588750511407852,0.011906802654266357,0.2321176379919052
10,random_curve,19.8,4.209930896759033,-0.12225086241960526,0.29319998621940613,0.23289315402507782,0.35654857754707336,-0.0292365700006485,0.014573909342288971,0.24621757864952087
10,random_curve,19.82,4.210635662078857,-0.12051057070493698,0.29319998621940613,0.23508667945861816,0.35654857754707336,-0.009506205096840858,0.016413100063800812,0.234904944896698
10,random_curve,19.84,4.211033344268799,-0.1194043830037117,0.29319998621940613,0.2360628843307495,0.35654857754707336,-0.016898266971111298,0.017554283142089844,0.22058460116386414
10,random_curve,19.86,4.21099328994751,-0.1185513287782669,0.29319998621940613,0.23526211082935333,0.35654857754707336,-0.030346034094691277,0.01824217289686203,0.2087942361831665
10,random_curve,19.88,4.2108025550842285,-0.11809998750686646,0.29319998621940613,0.23406733572483063,0.35654857754707336,-0.012913594022393227,0.018512174487113953,0.18135865032672882
10,random_curve,19.900000000000002,4.210978984832764,-0.11748787760734558,0.29319998621940613,0.23270413279533386,0.35654857754707336,-0.007206179201602936,0.019119471311569214,0.19904905557632446
10,random_curve,19.92,4.210951328277588,-0.116690993309021,0.29319998621940613,0.2312823086977005,0.35654857754707336,-0.0363566055893898,0.019767478108406067,0.20616315305233002
10,random_curve,19.94,4.2102580070495605,-0.1165148913860321,0.29319998621940613,0.22918397188186646,0.35654857754707336,-0.03180932253599167,0.019529856741428375,0.21448339521884918
10,random_curve,19.96,4.209652423858643,-0.11728693544864655,0.29319998621940613,0.22711598873138428,0.35654857754707336,0.01779710315167904,0.018551602959632874,0.20908866822719574
10,random_curve,19.98,4.208711624145508,-0.11928190290927887,0.29319998621940613,0.22513419389724731,0.35654857754707336,0.014063071459531784,0.016369618475437164,0.2045176476240158
10,random_curve,20.0,4.2075581550598145,-0.12150416523218155,0.29319998621940613,0.2224460393190384,0.35654857754707336,0.012751609086990356,0.01388058066368103,0.20402631163597107
10,random_curve,20.02,4.206892013549805,-0.12421144545078278,0.29319998621940613,0.22109279036521912,0.35654857754707336,0.07736904919147491,0.011257871985435486,0.24256303906440735
10,random_curve,20.04,4.206613063812256,-0.12750716507434845,0.29319998621940613,0.2218470424413681,0.35654857754707336,0.08055684715509415,0.00835990160703659,0.24473336338996887
10,random_curve,20.06,4.206325531005859,-0.13014644384384155,0.29319998621940613,0.22350680828094482,0.35654857754707336,0.04367366433143616,0.006003610789775848,0.2348095178604126
10,random_curve,20.080000000000002,4.205843925476074,-0.1320023536682129,0.29319998621940613,0.22585199773311615,0.35654857754707336,0.02143273316323757,0.004191845655441284,0.21455487608909607
10,random_curve,20.1,4.205157279968262,-0.1335580050945282,0.29319998621940613,0.22837403416633606,0.35654857754707336,0.008121799677610397,0.0025163963437080383,0.21750134229660034
10,random_curve,20.12,4.204347133636475,-0.13436049222946167,0.29319998621940613,0.23051640391349792,0.35654857754707336,-0.024626370519399643,0.0013994425535202026,0.20609945058822632
10,random_curve,20.14,4.203322410583496,-0.13493408262729645,0.29319998621940613,0.23174883425235748,0.35654857754707336,-0.024973690509796143,0.0003541186451911926,0.2207140177488327
10,random_curve,20.16,4.2021989822387695,-0.13524624705314636,0.29319998621940613,0.23210509121418,0.35654857754707336,-0.048280470073223114,-0.0005282983183860779,0.21568001806735992
10,random_curve,20.18,4.201526641845703,-0.13549022376537323,0.29319998621940613,0.2316879779100418,0.35654857754707336,0.002024678513407707,-0.0011039748787879944,0.21540673077106476
10,random_curve,20.2,4.20140266418457,-0.13602426648139954,0.29319998621940613,0.22918178141117096,0.35654857754707336,0.00865581538528204,-0.0016172155737876892,0.19619260728359222
10,random_curve,20.22,4.201838493347168,-0.13646657764911652,0.29319998621940613,0.22650347650051117,0.35654857754707336,0.047790251672267914,-0.0017438828945159912,0.22393949329853058
10,random_curve,20.240000000000002,4.2028398513793945,-0.1368725597858429,0.29319998621940613,0.2243935763835907,0.35654857754707336,0.057172972708940506,-0.0015268996357917786,0.2394205778837204
10,random_curve,20.26,4.204308032989502,-0.13684594631195068,0.29319998621940613,0.2225157767534256,0.35654857754707336,0.06271889805793762,-0.0006911307573318481,0.2557688355445862
10,random_curve,20.28,4.206201553344727,-0.13675184547901154,0.29319998621940613,0.2205502688884735,0.35654857754707336,0.08612380176782608,0.00043651461601257324,0.2307802140712738
10,random_curve,20.3,4.208445072174072,-0.13709664344787598,0.29319998621940613,0.21995554864406586,0.35654857754707336,0.11637266725301743,0.0013927891850471497,0.26980966329574585
10,random_curve,20.32,4.210873603820801,-0.1379682719707489,0.29319998621940613,0.22172702848911285,0.35654857754707336,0.13080424070358276,0.0020130500197410583,0.28078755736351013
10,random_curve,20.34,4.213118076324463,-0.13852164149284363,0.29319998621940613,0.22433048486709595,0.35654857754707336,0.08857155591249466,0.0027962252497673035,0.2698511481285095
10,random_curve,20.36,4.2142839431762695,-0.13892512023448944,0.29319998621940613,0.22674955427646637,0.35654857754707336,0.03422348573803902,0.003106452524662018,0.23735053837299347
10,random_curve,20.38,4.214128494262695,-0.13934431970119476,0.29319998621940613,0.22864045202732086,0.35654857754707336,-0.01850106380879879,0.002671360969543457,0.23154905438423157
10,random_curve,20.400000000000002,4.2134504318237305,-0.1392960250377655,0.29319998621940613,0.2284253090620041,0.35654857754707336,-0.034979403018951416,0.0023358017206192017,0.22911585867404938
10,random_curve,20.42,4.212085247039795,-0.1389637440443039,0.29319998621940613,0.22666427493095398,0.35654857754707336,-0.09121578931808472,0.0018558576703071594,0.24875646829605103
10,random_curve,20.44,4.210461139678955,-0.138786181807518,0.29319998621940613,0.2256219983100891,0.35654857754707336,-0.058247487992048264,0.0011036396026611328,0.25269845128059387
10,random_curve,20.46,4.208929061889648,-0.1385267823934555,0.29319998621940613,0.22564035654067993,0.35654857754707336,-0.08119802176952362,0.00047054141759872437,0.22885508835315704
10,random_curve,20.48,4.207004547119141,-0.13822947442531586,0.29319998621940613,0.22653824090957642,0.35654857754707336,-0.0932500883936882,-0.0003484785556793213,0.2105686217546463
10,random_curve,20.5,4.205402851104736,-0.1376378983259201,0.29319998621940613,0.22761006653308868,0.35654857754707336,-0.07296095043420792,-0.0007436498999595642,0.20909389853477478
10,random_curve,20.52,4.204245090484619,-0.1361798197031021,0.29319998621940613,0.22764623165130615,0.35654857754707336,-0.09757556021213531,-0.00017152726650238037,0.20688903331756592
10,random_curve,20.54,4.203412055969238,-0.13431179523468018,0.29319998621940613,0.22659334540367126,0.35654857754707336,-0.08244118839502335,0.0009217932820320129,0.20985047519207
10,random_curve,20.56,4.202770709991455,-0.13284927606582642,0.29319998621940613,0.22523829340934753,0.35654857754707336,-0.05449223518371582,0.0017837956547737122,0.20561668276786804
10,random_curve,20.580000000000002,4.202430725097656,-0.13200081884860992,0.29319998621940613,0.22345076501369476,0.35654857754707336,-0.02365504391491413,0.002301648259162903,0.22885683178901672
10,random_curve,20.6,4.20259952545166,-0.13168609142303467,0.29319998621940613,0.22304487228393555,0.35654857754707336,0.01742767170071602,0.002657167613506317,0.2555685341358185
10,random_curve,20.62,4.203472137451172,-0.13200460374355316,0.29319998621940613,0.22463464736938477,0.35654857754707336,0.0689273253083229,0.002875611186027527,0.25078925490379333
10,random_curve,20.64,4.2051215171813965,-0.13259804248809814,0.29319998621940613,0.22672581672668457,0.35654857754707336,0.09974707663059235,0.0032956600189208984,0.25326141715049744
10,random_curve,20.66,4.207171440124512,-0.13328590989112854,0.29319998621940613,0.2276245802640915,0.35654857754707336,0.10453026741743088,0.0038590654730796814,0.22794531285762787
10,random_curve,20.68,4.209247589111328,-0.13378757238388062,0.29319998621940613,0.22680383920669556,0.35654857754707336,0.10184720903635025,0.004592008888721466,0.1843702644109726
10,random_curve,20.7,4.212280750274658,-0.1341005563735962,0.29319998621940613,0.22446495294570923,0.35654857754707336,0.15945354104042053,0.00601235032081604,0.19306780397891998
10,random_curve,20.72,4.21549129486084,-0.13485266268253326,0.29319998621940613,0.221665620803833,0.35654857754707336,0.14677822589874268,0.007165461778640747,0.1762859970331192
10,random_curve,20.740000000000002,4.218027114868164,-0.13549691438674927,0.29319998621940613,0.21980848908424377,0.35654857754707336,0.10245133936405182,0.008034445345401764,0.20480170845985413
10,random_curve,20.76,4.220503807067871,-0.1358371526002884,0.29319998621940613,0.219628244638443,0.35654857754707336,0.1210750937461853,0.009123727679252625,0.2341131716966629
10,random_curve,20.78,4.223202705383301,-0.13639819622039795,0.29319998621940613,0.22098411619663239,0.35654857754707336,0.13218897581100464,0.010152339935302734,0.2735660672187805
10,random_curve,20.8,4.2253875732421875,-0.1370886117219925,0.29319998621940613,0.22306214272975922,0.35654857754707336,0.08838449418544769,0.010788418352603912,0.23626241087913513
10,random_curve,20.82,4.226109504699707,-0.13729381561279297,0.29319998621940613,0.2246502786874771,0.35654857754707336,-0.006759537383913994,0.011017665266990662,0.21051417291164398
10,random_curve,20.84,4.225645542144775,-0.13731735944747925,0.29319998621940613,0.22550901770591736,0.35654857754707336,-0.02922501415014267,0.010740965604782104,0.19630785286426544
10,random_curve,20.86,4.225080966949463,-0.13727979362010956,0.29319998621940613,0.22456827759742737,0.35654857754707336,-0.021662211045622826,0.010459363460540771,0.2364480197429657
10,random_curve,20.88,4.224394798278809,-0.1371079981327057,0.29319998621940613,0.22284162044525146,0.35654857754707336,-0.03811788558959961,0.010222122073173523,0.22093434631824493
10,random_curve,20.900000000000002,4.222937107086182,-0.13705839216709137,0.29319998621940613,0.2214341014623642,0.35654857754707336,-0.08521062135696411,0.009455606341362,0.21316412091255188
10,random_curve,20.92,4.2206926345825195,-0.13636484742164612,0.29319998621940613,0.2199917435646057,0.35654857754707336,-0.12800617516040802,0.008789107203483582,0.20139971375465393
10,random_curve,20.94,4.218240261077881,-0.13465960323810577,0.29319998621940613,0.21944205462932587,0.35654857754707336,-0.16545364260673523,0.008849546313285828,0.22751657664775848
10,random_curve,20.96,4.215420722961426,-0.1323438584804535,0.29319998621940613,0.21953850984573364,0.35654857754707336,-0.1941005289554596,0.009214699268341064,0.22159072756767273
10,random_curve,20.98,4.212738990783691,-0.12932267785072327,0.29319998621940613,0.21972475945949554,0.35654857754707336,-0.19539663195610046,0.010243430733680725,0.23222798109054565
10,random_curve,21.0,4.21065092086792,-0.12599290907382965,0.29319998621940613,0.2210025042295456,0.35654857754707336,-0.16081860661506653,0.0118580162525177,0.24730363488197327
10,random_curve,21.02,4.209650039672852,-0.12254921346902847,0.29319998621940613,0.22350847721099854,0.35654857754707336,-0.11621420085430145,0.014169931411743164,0.26742827892303467
10,random_curve,21.04,4.2093505859375,-0.11897436529397964,0.29319998621940613,0.22523146867752075,0.35654857754707336,-0.10456579923629761,0.016979709267616272,0.2532719373703003
10,random_curve,21.06,4.209327220916748,-0.11596085131168365,0.29319998621940613,0.2262379229068756,0.35654857754707336,-0.06702029705047607,0.01947522908449173,0.2236344963312149
10,random_curve,21.080000000000002,4.209781646728516,-0.11335395276546478,0.29319998621940613,0.2267899513244629,0.35654857754707336,-0.04110148549079895,0.021897055208683014,0.24928048253059387
10,random_curve,21.1,4.210450172424316,-0.11093790829181671,0.29319998621940613,0.2262483537197113,0.35654857754707336,-0.03582471236586571,0.024278663098812103,0.2515617609024048
10,random_curve,21.12,4.211542129516602,-0.10917408019304276,0.29319998621940613,0.22600482404232025,0.35654857754707336,0.023618392646312714,0.026352010667324066,0.2675698697566986
10,random_curve,21.14,4.213589191436768,-0.10859658569097519,0.29319998621940613,0.22678737342357635,0.35654857754707336,0.10325724631547928,0.02796713262796402,0.29539480805397034
10,random_curve,21.16,4.216212749481201,-0.10883398354053497,0.29319998621940613,0.2279471457004547,0.35654857754707336,0.12477409094572067,0.029223404824733734,0.24035347998142242
10,random_curve,21.18,4.219283580780029,-0.109186552464962,0.29319998621940613,0.2283271998167038,0.35654857754707336,0.14942966401576996,0.030631668865680695,0.21974417567253113
10,random_curve,21.2,4.222246170043945,-0.11003745347261429,0.29319998621940613,0.22758153080940247,0.35654857754707336,0.1408994346857071,0.03156512975692749,0.2082464098930359
10,random_curve,21.22,4.224589824676514,-0.11124954372644424,0.29319998621940613,0.22444261610507965,0.35654857754707336,0.12258115410804749,0.03185494989156723,0.21144530177116394
10,random_curve,21.240000000000002,4.226435661315918,-0.1123802587389946,0.29319998621940613,0.21996499598026276,0.35654857754707336,0.09558151662349701,0.0319366380572319,0.20860090851783752
10,random_curve,21.26,4.228096961975098,-0.11394623667001724,0.29319998621940613,0.2167920172214508,0.35654857754707336,0.12566477060317993,0.03155374526977539,0.21151408553123474
10,random_curve,21.28,4.229738235473633,-0.11524772644042969,0.29319998621940613,0.21490789949893951,0.35654857754707336,0.08459070324897766,0.03137990087270737,0.23487789928913116
10,random_curve,21.3,4.231391429901123,-0.11596629023551941,0.29319998621940613,0.2139323353767395,0.35654857754707336,0.09112608432769775,0.031697921454906464,0.2624572813510895
10,random_curve,21.32,4.232629299163818,-0.11665607988834381,0.29319998621940613,0.21535655856132507,0.35654857754707336,0.05301812291145325,0.03180970996618271,0.26085183024406433
10,random_curve,21.34,4.233823776245117,-0.11742419749498367,0.29319998621940613,0.21898987889289856,0.35654857754707336,0.08693107217550278,0.0318322628736496,0.2638285160064697
10,random_curve,21.36,4.234744071960449,-0.11772393435239792,0.29319998621940613,0.22217871248722076,0.35654857754707336,0.013786549679934978,0.03209275007247925,0.2530791163444519
10,random_curve,21.38,4.234888076782227,-0.11711090058088303,0.29319998621940613,0.22478696703910828,0.35654857754707336,-0.029831040650606155,0.03268285095691681,0.23662598431110382
10,random_curve,21.400000000000002,4.234616279602051,-0.11641955375671387,0.29319998621940613,0.2270149141550064,0.35654857754707336,-0.03282737731933594,0.03310771286487579,0.23019056022167206
10,random_curve,21.42,4.233904838562012,-0.11556617170572281,0.29319998621940613,0.2278105616569519,0.35654857754707336,-0.06620469689369202,0.03342381864786148,0.21475060284137726
10,random_curve,21.44,4.232781410217285,-0.11419624835252762,0.29319998621940613,0.22808098793029785,0.35654857754707336,-0.09520994126796722,0.03394158184528351,0.19406549632549286
10,random_curve,21.46,4.231768608093262,-0.11208418756723404,0.29319998621940613,0.22744710743427277,0.35654857754707336,-0.11372895538806915,0.03513842821121216,0.21655666828155518
10,random_curve,21.48,4.230772018432617,-0.11000686883926392,0.29319998621940613,0.22534319758415222,0.35654857754707336,-0.08673997223377228,0.03631531447172165,0.23740549385547638
10,random_curve,21.5,4.229640960693359,-0.10842572152614594,0.29319998621940613,0.2223188430070877,0.35654857754707336,-0.0914870873093605,0.03700468689203262,0.21277183294296265
10,random_curve,21.52,4.228570461273193,-0.10715960711240768,0.29319998621940613,0.2204059660434723,0.35654857754707336,-0.06931941211223602,0.037465378642082214,0.23919546604156494
10,random_curve,21.54,4.228412628173828,-0.10661850869655609,0.29319998621940613,0.2199820727109909,0.35654857754707336,0.020861081779003143,0.03782832622528076,0.2439422309398651
10,random_curve,21.56,4.228973865509033,-0.10657928138971329,0.29319998621940613,0.21977569162845612,0.35654857754707336,0.022281505167484283,0.03817199170589447,0.2428528070449829
10,random_curve,21.580000000000002,4.229555130004883,-0.1066177487373352,0.29319998621940613,0.21930229663848877,0.35654857754707336,0.028206240385770798,0.03846209496259689,0.21861840784549713
10,random_curve,21.6,4.230197906494141,-0.10653722286224365,0.29319998621940613,0.2188870757818222,0.35654857754707336,0.021508529782295227,0.038885317742824554,0.23762540519237518
10,random_curve,21.62,4.230718612670898,-0.10680727660655975,0.29319998621940613,0.22097653150558472,0.35654857754707336,0.035762250423431396,0.038949087262153625,0.2413601279258728
10,random_curve,21.64,4.230717658996582,-0.10760191082954407,0.29319998621940613,0.2242058366537094,0.35654857754707336,0.011292439885437489,0.03828710317611694,0.22647805511951447
10,random_curve,21.66,4.231049537658691,-0.1084371954202652,0.29319998621940613,0.2256620079278946,0.35654857754707336,0.05889894440770149,0.03777571767568588,0.23919467628002167
10,random_curve,21.68,4.231455326080322,-0.10981132090091705,0.29319998621940613,0.22513332962989807,0.35654857754707336,0.05426730960607529,0.0368567630648613,0.21782565116882324
10,random_curve,21.7,4.23169469833374,-0.11142753064632416,0.29319998621940613,0.2236395627260208,0.35654857754707336,0.053752049803733826,0.03564406931400299,0.22985900938510895
10,random_curve,21.72,4.231882572174072,-0.11357427388429642,0.29319998621940613,0.2220931202173233,0.35654857754707336,0.07676587998867035,0.033961221575737,0.20807327330112457
10,random_curve,21.740000000000002,4.232007026672363,-0.11559505760669708,0.29319998621940613,0.2203410565853119,0.35654857754707336,0.048857975751161575,0.032348066568374634,0.21312732994556427
10,random_curve,21.76,4.231898307800293,-0.11692160367965698,0.29319998621940613,0.21859925985336304,0.35654857754707336,0.01602884940803051,0.031183592975139618,0.21582430601119995
10,random_curve,21.78,4.232141017913818,-0.11800971627235413,0.29319998621940613,0.21794334053993225,0.35654857754707336,0.06265085190534592,0.03041233867406845,0.22351059317588806
10,random_curve,21.8,4.232966899871826,-0.11911827325820923,0.29319998621940613,0.2200048565864563,0.35654857754707336,0.06627856940031052,0.029947243630886078,0.2671678066253662
10,random_curve,21.82,4.234149932861328,-0.12020421028137207,0.29319998621940613,0.22321686148643494,0.35654857754707336,0.08798003196716309,0.02969890832901001,0.24959738552570343
10,random_curve,21.84,4.235405445098877,-0.12142028659582138,0.29319998621940613,0.22581933438777924,0.35654857754707336,0.08461198955774307,0.02938239276409149,0.30810582637786865
10,random_curve,21.86,4.2365217208862305,-0.12315208464860916,0.29319998621940613,0.22920279204845428,0.35654857754707336,0.10163988173007965,0.02855943888425827,0.29620614647865295
10,random_curve,21.88,4.2377848625183105,-0.125126451253891,0.29319998621940613,0.2332225888967514,0.35654857754707336,0.11032340675592422,0.027615949511528015,0.27939778566360474
10,random_curve,21.900000000000002,4.238430500030518,-0.1270662248134613,0.29319998621940613,0.23570306599140167,0.35654857754707336,0.05908800661563873,0.026359044015407562,0.24176907539367676
10,random_curve,21.92,4.2386884689331055,-0.12866099178791046,0.29319998621940613,0.2355564385652542,0.35654857754707336,0.053776875138282776,0.025174513459205627,0.27596786618232727
10,random_curve,21.94,4.238426685333252,-0.12963473796844482,0.29319998621940613,0.23362192511558533,0.35654857754707336,-0.01379663310945034,0.02421889454126358,0.21605171263217926
10,random_curve,21.96,4.238031387329102,-0.13008123636245728,0.29319998621940613,0.23025952279567719,0.35654857754707336,0.002873179502785206,0.023628167808055878,0.20575536787509918
10,random_curve,21.98,4.23811149597168,-0.13062739372253418,0.29319998621940613,0.22557204961776733,0.35654857754707336,0.03225923329591751,0.023217931389808655,0.2321227490901947
10,random_curve,22.0,4.238515377044678,-0.13150978088378906,0.29319998621940613,0.22079993784427643,0.35654857754707336,0.05090002715587616,0.022707238793373108,0.2276550829410553
10,random_curve,22.02,4.239197254180908,-0.1326724737882614,0.29319998621940613,0.21698635816574097,0.35654857754707336,0.06794768571853638,0.022117286920547485,0.24699828028678894
10,random_curve,22.04,4.239840507507324,-0.13433720171451569,0.29319998621940613,0.21521757543087006,0.35654857754707336,0.07656052708625793,0.021088019013404846,0.2753680944442749
10,random_curve,22.06,4.24072790145874,-0.136469304561615,0.29319998621940613,0.2155965119600296,0.35654857754707336,0.11123652756214142,0.019804999232292175,0.27587890625
10,random_curve,22.080000000000002,4.242408275604248,-0.138418048620224,0.29319998621940613,0.21857905387878418,0.35654857754707336,0.1336524486541748,0.01911405473947525,0.30989959836006165
10,random_curve,22.1,4.244144439697266,-0.1396019011735916,0.29319998621940613,0.22306068241596222,0.35654857754707336,0.07927149534225464,0.019090726971626282,0.272074818611145
10,random_curve,22.12,4.244861125946045,-0.13957980275154114,0.29319998621940613,0.22754214704036713,0.35654857754707336,-0.0034541557542979717,0.019506283104419708,0.2899896204471588
10,random_curve,22.14,4.245392799377441,-0.1389404535293579,0.29319998621940613,0.23116619884967804,0.35654857754707336,0.014558805152773857,0.020333126187324524,0.29197534918785095
10,random_curve,22.16,4.246267795562744,-0.13818061351776123,0.29319998621940613,0.2323249876499176,0.35654857754707336,0.014678414911031723,0.021450519561767578,0.27073535323143005
10,random_curve,22.18,4.246545314788818,-0.13734811544418335,0.29319998621940613,0.23242290318012238,0.35654857754707336,-0.03556210175156593,0.02229727804660797,0.2122560739517212
10,random_curve,22.2,4.245939254760742,-0.13677039742469788,0.29319998621940613,0.23296715319156647,0.35654857754707336,-0.05277886986732483,0.022442318499088287,0.20541809499263763
10,random_curve,22.22,4.244718551635742,-0.135577991604805,0.29319998621940613,0.23273837566375732,0.35654857754707336,-0.11066120117902756,0.022758416831493378,0.204177588224411
10,random_curve,22.240000000000002,4.242547035217285,-0.13326765596866608,0.29319998621940613,0.2308790385723114,0.35654857754707336,-0.18376904726028442,0.023478180170059204,0.21588613092899323
10,random_curve,22.26,4.239692211151123,-0.1308773159980774,0.29319998621940613,0.22817374765872955,0.35654857754707336,-0.18248391151428223,0.023885875940322876,0.21121318638324738
10,random_curve,22.28,4.236729145050049,-0.12918590009212494,0.29319998621940613,0.2249353528022766,0.35654857754707336,-0.15993677079677582,0.023651786148548126,0.21348059177398682
10,random_curve,22.3,4.233452796936035,-0.12752105295658112,0.29319998621940613,0.2221868932247162,0.35654857754707336,-0.1981412172317505,0.02322198450565338,0.2276623696088791
10,random_curve,22.32,4.230698108673096,-0.12547346949577332,0.29319998621940613,0.22014205157756805,0.35654857754707336,-0.14841271936893463,0.02339985966682434,0.21742191910743713
10,random_curve,22.34,4.228590488433838,-0.12353671342134476,0.29319998621940613,0.21868278086185455,0.35654857754707336,-0.13278448581695557,0.023844048380851746,0.2592560350894928
10,random_curve,22.36,4.227445125579834,-0.12271179258823395,0.29319998621940613,0.219386488199234,0.35654857754707336,-0.015894664451479912,0.023896008729934692,0.24492552876472473
10,random_curve,22.38,4.227487087249756,-0.12304160743951797,0.29319998621940613,0.22159868478775024,0.35654857754707336,0.03230387717485428,0.023644722998142242,0.22408533096313477
10,random_curve,22.400000000000002,4.228147506713867,-0.12405510246753693,0.29319998621940613,0.22519557178020477,0.35654857754707336,0.07557666301727295,0.02316705882549286,0.25026166439056396
10,random_curve,22.42,4.229658603668213,-0.12564365565776825,0.29319998621940613,0.23042690753936768,0.35654857754707336,0.13445213437080383,0.022682130336761475,0.2479550540447235
10,random_curve,22.44,4.231909275054932,-0.1279788464307785,0.29319998621940613,0.2345246523618698,0.35654857754707336,0.17212499678134918,0.021985545754432678,0.25415876507759094
10,random_curve,22.46,4.234027862548828,-0.13040772080421448,0.29319998621940613,0.23567259311676025,0.35654857754707336,0.13999012112617493,0.0211377814412117,0.2075675129890442
10,random_curve,22.48,4.236293315887451,-0.13240471482276917,0.29319998621940613,0.23356300592422485,0.35654857754707336,0.15318910777568817,0.02073090523481369,0.2106350064277649
10,random_curve,22.5,4.237493991851807,-0.13402922451496124,0.29319998621940613,0.22990818321704865,0.35654857754707336,0.04943312704563141,0.02004402130842209,0.23712632060050964
10,random_curve,22.52,4.2380571365356445,-0.13542750477790833,0.29319998621940613,0.22732451558113098,0.35654857754707336,0.07167698442935944,0.019192159175872803,0.2466086894273758
10,random_curve,22.54,4.238790512084961,-0.13686911761760712,0.29319998621940613,0.2253308892250061,0.35654857754707336,0.07587756216526031,0.01839856058359146,0.301605761051178
10,random_curve,22.56,4.2400593757629395,-0.13872921466827393,0.29319998621940613,0.2240014523267746,0.35654857754707336,0.12964624166488647,0.017553359270095825,0.3062302768230438
10,random_curve,22.580000000000002,4.241485118865967,-0.1407429426908493,0.29319998621940613,0.223318412899971,0.35654857754707336,0.10305830836296082,0.01666722446680069,0.30154532194137573
10,random_curve,22.6,4.242530345916748,-0.14224989712238312,0.29319998621940613,0.22366634011268616,0.35654857754707336,0.07020727545022964,0.015992045402526855,0.3061078190803528
10,random_curve,22.62,4.2433648109436035,-0.14310583472251892,0.29319998621940613,0.22517430782318115,0.35654857754707336,0.04527217894792557,0.015741989016532898,0.28678014874458313
10,random_curve,22.64,4.24393892288208,-0.14383621513843536,0.29319998621940613,0.2273600548505783,0.35654857754707336,0.04441466182470322,0.015452168881893158,0.2512822449207306
10,random_curve,22.66,4.244503021240234,-0.1445760428905487,0.29319998621940613,0.2297825813293457,0.35654857754707336,0.042658671736717224,0.015148945152759552,0.26048916578292847
10,random_curve,22.68,4.244940757751465,-0.14490294456481934,0.29319998621940613,0.2316078543663025,0.35654857754707336,0.01847364380955696,0.015119403600692749,0.22577182948589325
10,random_curve,22.7,4.245936870574951,-0.1446351855993271,0.29319998621940613,0.23229515552520752,0.35654857754707336,0.04347989708185196,0.015894301235675812,0.24829310178756714
10,random_curve,22.72,4.246761322021484,-0.14401397109031677,0.29319998621940613,0.23155717551708221,0.35654857754707336,0.00159408338367939,0.016868285834789276,0.19995301961898804
10,random_curve,22.740000000000002,4.248161792755127,-0.1425752341747284,0.29319998621940613,0.2297961264848709,0.35654857754707336,0.0276222825050354,0.018841981887817383,0.22534339129924774
10,random_curve,22.76,4.250049591064453,-0.14022019505500793,0.29319998621940613,0.22885696589946747,0.35654857754707336,0.0017857104539871216,0.021848484873771667,0.2505671977996826
10,random_curve,22.78,4.25185489654541,-0.13772468268871307,0.29319998621940613,0.22858542203903198,0.35654857754707336,0.00835244357585907,0.02492620050907135,0.24691906571388245
10,random_curve,22.8,4.2534050941467285,-0.13580313324928284,0.29319998621940613,0.22797048091888428,0.35654857754707336,0.012748070061206818,0.02738478034734726,0.20487695932388306
10,random_curve,22.82,4.254917621612549,-0.13389034569263458,0.29319998621940613,0.22665990889072418,0.35654857754707336,0.00799655169248581,0.0298151895403862,0.22841374576091766
10,random_curve,22.84,4.256191730499268,-0.13197384774684906,0.29319998621940613,0.22614821791648865,0.35654857754707336,-0.006423238664865494,0.032116569578647614,0.243366077542305
10,random_curve,22.86,4.2571797370910645,-0.1307871788740158,0.29319998621940613,0.22719299793243408,0.35654857754707336,0.020562009885907173,0.03365187346935272,0.25775444507598877
10,random_curve,22.88,4.257568359375,-0.13025923073291779,0.29319998621940613,0.22761155664920807,0.35654857754707336,-0.016443438827991486,0.034306712448596954,0.20004591345787048
10,random_curve,22.900000000000002,4.257132530212402,-0.1299057900905609,0.29319998621940613,0.22677864134311676,0.35654857754707336,-0.032913681119680405,0.03435938060283661,0.19742383062839508
10,random_curve,22.92,4.256778240203857,-0.12983015179634094,0.29319998621940613,0.2250111699104309,0.35654857754707336,-0.0043823570013046265,0.03422602266073227,0.22337861359119415
10,random_curve,22.94,4.256139755249023,-0.13002340495586395,0.29319998621940613,0.22301961481571198,0.35654857754707336,-0.03609728813171387,0.033711329102516174,0.20762090384960175
10,random_curve,22.96,4.255092620849609,-0.13047952950000763,0.29319998621940613,0.22190196812152863,0.35654857754707336,-0.024575509130954742,0.03275135159492493,0.22206097841262817
10,random_curve,22.98,4.254186630249023,-0.13116173446178436,0.29319998621940613,0.22233691811561584,0.35654857754707336,-0.01357770711183548,0.03168141841888428,0.20875006914138794
10,random_curve,23.0,4.253021717071533,-0.13200552761554718,0.29319998621940613,0.22402802109718323,0.35654857754707336,-0.03249139338731766,0.030333489179611206,0.2154921293258667
10,random_curve,23.02,4.251387119293213,-0.13304322957992554,0.29319998621940613,0.22718864679336548,0.35654857754707336,-0.04394185170531273,0.028563857078552246,0.20509003102779388
10,random_curve,23.04,4.249971866607666,-0.13405117392539978,0.29319998621940613,0.23111791908740997,0.35654857754707336,-0.02356821298599243,0.02694055438041687,0.2029467225074768
10,random_curve,23.06,4.248702049255371,-0.1350090503692627,0.29319998621940613,0.23389890789985657,0.35654857754707336,-0.02688363753259182,0.02543952316045761,0.19823294878005981
10,random_curve,23.080000000000002,4.247402191162109,-0.1360626518726349,0.29319998621940613,0.23521070182323456,0.35654857754707336,-0.022974573075771332,0.023842163383960724,0.2150624692440033
10,random_curve,23.1,4.246167182922363,-0.13686445355415344,0.29319998621940613,0.2342906892299652,0.35654857754707336,-0.03371725603938103,0.02249033749103546,0.198853999376297
10,random_curve,23.12,4.244446277618408,-0.13790495693683624,0.29319998621940613,0.23171211779117584,0.35654857754707336,-0.05438462272286415,0.020670540630817413,0.1889175921678543
10,random_curve,23.14,4.242175579071045,-0.13918928802013397,0.29319998621940613,0.22824740409851074,0.35654857754707336,-0.07096191495656967,0.018343128263950348,0.2041628658771515
10,random_curve,23.16,4.239923000335693,-0.13946525752544403,0.29319998621940613,0.22443097829818726,0.35654857754707336,-0.08940356969833374,0.016865111887454987,0.21917225420475006
10,random_curve,23.18,4.238363742828369,-0.139297753572464,0.29319998621940613,0.22275960445404053,0.35654857754707336,-0.05471561849117279,0.01614045351743698,0.25106674432754517
10,random_curve,23.2,4.237187385559082,-0.1391414850950241,0.29319998621940613,0.22286082804203033,0.35654857754707336,-0.05071236938238144,0.015618637204170227,0.22863243520259857
10,random_curve,23.22,4.236739635467529,-0.13878993690013885,0.29319998621940613,0.2248232513666153,0.35654857754707336,-0.009038146585226059,0.015663132071495056,0.2565898895263672
10,random_curve,23.240000000000002,4.237147808074951,-0.13859182596206665,0.29319998621940613,0.22864823043346405,0.35654857754707336,0.028036192059516907,0.016054242849349976,0.26994794607162476
10,random_curve,23.26,4.237492084503174,-0.1390015333890915,0.29319998621940613,0.2323802411556244,0.35654857754707336,0.024415327236056328,0.015903979539871216,0.2528054416179657
10,random_curve,23.28,4.2381978034973145,-0.13926251232624054,0.29319998621940613,0.23464743793010712,0.35654857754707336,0.05240120366215706,0.016077831387519836,0.2733166515827179
10,random_curve,23.3,4.239441871643066,-0.1399625837802887,0.29319998621940613,0.23533599078655243,0.35654857754707336,0.07618831843137741,0.016184508800506592,0.27325427532196045
10,random_curve,23.32,4.240757942199707,-0.14078599214553833,0.29319998621940613,0.23447930812835693,0.35654857754707336,0.07658743858337402,0.016228415071964264,0.22556151449680328
10,random_curve,23.34,4.241528511047363,-0.1413186639547348,0.29319998621940613,0.23168055713176727,0.35654857754707336,0.023627357557415962,0.016212038695812225,0.22631317377090454
10,random_curve,23.36,4.241933345794678,-0.14177343249320984,0.29319998621940613,0.2272901087999344,0.35654857754707336,0.033738650381565094,0.016057826578617096,0.2271585911512375
10,random_curve,23.38,4.2428388595581055,-0.14261791110038757,0.29319998621940613,0.22214116156101227,0.35654857754707336,0.08186633884906769,0.015856683254241943,0.218350350856781
10,random_curve,23.400000000000002,4.243946075439453,-0.1435353308916092,0.29319998621940613,0.21876314282417297,0.35654857754707336,0.061592139303684235,0.015706591308116913,0.24625806510448456
10,random_curve,23.42,4.244503021240234,-0.14418980479240417,0.29319998621940613,0.21822361648082733,0.35654857754707336,0.02408285066485405,0.015470452606678009,0.24916300177574158
10,random_curve,23.44,4.24484920501709,-0.1447695791721344,0.29319998621940613,0.22049765288829803,0.35654857754707336,0.03640636056661606,0.015179678797721863,0.2574054002761841
10,random_curve,23.46,4.245420932769775,-0.14529645442962646,0.29319998621940613,0.22364169359207153,0.35654857754707336,0.044137243181467056,0.01505792886018753,0.2603623569011688
10,random_curve,23.48,4.246258735656738,-0.14603707194328308,0.29319998621940613,0.22619391977787018,0.35654857754707336,0.06361006200313568,0.01490572839975357,0.27960437536239624
10,random_curve,23.5,4.247511386871338,-0.14674873650074005,0.29319998621940613,0.2278573215007782,0.35654857754707336,0.076084665954113,0.01500750333070755,0.2622357904911041
10,random_curve,23.52,4.248830795288086,-0.14735384285449982,0.29319998621940613,0.22742663323879242,0.35654857754707336,0.06498782336711884,0.015234977006912231,0.24695542454719543
10,random_curve,23.54,4.249162197113037,-0.14717011153697968,0.29319998621940613,0.22498609125614166,0.35654857754707336,-0.037034936249256134,0.01557157188653946,0.23368054628372192
10,random_curve,23.56,4.248064994812012,-0.14733761548995972,0.29319998621940613,0.22276155650615692,0.35654857754707336,-0.04922289401292801,0.014824099838733673,0.20476332306861877
10,random_curve,23.580000000000002,4.246352672576904,-0.14782464504241943,0.29319998621940613,0.22282220423221588,0.35654857754707336,-0.06337468326091766,0.013469792902469635,0.22674469649791718
10,random_curve,23.6,4.244825839996338,-0.1485729217529297,0.29319998621940613,0.2253449410200119,0.35654857754707336,-0.02454821951687336,0.012000799179077148,0.2362380027770996
10,random_curve,23.62,4.243646621704102,-0.14958375692367554,0.29319998621940613,0.22838830947875977,0.35654857754707336,-0.017668908461928368,0.010505899786949158,0.23400871455669403
10,random_curve,23.64,4.24277400970459,-0.15031923353672028,0.29319998621940613,0.23021256923675537,0.35654857754707336,-0.012604797258973122,0.009410113096237183,0.23605839908123016
10,random_curve,23.66,4.242074489593506,-0.1510845571756363,0.29319998621940613,0.23141033947467804,0.35654857754707336,-0.0008047111332416534,0.008385390043258667,0.23814959824085236
10,random_curve,23.68,4.241909503936768,-0.15197068452835083,0.29319998621940613,0.2320898473262787,0.35654857754707336,0.030342044308781624,0.007556349039077759,0.2612292170524597
10,random_curve,23.7,4.242250442504883,-0.15256454050540924,0.29319998621940613,0.23078860342502594,0.35654857754707336,0.03444649651646614,0.007250964641571045,0.2345537543296814
10,random_curve,23.72,4.242621898651123,-0.15297406911849976,0.29319998621940613,0.22704197466373444,0.35654857754707336,0.01712130755186081,0.007115915417671204,0.21328780055046082
10,random_curve,23.740000000000002,4.242807388305664,-0.15321466326713562,0.29319998621940613,0.22302183508872986,0.35654857754707336,0.011560119688510895,0.007018432021141052,0.2385980188846588
10,random_curve,23.76,4.243067741394043,-0.1529722809791565,0.29319998621940613,0.22011001408100128,0.35654857754707336,-0.0015848269686102867,0.007364481687545776,0.2582230865955353
10,random_curve,23.78,4.243515491485596,-0.15251795947551727,0.29319998621940613,0.21783295273780823,0.35654857754707336,0.012409626506268978,0.007990777492523193,0.23225954174995422
10,random_curve,23.8,4.244012832641602,-0.15178383886814117,0.29319998621940613,0.21648859977722168,0.35654857754707336,-0.009720487520098686,0.008877471089363098,0.24204780161380768
10,random_curve,23.82,4.2445526123046875,-0.1510496884584427,0.29319998621940613,0.21713843941688538,0.35654857754707336,0.011687302961945534,0.009787708520889282,0.24554434418678284
10,random_curve,23.84,4.245099067687988,-0.1508394479751587,0.29319998621940613,0.21996985375881195,0.35654857754707336,0.022126102820038795,0.010265544056892395,0.24822288751602173
10,random_curve,23.86,4.245842456817627,-0.15066684782505035,0.29319998621940613,0.22453312575817108,0.35654857754707336,0.029761768877506256,0.010821178555488586,0.24953792989253998
10,random_curve,23.88,4.246644973754883,-0.15056593716144562,0.29319998621940613,0.2290661484003067,0.35654857754707336,0.03252899646759033,0.011349916458129883,0.2307732254266739
10,random_curve,23.900000000000002,4.247648239135742,-0.15044084191322327,0.29319998621940613,0.23244261741638184,0.35654857754707336,0.03971177339553833,0.012010008096694946,0.2761189937591553
10,random_curve,23.92,4.248477458953857,-0.15012656152248383,0.29319998621940613,0.23372218012809753,0.35654857754707336,0.014234631322324276,0.012731149792671204,0.22314754128456116
10,random_curve,23.94,4.249042510986328,-0.15009424090385437,0.29319998621940613,0.23251643776893616,0.35654857754707336,0.025165408849716187,0.01307118684053421,0.25071924924850464
10,random_curve,23.96,4.249300479888916,-0.15030065178871155,0.29319998621940613,0.22913524508476257,0.35654857754707336,0.007376285269856453,0.01304231584072113,0.24880217015743256
11,straight,0.0,0.0,0.0,0.29319998621940613,0.3499999940395355,0.34007397294044495,0.0,0.0,0.0
11,straight,0.02,-0.0007205698639154434,-5.2666124247480184e-05,0.29319998621940613,0.34494924545288086,0.34007397294044495,-0.052077632397413254,-5.2666124247480184e-05,0.34276100993156433
11,straight,0.04,-0.0005446299910545349,-0.00027706476976163685,0.29319998621940613,0.3350781500339508,0.34007397294044495,0.03780531883239746,-0.00027706476976163685,0.23113156855106354
11,straight,0.06,0.0001465221866965294,-0.00019672285998240113,0.29319998621940613,0.3234533667564392,0.34007397294044495,0.027562936767935753,-0.00019672285998240113,0.3902871012687683
11,straight,0.08,0.0011319108307361603,0.00047605016152374446,0.29319998621940613,0.30911850929260254,0.34007397294044495,0.05470849573612213,0.00047605016152374446,0.44172075390815735
11,straight,0.1,0.001729167066514492,0.0004577122745104134,0.29319998621940613,0.2910464107990265,0.34007397294044495,0.011143829673528671,0.0004577122745104134,0.4469852149486542
11,straight,0.12,0.0016084350645542145,0.0003656805492937565,0.29319998621940613,0.2684597074985504,0.34007397294044495,-0.008822756819427013,0.0003656805492937565,0.5407500863075256
11,straight,0.14,0.0017037400975823402,0.0005170635413378477,0.29319998621940613,0.24171003699302673,0.34007397294044495,0.006511541083455086,0.0005170635413378477,0.547987699508667
11,straight,0.16,0.002305650617927313,0.00074532232247293,0.29319998621940613,0.21272510290145874,0.34007397294044495,0.056677959859371185,0.00074532232247293,0.6195605397224426
11,straight,0.18,0.005085834302008152,0.0015162370400503278,0.29319998621940613,0.18971458077430725,0.34007397294044495,0.20901374518871307,0.0015162370400503278,0.5579444766044617
11,straight,0.2,0.010462939739227295,0.0018435799283906817,0.29319998621940613,0.17656347155570984,0.34007397294044495,0.31585365533828735,0.0018435799283906817,0.5665000081062317
11,straight,0.22,0.01796197146177292,0.0018052976811304688,0.29319998621940613,0.17306572198867798,0.34007397294044495,0.4236232042312622,0.0018052976811304688,0.587740421295166
11,straight,0.24,0.02751925401389599,0.0016495115123689175,0.29319998621940613,0.1772407591342926,0.34007397294044495,0.516834557056427,0.0016495115123689175,0.5954184532165527
11,straight,0.26,0.03927743807435036,0.0012709228321909904,0.29319998621940613,0.18536099791526794,0.34007397294044495,0.6387118697166443,0.0012709228321909904,0.5462968945503235
11,straight,0.28,0.052777402102947235,0.00020777717872988433,0.29319998621940613,0.19481775164604187,0.34007397294044495,0.6997460722923279,0.00020777717872988433,0.47993794083595276
11,straight,0.3,0.06699616461992264,-0.00037339015398174524,0.29319998621940613,0.2032376080751419,0.34007397294044495,0.7178686261177063,-0.00037339015398174524,0.4815279245376587
11,straight,0.32,0.08137692511081696,-0.0002827582648023963,0.29319998621940613,0.20903225243091583,0.34007397294044495,0.7106713652610779,-0.0002827582648023963,0.4923347234725952
11,straight,0.34,0.0954771563410759,0.0007564403349533677,0.29319998621940613,0.21202726662158966,0.34007397294044495,0.6836675405502319,0.0007564403349533677,0.4893949031829834
11,straight,0.36,0.10849298536777496,0.0024821474216878414,0.29319998621940613,0.21226175129413605,0.34007397294044495,0.6453958749771118,0.0024821474216878414,0.5282747745513916
11,straight,0.38,0.12170305848121643,0.003531654831022024,0.29319998621940613,0.2109019011259079,0.34007397294044495,0.6843602657318115,0.003531654831022024,0.6248877048492432
11,straight,0.4,0.1359211504459381,0.0041716257110238075,0.29319998621940613,0.20785844326019287,0.34007397294044495,0.7443109154701233,0.0041716257110238075,0.6751555800437927
11,straight,0.42,0.15295612812042236,0.004630579147487879,0.29319998621940613,0.20570120215415955,0.34007397294044495,0.9499540328979492,0.004630579147487879,0.6379775404930115
11,straight,0.44,0.17278440296649933,0.0049356999807059765,0.29319998621940613,0.20454905927181244,0.34007397294044495,1.0130419731140137,0.0049356999807059765,0.5380405187606812
11,straight,0.46,0.19282349944114685,0.006741296965628862,0.29319998621940613,0.20418468117713928,0.34007397294044495,0.9930875897407532,0.006741296965628862,0.5895093083381653
11,straight,0.48,0.21307171881198883,0.009375612251460552,0.29319998621940613,0.2042275220155716,0.34007397294044495,1.0356558561325073,0.009375612251460552,0.6156819462776184
11,straight,0.5,0.23450173437595367,0.011244051158428192,0.29319998621940613,0.20730853080749512,0.34007397294044495,1.1174006462097168,0.011244051158428192,0.6647256016731262
11,straight,0.52,0.25825971364974976,0.012702256441116333,0.29319998621940613,0.21322570741176605,0.34007397294044495,1.253334641456604,0.012702256441116333,0.7235698103904724
11,straight,0.54,0.2845624089241028,0.014370210468769073,0.29319998621940613,0.21930810809135437,0.34007397294044495,1.373079776763916,0.014370210468769073,0.7293017506599426
11,straight,0.56,0.31266987323760986,0.015676695853471756,0.29319998621940613,0.2236049622297287,0.34007397294044495,1.421427607536316,0.015676695853471756,0.7216298580169678
11,straight,0.58,0.34164777398109436,0.017131589353084564,0.29319998621940613,0.22586606442928314,0.34007397294044495,1.4261465072631836,0.017131589353084564,0.6097493767738342
11,straight,0.6,0.3690902590751648,0.017841998487710953,0.29319998621940613,0.2282637357711792,0.34007397294044495,1.3378169536590576,0.017841998487710953,0.5787438750267029
11,straight,0.62,0.39482197165489197,0.017293663695454597,0.29319998621940613,0.232133686542511,0.34007397294044495,1.2763222455978394,0.017293663695454597,0.49141377210617065
11,straight,0.64,0.4202329218387604,0.01637733168900013,0.29319998621940613,0.239695742726326,0.34007397294044495,1.2874163389205933,0.01637733168900013,0.5821095108985901
11,straight,0.66,0.44675400853157043,0.01564999669790268,0.29319998621940613,0.25116899609565735,0.34007397294044495,1.3849825859069824,0.01564999669790268,0.5635331273078918
11,straight,0.68,0.47573593258857727,0.01494146790355444,0.29319998621940613,0.2632402181625366,0.34007397294044495,1.5000088214874268,0.01494146790355444,0.5221636295318604
11,straight,0.7000000000000001,0.50588458776474,0.013808180578052998,0.29319998621940613,0.2717307507991791,0.34007397294044495,1.5051889419555664,0.013808180578052998,0.4370467960834503
11,straight,0.72,0.5362500548362732,0.011935016140341759,0.29319998621940613,0.2758603096008301,0.34007397294044495,1.5185714960098267,0.011935016140341759,0.44664281606674194
11,straight,0.74,0.5661328434944153,0.009876116178929806,0.29319998621940613,0.278224915266037,0.34007397294044495,1.4816789627075195,0.009876116178929806,0.5498262643814087
11,straight,0.76,0.5956308841705322,0.00850460585206747,0.29319998621940613,0.2780783176422119,0.34007397294044495,1.4782023429870605,0.00850460585206747,0.6310405135154724
11,straight,0.78,0.6251221299171448,0.007811527233570814,0.29319998621940613,0.2733842134475708,0.34007397294044495,1.473818063735962,0.007811527233570814,0.6173546314239502
11,straight,0.8,0.6545528769493103,0.007566892541944981,0.29319998621940613,0.2645012140274048,0.34007397294044495,1.4813824892044067,0.007566892541944981,0.546856164932251
11,straight,0.8200000000000001,0.6845405101776123,0.007550002075731754,0.29319998621940613,0.25324028730392456,0.34007397294044495,1.5033127069473267,0.007550002075731754,0.5154927372932434
11,straight,0.84,0.7147133350372314,0.008257975801825523,0.29319998621940613,0.23890317976474762,0.34007397294044495,1.5020434856414795,0.008257975801825523,0.5540549755096436
11,straight,0.86,0.7441264390945435,0.008057627826929092,0.29319998621940613,0.22586293518543243,0.34007397294044495,1.438623309135437,0.008057627826929092,0.6037251353263855
11,straight,0.88,0.7725017070770264,0.00736924447119236,0.29319998621940613,0.21798744797706604,0.34007397294044495,1.4201843738555908,0.00736924447119236,0.6699038147926331
11,straight,0.9,0.8017914891242981,0.006101721897721291,0.29319998621940613,0.21502791345119476,0.34007397294044495,1.5112632513046265,0.006101721897721291,0.6951889991760254
11,straight,0.92,0.8333760499954224,0.003945352975279093,0.20999999344348907,0.21576158702373505,0.34007397294044495,1.6372863054275513,0.003945352975279093,0.6950403451919556
11,straight,0.9400000000000001,0.8660972118377686,0.0011282628402113914,0.20999999344348907,0.2173861563205719,0.34007397294044495,1.633415937423706,0.0011282628402113914,0.636685311794281
11,straight,0.96,0.8993688821792603,-0.0008167639607563615,0.20999999344348907,0.21951955556869507,0.34007397294044495,1.6751728057861328,-0.0008167639607563615,0.5112934708595276
11,straight,0.98,0.932671308517456,-0.0009127804078161716,0.20999999344348907,0.2203461229801178,0.34007397294044495,1.6568338871002197,-0.0009127804078161716,0.48886966705322266
11,straight,1.0,0.9657146334648132,-0.00015169917605817318,0.20999999344348907,0.21961432695388794,0.34007397294044495,1.6588859558105469,-0.00015169917605817318,0.496416300535202
11,straight,1.02,0.99925297498703,0.0002886541187763214,0.20999999344348907,0.2178993970155716,0.34007397294044495,1.6983524560928345,0.0002886541187763214,0.4987499713897705
11,straight,1.04,1.034245491027832,-0.0003384435549378395,0.20999999344348907,0.21734817326068878,0.34007397294044495,1.8081681728363037,-0.0003384435549378395,0.5840941071510315
11,straight,1.06,1.0712857246398926,-0.0017200347501784563,0.20999999344348907,0.21509569883346558,0.34007397294044495,1.8765530586242676,-0.0017200347501784563,0.609716534614563
11,straight,1.08,1.1087230443954468,-0.0026276104617863894,0.20999999344348907,0.2086414396762848,0.34007397294044495,1.8504701852798462,-0.0026276104617863894,0.528648316860199
11,straight,1.1,1.145229697227478,-0.004153559450060129,0.20999999344348907,0.20243223011493683,0.34007397294044495,1.8080883026123047,-0.004153559450060129,0.48596304655075073
11,straight,1.12,1.1810779571533203,-0.005296668969094753,0.20999999344348907,0.19988331198692322,0.34007397294044495,1.800848364830017,-0.005296668969094753,0.5507619380950928
11,straight,1.1400000000000001,1.2175278663635254,-0.005914965178817511,0.20999999344348907,0.20020511746406555,0.34007397294044495,1.8663486242294312,-0.005914965178817511,0.6527285575866699
11,straight,1.16,1.2555079460144043,-0.0062274993397295475,0.20999999344348907,0.20134828984737396,0.34007397294044495,1.9375827312469482,-0.0062274993397295475,0.7344967126846313
11,straight,1.18,1.294389247894287,-0.007295567542314529,0.20999999344348907,0.20007163286209106,0.34007397294044495,1.9455326795578003,-0.007295567542314529,0.7046170830726624
11,straight,1.2,1.334558129310608,-0.008455702103674412,0.20999999344348907,0.1973443180322647,0.34007397294044495,2.055634021759033,-0.008455702103674412,0.5335540771484375
11,straight,1.22,1.3752425909042358,-0.008797265589237213,0.20999999344348907,0.19277440011501312,0.34007397294044495,1.9930610656738281,-0.008797265589237213,0.43303707242012024
11,straight,1.24,1.414506196975708,-0.007708859629929066,0.20999999344348907,0.18968608975410461,0.34007397294044495,1.9492014646530151,-0.007708859629929066,0.530613899230957
11,straight,1.26,1.4534306526184082,-0.006365623325109482,0.20999999344348907,0.18915697932243347,0.34007397294044495,1.959859848022461,-0.006365623325109482,0.588838517665863
11,straight,1.28,1.4927799701690674,-0.005540627986192703,0.20999999344348907,0.19263149797916412,0.34007397294044495,2.0080363750457764,-0.005540627986192703,0.6570683717727661
11,straight,1.3,1.534241795539856,-0.00588728254660964,0.20999999344348907,0.19679585099220276,0.34007397294044495,2.1328277587890625,-0.00588728254660964,0.6663950681686401
11,straight,1.32,1.5781737565994263,-0.0062529342249035835,0.20999999344348907,0.1975921243429184,0.34007397294044495,2.2195632457733154,-0.0062529342249035835,0.6157639026641846
11,straight,1.34,1.6223876476287842,-0.0054828994907438755,0.20999999344348907,0.19461044669151306,0.34007397294044495,2.1707239151000977,-0.0054828994907438755,0.5623589158058167
11,straight,1.36,1.664672613143921,-0.004161376506090164,0.20999999344348907,0.19215472042560577,0.34007397294044495,2.090240240097046,-0.004161376506090164,0.6285805106163025
11,straight,1.3800000000000001,1.7060248851776123,-0.0026368647813796997,0.20999999344348907,0.19282500445842743,0.34007397294044495,2.074641466140747,-0.0026368647813796997,0.6311303377151489
11,straight,1.4000000000000001,1.748508334159851,-0.0007350946543738246,0.20999999344348907,0.19589392840862274,0.34007397294044495,2.180889368057251,-0.0007350946543738246,0.710712730884552
11,straight,1.42,1.7934532165527344,0.001677184016443789,0.20999999344348907,0.19978109002113342,0.34007397294044495,2.2975778579711914,0.001677184016443789,0.7001588940620422
11,straight,1.44,1.8402332067489624,0.003825971856713295,0.20999999344348907,0.20276302099227905,0.34007397294044495,2.35425066947937,0.003825971856713295,0.5759766101837158
11,straight,1.46,1.8858249187469482,0.005785846617072821,0.20999999344348907,0.20366859436035156,0.34007397294044495,2.205979585647583,0.005785846617072821,0.40436363220214844
11,straight,1.48,1.929255723953247,0.009378784336149693,0.20999999344348907,0.2043202817440033,0.34007397294044495,2.166109085083008,0.009378784336149693,0.5284448862075806
11,straight,1.5,1.9733163118362427,0.01336797047406435,0.20999999344348907,0.2053508758544922,0.34007397294044495,2.235105037689209,0.01336797047406435,0.5406647324562073
11,straight,1.52,2.0182437896728516,0.016587797552347183,0.20999999344348907,0.20797359943389893,0.34007397294044495,2.2750720977783203,0.016587797552347183,0.6091517806053162
11,straight,1.54,2.0642619132995605,0.01897345297038555,0.20999999344348907,0.20911486446857452,0.34007397294044495,2.3143625259399414,0.01897345297038555,0.6475855708122253
11,straight,1.56,2.1108624935150146,0.02207632176578045,0.20999999344348907,0.206599161028862,0.34007397294044495,2.3189384937286377,0.02207632176578045,0.6191415786743164
11,straight,1.58,2.157170057296753,0.02589288167655468,0.20999999344348907,0.20006653666496277,0.34007397294044495,2.308990478515625,0.02589288167655468,0.585044801235199
11,straight,1.6,2.203230381011963,0.02959495410323143,0.20999999344348907,0.19140534102916718,0.34007397294044495,2.2844302654266357,0.02959495410323143,0.5996930599212646
11,straight,1.62,2.2479653358459473,0.031970106065273285,0.20999999344348907,0.1832941621541977,0.34007397294044495,2.220526695251465,0.031970106065273285,0.648124098777771
11,straight,1.6400000000000001,2.292163372039795,0.03384224697947502,0.20999999344348907,0.1762710064649582,0.34007397294044495,2.206054925918579,0.03384224697947502,0.6657753586769104
11,straight,1.6600000000000001,2.3360421657562256,0.034281522035598755,0.20999999344348907,0.1688579022884369,0.34007397294044495,2.1783499717712402,0.034281522035598755,0.6420468091964722
11,straight,1.68,2.3805503845214844,0.033997420221567154,0.20999999344348907,0.16268831491470337,0.34007397294044495,2.264167547225952,0.033997420221567154,0.7073565125465393
11,straight,1.7,2.424530506134033,0.033345140516757965,0.20999999344348907,0.15699397027492523,0.34007397294044495,2.126342535018921,0.033345140516757965,0.5702835917472839
11,straight,1.72,2.4659788608551025,0.034445784986019135,0.20999999344348907,0.15197159349918365,0.34007397294044495,2.0304911136627197,0.034445784986019135,0.49877363443374634
11,straight,1.74,2.505699396133423,0.03902187943458557,0.20999999344348907,0.14821860194206238,0.34007397294044495,1.9586490392684937,0.03902187943458557,0.5095369219779968
11,straight,1.76,2.545405626296997,0.04657600447535515,0.20999999344348907,0.1465177834033966,0.34007397294044495,2.013928174972534,0.04657600447535515,0.6240679025650024
11,straight,1.78,2.5848236083984375,0.055179864168167114,0.20999999344348907,0.1450907588005066,0.34007397294044495,1.9336451292037964,0.055179864168167114,0.6347098350524902
11,straight,1.8,2.6223978996276855,0.06343202292919159,0.20999999344348907,0.14243413507938385,0.34007397294044495,1.826550841331482,0.06343202292919159,0.6347092986106873
11,straight,1.82,2.65769624710083,0.07070392370223999,0.20999999344348907,0.13896867632865906,0.34007397294044495,1.7123676538467407,0.07070392370223999,0.6283200979232788
11,straight,1.84,2.6915390491485596,0.07639600336551666,0.20999999344348907,0.13627561926841736,0.34007397294044495,1.6794277429580688,0.07639600336551666,0.6116575002670288
11,straight,1.86,2.724625825881958,0.08015016466379166,0.20999999344348907,0.13412460684776306,0.34007397294044495,1.656894326210022,0.08015016466379166,0.5928735733032227
11,straight,1.8800000000000001,2.7569210529327393,0.08263684064149857,0.20999999344348907,0.13129638135433197,0.34007397294044495,1.5977542400360107,0.08263684064149857,0.5537893772125244
11,straight,1.9000000000000001,2.7877511978149414,0.08409029990434647,0.20999999344348907,0.1271490603685379,0.34007397294044495,1.5087891817092896,0.08409029990434647,0.5645127296447754
11,straight,1.92,2.818347930908203,0.08443877846002579,0.20999999344348907,0.12243223190307617,0.34007397294044495,1.548334002494812,0.08443877846002579,0.6465966105461121
